"V1","V2","V3","V4","target"
0.769003886953825,0.839642727514247,0.106782691106468,0.736627658510416,0
0.835659015353107,0.820982087731574,0.121804122601073,0.644325631722997,0
0.786628590384296,0.416648269204144,0.31060805134943,0.78695090791711,0
0.757105048713123,0.871699214584261,0.0549206280827967,0.450439637378725,0
0.531578074407402,0.348662473292497,0.424662373188016,0.687361902943343,0
0.822858749972957,0.877274581192679,0.0571003941671872,0.489711485128709,0
0.76681161615069,0.628108079791354,0.259115600835721,0.828574156414523,0
0.658712473588185,0.260549229738781,0.592314816809184,0.72251834474481,0
0.73883131774225,0.730855725227973,0.195259224158356,0.72157723887722,0
0.618573725922881,0.858767357538158,0.12985116419325,0.710407630686416,0
0.596153430110551,0.843826123398953,0.132362633812221,0.703940823990471,0
0.795563536190497,0.414092581020554,0.330872121825662,0.855734380825081,0
0.644801649972236,0.802089452828282,0.234348116397786,0.494412468061504,0
0.394125579617651,0.921099207848919,0.337402804402611,0.510288514871291,0
0.753311843310329,0.841887841584751,0.0988476533051888,0.725222546532457,0
0.845077126106051,0.388539441041434,0.378042949145971,0.911581512498068,0
0.700517058607187,0.630042619748772,0.243723695263532,0.830572756121735,0
0.565782546928297,0.621911564956763,0.414844810132035,0.831983051001573,0
0.61224931311252,0.332789516814033,0.58711094837056,0.585540613037271,0
0.885879324145988,0.927991708045366,0.0401964374178819,0.404348181892577,0
0.925138278923191,0.810609660725845,0.114868503241648,0.732982350855179,0
0.531575189840556,0.348662473292497,0.424662373188016,0.687361902943343,0
0.791691005199432,0.895624646862266,0.0630064402179766,0.411995235367395,0
0.575322530630494,0.847852361298724,0.155211407155319,0.626340052920156,0
0.827575016766545,0.885327056992221,0.0261313459840179,0.436445802304118,0
0.558726175280704,0.309638648890352,0.586852478083874,0.516171563145021,0
0.590276125161356,0.375375588874711,0.467994916751029,0.719461341916946,0
0.480277495330607,0.829345137644202,0.320869321730889,0.437155041508679,0
0.981142144242765,0.88277136880863,0.0376849677989101,0.483955736199387,0
0.860516770150502,0.389703158501312,0.375053309496629,0.876428707820726,0
0.489942957690616,0.508710294222199,0.439093630861352,0.79130090837175,0
0.615169937044329,0.6511017897301,0.370219915135589,0.82175454867836,0
0.817702586735319,0.800386907991484,0.124871303336421,0.689831510224865,0
0.438237096971926,0.867519560556339,0.302263768927564,0.335097338534421,0
0.391284281274113,0.545644291610383,0.579356839769962,0.832571355828946,0
0.683728879562123,0.756408865207093,0.192933853145799,0.714404830100839,0
0.70168530817991,0.740610745864313,0.207624442673444,0.714287532847777,0
0.769530320403262,0.545799204481248,0.297835311348999,0.847856369968266,0
0.837245527118534,0.634843422002866,0.137015098972581,0.804234521763642,0
0.758828577403746,0.87835971966009,0.0659960798673186,0.464669885521518,0
0.808630624003923,0.8417344254566,0.0975165313287527,0.72298844303809,0
0.492965262603754,0.860395065239273,0.0681370754087061,0.158023950462369,0
0.507338201039886,0.863104169551015,0.209949813686002,0.598707002373223,0
0.577382832500415,0.733875403652801,0.327809248928425,0.783306054902389,0
0.71380048893408,0.774216361642974,0.193524457750878,0.821283541104049,0
0.451088563413596,0.873326922285376,0.0645917246429879,0.0950016821699082,0
0.658142771636054,0.763297623546756,0.248558812759816,0.576011347827273,0
0.451088563413596,0.873326922285376,0.0645917246429879,0.0950016821699082,0
0.789816036749382,0.742313290701112,0.122028130182868,0.715227729434336,0
0.625734663118649,0.638327090668932,0.351579899627372,0.785187266428435,0
0.819649669356525,0.332636100685882,0.375716716565791,0.724751538958146,0
0.887299973317757,0.664422799881757,0.160634975337627,0.869136273948189,0
0.734648695815215,0.733332834419095,0.205557541947574,0.641388653991289,0
0.691654226972142,0.745490127110875,0.177724169125724,0.664784454931486,0
0.863098457477879,0.721022125599165,0.120994249036121,0.731218345654091,0
0.855894251779417,0.545411922304086,0.298240248131475,0.885248733826164,0
0.692699882453901,0.768951569147643,0.201017080578112,0.812348036407612,0
0.926602196597653,0.702825476057729,0.131289982122472,0.817169044436564,0
0.734107839531546,0.361594330338601,0.424589139940121,0.867256790056103,0
0.451377741239931,0.940455832993448,0.21150020462231,0.136273948189167,0
0.71610093099395,0.532094279823534,0.425476554591078,0.755086972730662,0
0.54365070780059,0.722182101202259,0.304331531221057,0.734393555016049,0
0.814940613980053,0.938057302794793,0.0513408146121869,0.382125353483001,0
0.637200816332418,0.473558169034638,0.294289960583281,0.75355847131673,0
0.897403168696681,0.631513169464952,0.178021409955414,0.919583185575166,0
0.690767222666926,0.61262053456166,0.317914144786439,0.79553452085436,0
0.839949808536876,0.362832884934162,0.346556960389429,0.806351328004946,0
0.682603898492093,0.872088367689815,0.095082602795787,0.524982496340144,0
0.580014278605889,0.806658259961758,0.215560342042346,0.535330114478482,0
0.516723997432736,0.851568025085408,0.187434036228919,0.556025350755158,0
0.792895311857733,0.427256433187276,0.330208714756499,0.821166243850987,0
0.806193165018858,0.53379757303169,0.27480130096711,0.943451812651736,0
0.848077075626131,0.890127859246315,0.0576173347405605,0.426452803768061,0
0.808219573228335,0.38629432697093,0.384651172808926,0.876192294752539,0
0.825635145562455,0.923501479904358,0.0305253408576906,0.374723805886685,0
0.674173751883983,0.647696700056502,0.252508669524199,0.815405039235476,0
0.781400312975503,0.814168166527594,0.117965838843776,0.607054202242287,0
0.51138141906266,0.745258131990256,0.304516768259849,0.711700628313193,0
0.525744759102611,0.801393467466426,0.270299610140651,0.697826818334743,0
0.589446812193064,0.663723072663117,0.374092661597777,0.853970375623994,0
0.709992860697056,0.85536226786456,0.0826803368729403,0.684306718677542,0
0.830055744254304,0.601084390096054,0.268971072867082,0.85279467525028,0
0.869740172641326,0.837087039330657,0.101173885885368,0.660792711203252,0
0.642429093741211,0.806347685848672,0.217442867297047,0.507815270465643,0
0.741845690096561,0.763454781531692,0.200389859349086,0.856321776371423,0
0.798426468785381,0.615486796858337,0.262474422211213,0.842447966392973,0
0.426252442867548,0.586603404341302,0.552264845887092,0.870200132755031,0
0.571009382053667,0.770343539871355,0.263987765739764,0.761671985960701,0
0.804923955606516,0.41076232848264,0.316919034182695,0.838568064231612,0
0.782063763350136,0.54587666091668,0.318357852111918,0.870427453012903,0
0.614607446509314,0.801161472345807,0.107631335214423,0.6832428598707,0
0.800849504936215,0.649477823885769,0.258967841988498,0.813170935741109,0
0.818387671361299,0.822456379304539,0.107855342796218,0.646917082662739,0
0.684413964188103,0.278977874400835,0.57075839489952,0.79600461914764,0
0.743778349883536,0.582113176200294,0.318874792685291,0.833041454122225,0
0.461341756268524,0.343012269548395,0.587291877571241,0.530865544613874,0
0.720882100541577,0.555632055738699,0.2555353565813,0.85855587986579,0
0.663717197066396,0.257914962562723,0.578878669739591,0.769902070432909,0
0.783311338511131,0.924276044258682,0.0549206280827967,0.320048737463288,0
0.310105358804059,0.942083540694563,0.337109871411032,0.269956445438592,0
0.75063640756045,0.321331951340894,0.386826631055205,0.673368067868736,0
0.836654190915057,0.424775582139369,0.341499558446594,0.924284168507961,0
0.876547750398431,0.496708662772641,0.254796993128998,0.879011065950153,0
0.748674902105013,0.342701695435309,0.399267667521055,0.755675277558035,0
0.810909431812445,0.52388651696745,0.269118400930493,0.865728288642171,0
0.763393404437906,0.561749991580822,0.313744157494561,0.973194395191722,0
0.674678551082073,0.914442444629874,0.0757016391324014,0.343799158005765,0
0.373818229020185,0.81045250274091,0.156021280720271,0.610109386508088,0
0.731821820305908,0.872395199946117,0.044478428500657,0.413286414432109,0
0.718141762037658,0.920635217607681,0.0836754474766838,0.402465970157396,0
0.795729398784155,0.34819848305126,0.388416223318328,0.767314984042118,0
0.61730451651054,0.728453453172533,0.231801236349538,0.774840375714922,0
0.741131759802119,0.876346600710204,0.0895470308225817,0.541331369286305,0
0.812070469968053,0.770422118863823,0.172559071230103,0.846446075088428,0
0.636335446278548,0.774216361642974,0.17281754151679,0.633978013584659,0
0.690507611650765,0.624388674147886,0.192306201132961,0.766139283668403,0
0.78885691827301,0.792877001425647,0.149120124065738,0.790007910744974,0
0.659851877492446,0.769647554509499,0.220358842914683,0.821871845931422,0
0.716742747117236,0.541850048831231,0.326366123161092,0.946970730243596,0
0.574879749619598,0.373287632789143,0.427725246085252,0.750384171235804,0
0.757653116413907,0.915291846119882,0.0809442781140285,0.403648035498331,0
0.801433629722577,0.904608845001066,0.0479850087233722,0.344617510934104,0
0.402750434487881,0.856679401452589,0.302780709500937,0.311346917991944,0
0.399123091678746,0.587303131559943,0.53558058888147,0.858321285359666,0
0.441693529195422,0.889121299771373,0.278566351476511,0.302054065850132,0
0.723745033136462,0.784824525626106,0.175363473840653,0.806468625258008,0
0.338871701678097,1,0.371103021948435,0.236922265564618,0
0.78055657717298,0.407432075944725,0.324892842526978,0.762964983587477,0
0.844529058405267,0.564380516900096,0.230103345036294,0.950853360248052,0
0.757804556173334,0.556949189326728,0.302780709500937,0.899006155832583,0
0.743626910124109,0.352920706312887,0.386606931311521,0.750148667448648,0
0.877795325559426,0.839799885499182,0.103164107092855,0.640097474926576,0
0.653065933986688,0.745179552997789,0.244055829581924,0.829044254707803,0
0.539125543560565,0.72264983330028,0.315294979214681,0.740507560671777,0
0.432829255276954,0.867055570315102,0.264763176599823,0.292297480382262,0
0.807866213789672,0.935191040498116,0.0720485924138971,0.406112187093665,0
0.899992067441173,0.869607516641908,0.0148361944558124,0.420815261372832,0
0.870713713951929,0.822299221319603,0.114610032954962,0.6832428598707,0
0.88584326706041,0.909716479511463,0.0503457040084434,0.388126608290824,0
0.492965262603754,0.860395065239273,0.0681370754087061,0.158023950462369,0
0.658633147999913,0.550677088985096,0.423774958537058,0.889476890622585,0
0.632715314886528,0.502361111630813,0.408236586469081,0.687127308437219,0
0.808810909431812,0.640108214498198,0.166355784349624,0.832218554788729,0
0.790753520974407,0.393882812529233,0.376677364464643,0.853382980077653,0
0.785337746720608,0.89531407274918,0.0616020849936459,0.393300417359993,0
0.545298516611499,0.39326166430306,0.360807288862085,0.687716522545623,0
0.786080522683512,0.544715188570873,0.275245008292588,0.931922129172463,0
0.634006158550217,0.508787750657631,0.450978956210826,0.894768906225847,0
0.769443783397875,0.552148387072633,0.257380834428242,0.834922756576375,0
0.705363130908855,0.792334432191942,0.230804661080837,0.54720532474972,0
0.83557247834772,0.823227201802078,0.123613414607879,0.632923247588132,0
0.380921474879028,0.961440165839093,0.342977146918819,0.475017503659856,0
0.873389149701808,0.523344696105101,0.236452064531415,0.887249152095438,0
0.757285334141012,0.931164802598345,0.0466194240420445,0.314165689189558,0
0.647433817219422,0.820907250595891,0.226707519331424,0.571901397564945,0
0.687111034189329,0.478125853611079,0.457772416912572,0.763200487374633,0
0.682538995738053,0.344172245151489,0.48390376289659,0.796827518481137,0
0.792534741001954,0.374215613271618,0.351911603161953,0.779073169844604,0
0.671058419690053,0.347502497689403,0.385202576087191,0.72157723887722,0
0.605665289285998,0.673867246405011,0.319650203545351,0.806468625258008,0
0.871665621011185,0.661167384479526,0.166097314062938,0.855734380825081,0
0.763833300881956,0.837786766549297,0.0864453873823422,0.668076052265474,0
0.520344128824755,0.809835096371522,0.239294376117346,0.432808678178165,0
0.680966906806857,0.865581278742137,0.083124044198419,0.472426052720114,0
0.860120142209145,0.575220676003847,0.227704102785017,0.926402793311329,0
0.810188290100888,0.393108248174909,0.339026859370625,0.797063022268293,0
0.588357888208612,0.839025321144859,0.186252827018761,0.612582630913737,0
0.581644058874009,0.773595213416802,0.141292782217244,0.530629131545687,0
0.377813354102215,0.959969616122912,0.315846382492946,0.297825909053711,0
0.516300687248051,0.750212350372502,0.160966678872208,0.552260927284796,0
0.548983550757559,0.514441696258517,0.281224287591272,0.726160924556953,0
0.800272591566969,0.423383611415657,0.325961186378616,0.871136692217464,0
0.385587261752807,0.555246644489929,0.608072888620846,0.863612391681897,0
0.427117812921417,0.916762395836062,0.317914144786439,0.263491457304709,0
0.643402635051814,0.607819732307566,0.335115342365434,0.811525137074115,0
0.766220279947212,0.373287632789143,0.375867490899692,0.765904689162279,0
0.521595309694308,0.856989975565675,0.0672496607577487,0.247851823563109,0
0.771643265618127,0.728146620916231,0.153807051930988,0.755675277558035,0
0.49835651803936,0.448858172402309,0.586628470502079,0.809291033579749,0
0.680368359186264,0.881996804454306,0.0969263575074849,0.520636133009629,0
0.626289942236549,0.628182916927038,0.237559609709867,0.763905180174036,0
0.49933799190879,0.456289499975678,0.573636030757964,0.774722805677551,0
0.45766393353958,0.837786766549297,0.307062700583712,0.383652945615901,0
0.720002307653477,0.792645006305029,0.185625175005923,0.696885712467152,0
0.381209931563652,0.962368146321568,0.361026988605768,0.331923947734526,0
0.417425668318081,0.922494920429415,0.310900984341008,0.384125771752275,0
0.742819231407164,0.348430478171878,0.391517866758567,0.76355328841485,0
0.639905097750759,0.753621181902884,0.22615383289896,0.781777462560354,0
0.837000338936605,0.379633821895101,0.351282658797682,0.802471425843585,0
0.70517563406385,0.327060734077464,0.514653111336076,0.724634241705084,0
0.574879749619598,0.373287632789143,0.427725246085252,0.750384171235804,0
0.793861641751221,0.895856641982885,0.0505309410472354,0.358493139474617,0
0.612963243406962,0.512194711259621,0.407719645895707,0.831042854415014,0
0.855944731699226,0.630196035876923,0.257270122988778,0.850678778290006,0
0.339015930020408,0.978551676913118,0.258045103065027,0.0877092482973713,0
0.373818229020185,0.81045250274091,0.156021280720271,0.610109386508088,0
0.80677728980522,0.786916223568459,0.145208607060547,0.699002518708457,0
0.645984322379191,0.742934438927285,0.237928360652207,0.594360639042709,0
0.797842343999019,0.433370627172616,0.333896224179895,0.881011484219428,0
0.932313638953191,0.73519253724083,0.106377754323993,0.749914072942524,0
0.357138221231854,0.92048180147953,0.329394533353437,0.466315684188512,0
0.796479386164175,0.380876118347446,0.380959355547419,0.801648526510089,0
0.451089284555308,0.873326922285376,0.0645917246429879,0.0950016821699082,0
0.80896234919124,0.89934031064895,0.0616408555366489,0.385771570419269,0
0.567900540135142,0.797520645694807,0.25571973205247,0.693123107558853,0
0.854538505361689,0.598914113161233,0.216372369526353,0.918519326768324,0
0.890494631099958,0.712505659558386,0.103202877635858,0.729337952480973,0
0.692483539940434,0.86217618906854,0.0730092403127491,0.653973103467089,0
0.659700437733019,0.799922917750246,0.20714454950783,0.609409240113842,0
0.664474395863531,0.48772708393359,0.463234755637883,0.711466033807069,0
0.817197787537229,0.858924515523093,0.029267452129149,0.383889358684088,0
0.761359784811313,0.896631206337209,0.043517780601805,0.324631513861989,0
0.696341648097268,0.815021309874386,0.0672151980528572,0.658437673331697,0
0.556935580410907,0.602401523684083,0.439166864109247,0.827280249506715,0
0.810440689699933,0.543243890483336,0.263581967389665,0.845740473007993,0
0.947147523959933,0.626401793097771,0.170564542184505,0.909581094228793,0
0.603271098803626,0.638716243774486,0.237891744028259,0.766374787455559,0
0.603487441317093,0.554008089894367,0.471393801020958,0.73968466133828,0
0.495766898153156,0.800776061097038,0.279673465871153,0.447739072715204,0
0.414086782193569,0.899576047626353,0.100506170978095,0.244087400092747,0
0.347301848286207,0.984591033762774,0.354530768733711,0.456677305254735,0
0.682322653224585,0.757336845689568,0.195111465311134,0.798003218854851,0
0.587067044544923,0.539295109018997,0.485713054903397,0.724281440664866,0
0.842906489554262,0.909484484390845,0.0301936373231094,0.394828009492894,0
0.481846699694957,0.669377018264003,0.361875632713723,0.743447266246579,0
0.605636443617535,0.63561798635719,0.414956813922933,0.848797475835857,0
0.548983550757559,0.514441696258517,0.281224287591272,0.726160924556953,0
0.316884090892701,0.894696666379791,0.170379305145713,0.279831237440556,0
0.732968435627285,0.397987629421472,0.310681284597325,0.743211762459423,0
0.904059306694359,0.573286136046429,0.229512740431215,0.952617365449139,0
0.411281540935609,0.573443294031364,0.532737415727917,0.87101848568337,0
0.339369289459072,0.962910715555273,0.360548818575398,0.282304481846204,0
0.670784385839661,0.51413044861121,0.431714304176449,0.752029969902798,0
0.541657472109844,0.491675865397928,0.545841859262929,0.810466733953463,0
0.704678046282875,0.622764708303554,0.249740021969974,0.823635851132509,0
0.655424067383481,0.591329369459713,0.321459495552157,0.769666930358166,0
0.412110853903901,0.870771234101786,0.332862343033149,0.298180528655992,0
0.788395387577613,0.434841176888796,0.341021388416223,0.87771988688544,0
0.796248620816477,0.549206165083238,0.278088181446141,0.930867363175937,0
0.680563067448384,0.871156645350556,0.0908006117130118,0.503705320203315,0
0.743677390043918,0.77475893087668,0.182673875115773,0.798591523682224,0
0.407372952858966,0.573982121408285,0.552450082925884,0.848561972048701,0
0.626145713894237,0.64816069029774,0.28787128179723,0.744151959045982,0
0.707908761150654,0.77197124757247,0.181747689921813,0.784129045163989,0
0.682978892182103,0.866434422088929,0.0878109720636699,0.645034870927558,0
0.811681053443812,0.410373175377086,0.314373101858832,0.838568064231612,0
0.626621667423865,0.533410290854528,0.432119240958925,0.888658537694245,0
0.656368763025622,0.478203310046511,0.452236844939367,0.750618765741928,0
0.535224166901038,0.541929376195056,0.260335580588882,0.736863162297571,0
0.580922917162452,0.831747409699641,0.155689577185689,0.588004764632605,0
0.837332064123921,0.348662473292497,0.364572339371486,0.777662247560854,0
0.549272728583894,0.893690106904848,0.154840933077735,0.37789719668658,0
0.549185470436796,0.85938850576433,0.18854115062356,0.607054202242287,0
0.88908840476242,0.637241952201521,0.168608783681909,0.883366522090983,0
0.797027453864959,0.914131870516788,0.0494238266525944,0.3167571401293,0
0.806568158708868,0.377699281937683,0.392624981153208,0.925457141038581,0
0.730913181749346,0.406193521349164,0.323488487302647,0.797533120561572,0
0.666731569420707,0.739682765381838,0.250552049453982,0.854558680451367,0
0.777830661503292,0.545102096562356,0.269007689491029,0.868899860880002,0
0.726550274394421,0.601237806224205,0.318762788894393,0.809172827045655,0
0.779929183883925,0.785056520746725,0.155284640403214,0.691124507851642,0
0.73540589461235,0.623539272657878,0.253431408447671,0.849854969675477,0
0.638462814327644,0.800001496742714,0.185551510974218,0.552970166489357,0
0.867540690421075,0.784977941754257,0.0862213798005471,0.671722269201742,0
0.686894691675861,0.762912212297987,0.193561074374825,0.694651608972785,0
0.622785193518378,0.691442747720274,0.286983867146273,0.784716986278949,0
0.506673950197953,0.880140843489356,0.234348116397786,0.630568209716577,0
0.785445917977342,0.881843388326155,0.0489068860792211,0.371895941878756,0
0.574879749619598,0.373287632789143,0.427725246085252,0.750384171235804,0
0.863660948012894,0.605574618237062,0.220137420035755,0.924984314902207,0
0.784876216025211,0.890359854366934,0.0437762508884916,0.330278149067532,0
0.896638758482429,0.889353294891991,0.063669847287139,0.471371286723588,0
0.825656779813801,0.512736719214809,0.315665453292265,0.880193131291088,0
0.702154050292423,0.769726133501966,0.2103556120361,0.818109241023123,0
0.888280726045475,0.520557012800892,0.2329454843087,0.881247897287615,0
0.755273348765766,0.749748360131264,0.143657785340427,0.744387462833138,0
0.80004182621927,0.509175032834793,0.247266892110195,0.823870445638634,0
0.606184511318319,0.336662338585653,0.590359058306589,0.60599943624576,0
0.572424983233455,0.806347685848672,0.109367393973334,0.601298453312965,0
0.646763155427673,0.805576863351132,0.220469554354147,0.49747674513762,0
0.522962594379421,0.498102504424746,0.560570357765955,0.85996708402666,0
0.801195652957763,0.405497535987308,0.322454606155901,0.822812042517981,0
0.715307675111236,0.363454033160335,0.383914532491869,0.747679969448157,0
0.531077602059581,0.481764809333688,0.576147500376936,0.840213862898606,0
0.414086782193569,0.899576047626353,0.100506170978095,0.244087400092747,0
0.635816224246227,0.274641062387978,0.578805436491697,0.695592714840376,0
0.604605210970008,0.349901027888059,0.57622073362483,0.619520445183993,0
0.572453828901918,0.91002705362455,0.166653025179314,0.410585849768588,0
0.53965558271856,0.625705807735915,0.413922932776186,0.842330669139911,0
0.741643770417325,0.748356389407552,0.232982531716458,0.645735017321804,0
0.693009973389871,0.64684355670971,0.254169341116161,0.740272056884621,0
0.348080681334689,0.96298929454774,0.231099920304995,0.0693690498922501,0
0.806020091008084,0.744330151507781,0.123062011329614,0.759437882466334,0
0.647304011711341,0.515369329391911,0.435182113856161,0.746386062540349,0
0.688611008949369,0.558730313155994,0.396794968445086,0.788714913118197,0
0.662621061664828,0.742855859934817,0.202825941801107,0.574483755694372,0
0.511583627198581,0.779249159017688,0.139229327761863,0.49077534393555,0
0.599463470566601,0.816027869349329,0.219251297736231,0.578248179164734,0
0.590261702327124,0.546573394649893,0.46271781506451,0.725457141038581,0
0.673178576322033,0.853581144035293,0.0880694423503565,0.659146912536258,0
0.531575189840556,0.348662473292497,0.424662373188016,0.687361902943343,0
0.722151309953919,0.771196683218146,0.216076851831908,0.842095165352756,0
0.629340371676438,0.842740984931543,0.173261248842269,0.651263445993253,0
0.369541858670647,0.952770283670163,0.337368341697719,0.479363866990371,0
0.678954921431611,0.90723937032034,0.0981067051500205,0.486183474726534,0
0.581997418312673,0.880836828851213,0.168755250177698,0.614937668785291,0
0.527631265820046,0.860316486246805,0.0861481465526526,0.336743137201415,0
0.623448643893011,0.336273185480099,0.594714282637258,0.58447675423043,0
0.840714218751127,0.896245795088439,0.0459904796777737,0.374960218954872,0
0.814161780931571,0.803328007423844,0.108406746074483,0.67936932267656,0
0.797842343999019,0.414324576141173,0.335227346156331,0.810584031206525,0
0.87054785135827,0.329384427140436,0.378598660262347,0.755675277558035,0
0.622511159667986,0.601237806224205,0.367303508734142,0.794006019440428,0
0.661250892412868,0.709717976254177,0.150300471708273,0.670312883602935,0
0.593009252248159,0.829113142523583,0.139117323970965,0.695122616547096,0
0.531575189840556,0.348662473292497,0.424662373188016,0.687361902943343,0
0.921431610525784,0.712969649799624,0.130368104766623,0.784129045163989,0
0.700509847190071,0.727061482448821,0.259152648243479,0.641861480127663,0
0.621768383705082,0.339218026769243,0.568837099101816,0.636451257990307,0
0.720564798188492,0.599535261387406,0.28569151571284,0.773899724487847,0
0.545298516611499,0.39326166430306,0.360807288862085,0.687716522545623,0
0.777196056797121,0.874254902767852,0.0595730932431559,0.472780672322395,0
0.382760386243501,0.590861637361692,0.562082408943072,0.862318484774089,0
0.7879266454651,0.890591849487553,0.0584272083055119,0.406112187093665,0
0.762088137939987,0.563373957425154,0.310754517845219,0.940860361711994,0
0.829096625777932,0.608826291782508,0.272143364852349,0.865375487601953,0
0.496219054006303,0.273555923920568,0.58773558489672,0.638915409585641,0
0.81189739595728,0.869375521521289,0.0153919055721886,0.301117506387699,0
0.761330939142851,0.770654113984442,0.198691709565555,0.734628149522173,0
0.630342758655503,0.624235258019735,0.352833480517802,0.787303708957327,0
0.584326706041004,0.607202325938177,0.336222456760075,0.761789283213763,0
0.655099553613281,0.561903407708973,0.409382471406725,0.859496985733381,0
0.764518385507936,0.564305679764413,0.283330820427768,0.927812178910136,0
0.724242620917437,0.732868844177858,0.131625993495164,0.716756230848268,0
0.791200628835572,0.568174759679248,0.305585112111487,0.858908680906007,0
0.757833401841796,0.362986301062313,0.412445344303961,0.917464560771798,0
0.793840007499874,0.662099106818786,0.258118767096732,0.807879829418878,0
0.581326756520924,0.602554939812234,0.440239515798996,0.852677377997218,0
0.577363361674203,0.725512353740173,0.323083550520171,0.765904689162279,0
0.639119053285161,0.768177004793319,0.228147039438258,0.813170935741109,0
0.867850781357045,0.809677938386586,0.126417817218429,0.711817925566255,0
0.422711637063799,0.946031199601866,0.234421780429491,0.157196504723715,0
0.798664445550195,0.524041429838314,0.266091713873393,0.88477590768979,0
0.555443538209694,0.904066275767361,0.167281969543585,0.421278994698892,0
0.76731641534878,0.782190258450048,0.17156396062636,0.796592014693981,0
0.373818229020185,0.81045250274091,0.156021280720271,0.610109386508088,0
0.803301386755511,0.532945926427612,0.299532599564908,0.860555388854033,0
0.747968183227686,0.549515616639289,0.29580631959851,0.813053638488047,0
0.732023739985144,0.631823743578038,0.26254851702673,0.816698036862253,0
0.198761078539544,0.834303097883232,0.362948284403472,0.69394600689235,0
0.417490571072121,0.897173775570914,0.321571499343055,0.267728706911445,0
0.545298516611499,0.39326166430306,0.360807288862085,0.687716522545623,0
0.531575189840556,0.348662473292497,0.424662373188016,0.687361902943343,0
0.571924510885634,0.715368179998279,0.315811919788054,0.759672476972458,0
0.763537632780218,0.866049010840159,0.0538910547741616,0.417523664038844,0
0.492214554082023,0.815949290356861,0.308910763133521,0.423988652172727,0
0.704029018742473,0.855208851736409,0.0850798027010145,0.689243205397492,0
0.738968334667445,0.840495870861039,0.102647166519482,0.706174927484838,0
0.701944919196071,0.920092648373976,0.0855579727313848,0.38729916255217,0
0.340227448095825,0.946341773714953,0.306252827018761,0.2885330569119,0
0.703704504972272,0.358189240665003,0.408275357012083,0.79271211253262,0
0.751927251224138,0.637631105307075,0.2669037413574,0.800120025096156,0
0.633688856197131,0.695083574371275,0.317655674499752,0.83421715449594,0
0.71011545478802,0.536972164327383,0.28554504921705,0.887594678887404,0
0.924820976570106,0.724120383016461,0.12394511814246,0.772136082999173,0
0.789073260786477,0.58025347337856,0.296689426411355,0.865258190348891,0
0.761597761576127,0.752304048314855,0.151075882568333,0.77542822590178,0
0.740720709026531,0.804955715124959,0.211426109806793,0.546268765287287,0
0.76012663248455,0.633758283535456,0.23748551489435,0.762259381507042,0
0.666111387548767,0.566936205083687,0.277610011415771,0.855264282531802,0
0.670279586641571,0.888193319288898,0.0909470782088009,0.504996499268029,0
0.807318146088888,0.368097677429494,0.351062959053999,0.775663456904626,0
0.561421081856796,0.933335079533166,0.168165076356431,0.406939632832319,0
0.645609328689181,0.847309792065019,0.126973528334805,0.708526328232267,0
0.399267320021057,0.518001923314387,0.523583259741099,0.731218345654091,0
0.550264298437286,0.918468682529645,0.167906606069744,0.383771152149995,0
0.740785611780571,0.808671378911644,0.0754431688457148,0.66678487320076,0
0.364169352919542,0.951453150082134,0.34205526956297,0.303472544259254,0
0.713526455083689,0.852496005567883,0.065698839037629,0.473835438318921,0
0.81628193756355,0.608747712790041,0.248632907575333,0.810113932913246,0
0.616720391724178,0.516840488387147,0.496232795571542,0.749678569155369,0
0.898607475354982,0.895007240492877,0.0517845219376656,0.440919464979041,0
0.569999062515775,0.616261361212661,0.412557348094859,0.82704474571956,0
0.782712790890538,0.895007240492877,0.0534085769056799,0.362375769479073,0
0.547337184230073,0.903602285526124,0.161225149158895,0.398710639497349,0
0.678875595843339,0.795664684729857,0.228405410644668,0.618929412513526,0
0.327888713411072,0.932481936186374,0.311086221379801,0.462314847649963,0
0.842163713591358,0.415795125857353,0.349878303573352,0.88630349982269,0
0.345383611333463,0.946884342948658,0.339285329657312,0.479600280058558,0
0.781739249579935,0.90538340935539,0.0485019492967455,0.325104339998363,0
0.481672904542472,0.82555089486505,0.14495013677386,0.474190057921202,0
0.661185989658828,0.772745811926794,0.247008852607319,0.575192994898933,0
0.570384152189747,0.723577813782755,0.299937536347384,0.762023877719887,0
0.780650325595483,0.891523571826812,0.0602752708553213,0.43750966111096,0
0.344691315290368,0.968796656276778,0.2401430202253,0.0718422942978986,0
0.598814443026199,0.681145157850228,0.170271609192927,0.617992853051093,0
0.701093971976433,0.632673145068046,0.242394727206152,0.830454549587641,0
0.479122226308692,0.739061617155665,0.287647274215435,0.671604062667649,0
0.824683238503198,0.528764775656977,0.315665453292265,0.886421706356784,0
0.721978235943145,0.725744348860792,0.239589463027979,0.672195095338116,0
0.601936986637244,0.509561940826277,0.507342710060956,0.708760922738391,0
0.667373385543993,0.296863949829184,0.562379649772762,0.699708120788892,0
0.649517916765824,0.774990925997298,0.252582333555905,0.837626958364021,0
0.730408382551255,0.41866138815403,0.323820190837228,0.805411131418387,0
0.535224166901038,0.541929376195056,0.260335580588882,0.736863162297571,0
0.550369585127173,0.793262412674417,0.280931354599694,0.508169890067923,0
0.518495842618033,0.812697616811414,0.273991427402158,0.473489911526956,0
0.503362323230138,0.747271250940141,0.275059771253796,0.674431926675578,0
0.812373349486908,0.557723753681052,0.258820083141276,0.864669885521518,0
0.55420101104068,0.781108861839422,0.242763908932302,0.73968466133828,0
0.647808810909432,0.532713557121315,0.427910483124044,0.876192294752539,0
0.796630825923602,0.53255864425045,0.286393693325005,0.924402375042054,0
0.780188794900086,0.88130081909245,0.0593878562043638,0.456086272584268,0
0.758568966387585,0.509639397261709,0.336704934628557,1,0
0.650751069092587,0.861944193947921,0.076037650505094,0.607054202242287,0
0.782034917681674,0.370574786620617,0.401925603635815,0.863965192722114,0
0.821409255132726,0.931011386470194,0.051711288689771,0.390472553352064,0
0.590896307033295,0.567246779196773,0.454856010511125,0.737685152350037,0
0.417144423050574,0.574835264755077,0.529601309582786,0.815875137528756,0
0.648977060482155,0.323962476660168,0.598737803433347,0.647271702265019,0
0.328703603545133,0.970420622121109,0.349214896504189,0.437036834974586,0
0.424925542118282,0.563841689523175,0.559463243371314,0.83421715449594,0
0.856637027742322,0.890049280253848,0.041450018308312,0.383771152149995,0
0.499040160381917,0.844907520009579,0.268454132293708,0.392945797757713,0
0.647945827834628,0.75470257851351,0.231690524910074,0.830102657828455,0
0.633458090849433,0.335423783990092,0.581571068559244,0.589423243041727,0
0.398063013362756,0.921020628856451,0.347590841536175,0.404702801494858,0
0.414086782193569,0.899576047626353,0.100506170978095,0.244087400092747,0
0.754797395236138,0.509871766568006,0.262326663363991,0.803764423470362,0
0.691747975394645,0.330080412502292,0.502250845413229,0.739449157551124,0
0.6209895506566,0.75284661754856,0.21984190234131,0.558143975558526,0
0.602211020487636,0.699573802512283,0.313929394533353,0.797297616774416,0
0.881213537272209,0.823384359787014,0.0876645055678808,0.634569046255126,0
0.668577692202295,0.875804031476499,0.0936437848665647,0.530274511943406,0
0.913636068623845,0.892762126422373,0.0427768324466367,0.43045364030661,0
0.595367385644953,0.844600687753277,0.13435716285782,0.709819325859043,0
0.535224166901038,0.541929376195056,0.260335580588882,0.736863162297571,0
0.546885028376926,0.74107473610555,0.300196006634071,0.735333751602608,0
0.800070671887733,0.727914625795612,0.142882374480367,0.779661110959564,0
0.848827063006151,0.594191889899606,0.215523294634588,0.919346772506979,0
0.755612285370198,0.540146755623075,0.318357852111918,0.949325768115151,0
0.570441843526671,0.898644325287094,0.16347814849118,0.412813588295735,0
0.750066705608319,0.882153962439242,0.0631184440088742,0.439628285914327,0
0.772508635671996,0.627408352572714,0.264393994873673,0.805175627631232,0
0.604100411771917,0.744330151507781,0.247746785275809,0.822577448011857,0
0.737785662260491,0.387611460558959,0.347224675296702,0.758849577638961,0
0.684709632289841,0.626326955962088,0.236341353091951,0.772136082999173,0
0.789953053674578,0.62663378821839,0.267715768841407,0.832335852041791,0
0.791705428033663,0.911576182333197,0.0672496607577487,0.385071424025023,0
0.792065998889442,0.392255104828118,0.364163094750899,0.876074088218446,0
0.774095147437423,0.367248275939487,0.414844810132035,0.900179128363203,0
0.917515811032026,0.807047413067312,0.112059792792987,0.693123107558853,0
0.563452538058254,0.85536226786456,0.174812070562388,0.640915827854915,0
0.765722692166238,0.881147402964299,0.0562862127641243,0.462314847649963,0
0.623362106887625,0.7445621466284,0.250515432830034,0.820813442810769,0
0.700250236173911,0.897637765812151,0.0794666896418033,0.412931794829828,0
0.652114026927431,0.585132854625122,0.341835569819286,0.82034334451749,0
0.554143319703755,0.632441149947427,0.412665044047645,0.83609845695009,0
0.824041422379912,0.400386159620127,0.358773989273483,0.893123107558853,0
0.563684024547664,0.854202292261466,0.12394511814246,0.651027032925066,0
0.577478744348052,0.829423716636669,0.16908695371228,0.643980104931031,0
0.731014141588964,0.842123578562154,0.10275917031038,0.689360502650554,0
0.863805176355206,0.799922917750246,0.126788291296013,0.699708120788892,0
0.36751545046117,0.935269619490584,0.309905873737265,0.464433472453331,0
0.921792181381563,0.498799238157959,0.244092876989683,0.902415959700665,0
0.313206268163757,0.971816334701606,0.256863893854869,0,0
0.590564581845978,0.650020393119474,0.31123268787559,0.73780335888413,0
0.722317172547577,0.850640044602933,0.102685937062485,0.682897333078735,0
0.83744744679777,0.785135099739193,0.0864453873823422,0.641388653991289,0
0.521161903525662,0.758885974398216,0.314446335106727,0.697944115587805,0
0.570759145879757,0.863104169551015,0.193930256100976,0.577429826236395,0
0.536362849663587,0.773056386039881,0.273328020332996,0.715816034261709,0
0.784638239260397,0.746807260698904,0.13966872724923,0.774252434599962,0
0.711262070109397,0.788929342518344,0.192453959980184,0.606472262382134,0
0.694012360368936,0.880372838609975,0.0909470782088009,0.504878292733935,0
0.783405086933633,0.524041429838314,0.314446335106727,0.964256162652191,0
0.535224166901038,0.541929376195056,0.260335580588882,0.736863162297571,0
0.759463182109916,0.765699895602196,0.175841643871023,0.742036062085709,0
0.379608996963993,0.547347584818539,0.534878411269304,0.779778680996936,0
0.659000930272808,0.608051727428184,0.311198225170698,0.773547014375733,0
0.576150401315363,0.493998810089543,0.537463114136171,0.715816034261709,0
0.711637063799407,0.867130407450785,0.0854115062355957,0.6817152677378,0
0.508349010954143,0.828417157161727,0.249592263122752,0.430335433772516,0
0.577633068674325,0.784435372520552,0.282848342559287,0.55390672595179,0
0.849887141322141,0.594270468892074,0.233609752945484,0.927693972376042,0
0.771592785698318,0.787765625058466,0.129963167984147,0.673249861334643,0
0.787868954128176,0.754934573634129,0.122950007538717,0.687832001236622,0
0.758619446307394,0.845064677994514,0.0903569043875331,0.693358611346009,0
0.589432389358833,0.811769636328939,0.27480130096711,0.518635714740355,0
0.711463989788633,0.622375555198,0.236193594244728,0.829278849213927,0
0.647166994786145,0.741463889211104,0.238925194391195,0.590596215572347,0
0.728735333780441,0.390709717976254,0.448730264716652,0.852441874210062,0
0.37506580418118,0.920635217607681,0.347000667714907,0.496294679796685,0
0.71036064296995,0.938367876907879,0.0838606845154759,0.375423952280931,0
0.693154201732182,0.350443597121764,0.485566588407608,0.784364185238732,0
0.49873151172937,0.901589166576238,0.067805371874125,0.220928012220737,0
0.751263800849505,0.362136899572306,0.415839920735779,0.874546496085545,0
0.504373147567228,0.455361519493203,0.592831757382558,0.845975067514117,0
0.548983550757559,0.514441696258517,0.281224287591272,0.726160924556953,0
0.571615862233087,0.761980489958727,0.251770306071898,0.737097756803695,0
0.786513207710447,0.654046631019244,0.258045103065027,0.809291033579749,0
0.601576415781465,0.611767391214869,0.314334331315829,0.760025278012675,0
0.652431329280517,0.258536110788896,0.578030025631637,0.755439773770879,0
0.863314799991346,0.52574472304647,0.236673487410343,0.807879829418878,0
0.711896674815568,0.752921454684244,0.196034204234605,0.723928639624649,0
0.692808053710635,0.838404172918686,0.0987356495142913,0.658319466797603,0
0.658770164925109,0.826172043091223,0.228700712947207,0.479718486592651,0
0.839661351852253,0.725901506845727,0.136239688112521,0.794828918773925,0
0.872855504835255,0.50197420363933,0.246971805199561,0.8680796893896,0
0.486554312788006,0.853966555284063,0.205003553966442,0.588241177700792,0
0.765787594920278,0.605189206988292,0.309169233420208,0.843859170553843,0
0.792203015814638,0.608979707910659,0.293260387274646,0.859379688480319,0
0.700005047991981,0.917768955311004,0.0812759816486097,0.398237813360975,0
0.936005884516366,0.746107533480264,0.116122084132078,0.74403466179292,0
0.653166893826306,0.584515448255733,0.362875051155578,0.816227938568973,0
0.931736725583944,0.737669646431952,0.104753699355978,0.721930039917437,0
0.334883788013182,0.987068142953897,0.354642772524609,0.25090700782891,0
0.634900374272548,0.678821464787257,0.319835440584143,0.845857770261054,0
0.813642558899249,0.422377051940714,0.296986667241045,0.842330669139911,0
0.757847824676027,0.772435237813708,0.182191397247291,0.710760431726634,0
0.737850565014531,0.730623730107354,0.219731190901846,0.749914072942524,0
0.566504409781566,0.857996535040618,0.13513257371788,0.397064840830355,0
0.545951149860459,0.551451279153742,0.401076959527861,0.681951680805987,0
0.661575406183069,0.439024572773502,0.337885282271092,0.771665711921584,0
0.531712927907463,0.686488529338028,0.316328860361428,0.760025278012675,0
0.599751927251224,0.845296673115133,0.161707627027376,0.613992016512544,0
0.667142620196295,0.794347551141828,0.17049130893661,0.477017921929131,0
0.690485977399419,0.797056655453569,0.209654295991557,0.536512179819417,0
0.769205806633061,0.570034462500982,0.285876752751632,0.952617365449139,0
0.407704678046283,0.983199063039061,0.257491545867706,0.0908826390972657,0
0.920522971969222,0.733564829539714,0.123910655437569,0.7549696754776,0
0.75001622568851,0.902902558307483,0.0670299610140651,0.440919464979041,0
0.689757624270745,0.599071271146168,0.345044909212312,0.849503077916292,0
0.511102265106116,0.767323861446527,0.273844960906369,0.692417505478418,0
0.85598800020192,0.805730279479283,0.12221336722166,0.666193840530293,0
0.64828476443906,0.336740917578121,0.59504598617184,0.607527028378661,0
0.70729579069583,0.540146755623075,0.406466065005277,0.751442574356456,0
0.500156487751408,0.486643068023214,0.56189717190428,0.83562835865681,0
0.559939135639545,0.513356146186861,0.471983974842225,0.654436836793148,0
0.814140146680224,0.570809026855306,0.206886079221143,0.863965192722114,0
0.794647686216818,0.52791275486722,0.324927305231869,0.973903634396283,0
0.772256236072951,0.676344355596134,0.251807353479656,0.807997126671941,0
0.711427932703055,0.921409781962005,0.0921661963943395,0.41552324576957,0
0.405310487563911,0.951453150082134,0.225231050897107,0.131454758722278,0
0.814017552589259,0.560200862872174,0.256421048097013,0.863376887894742,0
0.803777340285139,0.335502362982559,0.371990436599393,0.732512252561899,0
0.612451232791756,0.844290113640191,0.131548452409158,0.717932840503014,0
0.757689173499484,0.36879366279135,0.398935963986473,0.810113932913246,0
0.64148439809907,0.745336710982724,0.271553191031081,0.591769188102967,0
0.76231169187057,0.542159874572961,0.311749628448963,0.953444811187794,0
0.794265481109693,0.554161506022518,0.260444568893101,0.86831792101985,0
0.76268668556058,0.865659857734605,0.0712731815538372,0.663966102003146,0
0.773893227758187,0.885327056992221,0.0520085295194607,0.38024314174782,0
0.729023790465064,0.350290180993613,0.392439744114416,0.70299971812288,0
0.698670935825599,0.335191788869473,0.501475434553169,0.777544668430672,0
0.672926176722988,0.655053190494187,0.254907704568462,0.741094956218118,0
0.620859745148519,0.812001631449558,0.225267969069722,0.580012184365822,0
0.799212513250979,0.534649219635768,0.27199689835656,0.877838093419533,0
0.824026999545681,0.332789516814033,0.37272707691645,0.774605235640179,0
0.653253430831693,0.505922985103668,0.450462015637452,0.875137528756013,0
0.799508181352718,0.933488495661317,0.0399724298360868,0.346263309601098,0
0.483511815906944,0.491056588100147,0.557951192194197,0.843036271220346,0
0.330405497984409,0.99171552907984,0.267235875675792,0.0824172326941087,0
0.804909532772285,0.924197465266214,0.0600168005686346,0.397173954554134,0
0.653455350510929,0.546186112472731,0.427466775798566,0.906407703428899,0
0.621061664827755,0.811459062215853,0.240217115040817,0.577657146494267,0
0.698324787804051,0.79922693238839,0.215412583195124,0.625630813715595,0
0.869949303737678,0.817576998057976,0.0962629504383225,0.62128445038508,0
0.821063107111178,0.639954798370047,0.263729295453077,0.836333960737245,0
0.639357030049975,0.26186636332681,0.589027936330153,0.728044045573165,0
0.791835233541743,0.550135268122748,0.261551683287742,0.838802658737736,0
0.670214683887531,0.322955917185226,0.41259181079975,0.663729688934959,0
0.904751602737454,0.903291711413037,0.0376117345510156,0.411640615765115,0
0.713512032249457,0.858535362417539,0.0706485450276779,0.667730525473508,0
0.592035710937556,0.857996535040618,0.137824972537532,0.703940823990471,0
0.696082037081107,0.815021309874386,0.217553578736511,0.617165407312438,0
0.531231926385854,0.892062399203733,0.17610011415771,0.401884030297244,0
0.788806438353201,0.336119769351948,0.373984965644991,0.728396846613383,0
0.664697949794114,0.485094313500245,0.447511146531113,0.715463233221492,0
0.591401106231386,0.84963348512799,0.138083442824219,0.674777453467543,0
0.847291031160533,0.825782889985669,0.117414435565511,0.64174327359357,0
0.366008264284015,0.957103353826236,0.210281948004394,0.0614946761595606,0
0.800272591566969,0.5303906124297,0.290451676825985,0.836686761777462,0
0.678587139158716,0.259464091271371,0.590466754259375,0.736509451976322,0
0.53204032624451,0.771196683218146,0.257750016154393,0.726632841412295,0
0.820796284677902,0.31691656033557,0.394873672647382,0.713229129727125,0
0.619294867634439,0.835231078365707,0.245753548581644,0.579193831437482,0
0.610785395438058,0.829113142523583,0.137273569259267,0.598352382770943,0
0.487786022831347,0.821756652085898,0.0927175996726043,0.547441737817907,0
0.575342001456706,0.838714747031772,0.157279169448812,0.658674086399884,0
0.842098810837318,0.402788431675566,0.343050380166713,0.88747647235331,0
0.61793912121671,0.306308396352438,0.600620328688048,0.620693417714613,0
0.576795102005495,0.607898311300033,0.41975143774097,0.796944815734199,0
0.306535707331848,0.581727764951524,0.519598509488013,0.740977658965056,0
0.883059660053797,0.646768719574027,0.173704956167747,0.869372687016376,0
0.737417879987596,0.7859845012292,0.181566760721132,0.541685988888586,0
0.555067823377972,0.709253986012939,0.273694186572469,0.738979059257845,0
0.912280322206117,0.900814602221915,0.0209274775453939,0.381425207088755,0
0.587521363823205,0.79388356090059,0.245421414263252,0.501468488865854,0
0.791186206001341,0.406272100341632,0.323044779977168,0.805292924884294,0
0.591184763717918,0.754859736498445,0.294513968165076,0.840566663938824,0
0.69231046592966,0.613473677908452,0.307467637366188,0.813876537821545,0
0.708536154439709,0.9262105842161,0.0744868287849743,0.376833337879738,0
0.77923688784083,0.61943445576564,0.256199625218084,0.808349927712158,0
0.316884090892701,0.894696666379791,0.170379305145713,0.279831237440556,0
0.584651219811205,0.828495736154194,0.167389665496371,0.627158405848496,0
0.404892225371208,0.959891037130445,0.24564283714218,0.140974931121962,0
0.922174386488689,0.896320632224122,0.0215564219096646,0.382952799221655,0
0.87460787919434,0.638095095548313,0.173002778555582,0.879011065950153,0
0.753686837000339,0.717613294068783,0.119038490533526,0.695474508306282,0
0.490809048886197,0.864189308018425,0.319503737049562,0.3790701692172,0
0.783289704259784,0.851953436334178,0.0389040859844487,0.410585849768588,0
0.425689952332533,0.583198314667704,0.525577788786697,0.841036762232103,0
0.862990286221145,0.541153315098018,0.26103517349818,0.887249152095438,0
0.688762448708796,0.771350099346298,0.226449135201499,0.818109241023123,0
0.492965262603754,0.860395065239273,0.0681370754087061,0.158023950462369,0
0.792397724076758,0.771739252451852,0.161190686454003,0.726515544159233,0
0.48778746511477,0.821756652085898,0.0927175996726043,0.547441737817907,0
0.641909871708889,0.635385991236571,0.220838736080298,0.753441174063668,0
0.548906388594423,0.800850898232721,0.295582312016714,0.484183056457259,0
0.757537733740057,0.348894468413116,0.380330411183148,0.79130090837175,0
0.752670027187042,0.55834116005044,0.319908673832037,0.966965820126026,0
0.871499758417527,0.495547564612512,0.24944493505934,0.877838093419533,0
0.780123892146046,0.783971382279315,0.162259030305641,0.813759240568482,0
0.843613208431589,0.801240051338275,0.123281711073298,0.664666248397392,0
0.803128312744738,0.40433381852743,0.329765007431021,0.845857770261054,0
0.640409896948849,0.742238453565428,0.251290412906283,0.823870445638634,0
0.653166893826306,0.531706997646372,0.425291317552286,0.748620166034716,0
0.762044869437293,0.542314787443825,0.300639713959549,0.835863862443965,0
0.778768145728317,0.312426332194562,0.392512977362311,0.663375069332679,0
0.695252724112815,0.647000714694646,0.260555280332565,0.851031579330224,0
0.644808861389352,0.551838561330904,0.4097874081892,0.851266173836348,0
0.774232164362619,0.367633687188257,0.41133822990932,0.882539076352328,0
0.827264925830575,0.427409849315427,0.301156654532923,0.85996708402666,0
1,0.710645956736652,0.118189846425571,0.826927448466498,0
0.644614153127231,0.421213334480836,0.348736726473819,0.704763723323968,0
0.663068169525994,0.284628078144937,0.575923492795141,0.746033261500132,0
0.745840815178591,0.780334297485098,0.170603312727508,0.797533120561572,0
0.704079498662282,0.77917058002522,0.202383096043251,0.815287741982414,0
0.787969913967794,0.401856709336307,0.336851401124346,0.795651818107422,0
0.808298898816607,0.498722155908205,0.237817649212743,0.802588723096647,0
0.575784782467603,0.734496551878973,0.308540289055937,0.747679969448157,0
0.877932342484622,0.514207905046642,0.241767075193314,0.878665539158188,0
0.53541959630487,0.770268702735671,0.305809119693282,0.72157723887722,0
0.726579120062884,0.418350814040943,0.32758524134663,0.804822826591015,0
0.718646561235748,0.741617305339255,0.222905636806169,0.723928639624649,0
0.591631871579084,0.900504028108828,0.172485837982209,0.40999481709812,0
0.78036186891086,0.611767391214869,0.28414069399272,0.828691453667585,0
0.563914789895362,0.739061617155665,0.279156525297779,0.745210362166635,0
0.480152016672796,0.476188694353912,0.574557908113813,0.822341944224702,0
0.523039756542558,0.868447541038814,0.223643871023327,0.608236267583222,0
0.721084020220814,0.343476259789633,0.48217201197579,0.829278849213927,0
0.842726204126373,0.389160589267606,0.339617033191893,0.82751575329387,0
0.749972957185817,0.354237839900916,0.487225106080514,0.793887812906335,0
0.761150653714962,0.624156679027267,0.273289249789993,0.814346636114824,0
0.699384866120041,0.915912994346054,0.085191806491912,0.406585013230039,0
0.409673394918835,0.9155238412405,0.301044650742025,0.513343699137092,0
0.48778746511477,0.821756652085898,0.0927175996726043,0.547441737817907,0
0.58283394269808,0.255980422605305,0.584784715790381,0.659146912536258,0
0.665628222602024,0.617731910928841,0.28491610485278,0.760613582840048,0
0.816166554889701,0.416105699970439,0.31979667004114,0.863141384107586,0
0.499184388724228,0.772588653941859,0.267346587115256,0.716404339089082,0
0.722273904044884,0.844443529768342,0.0710879445150451,0.652209098266001,0
0.780412348830669,0.391480540473794,0.341835569819286,0.783306054902389,0
0.894266202251405,0.655902591984194,0.152997178366037,0.875373941824199,0
0.640330571360578,0.744715562756551,0.263914101708058,0.82751575329387,0
0.596261601367285,0.548896339341508,0.475710254808624,0.766727588495776,0
0.504373147567228,0.494386092266705,0.56034635018416,0.81846204206334,0
0.548983550757559,0.514440162097236,0.281224287591272,0.726162743119016,0
0.822498179117178,0.532713557121315,0.289236866478558,0.960964565318203,0
0.758936748660479,0.359581211388715,0.378525427014453,0.770137210507652,0
0.545296353186365,0.39326166430306,0.360807288862085,0.68771470398356,0
0.674880470761309,0.417033680452914,0.36353845822474,0.769431790283423,0
0.375520123459461,0.928223703165985,0.364977276153962,0.332742300662866,0
0.607021035703726,0.847620366178105,0.145281840308441,0.728396846613383,0
0.495805118663869,0.736041938730837,0.249186464772654,0.713581930767342,0
0.529441331516056,0.782268837442516,0.21415770995326,0.669721850932468,0
0.525888987444923,0.864342724146576,0.068873715725763,0.208579975813125,0
0.685762499188716,0.567478774317392,0.301488358067504,0.814934940942197,0
0.563943635563825,0.763918771772929,0.178499579985784,0.681133327877647,0
0.756376695584449,0.625784386728382,0.271962435651668,0.826927448466498,0
0.66958007918136,0.360355775743039,0.453158722295216,0.740743064458932,0
0.776972502866538,0.370035959243696,0.372360910676977,0.77672162361221,0
0.820558307913088,0.381261529596216,0.386606931311521,0.845387671967775,0
0.358133396793804,0.920324643494595,0.341611562237491,0.337452376405976,0
0.801448052556808,0.801240051338275,0.138010209576324,0.670903916273403,0
0.562759520873447,0.733179418290944,0.279234066383785,0.718520236049356,0
0.46891807109015,0.789546748887733,0.247783832683568,0.645034870927558,0
0.696868081546705,0.732094279823534,0.230546276950912,0.633978013584659,0
0.725922881105366,0.390473980998851,0.339138863161522,0.727456650026824,0
0.929840122882548,0.717074466691862,0.124169125724255,0.771665711921584,0
0.548983550757559,0.514441696258517,0.281224287591272,0.726160924556953,0
0.794640474799703,0.932635352314526,0.0585392120964094,0.382243560017094,0
0.619453518810982,0.858924515523093,0.157386865401598,0.619284032115806,0
0.561238633003772,0.529074227213028,0.322454606155901,0.821283541104049,0
0.543582920479703,0.897948339925238,0.180459646326491,0.412113441901488,0
0.626463016247323,0.809524522258435,0.189980830120404,0.453849441246806,0
0.76800149997476,0.77197124757247,0.17765093587783,0.802941524136865,0
0.741506753492129,0.376614143470273,0.455187714045706,0.814816734408103,0
0.790277567444779,0.898876320407713,0.0514140478600814,0.37119579548451,0
0.790969863487874,0.740999898969867,0.140887845434769,0.771313001809469,0
0.911025535628006,0.906928796207254,0.0388653154414457,0.382834592687562,0
0.778421997706769,0.377003296575827,0.399784608094428,0.895941878756467,0
0.602405728749757,0.685481969863085,0.326516897494992,0.797767715067696,0
0.774816289148981,0.777082623939651,0.147974239128094,0.765551888122062,0
0.822541447619872,0.399226184017033,0.330057940422599,0.848679269301763,0
0.766213068530097,0.569338477139126,0.271738428069873,0.904643698227811,0
0.843166100570423,0.334649219635768,0.376565360673746,0.754381370650227,0
0.880889023502008,0.663569656534966,0.142292200659099,0.814346636114824,0
0.743590853038531,0.643281309051177,0.236636440002585,0.771195431772098,0
0.680995752475319,0.576073819350638,0.358295819243113,0.842447966392973,0
0.632282629859594,0.348119904058792,0.581902772093825,0.612937250516017,0
0.853730826644744,0.776772049826565,0.141702026837831,0.74544586595379,0
0.803229272584356,0.896631206337209,0.0583195123527258,0.396946634296262,0
0.692151814753117,0.641114773973141,0.315256208671678,0.801648526510089,0
0.759629044703575,0.836080479855714,0.0970771318413854,0.723458541331369,0
0.545298516611499,0.39326166430306,0.360807288862085,0.687716522545623,0
0.723139274098753,0.787301634817229,0.210097572533224,0.573310783163752,0
0.803012930070888,0.717923868181869,0.149232127856635,0.798708820935287,0
0.635823435663342,0.486565611587782,0.46832662028561,0.895832765032689,0
0.882915431711486,0.527603303311169,0.235455661576238,0.884539494621603,0
0.47533911688986,0.464188559647068,0.532961423309712,0.740624857924839,0
0.857235575362915,0.818894131646005,0.100583712064101,0.643389072260564,0
0.561806171530768,0.787612208930315,0.277274000043078,0.728279549360321,0
0.877153509436139,0.835541652478793,0.0816076851831908,0.636569464524401,0
0.76875148735478,0.37522217274656,0.349512137333879,0.71252352764669,0
0.510755684399541,0.834303097883232,0.290012277338618,0.419869609100085,0
0.316884090892701,0.894696666379791,0.170379305145713,0.279831237440556,0
0.535227051467884,0.541927505266663,0.260333857453637,0.73686225301654,0
0.438661128298322,0.518776225738736,0.495681392293278,0.642443419987816,0
0.71460095623391,0.88958529001261,0.0896547267753678,0.494530674595597,0
0.581261853766884,0.856215411211351,0.200980463954165,0.621520863453267,0
0.312095709927958,0.943943243516298,0.318577551855601,0.416932631368377,0
0.783628640864216,0.399069026032098,0.333418054149525,0.824576047719068,0
0.709473638664734,0.594734459133311,0.306916234087923,0.812112532620457,0
0.76281649106866,0.766395880964052,0.192453959980184,0.820813442810769,0
0.456951445528561,0.841813004449068,0.323415254054753,0.359320585213272,0
0.807411894511391,0.787612208930315,0.121028711741013,0.667257699337134,0
0.574687204782612,0.868294124910663,0.199171602731169,0.625167080389536,0
0.639198378873432,0.27309193367933,0.574557908113813,0.739213653763969,0
0.331350193626549,0.987767870172537,0.259410687746355,0.0806532274930212,0
0.766451045294911,0.399533016273335,0.348736726473819,0.799531720268783,0
0.555568295725793,0.876810590951442,0.215301871755659,0.625985433317875,0
0.853449581377236,0.579246913903617,0.225489435027032,0.912990898096875,0
0.867338770741839,0.827874587928022,0.118189846425571,0.660674504669158,0
0.562451593362612,0.628725486160743,0.353350421091175,0.771077861734726,0
0.843158889153308,0.801008056217656,0.144028259418011,0.743211762459423,0
0.506134824654393,0.783817966151164,0.261514635879984,0.708408121698173,0
0.569546185520917,0.515679045976194,0.512214874964999,0.728985151440756,0
0.5715105755432,0.540069299187643,0.486600469554354,0.737920656137192,0
0.799335107341944,0.351064745347937,0.432192474206819,0.880656864617147,0
0.670423814983882,0.818430141404768,0.217000021539191,0.479954899660838,0
0.535583295473393,0.762291064071814,0.213345682469253,0.725928148612892,0
0.735290511938501,0.3218745205746,0.511995175221315,0.829514353001082,0
0.680685661539349,0.524196342709179,0.436547698537489,0.907935295561799,0
0.847593910679388,0.593031914296512,0.216076851831908,0.889831510224865,0
0.797207739292848,0.895082077628561,0.0581342753139337,0.406939632832319,0
0.699702168473127,0.633915441520391,0.312232106317445,0.794240613946552,0
0.791316011509422,0.584747443376352,0.226707519331424,0.889240477554398,0
0.509080616431935,0.84064928698919,0.287978977750016,0.416578011766096,0
0.7415860790804,0.530700438171429,0.288090981540914,0.88594888022041,0
0.670120935465028,0.649167249772682,0.242911667779525,0.803058821389927,0
0.407084496174343,0.639565645264493,0.167721369030952,0.595888231175609,1
0.535968385147365,0.510026679438871,0.226338380683654,0.809172827045655,1
0.387570401459591,0.247695951685145,0.567729984707175,0.865258190348891,1
0.23031823983731,0.0362361410979356,0.903289034398087,0.660792711203252,1
0.250524630595158,0.208050979056828,0.662075947185905,0.865258190348891,1
0.343386048792448,0.503909866153783,0.285213345682469,0.902415959700665,1
0.381044068969993,0.617885327056992,0.118629245912939,0.574138228902407,1
0.443358645407409,0.635075417123485,0.149232127856635,0.509470161942952,1
0.532599211070968,0.520015191938544,0.215338919163418,0.790596215572347,1
0.436773900439175,0.266124596347199,0.478626661210072,0.826927448466498,1
0.333931880953926,0.173517382795691,0.630258254894781,0.717932840503014,1
0.397846670849289,0.28137640459949,0.458289357485946,0.831748456495449,1
0.463526815654544,0.51196241679046,0.214009951106037,0.822930249052075,1
0.481509205373948,0.623614109793562,0.0706485450276779,0.49900433727052,1
0.0821164066950796,0.76113108846872,0.256863893854869,0.169899160733608,1
0.376479241935833,0.61834931729823,0.196587761431925,0.563317784627695,1
0.451974846577101,0.445142508615625,0.331203825360243,0.880193131291088,1
0.376681161615069,0.177233046582375,0.616119930213023,0.766139283668403,1
0.249659260541289,0.0315139178363087,0.795399228896978,0.543795520881639,1
0.37645039626737,0.257840125427039,0.463273526180886,0.782482973712685,1
0.48273226171675,0.500890187728955,0.207107502100071,0.83421715449594,1
0.541994245289142,0.641114773973141,0.0335882137549271,0.40964019749584,1
0.262048475145851,0.697175272313627,0.19459452473776,0.33474271893214,1
0.387678572716324,0.50414223546008,0.289051629439766,0.779543540922193,1
0.356669479119342,0.249477075514412,0.51284381932927,0.746621566327505,1
0.315398538966892,0.124274547515968,0.620328688047903,0.61975685825218,1
0.473606213356987,0.352613874056584,0.313446916664872,0.845622266473899,1
0.583930078099647,0.559736872630937,0.113942318047688,0.787303708957327,1
0.591804945589858,0.65791571093408,0.0148749649988153,0.405293834165325,1
0.184915157677635,0.791174456588849,0.214268421392724,0.161197341262264,1
0.31068948359042,0.532403731379585,0.332789109785254,0.797063022268293,1
0.342982209433976,0.311498351712087,0.477739246559114,0.857498386026169,1
0.390692945070636,0.277971314925892,0.428354190449523,0.79271211253262,1
0.544478578485458,0.533255377983663,0.142404204449997,0.829749856788238,1
0.626160136728469,0.674409815638716,0.0165334826717212,0.535211907944388,1
0.56666810895009,0.696475545094987,0.00106834385163805,0.224219609554725,1
0.111921193633761,0.856058253226416,0.211020311456695,0.233857988488502,1
0.275353539724091,0.619898446006878,0.241619747129903,0.699002518708457,1
0.359056458184598,0.458691772031117,0.280229176987529,0.817756439982905,1
0.441981985880045,0.440109711240912,0.21928834514399,0.783306054902389,1
0.551139764475117,0.587688542808713,0.0860404505998665,0.747797266701219,1
0.57368626008697,0.640261630626349,0.0530036401232042,0.625048873855442,1
0.487632419646785,0.630353193861858,0.0818661554698775,0.512170726606472,1
0.247611218080465,0.639797640385112,0.205335688284834,0.452321849113906,1
0.0607057092789303,0.840185296747952,0.228110125573481,0.440564845376761,1
0.198234645090107,0.640418788611285,0.260998126090422,0.686539003609846,1
0.289581665693125,0.513046432700835,0.257270122988778,0.772253653036544,1
0.385132942474526,0.514982170052423,0.18492385896138,0.728985151440756,1
0.461447042958412,0.607973148435717,0.100842182350787,0.683833892541168,1
0.445572550461891,0.58776712180118,0.12549593986258,0.678187257335625,1
0.358854538505362,0.554704075256224,0.207772201520667,0.677487110941379,1
0.353994043369462,0.574060700400753,0.224086802937946,0.618574792911245,1
0.417202114387498,0.460240900739765,0.351429125293471,0.817873737235967,1
0.283358212722382,0.259389254135687,0.690387059254313,0.684779544813916,1
0.157692058066331,0.294461677773745,0.700794796131561,0.702529619829601,1
0.321203729744932,0.660007408876433,0.213345682469253,0.660910917737345,1
0.525426735607814,0.57049845274222,0.166579791931419,0.724046846158742,1
0.397341871651198,0.324662203878809,0.515389751653133,0.7931822108259,1
0.21919823464509,0.0102975898700453,0.989221789045168,0.475372123262137,1
0.218130944911985,0.204335315270143,0.764244943675017,0.646562463060458,1
0.286221145317266,0.49547010817708,0.330574880995972,0.847856369968266,1
0.365121259978798,0.636235392726579,0.16923772804618,0.542504341816925,1
0.476869379601786,0.509871766568006,0.22962349494906,0.763082280840539,1
0.346732146334076,0.252264758818621,0.55052878712818,0.833041454122225,1
0.204162429959111,0.0486254289103339,0.872617227044608,0.651027032925066,1
0.233274920854697,0.212387791069685,0.666133930686885,0.836451257990307,1
0.320972964397234,0.511420521090976,0.282848342559287,0.871964137956118,1
0.345708125103664,0.631049179223714,0.124462058715833,0.534393555016049,1
0.40379608996964,0.638559085789551,0.142843603937364,0.464551678987425,1
0.479410682993315,0.514595037549533,0.224861955327719,0.736627658510416,1
0.398077436196987,0.266973997837207,0.475378551274043,0.767550487829273,1
0.303990077090049,0.177079630454224,0.618411700088311,0.687950207770716,1
0.383344511029862,0.289971449632737,0.4535291963728,0.804117224510579,1
0.4398639926732,0.516840488387147,0.217295108449824,0.805998526964729,1
0.44324326273356,0.6277189266858,0.0723458332435867,0.463960646316957,1
0.0548500385810815,0.764768173262937,0.250367673982812,0.139801958591342,1
0.340451002026408,0.633836862527924,0.184629633618369,0.5303927184775,1
0.41110125550772,0.437628860193005,0.348736726473819,0.832454058575884,1
0.345001406226338,0.166392887478625,0.63147737308032,0.699119815961519,1
0.227613958418969,0.0346870123892878,0.77893467163504,0.492184729534357,1
0.371041833430687,0.261323794093105,0.455002477006914,0.747679969448157,1
0.469870699291118,0.506077897974533,0.208067288431301,0.815405039235476,1
0.508531921337862,0.648624680538977,0.0378702048377022,0.376251398019586,1
0.227844723766667,0.698645822029808,0.187950546018481,0.315347754530493,1
0.353474821337141,0.509097576399361,0.284623171861201,0.758262182092619,1
0.328818986218982,0.242042006084259,0.522329678850669,0.723575838584431,1
0.297997389467004,0.138519796293317,0.590247054515691,0.595888231175609,1
0.463863588833842,0.365620568238371,0.307286708165507,0.831983051001573,1
0.568140680325091,0.556795773198577,0.121287182027699,0.771548141884212,1
0.551630861980688,0.663337661414347,0.0221465957309324,0.369431790283423,1
0.155478153011848,0.779327738010156,0.220284748099166,0.144502941524137,1
0.281641895448875,0.531164802598345,0.340689684881642,0.771430571846841,1
0.322112368301495,0.303677871033164,0.490623990350443,0.8365694645244,1
0.3723903684313,0.268912279651409,0.436586469080492,0.775310655864408,1
0.525330823760177,0.536817251456518,0.144135955370797,0.817286341689626,1
0.601295170513958,0.675726949226745,0.0189717190427984,0.513461905671186,1
0.526543784119017,0.702825476057729,0.0106274366209318,0.196586559007793,1
0.0843086774982151,0.858692520402474,0.215892476360738,0.227865826490994,1
0.258284115411519,0.616029366092042,0.234680250716178,0.684306718677542,1
0.33622511159668,0.461479455335326,0.276278889439335,0.791889213199123,1
0.418240558452141,0.451103286472814,0.205077648781959,0.758143975558526,1
0.522413805536926,0.587145973575007,0.0862989208865531,0.72110714058394,1
0.550976065306593,0.646379566468473,0.0562862127641243,0.61504678250907,1
0.451589756903129,0.636313971719046,0.0863333835914446,0.495358120334252,1
0.209217633357131,0.644909016752293,0.207107502100071,0.42375223910454,1
0.0384873331458365,0.843515549285867,0.237706937773279,0.419287669239932,1
0.183350280163555,0.643670462156731,0.251954681543068,0.67114032934159,1
0.268957012742574,0.519163545334466,0.25154888319297,0.750384171235804,1
0.367767850060215,0.52946150939019,0.172154134447627,0.702294116042445,1
0.453177710951979,0.610222004363005,0.0964826501820062,0.662438509870246,1
0.439036121988332,0.589548245630447,0.127934176233657,0.668548878401848,1
0.347936452992378,0.570266457621601,0.196403385960756,0.670667503205216,1
0.305987639631064,0.589005676396742,0.209469920520387,0.585185993434991,1
0.373493715249984,0.483623389598387,0.337036638163138,0.78612791765551,1
0.248829947572998,0.28230812693875,0.668791866801645,0.67231330187221,1
0.138495265704664,0.316609728079268,0.675068386930019,0.680778708275367,1
0.270911306780895,0.666435918831643,0.208177999870765,0.61152786491721,1
0.466818827567805,0.568406754799867,0.166321321644733,0.67501386653573,1
0.338237096971926,0.334417224515149,0.5140974002197,0.771783372887058,1
0.184323821474158,0.0181180705489678,0.973347405604498,0.48453767605954,1
0.191427067333002,0.226247628598263,0.743170999633834,0.645034870927558,1
0.265502743944212,0.503135301799459,0.319576970297456,0.831983051001573,1
0.434913354823356,0.627565510557649,0.177470006677149,0.630104476390518,1
0.510014422834231,0.476035278225761,0.288129752083917,0.847621775462142,1
0.38874586244943,0.197367977938012,0.620255454800009,0.889831510224865,1
0.272079556353619,0.0386346712965908,0.897899928920671,0.764376187748347,1
0.322494573408621,0.259232096150752,0.615417752600857,0.971430389990634,1
0.413610828663941,0.52481562000696,0.260555280332565,0.938741736908626,1
0.387858858144214,0.638405669661399,0.129924397441144,0.575192994898933,1
0.468166641426707,0.622607550318619,0.156688995627544,0.556143557289251,1
0.523289992716469,0.489352920706313,0.265501109268314,0.804234521763642,1
0.4520996040932,0.236702376453244,0.507381480603959,0.810113932913246,1
0.375210032523491,0.175298506624957,0.625829797316217,0.767785991616429,1
0.462188376637893,0.323498486418931,0.42425743640554,0.911817925566255,1
0.508127591603026,0.538907826841835,0.200094341654641,0.846210571301272,1
0.487141322141214,0.634300852769161,0.0736381846770198,0.487247333533375,1
0.129913679337127,0.763297623546756,0.219140586296767,0.153441174063668,1
0.403659073044444,0.595587602480103,0.207365972386758,0.625630813715595,1
0.460407877752057,0.410530333362021,0.387602041915265,0.867962392136538,1
0.39642602167752,0.135578696860956,0.641923880500571,0.665139074533766,1
0.299014199280301,0.0655797819994237,0.740991233549443,0.526746501541231,1
0.449077299180062,0.300658192608336,0.416912572425528,0.806468625258008,1
0.544054547159062,0.539836929881346,0.176914295560773,0.813641034034389,1
0.561575406183069,0.651412363843186,0.0379822086285998,0.400701964956309,1
0.297651241445456,0.667053325201031,0.208030241023542,0.410585849768588,1
0.40754602686974,0.463803148398298,0.327033838068365,0.775310655864408,1
0.379039295011863,0.211691805707828,0.532961423309712,0.667139492803041,1
0.382919037420043,0.16802059517974,0.560238654231374,0.621166243850987,1
0.547712899061795,0.385830336729692,0.301156654532923,0.877365267283159,1
0.654299086313451,0.584668864383885,0.0979602386542314,0.777544668430672,1
0.596384195458249,0.66620018185424,0.0276821677041377,0.421515407767079,1
0.203160042980046,0.749980355251883,0.234532491868956,0.273011629704393,1
0.32505462648465,0.486410698716917,0.372468606629763,0.7774270983933,1
0.381707519344626,0.27843530516713,0.490438753311651,0.790243414532129,1
0.468965666443113,0.322027936702751,0.375901953604584,0.7820126935632,1
0.620556865629665,0.548896339341508,0.142843603937364,0.836804059030524,1
0.680310667849339,0.685867381111855,0.0128072027053223,0.513698318739373,1
0.572386041581031,0.693998435903864,0.0190837228336959,0.268901679442065,1
0.11259185542551,0.821524656965279,0.239700174467444,0.319694117861007,1
0.299908415002632,0.581649185959057,0.257417451052189,0.735099157096484,1
0.405620578499881,0.431046934109644,0.293109612940746,0.833629758949598,1
0.538721704202093,0.479829146819235,0.181489219635126,0.806468625258008,1
0.622525582502218,0.598143290663693,0.0933853145798781,0.766610291242714,1
0.633494147935011,0.653193487672453,0.0548473948349021,0.620811624248707,1
0.490992218880932,0.636624545832133,0.0955995433691602,0.524636969548178,1
0.246587196850053,0.664886790122995,0.212275184698559,0.422224646971639,1
0.064073441071905,0.812080210442026,0.254280052555625,0.480427725797212,1
0.225349573444678,0.615097643752783,0.261699442134965,0.706174927484838,1
0.347640784890639,0.506464805966017,0.251843970103604,0.782365403675314,1
0.47232546567726,0.548818882906076,0.15757210244039,0.725575347572674,1
0.526957719461451,0.60542120210891,0.105305102634243,0.722752939250934,1
0.500455040419993,0.583430309788323,0.132216167316432,0.725692644825736,1
0.391183321434495,0.556253203964872,0.212422943545782,0.722752939250934,1
0.374798981747903,0.562292560814527,0.239441704180757,0.67972394227884,1
0.415630025456302,0.425239572380607,0.42473560643591,0.820577939023614,1
0.298559880002019,0.228881895774321,0.737411420078833,0.700648317375451,1
0.192169843295906,0.308942663528496,0.698951041419864,0.740154759631559,1
0.359792022730387,0.65900084940149,0.193450362935361,0.666903079734854,1
0.521441706509746,0.541618053710612,0.205668253387038,0.777779826691035,1
0.383229128356013,0.259389254135687,0.613242294354578,0.839155459777954,1
0.264139786109368,0,1,0.592478427307528,1
0.282312557240623,0.249245080393793,0.718366467788141,0.769666930358166,1
0.354881047674678,0.513278727169996,0.311676395201068,0.900297334897297,1
0.380214756001702,0.643823878284883,0.175402244383656,0.56096274675614,1
0.507742523563305,0.520557012800892,0.219251297736231,0.778014984951399,1
0.386539168812063,0.260470650746313,0.535287655889892,0.898415123162116,1
0.256034153271459,0.0598509992628542,0.846705580804273,0.721224437837002,1
0.283141870208915,0.19248859669145,0.677467852758093,0.865610991389109,1
0.357181489734548,0.497250857820668,0.301122191828031,0.935804759176919,1
0.385702644426656,0.619587871893791,0.133654985245654,0.601998599707211,1
0.415197340429368,0.637784521435227,0.151592823141706,0.480773252589178,1
0.501186710800539,0.53008078668797,0.213567105348181,0.764728988788565,1
0.433615299742552,0.276343607224777,0.465746225256855,0.849973176209571,1
0.34858548053278,0.174602521263101,0.615383289895966,0.751442574356456,1
0.430355739206311,0.279209869521454,0.458401361276843,0.850443274502851,1
0.471054813981495,0.506542262401449,0.228589958429362,0.846680669594551,1
0.481605838363297,0.629268055394448,0.0777349387210029,0.524164143411804,1
0.0464559490585495,0.756640860327712,0.274396364184634,0.175545795939151,1
0.345571108178468,0.639333650143874,0.189648695802012,0.513816525273466,1
0.422315009122443,0.468525371659925,0.325224546061559,0.847503568928049,1
0.377481628914898,0.185596096495003,0.602869020182222,0.757556580012184,1
0.263634986911278,0.0293436409014881,0.790083356667457,0.529928985151441,1
0.40611095486374,0.249398496521944,0.470911323152476,0.805763932458605,1
0.492407098919009,0.489817659318907,0.231875072694768,0.886067086754503,1
0.543024756794958,0.648856675659596,0.0386800784026536,0.430690053374796,1
0.232597047645833,0.707704857304292,0.199688543304543,0.283477454376824,1
0.366815943000959,0.523112326798804,0.281448295173067,0.743564563499641,1
0.350727271416106,0.274098493154273,0.487668813405992,0.758379479345681,1
0.339816397320237,0.142935187298641,0.592831757382558,0.606935995708193,1
0.508060208121498,0.36546715211022,0.305068171538114,0.860672686107095,1
0.60531914126445,0.55501464936931,0.126753828591122,0.813641034034389,1
0.596600537971717,0.661013968351375,0.0197471299028583,0.412931794829828,1
0.145093712365417,0.796128674971094,0.221945850474939,0.0950016821699082,1
0.285730768953407,0.53813363667319,0.344196265104357,0.755675277558035,1
0.342066359460298,0.319782822632247,0.470247916083314,0.860672686107095,1
0.418485746634071,0.270614824488208,0.435143343313158,0.774252434599962,1
0.562566976036461,0.526286918094497,0.156611454541538,0.853500277330715,1
0.628979800820659,0.672782107937601,0.0321493958257049,0.559671567691426,1
0.553739480345283,0.710028550367263,0.00302410235423352,0.22069159915255,1
0.0708377503263166,0.863182748543482,0.208916363323066,0.198114151140693,1
0.254137550570063,0.622996703424173,0.234385163805544,0.667375905871228,1
0.361183826233693,0.46263943093842,0.277610011415771,0.810466733953463,1
0.45753917602348,0.449243583651079,0.212865789303638,0.766021986415341,1
0.561998716367753,0.58706739458254,0.0937514808193508,0.758614983132837,1
0.568804851841435,0.645683581106617,0.0713119520968402,0.65032688653082,1
0.46770511073131,0.63561798635719,0.085191806491912,0.522991170881184,1
0.242332460751862,0.63600339760596,0.1978430654576,0.4680796893896,1
0.0208770525495965,0.845296673115133,0.225046503112413,0.438564427107486,1
0.177768643316098,0.644519863646739,0.256458095504771,0.691124507851642,1
0.292336427031276,0.527061108263142,0.247119564046783,0.783541194977132,1
0.401243248310726,0.520711925671757,0.17765093587783,0.733099648108241,1
0.474193222710195,0.60286551392532,0.0992913606306675,0.682424506942361,1
0.444850687608622,0.577233794953732,0.133099274129278,0.7062922247379,1
0.354707973663905,0.559579714646002,0.203785728132337,0.70346981641616,1
0.340948589807383,0.593342488409599,0.207550347857928,0.624812460787255,1
0.405195104890062,0.478358222917376,0.329321300105542,0.813170935741109,1
0.285247604006663,0.267052576829674,0.68178430654576,0.696180110386717,1
0.166511621198682,0.2841640879037,0.718293234540246,0.679605735744747,1
0.299937260671094,0.661167384479526,0.219583432054623,0.67114032934159,1
0.50522993603473,0.572432992699637,0.167023499256898,0.708056229938987,1
0.384491126351239,0.336583759593185,0.49527214767269,0.813406439528265,1
0.232337436629672,0.0268665317103653,0.958252740861999,0.567664147958209,1
0.239707504921792,0.196978824832458,0.760294656126823,0.690418905771207,1
0.298776222515487,0.492759881308303,0.339914274021582,0.902534166234758,1
0.437024136613086,0.619977024999345,0.174553600275702,0.634805459323313,1
0.495362337652972,0.471155896979199,0.287242337432959,0.843976467806905,1
0.367868809899833,0.190396898749097,0.622099209511706,0.862788583067369,1
0.25029386524746,0.0479294435484776,0.869071876278889,0.734510852269111,1
0.292105661683577,0.267441729935228,0.600435091649256,0.942742573447175,1
0.374546582148858,0.52698365182771,0.26103517349818,0.906289496894805,1
0.344301898766127,0.638716243774486,0.130518879100523,0.553206579557544,1
0.471189667481557,0.622686129311087,0.149710297887005,0.571664984496758,1
0.518168444280986,0.474639565645264,0.270963017209813,0.821636342144266,1
0.442367075554017,0.219665702514902,0.519818209231697,0.808349927712158,1
0.363303982865673,0.164847500626761,0.629780084864411,0.767903288869491,1
0.440345715336521,0.324505045893873,0.423150322010899,0.903352519163098,1
0.478409738297673,0.53565577911071,0.205003553966442,0.837156860070742,1
0.448903504027576,0.641889338327465,0.0696878971288259,0.463024086854524,1
0.158860307639054,0.765157326368491,0.217258061042066,0.179192012875419,1
0.415586756953609,0.595355607359484,0.207218213539535,0.650208679996726,1
0.460234082599572,0.394657376883557,0.391664333254356,0.884894114223883,1
0.380099373327853,0.112502666072959,0.6679087599888,0.685952517344536,1
0.291052794784703,0.057452469064199,0.742727292308355,0.580839630104476,1
0.428350965248181,0.296863949829184,0.424330669653434,0.839743764605327,1
0.516349003742726,0.530003330252538,0.185403752126995,0.816227938568973,1
0.516262466737339,0.65512802762987,0.0365390828612661,0.379542995353574,1
0.311223128456973,0.662099106818786,0.206516897494992,0.446557007374269,1
0.418637186393498,0.452109845947756,0.336187994055183,0.824223246678851,1
0.374863884501943,0.191792611329594,0.558541366015465,0.716638933595206,1
0.374034571533652,0.156020460472896,0.562711353307343,0.688420306063995,1
0.519631640813736,0.389703158501312,0.28694509660327,0.900651954499577,1
0.616561740547635,0.588695102283655,0.0959657096086329,0.766139283668403,1
0.556790630926883,0.669530434392154,0.0308915070971633,0.400701964956309,1
0.219854473602608,0.733643408532182,0.251290412906283,0.328277730798258,1
0.335496758468007,0.486023416539755,0.357559178926056,0.84656337234149,1
0.378202770626456,0.262098358447429,0.515277747862235,0.859026887440101,1
0.456730055023113,0.307314955827381,0.402110840674607,0.859379688480319,1
0.581348390772271,0.556638615213641,0.128636353845823,0.831278358202169,1
0.636739285637021,0.694230431024483,0.00645744932905424,0.483010083926639,1
0.527544728814659,0.697871257675484,0.0157968423546643,0.248088236631296,1
0.135286185088232,0.816338443462415,0.22962349494906,0.368249724942488,1
0.312925022896249,0.576462972456192,0.263729295453077,0.768961419205834,1
0.40035624400551,0.432364067697673,0.296874663450148,0.85855587986579,1
0.506760559317512,0.477041837700704,0.18721261334999,0.836333960737245,1
0.572011047891021,0.600077830621111,0.0939754884011459,0.766492084708621,1
0.584543048554471,0.65365747791369,0.048536412001637,0.601062040244778,1
0.446747290310019,0.632598307932362,0.0979990091972344,0.510052101803104,1
0.222306355421904,0.666125344718556,0.212275184698559,0.423042999899979,1
0.0836740727920443,0.801936036700131,0.251659594632434,0.512170726606472,1
0.235625842834375,0.609522277144365,0.263618584013613,0.749090264327996,1
0.333333333333333,0.506232810845398,0.257934391625563,0.815287741982414,1
0.447594631821099,0.545489378739518,0.157020699162126,0.759790683506551,1
0.48588942012995,0.614633653511546,0.108148275787796,0.717580039462797,1
0.464383532007875,0.57986806212979,0.135093803174877,0.707232421324459,1
0.355969971659131,0.559579714646002,0.204745514463566,0.702059521536321,1
0.360426627436558,0.561286001339585,0.235713701079113,0.678069050801531,1
0.395185657933641,0.432596062818292,0.411191763413531,0.802706020349709,1
0.274870374777347,0.245450837614641,0.729291145238762,0.691241805104704,1
0.158615119457125,0.328531283793644,0.675955801580977,0.728985151440756,1
0.340912532721805,0.652576081303064,0.197695306610378,0.663847895469053,1
0.499386308403464,0.537978723802325,0.211093975488401,0.77190094292443,1
0.363130908854899,0.263954319412379,0.616119930213023,0.786363057730253,1
0.241294016687219,0.00356224765853312,0.985013031210287,0.539212744482937,1
0.248137651529902,0.270693403480675,0.681047666228703,0.732746847068023,1
0.318275894396008,0.522105767323861,0.305068171538114,0.865728288642171,1
0.448268178179694,0.626169797977152,0.172300600943417,0.64408921865481,1
0.530769674548746,0.478203310046511,0.274874534215004,0.857851187066387,1
0.403601381707519,0.199613092008516,0.608887070023909,0.865375487601953,1
0.281230844673287,0.0275625170722215,0.903069334654404,0.717109031888486,1
0.32485991822253,0.254973863130363,0.607039007474099,0.916291588241178,1
0.409327246897288,0.522260680194726,0.26671936588623,0.920992571173973,1
0.384779583035862,0.639180234015723,0.129372994162879,0.577429826236395,1
0.477572492770554,0.624235258019735,0.150782949576755,0.57660238049774,1
0.534976815293973,0.484552492637897,0.261551683287742,0.845034870927558,1
0.467916405252796,0.218891138160578,0.517013806621147,0.844916664393464,1
0.392445319429721,0.15679502482722,0.632842957761647,0.784716986278949,1
0.481143586526188,0.307546950947999,0.433411592392358,0.917937386908172,1
0.516579769090424,0.523731604096585,0.207328924978999,0.865493694136047,1
0.48831534084763,0.637631105307075,0.0745212914898658,0.496412886330778,1
0.138682762549669,0.764150766893548,0.225563271372262,0.184365821944588,1
0.407264781602233,0.601933791586061,0.208547181596916,0.64174327359357,1
0.457442543034132,0.389003431282671,0.405246946819738,0.914054756903716,1
0.40110623138553,0.121561701347443,0.654950782949577,0.731571146694309,1
0.315658149983053,0.0359255669848492,0.773472332909729,0.603762604908299,1
0.46263115764879,0.279595280770224,0.433816529174834,0.877838093419533,1
0.545190345354766,0.525047989313257,0.191494173648954,0.864669885521518,1
0.554259423519316,0.656213166097281,0.0349925689792578,0.409167371359466,1
0.292783534892442,0.672475275681299,0.202309001227734,0.416814424834283,1
0.402346595129409,0.456600074088764,0.332642643289465,0.822577448011857,1
0.384512760602586,0.186449239841794,0.571202102224998,0.735922056429981,1
0.395539017372304,0.145644291610383,0.577030607189782,0.679014703074279,1
0.561508340003894,0.374215613271618,0.297206366984729,0.920519745037599,1
0.65333996783708,0.582655745433999,0.100286471234411,0.796357420187857,1
0.591776099921396,0.661788532705699,0.0315204514614341,0.425634450839721,1
0.192934253510157,0.742470448686047,0.252360910676977,0.280185857042836,1
0.320922484477425,0.47588186209761,0.395502617011653,0.84797457650236,1
0.377697971428365,0.26039581361063,0.516423632799879,0.883484728625076,1
0.456008192169843,0.301507594098343,0.392698214401103,0.870318339289124,1
0.611520959983846,0.540379124929372,0.140409675404398,0.87066386608109,1
0.666075330463189,0.685635385991237,0.0133586059835871,0.529456159015067,1
0.561026617340574,0.696943277193009,0.0210007107932884,0.262082071705902,1
0.101327621890978,0.819436700879711,0.233351713442609,0.321339916528001,1
0.290100887725447,0.581881181079675,0.259484782561871,0.736039353683043,1
0.387361270363239,0.437164869951767,0.295952786094299,0.841977868099694,1
0.498683916376407,0.472319614439077,0.186732720184375,0.829867154041299,1
0.595800070671888,0.59388131578652,0.090063971395955,0.788949507624321,1
0.612407964289063,0.650327225375776,0.0530036401232042,0.632095801849478,1
0.47837151778696,0.631281174344333,0.100174467443513,0.532747756349055,1
0.226936085210105,0.658147706054698,0.214231373984966,0.429980814170236,1
0.0486193741932227,0.815099888866853,0.246012018868331,0.484419469525446,1
0.209073405014819,0.619202460645021,0.257122364141556,0.711817925566255,1
0.314107695303204,0.511730159739866,0.254280052555625,0.7828356838248,1
0.431718697041156,0.545102096562356,0.154621233334051,0.734746356056266,1
0.486303355472384,0.608051727428184,0.100583712064101,0.717109031888486,1
0.471815618487189,0.581727764951524,0.130923815882999,0.71534593596843,1
0.364465021021281,0.552767664370414,0.215412583195124,0.713581930767342,1
0.368013038242145,0.574139279393221,0.22969733129429,0.675250279603917,1
0.40417108365965,0.445681335992546,0.401150192775756,0.827397546759777,1
0.277971284137046,0.231901574199149,0.738962241798953,0.724634241705084,1
0.170593283286099,0.303445875912545,0.700243392853297,0.74685707011466,1
0.361551608506588,0.659311423514577,0.200389859349086,0.670431090137029,1
0.527044256466838,0.54277952605642,0.198470286686626,0.780484101221164,1
0.380993589050184,0.273555923920568,0.592904990630452,0.806351328004946,1
0.248332359792023,0.00425823302038936,0.986120145604928,0.550615128617802,1
0.265661395120755,0.244444278139698,0.720615159282314,0.725339843785519,1
0.337436629672097,0.511420521090976,0.311012988131906,0.880547750893369,1
0.350611888742257,0.641810759334997,0.174919766515174,0.535211907944388,1
0.478303730466074,0.509561940826277,0.230324810993603,0.769196559280577,1
0.342563947241272,0.243823129913526,0.570607620565619,0.861025487147313,1
0.217835276810246,0.0363895572260867,0.900596635578435,0.690301608518145,1
0.263483547151851,0.207976141921144,0.672780924892842,0.866551187975668,1
0.363275137197211,0.496863575643506,0.285140112434575,0.927693972376042,1
0.384786794452978,0.619977024999345,0.125276240118896,0.563672404229975,1
0.389668923840224,0.641036194980673,0.153182415404829,0.45314929485256,1
0.477803258118253,0.527525846875737,0.213234971029789,0.7445047600862,1
0.393339535152053,0.268137715297085,0.47766601331122,0.805998526964729,1
0.32061960495857,0.165543485988617,0.649634910720055,0.751795375396674,1
0.398019744860062,0.272938517551179,0.475710254808624,0.856674577411641,1
0.469562771780283,0.511730159739866,0.21832855881276,0.872073251679897,1
0.472440848351109,0.621832985964295,0.070756240980464,0.495358120334252,1
0.0335186667532036,0.769879549630118,0.264541322937084,0.0921829109722942,1
0.330282903893444,0.618813307539467,0.200759041075236,0.517462742209735,1
0.406911422163569,0.443668217042661,0.336075990264286,0.831748456495449,1
0.340378887855252,0.166239471350474,0.625459323238633,0.704646426070906,1
0.238849346285038,0.0299647891276609,0.786947250522325,0.533220582485429,1
0.385327650736646,0.249087922408858,0.477149072737847,0.792477518026496,1
0.488613893516215,0.491211500971012,0.209617679367609,0.858321285359666,1
0.531867252233736,0.639255071151407,0.0335149805070326,0.412468061503769,1
0.204299446884307,0.692295891067065,0.206553944902751,0.30299971812288,1
0.340948589807383,0.489740202883475,0.313153983673294,0.736509451976322,1
0.328739660630711,0.236623797460776,0.524802377926638,0.718637533302418,1
0.308720766717868,0.122104270581148,0.616451633747604,0.599534448111878,1
0.481856074537207,0.348894468413116,0.318469855902815,0.863024086854524,1
0.580793111654371,0.549128708647805,0.126456587761432,0.816110641315911,1
0.5775753773374,0.659154265529641,0.0152799017812911,0.401529410694963,1
0.132488155247388,0.786991060704143,0.230767742908222,0.113460087109123,1
0.268394522207559,0.514362743080371,0.355306179593771,0.73639215472326,1
0.322862355681515,0.298719910794134,0.486712473345252,0.781542322485611,1
0.3928058902855,0.269454848885114,0.433153122105671,0.691477308891859,1
0.55866848394378,0.521795941582132,0.150782949576755,0.810113932913246,1
0.632816274726146,0.663337661414347,0.0234734098692571,0.549796775689462,1
0.557002646590081,0.696864698200541,0.00313610614513106,0.222219191285451,1
0.0508909705846295,0.862793595437928,0.228331574299438,0.160378988333924,1
0.233419149197009,0.606195766463234,0.25704870010985,0.678423670403812,1
0.349335467912799,0.435847736363738,0.301600361858401,0.818344744810279,1
0.44446559793465,0.432596062818292,0.225489435027032,0.786363057730253,1
0.561248007846022,0.580100057250409,0.090025200852952,0.76402338670813,1
0.578720550375354,0.643438467036113,0.0567299200896031,0.621639069987361,1
0.482674570379825,0.634843422002866,0.081017511361923,0.487829273393528,1
0.229820652056336,0.647154130822797,0.211168070303918,0.426216390699874,1
0.00592778486900456,0.851878599198494,0.2371163331682,0.361548323740418,1
0.165566925556541,0.632134317691125,0.27402589010705,0.65937423279413,1
0.276702074724704,0.510026679438871,0.26974605294333,0.781424752448239,1
0.381282045734807,0.512349586711918,0.195074417903375,0.743564563499641,1
0.464864533529484,0.60820888541312,0.104197988239602,0.695592714840376,1
0.443262733559772,0.591250790467246,0.125827643397161,0.661374651063404,1
0.358169453879382,0.563141962304535,0.200057725030693,0.662320303336152,1
0.271459374481679,0.58280916156215,0.235492278200185,0.559671567691426,1
0.347864338821222,0.468446792667457,0.356891464018782,0.810349436700401,1
0.248981387332425,0.269454848885114,0.681120899476598,0.762376678760104,1
0.143824502953075,0.298255920552897,0.712089947659767,0.741800558298553,1
0.250091945568224,0.662948508308793,0.224308268895255,0.58447675423043,1
0.454824077479465,0.580332052371028,0.163366144700282,0.671958682269929,1
0.344734583793061,0.337900893181214,0.501216964266483,0.787421006210389,1
0.201782662310971,0.0265559575972789,0.964856656686842,0.52251834474481,1
0.217806431141784,0.20464588938323,0.768565705300795,0.639979268392482,1
0.290043196388522,0.490204567310391,0.344269498352252,0.855264282531802,1
0.327975250416459,0.648007274169588,0.168608783681909,0.518281095138074,1
0.447893184489684,0.516840488387147,0.230029508691063,0.756262673104376,1
0.322754184424781,0.257840125427039,0.552596549421673,0.841625067059476,1
0.19040304610259,0.03128192271569,0.902147457298555,0.624457841184975,1
0.236880629412486,0.205109879624467,0.671561806707304,0.811877938114333,1
0.329532916513424,0.500347992680928,0.291709565554526,0.879011065950153,1
0.365590002091311,0.623228698544792,0.128265879768238,0.561553779426607,1
0.362532361234306,0.653346903800604,0.144209188618692,0.42339761950226,1
0.448663363837628,0.539759473445913,0.206664656342215,0.729337952480973,1
0.378851798166858,0.277814156940957,0.469618971719043,0.815992434781818,1
0.297708932782381,0.160974678855141,0.64845456307752,0.72251834474481,1
0.375556180545039,0.268755121666473,0.47080362719969,0.827280249506715,1
0.444850687608622,0.51413044861121,0.219029874857303,0.82798585158715,1
0.457105769854834,0.626016381849001,0.07286277381696,0.491239077261609,1
0.0218794395286618,0.776846886962248,0.256937988670386,0.0872455149713121,1
0.307913088000923,0.638016516555845,0.187434036228919,0.491239077261609,1
0.387830012475752,0.464188559647068,0.313744157494561,0.824811551506224,1
0.332244409348881,0.169259149775301,0.615086049066276,0.731806650481464,1
0.234306153502225,0.0397983887564687,0.77893467163504,0.520399719941442,1
0.366844788669421,0.25435271490419,0.46629762853512,0.765551888122062,1
0.458020177545089,0.496631580522887,0.212459560169729,0.820460641770552,1
0.509638996459194,0.642585323689321,0.0367630904430612,0.389417787355538,1
0.190770828375484,0.700969515092779,0.199762207336248,0.279722123716777,1
0.330722800337494,0.506232810845398,0.288202985331811,0.735569255389763,1
0.318896076267947,0.258846684901982,0.495530617959377,0.720637042290661,1
0.293930150213818,0.128996770777595,0.60611713011825,0.585067786900897,1
0.456277899169966,0.349051626398051,0.32352725784565,0.822577448011857,1
0.551139764475117,0.552767664370414,0.132401404355224,0.78612791765551,1
0.552295033497032,0.661092547343843,0.0240635836905249,0.377660783618393,1
0.115433153769047,0.786141659214135,0.232428543735326,0.0894732534984588,1
0.249680894792636,0.53255864425045,0.328765588989166,0.735686552642825,1
0.307581362813607,0.302207321316984,0.48265018200616,0.811525137074115,1
0.375462432122536,0.262562348688666,0.445628621276412,0.727221146239668,1
0.529527868521443,0.521873398017564,0.152148534258083,0.82175454867836,1
0.604489828296158,0.669994424633392,0.025170698085166,0.540976749684025,1
0.527217330477612,0.701976074567722,0.00582850496478342,0.196122825681733,1
0.0373984091613843,0.874640314016621,0.216778167876451,0.144030115387763,1
0.214481967851503,0.608747712790041,0.261994529045598,0.676896078270911,1
0.322934469852671,0.451567276714051,0.292446205871583,0.807056930085381,1
0.41110125550772,0.443668217042661,0.221023111551468,0.766374787455559,1
0.525051741917804,0.59349590453775,0.0833092812372111,0.716756230848268,1
0.552632527818042,0.652961492551834,0.0520817627673552,0.588950416905353,1
0.451695764734728,0.642663902681789,0.0775497016822108,0.453849441246806,1
0.210407517181201,0.657219725572224,0.199577831865079,0.397173954554134,1
0,0.859620500884949,0.238888146983436,0.351437118670267,1
0.151144091325386,0.649013833644531,0.263360544510737,0.641270447457196,1
0.252846706906374,0.526751282521413,0.256014818963103,0.750384171235804,1
0.358832904254015,0.521718485146699,0.184405626036574,0.701824017749166,1
0.44384974291298,0.620441015240583,0.0923126628901286,0.667839639197287,1
0.428935090034543,0.601701796465442,0.118999719990523,0.645853223855897,1
0.331458364883283,0.576305814471257,0.189574600986495,0.642679833056003,1
0.251757782921922,0.586296572085,0.235750748486872,0.555325204360912,1
0.343335568872639,0.483313563856657,0.344825209468628,0.781307182410868,1
0.247841983428163,0.291831152454471,0.662446421263489,0.701941315002228,1
0.142389430947075,0.321253372348427,0.676877678936826,0.698414213881084,1
0.225118808096979,0.667749310562887,0.217516531328753,0.584949580366804,1
0.426302922787357,0.584436869263266,0.16923772804618,0.651736272129627,1
0.330715588920379,0.344868230513345,0.505718655092942,0.772136082999173,1
0.184944003346098,0.0277945121928403,0.963641846339415,0.50135028233176,1
0.205258565360679,0.209214696516705,0.750218622784156,0.631632068523418,1
0.264089306189559,0.488888556279397,0.336812630581343,0.842565263646035,1
0.332129026675032,0.650173809247625,0.166691795722317,0.514052938341653,1
0.451811147408577,0.520247561244841,0.226375298856269,0.745093064913573,1
0.312528394954893,0.259928081512608,0.552264845887092,0.830925557161952,1
0.179492172006721,0.044442033025628,0.892920068063842,0.641034034389009,1
0.227354347402808,0.22229996969096,0.650780795657699,0.820460641770552,1
0.326944017768932,0.506852088143178,0.291817261507313,0.887012739027251,1
0.351693601309593,0.628414912047656,0.123759881103668,0.556852796493812,1
0.37100577634511,0.646611561589092,0.150856182824649,0.427280249506715,1
0.463093409485898,0.536275430594169,0.211093975488401,0.716874437382362,1
0.375238878191953,0.279595280770224,0.471135330734271,0.795063513280049,1
0.291492691228753,0.172742818441367,0.640261054989554,0.710877728979696,1
0.369981755114698,0.284860073265556,0.469214034936567,0.821401747638142,1
0.435360462684522,0.518543931269575,0.217110732978655,0.818814843103558,1
0.444494443603112,0.637241952201521,0.0692829603463502,0.477718068323377,1
0.0282038523390231,0.769568975517031,0.257270122988778,0.0872455149713121,1
0.324210890682128,0.631745164585571,0.191863355375105,0.501232075797667,1
0.404156660825419,0.461786287591629,0.318801559437396,0.815522336488538,1
0.330766068840188,0.177079630454224,0.609477243845176,0.69817961937496,1
0.223626044754055,0.0334484577937263,0.790307364249252,0.476072269656383,1
0.354657493744096,0.257297556193334,0.468921101944989,0.734393555016049,1
0.454237068126257,0.503058219549705,0.209285545049217,0.798473317148131,1
0.502678825115924,0.655360022750489,0.0320761625778103,0.390590759886158,1
0.202554283942337,0.699341807391664,0.206516897494992,0.293470452912882,1
0.33710490448478,0.499031607464256,0.300605251254658,0.738156159924348,1
0.323756571403847,0.239875471006223,0.526055958817068,0.716521636342144,1
0.284382233952794,0.123963973402882,0.61420294225343,0.564254344090128,1
0.443070188722786,0.347502497689403,0.322527839403795,0.823400347345354,1
0.54838644542039,0.552844372434489,0.129816701488358,0.77672162361221,1
0.546730704050653,0.661092547343843,0.0202252999332285,0.382479973085281,1
0.125543560565087,0.791949020943172,0.228996015249747,0.104521854569592,1
0.265870526217107,0.528687319221544,0.34175802873328,0.742858961419206,1
0.306578975834541,0.301586173090811,0.484162233183277,0.819049437609682,1
0.363729456475492,0.268137715297085,0.435587050638637,0.739096356510907,1
0.51895737331343,0.519782822632247,0.155245869860211,0.831395655455232,1
0.59494912345225,0.667827889555355,0.0225127619704052,0.539685570619311,1
0.529123308021259,0.69818183178857,0.00590604605078942,0.210580394082399,1
0.0445232892715748,0.872009788697347,0.228700712947207,0.154259526992007,1
0.219861685019723,0.613473677908452,0.254796993128998,0.671840475735836,1
0.316083623592872,0.455282940500735,0.286505697115902,0.792242014239341,1
0.406197491869127,0.435847736363738,0.223237771124561,0.759790683506551,1
0.51579084005798,0.58923767151736,0.0826803368729403,0.717932840503014,1
0.5456042806972,0.651722937956273,0.0521894587201413,0.59624285077789,1
0.45245584809871,0.644830437759825,0.0795054601848063,0.465606444983951,1
0.221556368041884,0.653114908679985,0.201866155469877,0.412349854969675,1
0.00041105077558785,0.863104169551015,0.234865056971159,0.364494394282441,1
0.15125226258212,0.638869659902637,0.273508949533677,0.645971430389991,1
0.248707353482033,0.523963973402882,0.258414284791178,0.746974367367722,1
0.351534950133051,0.520015191938544,0.18263510457277,0.698884312174364,1
0.438555120466723,0.616261361212661,0.093200077541086,0.657964847195323,1
0.429937477013608,0.597675558565671,0.11630732117087,0.661256444529311,1
0.33997504849678,0.569181319154191,0.19234324854072,0.660319885066878,1
0.239253185643511,0.586603404341302,0.226190751071575,0.549087536484901,1
0.322328710814962,0.479596777512937,0.344342731600147,0.76214208425398,1
0.22444814630523,0.2878049145547,0.66262735046417,0.685006865071788,1
0.126041148346061,0.322802501057075,0.672854158140737,0.675604899206198,1
0.226928873792989,0.666510755967326,0.214711267150581,0.578721005301108,1
0.419538613532945,0.580796042612265,0.16395631852155,0.648326468261546,1
0.317410524342138,0.350133023008677,0.48545458461671,0.764610782254471,1
0.17367255839445,0.0382492600478209,0.947840696146639,0.484774089127727,1
0.198559158860308,0.221136252231082,0.737708660908523,0.604708257181047,1
0.266555610843087,0.496476667652022,0.341133392207121,0.826104549133001,1
0.427153870006995,0.640186793490666,0.169754668619553,0.599298035043691,1
0.548175150898903,0.503754953282918,0.235602989639649,0.817873737235967,1
0.399101457427399,0.241499436850554,0.56795399228897,0.889013157296526,1
0.255002920623932,0.0451417602442684,0.880810735132574,0.708879129272484,1
0.295112822620773,0.205805864986324,0.669898981196287,0.883011902488702,1
0.392243399750485,0.500812731293522,0.297503607814418,0.950971566782145,1
0.416488184093056,0.620826426489353,0.123208477825403,0.605763023177573,1
0.472296620008798,0.629889203620621,0.148641954035367,0.519581367013103,1
0.555693774383604,0.513665897091455,0.219620479462382,0.798591523682224,1
0.455863963827532,0.262483769696199,0.479328838822237,0.833982559989816,1
0.363852050566457,0.159889540387731,0.644801516359015,0.765551888122062,1
0.437650087618718,0.275262210614151,0.469067568440778,0.871136692217464,1
0.506009706567438,0.508865207093064,0.222831972774463,0.888185711557871,1
0.51234414324759,0.625009822374058,0.074930536110453,0.534157141947862,1
0.109404409060424,0.752072053194236,0.266387231567838,0.174954763268683,1
0.414497832969157,0.615408217865869,0.191494173648954,0.592478427307528,1
0.490501121375361,0.448626177281691,0.319688974088354,0.890186129827146,1
0.40710613042569,0.153539609424989,0.635462123333405,0.745563163206852,1
0.293858036042663,0.0181929076846513,0.808098735649514,0.538394391554598,1
0.428473559339146,0.244055125034144,0.486785706593146,0.81081953499368,1
0.524011855569738,0.495857016168563,0.210318995412152,0.886539912890877,1
0.573031463412875,0.641500185221911,0.0339199172895083,0.441155878047228,1
0.301451658265366,0.684475410388143,0.202678182953885,0.389654200423725,1
0.429713923083025,0.503677496847486,0.282921575807181,0.814816734408103,1
0.394752972906706,0.244287120154763,0.51003941671872,0.765669185375124,1
0.359676640056537,0.108708423293807,0.636642470975941,0.648917500932013,1
0.524753189249219,0.346417359221993,0.31902125918108,0.90864453476636,1
0.621847709293353,0.547889779866565,0.128041872186443,0.852207279703938,1
0.619713129827142,0.657608878677778,0.016016542098348,0.436445802304118,1
0.208712834159041,0.781883426193746,0.224123721110561,0.193767787810178,1
0.344676892456137,0.511652703304434,0.348883192969608,0.821519044891205,1
0.381786844932898,0.297481356198573,0.480582419712667,0.88747647235331,1
0.438661128298322,0.264186314532998,0.442492515131281,0.807174227338443,1
0.604835976317706,0.524196342709179,0.146793891485558,0.897824090491648,1
0.668498366614023,0.668602453909679,0.0207810110496048,0.585304199969084,1
0.598497140673114,0.697714099690549,0,0.243150840630314,1
0.119449913102424,0.856679401452589,0.209654295991557,0.239150004091765,1
0.293035934491487,0.603097509045939,0.25040472139057,0.740743064458932,1
0.393527031997058,0.434687760760645,0.301303121028712,0.859261481946225,1
0.492050854913499,0.432906636931378,0.223606952850712,0.828574156414523,1
0.602903316530731,0.586528567205619,0.0850798027010145,0.783188393936914,1
0.615256474049716,0.643670462156731,0.0540719839748422,0.647617229056985,1
0.516194679416452,0.635928560470277,0.079949167510285,0.518517508206261,1
0.263195090467228,0.64096135784499,0.19669847287139,0.456904625512607,1
0.0633811450288096,0.841270435215363,0.218402653628277,0.446793420442456,1
0.213710346220136,0.62477782725344,0.26520602235768,0.717814633968921,1
0.321066712819736,0.50073527485809,0.267974239128094,0.816345235822035,1
0.434884509154894,0.508245929795283,0.188688909470782,0.777544668430672,1
0.512604042720435,0.60859429666189,0.101061882094471,0.720754339543723,1
0.489990553043579,0.587841958936864,0.121325952570702,0.704058121243533,1
0.394385190633811,0.555168065497461,0.197031037973593,0.701001118415669,1
0.351578218635744,0.574988680883228,0.229660413121675,0.624694254253162,1
0.423699601208633,0.462096861704715,0.353682124625757,0.837392363857898,1
0.303095861367717,0.267284571950293,0.679389148555797,0.738979059257845,1
0.182989709307776,0.297870509304127,0.696698042087578,0.72921974594688,1
0.33404005221066,0.655438601742957,0.210392659443858,0.659492439328223,1
0.537123654169281,0.56585480847306,0.165248669954983,0.726398246906171,1
0.407690255212052,0.332868095806501,0.506752536239688,0.808349927712158,1
0.237385428610576,0.0117681395862254,0.985603205031555,0.524755176082272,1
0.250841932948244,0.201701048094085,0.761587007560256,0.660674504669158,1
0.324528193035213,0.490746762358418,0.343347620996403,0.88594888022041,1
