"V1","V2","V3","V4","V5","V6","V7","V8","V9","V10","V11","V12","V13","V14","V15","V16","V17","V18","V19","V20","V21","V22","V23","V24","V25","V26","V27","V28","V29","V30","V31","V32","V33","V34","V35","V36","V37","V38","V39","V40","V41","target"
0.42682384341637,0.225351103468042,0,0,0,0,0,0.517298187808896,0.0833333333333333,0,0,0.526758869512928,0.375751744046187,0.567802271209085,0.572377000592768,0,0.00847457627118645,0.338028169014084,0,0,0,0.434447300771208,0,0,0,0,0.501344809037117,0.511049723756906,0,0,0.236646580471538,0,0,0,0,0.0809207403891789,0.028453418999541,0,0.238781559848717,0,0,"RB"
0.482651245551601,0.156503773765167,0,0,0,0,0,0.507413509060956,0.0416666666666667,0.0833333333333333,0,0.526758869512928,0.220591772913158,0.310175907370296,0.539300533491405,0.025,0.0903954802259888,0.343661971830986,0,0,0,0.309768637532134,0.00680272108843537,0,0,0,0.653039268423884,0.412062615101289,0,0,0.0642368220909144,0,0,0,0,0.124347413383958,0.114731528223956,0,0.239190432382705,0,0,"RB"
0.429715302491103,0.292263781408235,0,0,0,0,0,0.439868204283361,0.0833333333333333,0.333333333333333,0,0.526758869512928,0.417368294443108,0.575595635715876,0.585180794309425,0,0.146892655367231,0.366197183098591,0,0,0,0.294344473007712,0,0,0,0,0.506724045185584,0.502302025782689,0,0,0.260164979816299,0,0,0,0.142857142857143,0.0959895586141433,0.217989903625516,0,0.274353470305632,0,0,"RB"
0.222419928825623,0.227608197191172,0,0,0,0,0,0.329489291598023,0,0.166666666666667,0,0.526758869512928,0.133750300697618,0.204408817635271,0.286899822169532,0,0.426553672316385,0.408450704225352,0,0,0,0.20694087403599,0,0,0,0,0.22270037654653,1,0,0.117484227240153,0.052009594570877,0,0,0,0.142857142857143,0.0924299952539155,0.810692978430473,0,0.181232750689972,0,0,"RB"
0.497330960854092,0.309365147606764,0,0,0,0,0,0.484349258649094,0.0833333333333333,0.333333333333333,0,0.499599118059731,0.458263170555689,0.613003785348475,0.634736218138708,0.05,0.132768361581921,0.352112676056338,0,0,0,0.352185089974293,0,0,0,0,0.529854760623992,0.505064456721915,0,0.145404471173437,0.30094190604341,0,0,0,0,0.128618889416232,0.215236346948141,0,0.315445159971379,0,0,"RB"
0.497330960854092,0.313449412439094,0,0,0,0,0,0.471169686985173,0.0833333333333333,0.333333333333333,0,0.499198236119463,0.425547269665624,0.561567579603652,0.617545939537641,0.025,0.161016949152543,0.357746478873239,0,0,0,0.329048843187661,0,0,0,0,0.527165142549758,0.502302025782689,0,0.144392766310228,0.251681975077517,0,0,0,0,0.128618889416232,0.249885268471776,0,0.305325564755188,0,0,"RB"
0.667259786476868,0.506795165759052,0.0833333333333333,0,0,0,0,0.182866556836903,0,0.25,0,0.526758869512928,0.319461149867693,0.160765976397239,0.650029638411381,0,0.38135593220339,0.369014084507042,0,0,0,0.336760925449871,0,0,0,0,0.537923614846692,0.711325966850829,0,0.258195511964815,0.0208272392207336,0,0,0,0.142857142857143,0.290104413858567,0.715006883891693,0,0.448328733517326,0,0,"RB"
0.561610320284697,0.361397726187064,0,0,0,0,0,0.520593080724876,0.125,0.166666666666667,0,0.52285027059531,0.450805869617513,0.549543531507459,0.665323058684055,0.125,0.0649717514124294,0.338028169014084,0,0,0,0.406169665809769,0,0,0,0,0.601936525013448,0.505064456721915,0,0.1561819382579,0.201544491897268,0,0,0,0,0.131941148552444,0.155117026158788,0,0.310027598896044,0,0,"RB"
0.577402135231317,0.2715438998758,0,0,0,0,0.111111111111111,0.731466227347611,0.0833333333333333,0,0,0.526758869512928,0.343035843156122,0.194834112669784,0.636158861885003,0,0.0310734463276836,0.261971830985915,0,0,0,0.597686375321337,0.00680272108843537,0,0,0,0.632060247444863,0.524861878453039,0,0,0.0365646755981981,0,0,0,0,0.16124822021832,0.10325837540156,0,0.308903199427578,0,0,"RB"
0.676156583629893,0.335256042801185,0,0,0.0277777777777778,0,0.111111111111111,0.678747940691928,0,0.333333333333333,0.0681818181818182,0.397474443776308,0.466442145778205,0.280115787129815,0.70954356846473,0.2,0.31638418079096,0.295774647887324,0,0.333333333333333,0,0.431876606683805,0.00680272108843537,0,0,0,0.711672942442173,0.50828729281768,0,0.435019039723467,0.0741239103726672,0,0.0833333333333333,0.111111111111111,0.142857142857143,0.192335073564309,0.466498393758605,0.125,0.387304507819687,0,0,"RB"
0.647241992882562,0.231381962357887,0,0,0,0,0.111111111111111,0.871499176276771,0,0.166666666666667,0,0.49649228302265,0.437815732499399,0.140057893564908,0.697806757557795,0.125,0.172316384180791,0.214084507042254,0,0,0,0.534704370179948,0.0204081632653061,0,0,0,0.71705217859064,0.507826887661142,0,0.150589458597384,0.0446381559702802,0,0.0833333333333333,0,0,0.177978168011391,0.237035337310693,0,0.358785648574057,0,0,"RB"
0.359875444839858,0.165603802426674,0,0,0,0,0,0.484349258649094,0.0833333333333333,0,0,0.526758869512928,0.189800336781333,0.338900022266756,0.436158861885003,0,0.0056497175141243,0.352112676056338,0,0,0,0.404884318766067,0,0,0,0,0.393760086067778,0.64134438305709,0,0,0.096530743579243,0,0,0,0,0.0625296630280019,0.0534648921523634,0,0.144740877031585,0,0,"RB"
0.492437722419929,0.217743861660457,0,0,0,0,0,0.494233937397035,0.125,0,0,0.526758869512928,0.235506374789512,0.324871966154531,0.543094250148192,0,0.0056497175141243,0.346478873239437,0,0,0,0.44987146529563,0,0,0,0,0.485207100591716,0.422651933701657,0,0,0.0940735973790441,0,0,0,0,0.086734693877551,0.0585130793942175,0,0.189410201369723,0,0,"RB"
0.385231316725979,0.183338110251266,0,0,0,0,0,0.494233937397035,0.0833333333333333,0,0,0.526758869512928,0.232619677652153,0.35292807837898,0.472554831061055,0,0.0056497175141243,0.346478873239437,0,0,0,0.428020565552699,0,0,0,0,0.431414739107047,0.422651933701657,0,0,0.119581115076347,0,0,0,0,0.0686995728523968,0.0458926112895824,0,0.167637738934887,0,0,"RB"
0.417927046263345,0.213910385019585,0,0,0,0,0,0.510708401976936,0.0833333333333333,0,0,0.526758869512928,0.328121241279769,0.50790469828546,0.541671606401897,0,0.00847457627118645,0.340845070422535,0,0,0,0.43573264781491,0,0,0,0,0.485207100591716,0.52255985267035,0,0,0.189609781782016,0,0,0,0,0.0779544375889891,0.0330426801284993,0,0.215884697945416,0,0,"RB"
0.431939501779359,0.235024362281456,0.0833333333333333,0,0,0,0,0.520593080724876,0.0833333333333333,0,0,0.526758869512928,0.45609814770267,0.61834780672456,0.596680497925311,0,0.0338983050847458,0.335211267605634,0,0,0,0.458868894601542,0,0,1,0,0.511027434104357,0.507366482504604,0,0,0.283741882642017,0,0,0,0,0.151281442809682,0.062413951353832,0,0.328120208524992,0,0.037037037037037,"RB"
0.437277580071174,0.244590140441387,0.0833333333333333,0,0,0,0,0.527182866556837,0.0833333333333333,0,0,0.526758869512928,0.6088525378879,0.700512135381875,0.63402489626556,0,0.0225988700564972,0.326760563380281,0,0,0,0.488431876606684,0,1,0,0,0.521785906401291,0.505985267034991,1,0,0.378225004387761,0,0,0,0,0.545681063122924,0.031206975676916,0,0.680874987222733,0,0.037037037037037,"RB"
0.385231316725979,0.187756759338875,0,0,0.0277777777777778,0,0,0.4332784184514,0.0833333333333333,0,0.0227272727272727,0.526758869512928,0.237671397642531,0.35292807837898,0.472554831061055,0,0.0338983050847458,0.380281690140845,0,0,0,0.37146529562982,0,0,0,0,0.431414739107047,0.416206261510129,0,0,0.119581115076347,0,0,0.0555555555555556,0.285714285714286,0.0701233981964879,0.122303809086737,0.125,0.171930900541756,0,0,"RB"
0.444839857651246,0.217648323301806,0,0,0,0,0,0.380560131795717,0,0,0,0.526758869512928,0.149867693047871,0.180583389000223,0.491286307053942,0,0.0423728813559322,0.405633802816901,0,0,0,0.410025706940874,0,0,0,0,0.393760086067778,0.265653775322284,0,0,0.032527935412157,0,0,0,0,0.0859041290934979,0.122303809086737,0.125,0.169886537871818,0,0,"RB"
0,0.041583070602847,0,0,0,0,0,0.275123558484349,0.0416666666666667,0.0833333333333333,0,0.526758869512928,0.00120279047389942,0,0,0,0.166666666666667,0.425352112676056,0,0,0,0.0861182519280206,0,0,0,0,0,0,0,0,0.032527935412157,0,0,0,0.142857142857143,0.00142382534409113,0.581229921982561,0,0.00316876213840341,0,0,"RB"
0.385231316725979,0.191351390083118,0,0,0,0,0,0.457990115321252,0.0833333333333333,0.0833333333333333,0,0.526758869512928,0.243204233822468,0.35292807837898,0.472554831061055,0.025,0.0621468926553673,0.36056338028169,0,0,0,0.348329048843188,0,0,0,0,0.431414739107047,0.411602209944751,0,0,0.119581115076347,0,0,0,0.142857142857143,0.0720218319886094,0.198715006883892,0,0.1770418072166,0,0,"RB"
0.444839857651246,0.187016337059329,0,0,0,0,0,0.494233937397035,0.0416666666666667,0.0833333333333333,0,0.526758869512928,0.175366851094539,0.222667557336896,0.510729104919976,0,0.115819209039548,0.349295774647887,0,0,0,0.291773778920309,0.00680272108843537,0,0,0,0.629370629370629,0.662523020257827,0,0,0.032527935412157,0,0,0,0,0.12280493592786,0.141349242771914,0,0.230706327302464,0,0,"RB"
0.314501779359431,0.172996082927295,0,0,0,0,0,0.329489291598023,0.0833333333333333,0.166666666666667,0,0.526758869512928,0.168150108251143,0.222667557336896,0.383402489626556,0,0.209039548022599,0.405633802816901,0,0,0,0.150385604113111,0,0,0,0,0.332436793975256,0.210405156537753,0,0,0.0738898964488387,0,0,0,0.285714285714286,0.0652586616041766,0.523864157870583,0,0.143412041296126,0,0,"RB"
0.482651245551601,0.23888172351199,0,0,0,0,0,0.380560131795717,0.0833333333333333,0.166666666666667,0,0.526758869512928,0.2177050757758,0.216210198174126,0.524362774155305,0.025,0.163841807909604,0.388732394366197,0,0,0,0.232647814910026,0,0,0,0,0.456159225389995,0.686003683241252,0,0,0.0642368220909144,0,0,0,0.285714285714286,0.0925486473659231,0.435979807251033,0,0.190636818971686,0,0,"RB"
0.512233096085409,0.256986242476354,0,0,0,0,0,0.411861614497529,0.0833333333333333,0.166666666666667,0,0.526758869512928,0.255953812845802,0.324871966154531,0.550207468879668,0.05,0.135593220338983,0.377464788732394,0,0,0,0.248071979434447,0,0,0,0,0.501344809037117,0.400552486187845,0,0,0.0761130287252092,0,0,0,0.285714285714286,0.0968201233981965,0.364616796695732,0,0.204129612593274,0,0,"RB"
0.314501779359431,0.218006592146747,0,0,0,0,0,0.617792421746293,0.0416666666666667,0.0833333333333333,0,0.526758869512928,0.189800336781333,0.222667557336896,0.383402489626556,0.025,0.155367231638418,0.304225352112676,0,0,0,0.452442159383034,0,0,0,0,0.332436793975256,0.202117863720074,0,0,0.0738898964488387,0,0,0,0.142857142857143,0.109278595158994,0.466498393758605,0,0.216498006746397,0,0,"RB"
0.492437722419929,0.26294544759721,0,0,0,0,0,0.411861614497529,0.0416666666666667,0.166666666666667,0,0.526758869512928,0.255953812845802,0.324871966154531,0.543094250148192,0.025,0.135593220338983,0.377464788732394,0,0,0,0.309768637532134,0,0,0,0,0.485207100591716,0.397329650092081,0,0,0.0940735973790441,0,0,0,0.142857142857143,0.0972947318462269,0.287976135842129,0,0.21179597260554,0,0,"RB"
0.411032028469751,0.244602082736219,0,0,0,0,0,0.449752883031301,0.0833333333333333,0.166666666666667,0,0.526758869512928,0.316093336540775,0.445335114673792,0.522821576763486,0.025,0.101694915254237,0.363380281690141,0,0,0,0.326478149100257,0,0,0,0,0.472834857450242,0.470994475138122,0,0,0.166149885918212,0,0,0,0.142857142857143,0.0866160417655434,0.208352455254704,0,0.220484513952775,0,0,"RB"
0.314501779359431,0.187374605904271,0,0,0,0,0,0.494233937397035,0.0416666666666667,0.0833333333333333,0,0.526758869512928,0.17296127014674,0.222667557336896,0.383402489626556,0.025,0.115819209039548,0.349295774647887,0,0,0,0.358611825192802,0,0,0,0,0.332436793975256,0.234806629834254,0,0.128908061320556,0.0738898964488387,0,0,0,0,0.0914807783578547,0.380449747590638,0,0.185832566697332,0,0,"RB"
0.532250889679715,0.33938807681284,0,0,0,0,0,0.609555189456343,0.125,0.0833333333333333,0,0.776007215874925,0.406302622083233,0.486973947895792,0.638767042086544,0.025,0.0593220338983051,0.307042253521127,0,0,0,0.508997429305912,0,0,0,0,0.563743948359333,0.511970534069982,0,0.140795593463262,0.189551278301059,0,0,0,0,0.133246321784528,0.191831115190454,0,0.318102831442298,0,0,"RB"
0.569839857651246,0.300778637623006,0,0,0,0,0,0.515650741350906,0.125,0.0833333333333333,0,0.55271597514532,0.262208323310079,0.204408817635271,0.593953764078245,0.05,0.076271186440678,0.340845070422535,0,0,0,0.440874035989717,0,0,0,0,0.537923614846692,0.405616942909761,0,0.142537974061011,0.0630082489908149,0,0,0,0,0.131466540104414,0.275355667737494,0,0.25411427987325,0,0,"RB"
0.444839857651246,0.252627304862902,0,0,0,0,0,0.494233937397035,0.0833333333333333,0.0833333333333333,0,0.543495690519142,0.176810199663219,0.180583389000223,0.491286307053942,0,0.115819209039548,0.349295774647887,0,0,0,0.426735218508997,0,0,0,0,0.393760086067778,0.23158379373849,0,0.13270195455759,0.032527935412157,0,0,0,0,0.117940199335548,0.39008719596145,0,0.222835531023204,0,0,"RB"
0.599199288256228,0.339411961402503,0,0,0,0,0,0.494233937397035,0.0833333333333333,0.166666666666667,0,0.459510924032872,0.330286264132788,0.313070585615676,0.622525192649674,0.1,0.115819209039548,0.349295774647887,0,0,0,0.356041131105398,0,0,0,0,0.592253899946208,0.470534069981584,0,0.142790900276814,0.0694436318960978,0,0,0,0.142857142857143,0.136449928808733,0.32308398347866,0,0.273740161504651,0,0,"RB"
0.497330960854092,0.260819719117226,0,0,0,0,0,0.548599670510708,0,0.166666666666667,0,0.461314892764081,0.584556170315131,0.795813849922066,0.700414937759336,0.05,0.0423728813559322,0.326760563380281,0,0,0,0.439588688946015,0,0,0,0,0.535771920387305,0.505985267034991,0,0.145980580887209,0.565377639969578,0,0,0,0.142857142857143,0.126008542952065,0.119320789352914,0,0.357456812838598,0,0,"RB"
0.482651245551601,0.315443775675934,0,0,0,0,0,0.449752883031301,0.0416666666666667,0.166666666666667,0,0.502204850671477,0.232860235746933,0.216210198174126,0.524362774155305,0.025,0.200564971751413,0.363380281690141,0,0,0,0.320051413881748,0,0,0,0,0.456159225389995,0.701657458563536,0,0.134753467196875,0.0642368220909144,0,0,0,0,0.126957759848125,0.405231757687012,0,0.242972503322089,0,0,"RB"
0.492437722419929,0.309305436132607,0,0,0,0,0,0.471169686985173,0.0833333333333333,0.166666666666667,0,0.50561234716376,0.268943949963916,0.324871966154531,0.543094250148192,0.025,0.161016949152543,0.357746478873239,0,0,0,0.353470437017995,0,0,0,0,0.485207100591716,0.39134438305709,0,0.138013405089438,0.0940735973790441,0,0,0,0,0.127788324632178,0.338916934373566,0,0.251967699069815,0,0,"RB"
0.492437722419929,0.346744530428967,0,0,0,0,0,0.548599670510708,0.0416666666666667,0.166666666666667,0,0.493786329925837,0.281212412797691,0.324871966154531,0.543094250148192,0.025,0.192090395480226,0.329577464788732,0,0,0,0.415167095115681,0,0,0,0,0.485207100591716,0.384898710865562,0,0.137001700226228,0.0940735973790441,0,0,0,0,0.132059800664452,0.396282698485544,0,0.268424818562813,0,0,"RB"
0.496663701067616,0.310499665615745,0,0,0,0,0,0.457990115321252,0.0416666666666667,0.25,0,0.500501102425336,0.335337984123166,0.424404364284124,0.57344398340249,0.025,0.18361581920904,0.36056338028169,0,0,0,0.329048843187661,0,0,0,0,0.511027434104357,0.465930018416206,0,0.141090674048365,0.149476393845434,0,0,0,0,0.128381585192216,0.313446535107848,0,0.275273433507104,0,0,"RB"
0.519128113879003,0.345180089806057,0,0,0,0,0,0.548599670510708,0.0416666666666667,0.166666666666667,0,0.502605732611746,0.311282174645177,0.346693386773547,0.565500889152342,0.075,0.15819209039548,0.329577464788732,0,0,0,0.386889460154242,0,0,0,0,0.521785906401291,0.574585635359116,0,0.142172636193741,0.102439595155912,0,0,0,0,0.133246321784528,0.340752638825149,0,0.273842379638148,0,0,"RB"
0.527580071174377,0.305877997516003,0,0,0,0,0,0.548599670510708,0.0416666666666667,0.166666666666667,0,0.509019843656043,0.383690161173923,0.500111333778668,0.602133965619443,0.075,0.101694915254237,0.329577464788732,0,0,0,0.415167095115681,0,0,0,0,0.550833781603012,0.494475138121547,0,0.149282673149072,0.173638331480723,0,0,0,0,0.133720930232558,0.240936209270307,0,0.293468261269549,0,0,"RB"
0.754448398576512,0.451920321008885,0,0,0,0.0769230769230769,0,0.507413509060956,0.25,0.25,0,0.505812788133895,0.474621121000722,0.424627031841461,0.765737996443391,0.325,0.0903954802259888,0.343661971830986,0,0,0,0.393316195372751,0,0,0,0,0.706831629908553,0.506445672191529,0,0.158472325656554,0.184519978938747,0,0,0,0.142857142857143,0.146654010441386,0.228086278109224,0,0.34263518348155,0,0,"RB"
0.544039145907473,0.345681666188975,0,0,0,0,0,0.494233937397035,0,0.333333333333333,0,0.446983363399479,0.396439740197258,0.427967045201514,0.634143449911085,0.15,0.22316384180791,0.349295774647887,0,0,0,0.325192802056555,0,0,0,0,0.57073695535234,0.493093922651934,0,0.292326499641688,0.15725735681273,0,0,0,0,0.138111058376839,0.382285452042221,0,0.315956250638863,0,0,"RB"
0.536254448398576,0.332318238272666,0,0,0,0,0,0.523887973640857,0.0833333333333333,0.333333333333333,0,0.493886550410904,0.518402694250661,0.65642395902917,0.685477178423237,0.2,0.107344632768362,0.338028169014084,0,0,0,0.386889460154242,0,0,0,0,0.580957504034427,0.505985267034991,0,0.315736226059831,0.332709296203124,0,0,0,0,0.133602278120551,0.215695273061037,0,0.348359398957375,0,0,"RB"
0.562055160142349,0.357110442342601,0,0,0,0,0,0.535420098846787,0.166666666666667,0.333333333333333,0,0.515033072760072,0.624488814048593,0.763081718993543,0.757083580320095,0.25,0.0677966101694916,0.332394366197183,0,0,0,0.412596401028278,0,0,0,0,0.607853684776762,0.505985267034991,0,0.333005466016553,0.53530685075762,0,0,0,0,0.133602278120551,0.142037631941257,0,0.385975672084228,0,0,"RB"
0.522019572953737,0.277419508932837,0,0,0,0,0,0.548599670510708,0.0416666666666667,0.166666666666667,0,0.519142112647825,0.544864084676449,0.736806947227789,0.682750444576171,0.075,0.0508474576271187,0.326760563380281,0,0,0,0.43573264781491,0,0,0,0,0.548144163528779,0.505985267034991,0,0.153357595514775,0.465161177090037,0,0,0,0,0.129449454200285,0.113125286828821,0,0.345599509352959,0,0,"RB"
0.569839857651246,0.359260055412248,0,0,0,0,0,0.548599670510708,0.0416666666666667,0.166666666666667,0,0.450691521346963,0.28361799374549,0.204408817635271,0.593953764078245,0.1,0.192090395480226,0.329577464788732,0,0,0,0.406169665809769,0,0,0,0,0.537923614846692,0.38720073664825,0,0.13489398176121,0.0630082489908149,0,0,0,0.142857142857143,0.147603227337447,0.479348324919688,0,0.282019830317898,0,0,"RB"
0.584741992882562,0.382416165090284,0,0,0,0,0,0.548599670510708,0.0416666666666667,0.166666666666667,0,0.535377831228703,0.313447197498196,0.30705856156758,0.609128630705394,0.125,0.15819209039548,0.329577464788732,0,0,0,0.419023136246787,0,0,0,0,0.566433566433566,0.574585635359116,0,0.143184341056951,0.0779266366348798,0,0,0,0,0.149027052681538,0.346259752179899,0,0.289277317796177,0,0,"RB"
0.590524911032028,0.191685774338397,0,0,0,0,0,0.57660626029654,0.0416666666666667,0.25,0,0.53617959510924,0.399326437334616,0.485860610109107,0.662833432128038,0.15,0.177966101694915,0.31830985915493,0,0,0,0.377892030848329,0.00680272108843537,0,0,0,0.675632060247445,0.512430939226519,0,0.150322480925148,0.148891359035863,0,0,0,0,0.151281442809682,0.275355667737494,0,0.334048860267812,0,0,"RB"
0.588078291814947,0.370593293207223,0,0,0,0,0,0.520593080724876,0.0833333333333333,0.25,0,0.516335939065945,0.36997834977147,0.409040302827878,0.627504445761707,0.125,0.180790960451977,0.338028169014084,0,0,0,0.367609254498715,0,0,0,0,0.583109198493814,0.528545119705341,0,0.147104697401886,0.133855964429884,0,0,0,0.142857142857143,0.149264356905553,0.373106929784305,0,0.303485638352244,0,0,"RB"
0.588523131672598,0.377137670774816,0,0,0,0,0,0.565074135090609,0.0833333333333333,0.416666666666667,0,0.507817197835237,0.520327159008901,0.57604097083055,0.714641375222288,0.25,0.169491525423729,0.323943661971831,0,0,0,0.412596401028278,0,0,0,0,0.595481441635288,0.505985267034991,0,0.307431815307657,0.330076639560054,0,0,0,0,0.150450878025629,0.300137677833869,0,0.374220586732086,0,0,"RB"
0.548932384341637,0.405381198051018,0,0,0,0,0,0.548599670510708,0.0833333333333333,0.333333333333333,0,0.419222289035879,0.439259081068078,0.50144733912269,0.649318316538234,0.15,0.192090395480226,0.329577464788732,0,0,0,0.379177377892031,0,0,0,0,0.583647122108661,0.502302025782689,0,0.29887447833968,0.192651962791786,0,0,0,0,0.150332225913621,0.338916934373566,0,0.335173259736277,0,0,"RB"
0.569839857651246,0.34928823922805,0.166666666666667,0,0,0,0,0.411861614497529,0.0416666666666667,0.166666666666667,0,0.40549208258168,0.394515275439019,0.204408817635271,0.593953764078245,0,0.5,0.338028169014084,0,0,0,0.420308483290488,0,0,0,0,0.537923614846692,0.38121546961326,0,0.132575491449689,0.0630082489908149,0,0,0,0.142857142857143,0.202776459420978,0.589720055071133,0,0.37575385873454,0,0.0740740740740741,"RB"
0.713078291814947,0.308206745008121,0,0,0.0277777777777778,0,0,0.507413509060956,0.0416666666666667,0.166666666666667,0.0227272727272727,0.43185007015434,0.52177050757758,0.645735916276998,0.740011855364553,0,0.0621468926553673,0.346478873239437,0,0,0,0.416452442159383,0,0,0,0,0.655190962883271,0.505985267034991,0,0.148523894501665,0.370093020534722,0,0,0.111111111111111,0,0.142738490745135,0.160624139513538,0.125,0.345292854952469,0,0,"RB"
0.598532028469751,0.367201681475112,0,0,0,0,0,0.411861614497529,0,0.333333333333333,0.0227272727272727,0.276408097815193,0.380322347847005,0.319750612335783,0.651096621221103,0.1,0.307909604519774,0.391549295774648,0,0,0,0.276349614395887,0,0,0,0,0.600860677783755,0.529926335174954,0,0.275647420855172,0.11607090621892,0,0,0.111111111111111,0.571428571428571,0.144280968201234,0.585589720055071,0.125,0.316671777573342,0,0,"RB"
0.482651245551601,0.336378618515334,0,0,0,0,0,0.471169686985173,0,0.25,0,0.383844457807176,0.256916045224922,0.216210198174126,0.524362774155305,0,0.471751412429379,0.357746478873239,0,0,0,0.298200514138817,0,0,0,0,0.456159225389995,0.72744014732965,0,0.251591327441089,0.0642368220909144,0,0,0,0.142857142857143,0.137636449928809,0.74942634235888,0,0.266176019625882,0,0,"RB"
0.492437722419929,0.302581924142543,0,0,0,0,0,0.548599670510708,0,0.166666666666667,0.0227272727272727,0.419322509520946,0.295886456579264,0.324871966154531,0.543094250148192,0.05,0.322033898305085,0.354929577464788,0,0,0,0.416452442159383,0,0,0,0,0.485207100591716,0.378453038674033,0,0.131760506976548,0.0940735973790441,0,0,0.0555555555555556,0.142857142857143,0.137161841480778,0.606700321248279,0.125,0.28917509966268,0,0,"RB"
0.713078291814947,0.331458393044808,0,0,0.0277777777777778,0,0,0.504118616144975,0.0416666666666667,0.25,0.0681818181818182,0.43465624373622,0.582391147462112,0.710086840347361,0.765026674570243,0.05,0.0790960451977402,0.352112676056338,0,0,0,0.40745501285347,0,0,0,0,0.656266810112964,0.505985267034991,0,0.314050051287816,0.457614228046569,0,0,0.222222222222222,0.142857142857143,0.143094447081158,0.192519504359798,0.25,0.377593785137483,0,0,"RB"
0.482651245551601,0.222007260915257,0,0,0,0,0,0.439868204283361,0.125,0.0833333333333333,0,0.526758869512928,0.205917729131585,0.216210198174126,0.524362774155305,0.05,0.0734463276836159,0.366197183098591,0,0,0,0.330334190231363,0,0,0,0,0.456159225389995,0.663443830570903,0,0,0.0642368220909144,0,0,0,0.142857142857143,0.0869719981015662,0.252409362092703,0,0.180517223755494,0,0,"RB"
0.706183274021352,0.369936466991497,0,0,0,0.0769230769230769,0,0.487644151565074,0.125,0.25,0,0.50280617358188,0.404859273514554,0.41393898908929,0.710254890337878,0.075,0.127118644067797,0.349295774647887,0,0,0,0.363753213367609,0,0,0,0,0.632060247444863,0.512430939226519,0,0.145502831368471,0.169484584332768,0,0,0,0,0.13312766967252,0.245754933455714,0,0.312991924767454,0,0,"RB"
0.587633451957295,0.262670774816089,0,0,0,0,0.111111111111111,0.693574958813839,0.0416666666666667,0.0833333333333333,0,0.526758869512928,0.372624488814049,0.264306390558896,0.646947243627742,0.05,0.0847457627118645,0.276056338028169,0,0,0,0.505141388174807,0.00680272108843537,0,0,0,0.64550833781603,0.494935543278085,0,0,0.061019130638273,0,0.0833333333333333,0,0.142857142857143,0.162790697674419,0.194584671867829,0,0.31605846877236,0,0,"RB"
0.579848754448399,0.255612878570746,0,0,0,0,0.111111111111111,0.693574958813839,0.0416666666666667,0.0833333333333333,0,0.526758869512928,0.372624488814049,0.264306390558896,0.646947243627742,0.05,0.0847457627118645,0.276056338028169,0,0,0,0.487146529562982,0.00680272108843537,0,0,0,0.64228079612695,0.494935543278085,0,0,0.0643538290528286,0,0.0833333333333333,0,0.142857142857143,0.162316089226388,0.194584671867829,0,0.31605846877236,0,0,"RB"
0.624332740213523,0.29195328174262,0,0,0,0,0.166666666666667,0.693574958813839,0.0833333333333333,0.0833333333333333,0,0.526758869512928,0.374308395477508,0.196170118013805,0.670895080023711,0.075,0.0847457627118645,0.276056338028169,0,0,0,0.525706940874036,0.00680272108843537,0,0,0,0.670252824098978,0.494935543278085,0,0,0.036038144269584,0,0.0833333333333333,0,0.142857142857143,0.171214997626958,0.198715006883892,0,0.326791372789533,0,0,"RB"
0.629003558718861,0.302701347090857,0,0,0,0,0.111111111111111,0.658978583196046,0,0.166666666666667,0,0.526758869512928,0.399085879239836,0.280783789801826,0.660936573799644,0.1,0.132768361581921,0.290140845070422,0,0,0,0.457583547557841,0.00680272108843537,0,0,0,0.670790747713825,0.512430939226519,0,0,0.05803545310946,0,0.166666666666667,0,0,0.167299477930707,0.1757687012391,0,0.326791372789533,0,0,"RB"
0.565613879003559,0.226712525078819,0,0,0,0,0.0555555555555556,0.706754530477759,0.0416666666666667,0.166666666666667,0,0.502505512126679,0.424585037286505,0.379648185259408,0.65773562537048,0.075,0.129943502824859,0.273239436619718,0,0,0,0.48586118251928,0.00680272108843537,0,0,0,0.627218934911243,0.502302025782689,0,0.14606488962581,0.143977066635465,0,0,0,0,0.154959658281917,0.233593391463974,0,0.340181948277624,0,0,"RB"
0.560720640569395,0.227918696856788,0,0,0,0,0.0555555555555556,0.741350906095552,0.0416666666666667,0.0833333333333333,0,0.526758869512928,0.399085879239836,0.369850812736584,0.627385892116183,0.025,0.0847457627118645,0.259154929577465,0,0,0,0.520565552699229,0.00680272108843537,0,0,0,0.620763851533082,0.512430939226519,0,0,0.125723980576844,0,0,0,0.142857142857143,0.156620787850024,0.195043597980725,0,0.321373811714198,0,0,"RB"
0.579848754448399,0.275592337823636,0,0,0,0,0.111111111111111,0.769357495881384,0,0.166666666666667,0,0.526758869512928,0.386576858311282,0.264306390558896,0.646947243627742,0.1,0.177966101694915,0.250704225352113,0,0,0,0.501285347043702,0.00680272108843537,0,0,0,0.64228079612695,0.494014732965009,0,0.141020416766198,0.0643538290528286,0,0.0833333333333333,0,0.142857142857143,0.165519696250593,0.334786599357503,0,0.329755698660943,0,0,"RB"
0.636788256227758,0.30524505588994,0,0,0,0,0.166666666666667,0.693574958813839,0,0.25,0,0.526758869512928,0.430839547750782,0.283455800489869,0.686781268524007,0.15,0.19774011299435,0.276056338028169,0,0,0,0.453727506426735,0.00680272108843537,0,0,0,0.690155997848306,0.502302025782689,0,0.144013376986525,0.0657579125957995,0,0.166666666666667,0,0.142857142857143,0.175130517323208,0.320559889857733,0,0.34887048962486,0,0,"RB"
0.650133451957295,0.29160695519251,0,0,0,0,0.111111111111111,0.731466227347611,0.0416666666666667,0.166666666666667,0,0.44026859089998,0.407745970651912,0.263861055444222,0.68014226437463,0.1,0.152542372881356,0.264788732394366,0,0,0,0.494858611825193,0.00680272108843537,0,0,0,0.681549220010758,0.512430939226519,0,0.146444278949513,0.0654653951910139,0,0,0,0.142857142857143,0.17358803986711,0.305874254245066,0,0.343759582950015,0,0,"RB"
0.682384341637011,0.309830897105188,0,0,0,0,0.111111111111111,0.686985172981878,0,0.333333333333333,0,0.416516335939066,0.487611258118836,0.354041416165665,0.721161825726141,0.25,0.206214689265537,0.27887323943662,0,0,0,0.43573264781491,0.00680272108843537,0,0,0,0.722431414739107,0.506445672191529,0,0.315441145474728,0.0996314280699701,0,0,0,0,0.181063122923588,0.313446535107848,0,0.37575385873454,0.5,0,"RB"
0.683718861209964,0.273251648036687,0,0,0,0,0.111111111111111,0.627677100494234,0.166666666666667,0.333333333333333,0,0.428542794147124,0.559297570363243,0.460031173458027,0.760640189685833,0.35,0.124293785310734,0.301408450704225,0,0,0,0.452442159383034,0.00680272108843537,0,0,0,0.728348574502421,0.505985267034991,0,0.336743153427853,0.200608436201954,0,0,0,0,0.181300427147603,0.229463056447912,0,0.395788612899928,0.5,0,"RB"
0.648131672597865,0.289170727046909,0,0,0,0,0.111111111111111,0.686985172981878,0,0.333333333333333,0,0.431348967729004,0.487611258118836,0.354041416165665,0.718672199170125,0.25,0.206214689265537,0.27887323943662,0,0,0,0.43573264781491,0.00680272108843537,0,0,0,0.703066164604626,0.506445672191529,0,0.311998538648531,0.118235535014333,0,0,0,0,0.177622211675368,0.313446535107848,0,0.375549422467546,0.5,0,"RB"
0.677713523131672,0.230940097449126,0,0,0,0,0.166666666666667,0.823723228995058,0,0.416666666666667,0,0.257666867107637,0.502766418089969,0.23602761077711,0.753645524599882,0.3,0.34180790960452,0.230985915492958,0,0,0,0.447300771208226,0.0204081632653061,0,0,0,0.78214093598709,0.505524861878453,0,0.457136032149732,0.0764055461299947,0,0,0,0.142857142857143,0.194470811580446,0.425424506654429,0,0.396504139834407,0.5,0,"RB"
0.621218861209964,0.157698003248304,0,0,0,0,0.111111111111111,0.823723228995058,0,0.166666666666667,0,0.49789536981359,0.518402694250661,0.111333778668448,0.719027860106698,0.175,0.115819209039548,0.230985915492958,0,0,0,0.53598971722365,0.0136054421768707,0,0,0,0.670790747713825,0.505985267034991,0,0.162940688802394,0.203826127654595,0,0,0,0,0.167774086378738,0.194125745754933,0,0.386691199018706,0.25,0,"RB"
0.616103202846975,0.279521352823158,0,0,0,0,0.111111111111111,0.72158154859967,0,0.25,0,0.427941471236721,0.41303824873707,0.263861055444222,0.676704208654416,0.15,0.234463276836158,0.267605633802817,0,0,0,0.442159383033419,0.00680272108843537,0,0,0,0.664873587950511,0.512891344383057,0,0.143760450770722,0.0758205113204236,0,0.0833333333333333,0,0.285714285714286,0.171452301850973,0.397659476824231,0,0.345803945619953,0,0,"RB"
0.736877224199288,0.316852966466036,0.0833333333333333,0,0,0,0.111111111111111,0.581548599670511,0,0.333333333333333,0,0.526758869512928,0.472696656242483,0.258294366510799,0.736692353289864,0.2,0.293785310734463,0.270422535211268,0,0,0,0.457583547557841,0.00680272108843537,0,0,0,0.705217859064013,0.502302025782689,0,0.292776146247559,0.0812613350494354,0,0.166666666666667,0,0.285714285714286,0.292833412434741,0.461220743460303,0,0.469794541551671,0,0,"RB"
0.616103202846975,0.207151046145027,0,0,0,0,0,0.634266886326194,0.125,0,0,0.839446782922429,0.381765696415684,0.263861055444222,0.676704208654416,0,0.019774011299435,0.298591549295774,0,0,0,0.52827763496144,0.00680272108843537,0,0,0,0.664873587950511,0.511510128913444,0,0,0.0758205113204236,0,0,0,0,0.148789748457523,0.0688389169343735,0,0.308392108760094,0,0,"RB"
0.536921708185053,0.164337919174549,0,0,0,0,0,0.520593080724876,0,0.0833333333333333,0,0.526758869512928,0.291315852778446,0.178579380984191,0.593835210432721,0.05,0.0649717514124294,0.338028169014084,0,0,0,0.367609254498715,0.00680272108843537,0,0,0,0.592253899946208,0.475598526703499,0,0,0.0310653483882291,0,0,0,0.142857142857143,0.105837683910774,0.149609912804039,0,0.225084329960135,0,0,"RB"
0.627446619217082,0.212895289958918,0,0,0,0,0,0.548599670510708,0.0833333333333333,0.166666666666667,0,0.513229104028863,0.406062063988453,0.323981295925184,0.682157676348548,0.1,0.0932203389830509,0.329577464788732,0,0,0,0.419023136246787,0.00680272108843537,0,0,0,0.671866594943518,0.502762430939227,0,0.14943723916984,0.103258643889311,0.125,0,0,0,0.138467014712862,0.181505277650298,0,0.307983236226107,0,0,"RB"
0.74088078291815,0.163704977548486,0.0833333333333333,0,0,0,0.166666666666667,0.780889621087315,0,0.333333333333333,0,0.526758869512928,0.622804907385133,0.0875083500334001,0.793479549496147,0.375,0.146892655367231,0.225352112676057,0,0,0,0.561696658097686,0.0204081632653061,0,0,0,0.736955352339968,0.505985267034991,0,0.183441763738812,0.131632832153513,0,0.25,0,0,0.257831039392501,0.195273061037173,0,0.476234283961975,0,0,"RB"
0.579848754448399,0.267304385210662,0,0,0,0,0.111111111111111,0.775947281713344,0.0416666666666667,0.0833333333333333,0,0.526758869512928,0.380803464036565,0.264306390558896,0.646947243627742,0.05,0.0988700564971752,0.247887323943662,0,0,0,0.560411311053984,0.00680272108843537,0,0,0,0.64228079612695,0.494475138121547,0,0.142172636193741,0.0643538290528286,0,0,0,0,0.16421452301851,0.232675539238183,0,0.326995809056527,0,0,"RB"
0.848309608540925,0.201800898060571,0,0,0,0.153846153846154,0,0.609555189456343,0.125,0.0833333333333333,0,0.578171978352375,0.41183545826317,0.188154085949677,0.800474214582098,0.1,0.0593220338983051,0.307042253521127,0,0,0,0.502570694087404,0.0204081632653061,0,0,0,0.871436256051641,0.507366482504604,0,0.162617505304425,0.0214707775112619,0.125,0,0,0,0.176672994779307,0.143184947223497,0,0.335173259736277,0,0,"RB"
0.80894128113879,0.178262634947932,0,0,0,0.0769230769230769,0,0.634266886326194,0.125,0,0,0.691721787933454,0.384892951647823,0.189935426408372,0.765382335506817,0,0.019774011299435,0.298591549295774,0,0,0,0.519280205655527,0.0204081632653061,0,0,0,0.835933297471759,0.503222836095764,0,0,0.0317088866787574,0.25,0,0,0,0.1671808258187,0.0438274437815511,0,0.321782684248186,0,0,"RB"
0.848309608540925,0.194528040508264,0,0,0,0.153846153846154,0,0.56836902800659,0.125,0.0833333333333333,0,0.526758869512928,0.404859273514554,0.188154085949677,0.800474214582098,0.1,0.0508474576271187,0.32112676056338,0,0,0,0.462724935732648,0.0204081632653061,0,0,0,0.871436256051641,0.507366482504604,0,0,0.0214707775112619,0.125,0,0,0.142857142857143,0.169197911722829,0.1154199173933,0,0.320249412245733,0,0,"RB"
0.607651245551601,0.255409859558613,0,0,0,0,0,0.658978583196046,0,0.166666666666667,0,0.568550811785929,0.294202549915805,0.213538187486083,0.627148784825133,0.025,0.240112994350283,0.290140845070422,0,0,0,0.443444730077121,0.00680272108843537,0,0,0,0.664873587950511,0.572744014732965,0,0.138083662371605,0.0406014157842392,0,0,0,0,0.158519221642145,0.364616796695732,0,0.297659204742921,0,0,"RB"
0.650133451957295,0.229913060093628,0,0,0,0,0.111111111111111,0.823723228995058,0,0.166666666666667,0,0.506814992984566,0.414241039210969,0.147851258071699,0.695080023710729,0.125,0.175141242937853,0.230985915492958,0,0,0,0.517994858611825,0.0204081632653061,0,0,0,0.740182894029048,0.502302025782689,0,0.152359942107999,0.0358626338267127,0,0,0,0,0.179876601803512,0.237035337310693,0,0.34887048962486,0.25,0,"RB"
0.536921708185053,0.289421515238368,0,0,0,0,0,0.749588138385502,0,0.166666666666667,0,0.526758869512928,0.334616309838826,0.267869071476286,0.59691760521636,0.025,0.228813559322034,0.259154929577465,0,0,0,0.556555269922879,0.00680272108843537,0,0,0,0.619688004303389,0.466850828729282,0,0.137338935180631,0.061545661966887,0,0,0,0,0.166468913146654,0.324460761817347,0,0.315342941837882,0,0,"RB"
0.536921708185053,0.187231298366294,0,0,0,0,0,0.484349258649094,0.0416666666666667,0.166666666666667,0,0.526758869512928,0.299494828000962,0.267869071476286,0.59691760521636,0.025,0.132768361581921,0.352112676056338,0,0,0,0.3573264781491,0.00680272108843537,0,0,0,0.619688004303389,0.471915285451197,0,0,0.061545661966887,0,0,0,0.142857142857143,0.115211200759374,0.215236346948141,0,0.237759378513748,0,0,"RB"
0.663256227758007,0.238678704499857,0,0,0.0555555555555556,0,0.111111111111111,0.823723228995058,0,0.166666666666667,0.0454545454545455,0.466526357987573,0.441664662015877,0.169672678690715,0.717486662714879,0.15,0.214689265536723,0.245070422535211,0,0,0,0.511568123393316,0.0204081632653061,0,0,0,0.766003227541689,0.507826887661142,0,0.307558278415558,0.0341075293979992,0,0,0.111111111111111,0.142857142857143,0.188182249644044,0.313446535107848,0.125,0.367065317387304,0,0,"RB"
0.589635231316726,0.228300850291392,0,0,0,0,0,0.515650741350906,0,0.0833333333333333,0,0.556023251152535,0.308395477507818,0.204186150077934,0.631653823355068,0.075,0.115819209039548,0.354929577464788,0,0,0,0.420308483290488,0.00680272108843537,0,0,0,0.653039268423884,0.471915285451197,0,0.147540292551323,0.0277306499736734,0,0,0.111111111111111,0,0.144162316089226,0.226021110601193,0.125,0.276704487376061,0,0,"RB"
0.623220640569395,0.264963695423713,0,0,0.0277777777777778,0,0.111111111111111,0.823723228995058,0,0,0.0454545454545455,0.526758869512928,0.39210969449122,0,0.667575577949022,0,0.0790960451977402,0.245070422535211,0,0,0,0.637532133676093,0.0204081632653061,0,0,0.333333333333333,0.711672942442173,0.511970534069982,0,0,0.0296027613643012,0,0,0.166666666666667,0.142857142857143,0.189962031324158,0.117944011014227,0.125,0.351630379229275,0,0,"RB"
0.70373665480427,0.297458679659883,0.0833333333333333,0,0,0,0,0.380560131795717,0,0.25,0,0.526758869512928,0.376232860235747,0.204186150077934,0.686899822169532,0.1,0.27683615819209,0.326760563380281,0,0,0,0.417737789203085,0.00680272108843537,0,0,0,0.675632060247445,0.468692449355433,0,0.286888586001939,0.0289592230737729,0,0,0,0,0.286426198386331,0.414639743001377,0,0.44689767964837,0,0,"RB"
0.62855871886121,0.230139963695424,0,0,0.166666666666667,0,0,0.411861614497529,0.125,0.25,0.204545454545455,0.526758869512928,0.476545585758961,0.368292139835226,0.705038529934796,0,0.141242937853107,0.397183098591549,0,0,0,0.330334190231363,0.00680272108843537,0,0,0,0.700914470145239,0.505524861878453,0,0,0.0861171239688761,0,0,0.166666666666667,0.428571428571429,0.133958234456573,0.237035337310693,0.375,0.317489522641317,0,0,"RB"
0.629225978647687,0.25087178752269,0.0833333333333333,0,0.0277777777777778,0,0.111111111111111,0.647446457990115,0.0833333333333333,0.25,0.0454545454545455,0.460212467428342,0.539331248496512,0.41750167000668,0.724007113218732,0.15,0.192090395480226,0.295774647887324,0,0,0,0.467866323907455,0.00680272108843537,0,0,0,0.690693921463152,0.505985267034991,0,0.312939986229573,0.167670976423097,0,0.0833333333333333,0.166666666666667,0.142857142857143,0.174774560987186,0.2911886186324,0.125,0.40590820811612,0.25,0.037037037037037,"RB"
0.764902135231317,0.186180376421133,0.166666666666667,0,0.0555555555555556,0,0,0.387149917627677,0,0.916666666666667,0.159090909090909,0.432050511124474,0.682463314890546,0.416610999777332,0.86959098992294,0.3,0.27683615819209,0.374647887323944,0,0,0,0.374035989717224,0.0136054421768707,0,0,0,0.78859601936525,0.505985267034991,0,0.497252940267259,0.297724214590768,0,0,0.222222222222222,0.714285714285714,0.278001898433792,0.393529141808169,0.5,0.518859245630175,0,0,"RB"
0.609208185053381,0.219917359319767,0,0,0.0555555555555556,0,0.0555555555555556,0.644151565074135,0,0.166666666666667,0.0227272727272727,0.430647424333534,0.445032475342795,0.377421509686039,0.68737403675163,0.05,0.14406779661017,0.304225352112676,0,0,0,0.456298200514139,0.00680272108843537,0,0,0,0.65196342119419,0.507826887661142,0,0.145840066322874,0.138711753349324,0,0,0.111111111111111,0.428571428571429,0.156383483626009,0.297613584212942,0.125,0.347746090156394,0,0,"RB"
0.591414590747331,0.347962644501767,0.166666666666667,0,0,0,0,0.380560131795717,0,0.333333333333333,0,0.312487472439367,0.52201106567236,0.473836562012915,0.701837581505631,0.1,0.240112994350283,0.343661971830986,0,0,0,0.39974293059126,0,0,0,0,0.605164066702528,0.505064456721915,0,0.288588812230388,0.240800327619493,0,0,0.222222222222222,0.857142857142857,0.212861888941623,0.428178063331804,0.25,0.416538893999796,0,0,"RB"
0.439279359430605,0.249092385592816,0,0,0,0,0,0.532125205930807,0.0833333333333333,0,0,0.526758869512928,0.518402694250661,0.739701625473169,0.655957320687611,0,0.0112994350282486,0.335211267605634,0,0,0,0.444730077120823,0,0,0,0,0.526089295320065,0.505985267034991,0,0,0.449189726788744,0,0,0,0,0.0862600854295207,0.0190454336851767,0,0.304507819687213,0,0,"RB"
0.482651245551601,0.215331518104519,0,0,0,0,0,0.411861614497529,0.125,0,0.0454545454545455,0.526758869512928,0.199422660572528,0.216210198174126,0.524362774155305,0,0.0367231638418079,0.391549295774648,0,0,0,0.347043701799486,0,0,0,0,0.456159225389995,0.654235727440147,0,0,0.0642368220909144,0,0,0.0555555555555556,0.285714285714286,0.0849549121974371,0.160624139513538,0.125,0.175610753347644,0,0,"RB"
0.222419928825623,0.121668099742046,0,0,0,0,0,0.329489291598023,0,0,0,0.526758869512928,0.0815491941303825,0.204408817635271,0.286899822169532,0,0.0508474576271187,0.428169014084507,0,0,0,0.338046272493573,0,0,0,0,0.22270037654653,0.857734806629834,0,0,0.052009594570877,0,0,0,0.142857142857143,0.0444945420028476,0.160624139513538,0.125,0.0937340284166411,0,0,"RB"
0.359875444839858,0.189548103563581,0,0,0,0,0,0.411861614497529,0.0833333333333333,0,0,0.526758869512928,0.19605484724561,0.338900022266756,0.436158861885003,0,0.0367231638418079,0.391549295774648,0,0,0,0.341902313624679,0,0,0,0,0.393760086067778,0.657918968692449,0,0,0.096530743579243,0,0,0.111111111111111,0.142857142857143,0.068936877076412,0.0993575034419458,0.125,0.154860472247777,0,0,"RB"
0.222419928825623,0.121405369255756,0,0,0,0,0,0.365733113673806,0.0833333333333333,0.0833333333333333,0,0.526758869512928,0.0918931922059177,0.204408817635271,0.286899822169532,0,0.115819209039548,0.394366197183098,0,0,0,0.253213367609255,0,0,0,0,0.22270037654653,0.886279926335175,0,0,0.052009594570877,0,0,0,0.142857142857143,0.045562411010916,0.39008719596145,0,0.0963916998875601,0,0,"RB"
0.444839857651246,0.203759434412917,0,0,0,0,0,0.411861614497529,0.0833333333333333,0.0833333333333333,0,0.526758869512928,0.157565552080827,0.180583389000223,0.491286307053942,0,0.0875706214689266,0.377464788732394,0,0,0,0.327763496143959,0,0,0,0,0.393760086067778,0.251841620626151,0,0,0.032527935412157,0,0,0,0.142857142857143,0.0834124347413384,0.313446535107848,0,0.165797812531943,0,0,"RB"
0.543594306049822,0.279007834145409,0,0,0,0,0,0.487644151565074,0.125,0.0833333333333333,0,0.526758869512928,0.337262448881405,0.42106435092407,0.596087729697688,0.05,0.0451977401129944,0.349295774647887,0,0,0,0.381748071979434,0,0,0,0,0.560516406670253,0.523480662983425,0,0,0.126250511905458,0,0,0,0.142857142857143,0.0983626008542952,0.143643873336393,0,0.233057344372892,0,0,"RB"
0.417927046263345,0.217767746250119,0,0,0,0,0,0.487644151565074,0.0833333333333333,0.0833333333333333,0,0.526758869512928,0.335337984123166,0.50790469828546,0.541671606401897,0.025,0.0451977401129944,0.349295774647887,0,0,0,0.383033419023136,0,0,0,0,0.485207100591716,0.523941068139963,0,0,0.189609781782016,0,0,0,0.142857142857143,0.0793782629330802,0.13515374024782,0,0.221813349688235,0,0,"RB"
0.433718861209964,0.238248781885927,0,0,0,0,0,0.510708401976936,0.0833333333333333,0.0833333333333333,0,0.526758869512928,0.437815732499399,0.625027833444667,0.607231772377001,0.025,0.0338983050847458,0.340845070422535,0,0,0,0.40745501285347,0,0,0,0,0.514254975793437,0.505064456721915,0,0,0.307377288948692,0,0,0,0.142857142857143,0.084124347413384,0.0894905920146856,0,0.269344781764285,0,0,"RB"
0.754225978647687,0.346410146173689,0.0833333333333333,0,0,0,0,0.439868204283361,0.333333333333333,0.333333333333333,0,0.526758869512928,0.551840269425066,0.386328211979515,0.76751630112626,0.3,0.0621468926553673,0.329577464788732,0,0,0,0.859897172236504,0,0,0,0,0.730500268961808,0.505985267034991,0,0,0.0728953372725677,0,0,0,0,0.339345040341718,0.147085819183112,0,0.511499540018399,0,0,"RB"
0.385231316725979,0.199806534823732,0,0,0,0,0,0.411861614497529,0.0833333333333333,0.166666666666667,0,0.526758869512928,0.253307673803223,0.35292807837898,0.472554831061055,0.05,0.135593220338983,0.377464788732394,0,0,0,0.264781491002571,0,0,0,0,0.431414739107047,0.400552486187845,0,0,0.119581115076347,0,0,0,0.285714285714286,0.074750830564784,0.351766865534649,0,0.185525912296842,0,0,"RB"
0.438834519572954,0.264211330849336,0,0,0,0,0,0.538714991762768,0.0833333333333333,0.0833333333333333,0,0.526758869512928,0.513832090449844,0.735025606769094,0.649081209247184,0.025,0.0310734463276836,0.332394366197183,0,0,0,0.43573264781491,0,0,0,0,0.524475524475524,0.505985267034991,0,0,0.425554320482069,0,0,0,0.142857142857143,0.102278120550546,0.0800826067003212,0,0.313503015434938,0,0,"RB"
0.314501779359431,0.199197477787332,0,0,0,0,0,0.494233937397035,0.0416666666666667,0.0833333333333333,0,0.526758869512928,0.17296127014674,0.222667557336896,0.383402489626556,0.025,0.115819209039548,0.349295774647887,0,0,0,0.3573264781491,0,0,0,0,0.332436793975256,0.224677716390424,0,0,0.0738898964488387,0,0,0,0.142857142857143,0.0838870431893688,0.380449747590638,0,0.175201880813656,0,0,"RB"
0.314501779359431,0.164911149326455,0,0,0,0,0,0.299835255354201,0.0833333333333333,0.0833333333333333,0,0.526758869512928,0.160452249218186,0.222667557336896,0.383402489626556,0,0.141242937853107,0.43943661971831,0,0,0,0.174807197943445,0,0,0,0,0.332436793975256,0.228360957642726,0,0,0.0738898964488387,0,0,0.0555555555555556,0.428571428571429,0.0620550545799715,0.409132629646627,0.125,0.136358990084841,0,0,"RB"
0.519128113879003,0.278828699722939,0,0,0,0,0,0.4332784184514,0.0833333333333333,0.166666666666667,0,0.526758869512928,0.289150829925427,0.346693386773547,0.565500889152342,0.05,0.115819209039548,0.369014084507042,0,0,0,0.303341902313625,0,0,0,0,0.521785906401291,0.568139963167588,0,0,0.102439595155912,0,0,0,0.142857142857143,0.100498338870432,0.248049564020193,0,0.2229377491567,0,0,"RB"
0.222419928825623,0.17998232540365,0,0,0,0,0,0.471169686985173,0.0416666666666667,0.0833333333333333,0,0.526758869512928,0.116911234063026,0.204408817635271,0.286899822169532,0,0.161016949152543,0.357746478873239,0,0,0,0.403598971722365,0,0,0,0,0.22270037654653,0.921731123388582,0,0.123737125353043,0.052009594570877,0,0,0,0,0.0859041290934979,0.504818724185406,0,0.169784319738322,0,0,"RB"
0.482651245551601,0.249880577051686,0,0,0,0,0,0.507413509060956,0.0833333333333333,0.0833333333333333,0,0.526758869512928,0.221794563387058,0.216210198174126,0.524362774155305,0.05,0.0903954802259888,0.343661971830986,0,0,0,0.428020565552699,0,0,0,0,0.456159225389995,0.673112338858195,0,0.133559093400031,0.0642368220909144,0,0,0,0,0.108329378262933,0.321248279027077,0,0.218644587549831,0,0,"RB"
0.536921708185053,0.282351676698194,0,0,0,0,0,0.520593080724876,0.125,0.0833333333333333,0,0.5555221487272,0.294443108010584,0.30705856156758,0.59845880260818,0.025,0.0649717514124294,0.338028169014084,0,0,0,0.46401028277635,0,0,0,0,0.537923614846692,0.563996316758748,0,0.144083634268692,0.0988123793365705,0,0,0,0,0.125533934504034,0.237035337310693,0,0.261269549218031,0,0,"RB"
0.536921708185053,0.311670010509219,0,0,0,0,0,0.548599670510708,0.0833333333333333,0.166666666666667,0,0.514231308879535,0.313447197498196,0.30705856156758,0.59845880260818,0.05,0.15819209039548,0.329577464788732,0,0,0,0.444730077120823,0,0,0,0,0.537923614846692,0.572283609576427,0,0.281970576250228,0.0988123793365705,0,0,0,0,0.137517797816801,0.411886186324002,0,0.290401717264643,0,0,"RB"
0.497330960854092,0.284584885831661,0,0,0,0,0,0.57001647446458,0.0416666666666667,0.166666666666667,0,0.459510924032872,0.537887899927832,0.731240258294367,0.674925903971547,0.05,0.056497175141243,0.32112676056338,0,0,0,0.448586118251928,0,0,0,0,0.534158149542765,0.505985267034991,0,0.144996978936867,0.445913531855145,0,0,0,0.142857142857143,0.126127195064072,0.152822395594309,0,0.349586016559338,0,0,"RB"
0.561165480427046,0.384565778159931,0,0,0,0,0,0.520593080724876,0.0833333333333333,0.25,0,0.435257566646623,0.36997834977147,0.409040302827878,0.625963248369887,0.15,0.180790960451977,0.338028169014084,0,0,0,0.331619537275064,0,0,0,0,0.577729962345347,0.528084714548803,0,0.290527913218205,0.124378400514831,0,0,0,0,0.145586141433318,0.373106929784305,0,0.306143309823163,0,0,"RB"
0.550489323843416,0.326848667239897,0,0,0,0,0,0.533772652388797,0.0833333333333333,0.333333333333333,0,0.441070354780517,0.615588164541737,0.815853930082387,0.728630705394191,0.15,0.0706214689265537,0.332394366197183,0,0,0,0.408740359897172,0,0,0,0,0.594405594405594,0.505985267034991,0,0.325389576629618,0.550108231439771,0,0,0,0,0.143213099193166,0.141349242771914,0,0.378718184605949,0,0,"RB"
0.630782918149466,0.584336486099169,0,0,0,0,0,0.535420098846787,0.25,0.5,0,0.441471236720786,0.661294202549916,0.652193275439768,0.798103141671607,0.425,0.0903954802259888,0.332394366197183,0,0,0,0.404884318766067,0,0,0,0,0.678859601936525,0.505985267034991,0,0.531482288139166,0.248113262739133,0,0,0,0,0.14938300901756,0.183799908214777,0,0.412347950526423,0,0,"RB"
0.550711743772242,0.35085267985096,0,0,0,0,0,0.494233937397035,0.125,0.166666666666667,0,0.507215874924835,0.330286264132788,0.334001336005344,0.613040901007706,0.05,0.115819209039548,0.349295774647887,0,0,0,0.372750642673522,0,0,0,0,0.560516406670253,0.469613259668508,0,0.143198392513384,0.110922599894694,0,0,0,0,0.13312766967252,0.265718219366682,0,0.277113359910048,0,0,"RB"
0.497108540925267,0.30906659023598,0,0,0,0,0,0.471169686985173,0.0833333333333333,0.25,0,0.501202645820806,0.359634351695935,0.43976842574037,0.586129223473622,0.025,0.161016949152543,0.357746478873239,0,0,0,0.33547557840617,0,0,0,0,0.517482517482518,0.528084714548803,0,0.14232720221451,0.175802960276136,0,0,0,0,0.128500237304224,0.279486002753557,0,0.282122048451395,0,0,"RB"
0.529359430604982,0.309986146937996,0,0,0,0,0,0.507413509060956,0.0416666666666667,0.333333333333333,0,0.419723391461215,0.433245128698581,0.50144733912269,0.646235921754594,0.125,0.175141242937853,0.343661971830986,0,0,0,0.353470437017995,0,0,0,0,0.561592253899946,0.502302025782689,0,0.291876853035817,0.218451997893875,0,0,0,0.142857142857143,0.131941148552444,0.35819183111519,0,0.324338137585608,0,0,"RB"
0.536476868327402,0.315228814368969,0,0,0,0,0,0.558484349258649,0.0833333333333333,0.333333333333333,0,0.499899779514933,0.732018282415203,0.987975951903808,0.780438648488441,0.2,0.0480225988700565,0.323943661971831,0,0,0,0.443444730077121,0,0,0,0,0.584185045723507,0.505985267034991,0,0.33571739710821,0.97525302755514,0,0,0,0,0.133839582344566,0.0991280403854979,0,0.425022999080037,0,0,"RB"
0.498887900355872,0.267065539314035,0,0,0,0,0,0.515650741350906,0,0.333333333333333,0,0.37843255161355,0.464998797209526,0.561567579603652,0.657024303497333,0.1,0.14406779661017,0.340845070422535,0,0,0,0.354755784061697,0,0,0,0,0.537923614846692,0.505064456721915,0,0.285075948122023,0.294331012695255,0,0,0,0.285714285714286,0.126957759848125,0.340752638825149,0,0.332413370131861,0,0,"RB"
0.497553380782918,0.264079965606191,0,0,0,0,0,0.523887973640857,0,0.333333333333333,0,0.38685107235919,0.518402694250661,0.65642395902917,0.680853586247777,0.1,0.107344632768362,0.338028169014084,0,0,0,0.379177377892031,0,0,0,0,0.537923614846692,0.505985267034991,0,0.28847640057892,0.393728426841397,0,0,0,0.285714285714286,0.12672045562411,0.266865534648921,0,0.3475416538894,0,0,"RB"
0.536476868327402,0.349539027419509,0,0,0,0,0,0.504118616144975,0.0833333333333333,0.666666666666667,0,0.471236720785729,0.639162857830166,0.840347361389446,0.735625370480142,0.2,0.127118644067797,0.343661971830986,0,0,0,0.363753213367609,0,0,0,0,0.583647122108661,0.505985267034991,0,0.326134303820591,0.601357280758205,0,0,0,0,0.134076886568581,0.193666819642038,0,0.392006541960544,0,0,"RB"
0.565836298932384,0.380923378236362,0,0,0,0,0,0.500823723228995,0.0833333333333333,0.333333333333333,0,0.419322509520946,0.415684387779649,0.486973947895792,0.642086544161233,0.15,0.19774011299435,0.346478873239437,0,0,0,0.358611825192802,0,0,0,0,0.592253899946208,0.512891344383057,0,0.298031390953672,0.161645117884514,0,0,0,0,0.144636924537257,0.34832491968793,0,0.320351630379229,0,0,"RB"
0.533585409252669,0.316602178274577,0.0833333333333333,0,0,0,0,0.532125205930807,0.0833333333333333,0.333333333333333,0,0.503908598917619,0.678133269184508,0.900467601870407,0.751511558980439,0.2,0.0621468926553673,0.326760563380281,0,0,0,0.43573264781491,0,0,0,0,0.580957504034427,0.505985267034991,0,0.331642474742507,0.719651319253495,0,0,0,0,0.163502610346464,0.116796695731987,0,0.419094347337218,0,0,"RB"
0.601868327402135,0.415149995223082,0,0,0,0,0,0.494233937397035,0.0833333333333333,0.333333333333333,0,0.341050310683504,0.396439740197258,0.427967045201514,0.639122703023118,0.05,0.22316384180791,0.349295774647887,0,0,0,0.34318766066838,0,0,0,0,0.606239913932222,0.493093922651934,0,0.293281998679163,0.131457321710642,0,0,0,0,0.156502135738016,0.382285452042221,0,0.316773995706838,0,0,"RB"
0.593861209964413,0.38429110537881,0,0,0,0,0,0.548599670510708,0.125,0.166666666666667,0,0.548606935257567,0.457782054366129,0.49209530171454,0.68606994665086,0.175,0.0734463276836159,0.329577464788732,0,0,0,0.437017994858612,0,0,0,0,0.616998386229155,0.505064456721915,0,0.1561819382579,0.194524074182414,0,0,0,0,0.149857617465591,0.18242312987609,0,0.329755698660943,0,0,"RB"
0.588078291814947,0.346374319289195,0,0,0,0,0,0.548599670510708,0.0833333333333333,0.166666666666667,0,0.545299659250351,0.385374067837383,0.427967045201514,0.635684647302905,0.15,0.101694915254237,0.329577464788732,0,0,0,0.429305912596401,0,0,0,0,0.585798816568047,0.494475138121547,0,0.150294378012281,0.163400222313228,0,0,0,0,0.149264356905553,0.244607618173474,0,0.30624552795666,0,0,"RB"
0.588078291814947,0.276834336486099,0,0,0,0,0,0.548599670510708,0.0833333333333333,0.166666666666667,0,0.55061134495891,0.576136636997835,0.761077710977511,0.713811499703616,0.15,0.0451977401129944,0.326760563380281,0,0,0,0.446015424164524,0,0,0,0,0.588488434642281,0.505985267034991,0,0.157109334382509,0.530977593166793,0,0,0,0,0.149264356905553,0.106470858191831,0,0.362056628845957,0,0,"RB"
0.521129893238434,0.374510365911914,0,0,0,0,0,0.548599670510708,0,0.333333333333333,0,0.274804570054119,0.361558816454174,0.334001336005344,0.60877296976882,0.1,0.375706214689266,0.329577464788732,0,0,0,0.314910025706941,0,0,0,0,0.537923614846692,0.461325966850829,0,0.268481178074107,0.130930790382028,0,0,0,0.285714285714286,0.148552444233507,0.619550252409362,0,0.316773995706838,0,0,"RB"
0.482651245551601,0.294783605617655,0,0,0,0,0,0.365733113673806,0.0416666666666667,0.25,0,0.407496492283023,0.243204233822468,0.216210198174126,0.524362774155305,0,0.355932203389831,0.394366197183098,0,0,0,0.199228791773779,0,0,0,0,0.456159225389995,0.717771639042357,0,0.128121179760282,0.0642368220909144,0,0,0,0.285714285714286,0.126483151400095,0.680587425424507,0,0.243483593989574,0,0,"RB"
0.575622775800712,0.384971816184198,0,0,0,0,0,0.527182866556837,0.125,0.25,0,0.46873120865905,0.41183545826317,0.41393898908929,0.663189093064612,0.125,0.141242937853107,0.335211267605634,0,0,0,0.39974293059126,0,0,0,0,0.602474448628295,0.512430939226519,0,0.297933030758638,0.156204294155502,0,0,0,0,0.143925011865211,0.313446535107848,0,0.321884902381683,0,0,"RB"
0.482651245551601,0.307896245342505,0,0,0,0,0,0.658978583196046,0.0416666666666667,0,0.0454545454545455,0.582882341150531,0.244166466201588,0.216210198174126,0.524362774155305,0,0.0847457627118645,0.312676056338028,0,0,0,0.602827763496144,0,0,0,0,0.456159225389995,0.69060773480663,0,0,0.0642368220909144,0,0,0.0555555555555556,0,0.140602752728999,0.35933914639743,0.125,0.270571399366248,0,0,"RB"
0.689056939501779,0.362950224515143,0.0833333333333333,0,0,0,0,0.28995057660626,0,0.25,0,0.526758869512928,0.392590810680779,0.334001336005344,0.67551867219917,0.075,0.23728813559322,0.385915492957747,0,0,0,0.344473007712082,0,0,0,0,0.598171059709521,0.466850828729282,0,0.278373403403263,0.118645059381033,0,0,0.0555555555555556,0.285714285714286,0.287731371618415,0.478430472693896,0.125,0.449555351119289,0,0,"RB"
0.492437722419929,0.324137766313175,0.0833333333333333,0,0,0,0,0.449752883031301,0.0416666666666667,0.166666666666667,0,0.452796151533373,0.338946355544864,0.324871966154531,0.543094250148192,0.025,0.282485875706215,0.349295774647887,0,0,0,0.39974293059126,0,0,1,0,0.485207100591716,0.384898710865562,0,0.134711312827575,0.0940735973790441,0,0,0,0,0.183673469387755,0.419687930243231,0,0.332720024532352,0,0.037037037037037,"RB"
0.689056939501779,0.278243527276201,0.0833333333333333,0,0,0,0,0.449752883031301,0.0416666666666667,0.333333333333333,0,0.526758869512928,0.523454414241039,0.648185259407704,0.717842323651452,0.1,0.0988700564971752,0.346478873239437,0,0,0,0.392030848329049,0,0,0,0,0.603012372243142,0.505985267034991,0,0.145629294476372,0.363131106300825,0,0,0,0.285714285714286,0.259017560512577,0.227627351996329,0,0.432996013492794,0,0,"RB"
0.527580071174377,0.317545619566256,0,0,0,0,0,0.634266886326194,0.0833333333333333,0,0,0.776808979755462,0.381284580226125,0.427967045201514,0.630705394190871,0,0.019774011299435,0.298591549295774,0,0,0,0.546272493573265,0,0,0,0,0.554599246906939,0.495395948434623,0,0,0.173638331480723,0,0,0,0,0.130042714760323,0.129876089949518,0,0.305836655422672,0,0,"RB"
0.482651245551601,0.169079010222604,0,0,0,0,0,0.449752883031301,0.0416666666666667,0.166666666666667,0,0.526758869512928,0.231657445273033,0.310175907370296,0.539300533491405,0.025,0.200564971751413,0.363380281690141,0,0,0,0.199228791773779,0.00680272108843537,0,0,0,0.653039268423884,0.401012891344383,0,0,0.0642368220909144,0,0,0,0.142857142857143,0.125533934504034,0.298301973382285,0,0.243892466523561,0,0,"RB"
0.400800711743772,0.243455622432407,0,0,0,0,0,0.520593080724876,0.0833333333333333,0.0833333333333333,0,0.526758869512928,0.289150829925427,0.434201736806947,0.500296384113811,0.025,0.0649717514124294,0.338028169014084,0,0,0,0.393316195372751,0,0,0,0,0.456159225389995,0.565377532228361,0,0,0.142806997016322,0,0,0,0.142857142857143,0.099311817750356,0.204222120238642,0,0.225084329960135,0,0,"RB"
0.497108540925267,0.271639438234451,0,0,0,0,0,0.461285008237232,0.0833333333333333,0.166666666666667,0,0.526758869512928,0.344238633630022,0.43976842574037,0.586129223473622,0.05,0.0903954802259888,0.36056338028169,0,0,0,0.352185089974293,0,0,0,0,0.517482517482518,0.525782688766114,0,0,0.175802960276136,0,0,0,0.142857142857143,0.100261034646417,0.194584671867829,0,0.245221302259021,0,0,"RB"
0.612099644128114,0.381090570364001,0,0,0,0,0,0.510708401976936,0.166666666666667,0.5,0,0.495991180597314,0.58768342554727,0.6729013582721,0.745820983995258,0.25,0.121468926553672,0.340845070422535,0,0,0,0.367609254498715,0,0,0,0,0.624529316837009,0.505985267034991,0,0.32641533294926,0.470484993857134,0,0,0,0,0.140484100616991,0.208352455254704,0,0.378309312071962,0,0,"RB"
0.58229537366548,0.468066303620904,0,0,0,0,0,0.548599670510708,0.0833333333333333,0.333333333333333,0,0.42303066746843,0.423622804907385,0.398574927633044,0.663189093064612,0.15,0.220338983050847,0.329577464788732,0,0,0,0.38560411311054,0,0,0,0,0.611081226465842,0.513351749539595,0,0.29038739865387,0.12683554671503,0,0,0,0,0.14546748932131,0.386645250114731,0,0.335786568537259,0,0,"RB"
0.569839857651246,0.400699818477119,0.0833333333333333,0,0,0,0,0.164744645799012,0,0.166666666666667,0,0.455301663660052,0.344960307914361,0.204408817635271,0.593953764078245,0,0.353107344632769,0.430985915492958,0,0,0,0.37146529562982,0,0,0,0,0.537923614846692,0.379834254143646,0,0.132940829316959,0.0630082489908149,0,0,0,0.571428571428571,0.242050308495491,0.615190454336852,0.25,0.399979556373301,0,0,"RB"
0.616103202846975,0.249582019680902,0,0,0,0,0.111111111111111,0.686985172981878,0.125,0,0,0.526758869512928,0.389704113543421,0.263861055444222,0.676704208654416,0,0.0254237288135593,0.27887323943662,0,0,0,0.560411311053984,0.00680272108843537,0,0,0,0.664873587950511,0.511510128913444,0,0,0.0758205113204236,0,0,0,0,0.163621262458472,0.0917852225791647,0,0.32362261065113,0,0,"RB"
0.559830960854093,0.219535205885163,0,0,0.0555555555555556,0,0.0555555555555556,0.658978583196046,0.0416666666666667,0,0.0227272727272727,0.526758869512928,0.367813326918451,0.313738588287687,0.618494368701838,0,0.0536723163841808,0.301408450704225,0,0,0,0.517994858611825,0.00680272108843537,0,0,0,0.618074233458849,0.494935543278085,0,0,0.0931375416837302,0,0,0.0555555555555556,0.285714285714286,0.152586616041766,0.139284075263882,0.125,0.30328120208525,0,0,"RB"
0.536921708185053,0.278386834814178,0,0,0,0,0.0555555555555556,0.761120263591433,0,0.0833333333333333,0,0.526758869512928,0.322347847005052,0.178579380984191,0.593835210432721,0.05,0.115819209039548,0.253521126760564,0,0,0,0.515424164524422,0.00680272108843537,0,0,0,0.592253899946208,0.469152854511971,0,0,0.0310653483882291,0,0.0833333333333333,0,0.142857142857143,0.154129093497864,0.242542450665443,0,0.295819278339978,0,0,"RB"
0.607651245551601,0.301901213337155,0,0,0,0,0.111111111111111,0.706754530477759,0,0.166666666666667,0,0.526758869512928,0.356266538369016,0.194834112669784,0.640782454060463,0.1,0.18361581920904,0.273239436619718,0,0,0,0.457583547557841,0.00680272108843537,0,0,0,0.64228079612695,0.527624309392265,0,0,0.0239864271924179,0,0.166666666666667,0,0.285714285714286,0.166468913146654,0.332721431849472,0,0.315956250638863,0,0,"RB"
0.579848754448399,0.280381198051017,0,0,0,0,0.111111111111111,0.678747940691928,0,0.166666666666667,0,0.526758869512928,0.378638441183546,0.264306390558896,0.646947243627742,0.1,0.152542372881356,0.281690140845071,0,0,0,0.451156812339332,0.00680272108843537,0,0,0,0.64228079612695,0.494014732965009,0,0,0.0643538290528286,0,0.166666666666667,0,0.142857142857143,0.163977218794495,0.245525470399266,0,0.321067157313707,0,0,"RB"
0.644572953736655,0.285862711378619,0,0,0,0,0.166666666666667,0.670510708401977,0,0.166666666666667,0,0.526758869512928,0.458744286745249,0.344244043642841,0.698636633076467,0.1,0.1045197740113,0.284507042253521,0,0,0,0.494858611825193,0.00680272108843537,0,0,0,0.701990317374933,0.505064456721915,0,0,0.091031416369274,0,0.166666666666667,0,0,0.173469387755102,0.166360715924736,0,0.352345906163754,0,0,"RB"
0.6605871886121,0.329977548485717,0.25,0,0,0,0.222222222222222,0.761120263591433,0,0.0833333333333333,0,0.526758869512928,0.509020928554246,0.191716766867067,0.697806757557795,0.05,0.327683615819209,0.216901408450704,0,0,0,0.605398457583548,0.00680272108843537,0,1,0,0.703066164604626,0.512891344383057,0,0,0.0303048031357866,0,0.333333333333333,0,0.142857142857143,0.218201233981965,0.328820559889858,0,0.433098231626291,0,0.111111111111111,"RB"
0.618772241992882,0.253952899589185,0,0,0,0,0.111111111111111,0.7166392092257,0.0833333333333333,0.0833333333333333,0,0.526758869512928,0.420976665864806,0.283455800489869,0.684410195613515,0.05,0.076271186440678,0.267605633802817,0,0,0,0.53598971722365,0.00680272108843537,0,0,0,0.672942442173211,0.502762430939227,0,0.14456138378743,0.0881647458023753,0,0,0,0,0.166587565258662,0.198715006883892,0,0.339466421343146,0,0,"RB"
0.638122775800712,0.294329798414063,0,0,0,0,0.166666666666667,0.673805601317957,0.0416666666666667,0.25,0,0.526758869512928,0.447438056290594,0.340236027610777,0.69176052163604,0.15,0.172316384180791,0.284507042253521,0,0,0,0.458868894601542,0.00680272108843537,0,0,0,0.693921463152232,0.507826887661142,0,0.145249905152669,0.0878137249166325,0,0.166666666666667,0,0.142857142857143,0.175130517323208,0.294401101422671,0,0.35214146989676,0,0,"RB"
0.701957295373665,0.196868730295214,0,0,0,0,0.222222222222222,0.915980230642504,0,0.5,0,0.19643215073161,0.539812364686072,0.167000668002672,0.787077652637819,0.4,0.412429378531074,0.2,0,0,0,0.465295629820052,0.0408163265306122,0,0,0,0.824098977945132,0.505985267034991,0,0.628605955007236,0.0622477037383724,0,0,0,0,0.203962980541054,0.413951353832033,0,0.418072166002249,1,0,"RB"
0.683274021352313,0.295153816757428,0,0,0,0,0.111111111111111,0.658978583196046,0.0833333333333333,0.333333333333333,0,0.424934856684706,0.513350974260284,0.41750167000668,0.728630705394191,0.25,0.166666666666667,0.290140845070422,0,0,0,0.446015424164524,0.00680272108843537,0,0,0,0.725658956428187,0.505985267034991,0,0.324420026135709,0.132393377405956,0,0,0,0,0.181063122923588,0.275355667737494,0,0.380762547275887,0.5,0,"RB"
0.683718861209964,0.170094105283271,0,0,0,0,0.166666666666667,0.728171334431631,0.0416666666666667,0.333333333333333,0,0.424032872319102,0.599711330286264,0.348029392117569,0.768701837581506,0.325,0.129943502824859,0.264788732394366,0,0,0,0.488431876606684,0.0136054421768707,0,0,0,0.728886498117267,0.505985267034991,0,0.341900037938932,0.248054759258176,0,0,0,0,0.181656383483626,0.215465810004589,0,0.417867729735255,0.5,0,"RB"
0.683274021352313,0.285420846469858,0,0,0,0,0.111111111111111,0.72158154859967,0,0.333333333333333,0,0.410002004409701,0.544623526581669,0.47272322422623,0.735625370480142,0.3,0.163841807909604,0.267605633802817,0,0,0,0.47814910025707,0.00680272108843537,0,0,0,0.726734803657881,0.505985267034991,0,0.328930543650849,0.169543087813725,0,0,0,0,0.181300427147603,0.283845800826067,0,0.394459777164469,0.5,0,"RB"
0.639679715302491,0.27258287952613,0,0,0,0,0.111111111111111,0.686985172981878,0,0.333333333333333,0,0.440769693325316,0.487611258118836,0.354041416165665,0.718672199170125,0.25,0.206214689265537,0.27887323943662,0,0,0,0.437017994858612,0.00680272108843537,0,0,0,0.697686928456159,0.506445672191529,0,0.309848665814212,0.124553910957702,0,0,0,0,0.176554342667299,0.313446535107848,0,0.375549422467546,0.5,0,"RB"
0.63211743772242,0.260401738798127,0,0,0,0,0.111111111111111,0.686985172981878,0.0833333333333333,0.166666666666667,0,0.43956704750451,0.444070242963676,0.280115787129815,0.706816834617664,0.1,0.115819209039548,0.27887323943662,0,0,0,0.482005141388175,0.00680272108843537,0,0,0,0.687466379774072,0.507826887661142,0,0.147287366335521,0.0976423097174282,0,0,0,0.142857142857143,0.172164214523018,0.262505736576411,0,0.354185832566697,0,0,"RB"
0.663256227758007,0.244817044043183,0,0,0,0,0.111111111111111,0.878088962108731,0,0.25,0,0.416416115453999,0.444070242963676,0.169672678690715,0.717486662714879,0.2,0.26271186440678,0.211267605633803,0,0,0,0.496143958868895,0.0204081632653061,0,0,0,0.766003227541689,0.507826887661142,0,0.30443885508733,0.0341075293979992,0,0,0,0,0.189724727100142,0.334327673244608,0,0.369007461923745,0.5,0,"RB"
0.629003558718861,0.172303429827076,0,0,0,0,0.111111111111111,0.823723228995058,0,0.333333333333333,0,0.38474644217278,0.551840269425066,0.130037853484747,0.740960284528749,0.25,0.194915254237288,0.230985915492958,0,0,0,0.494858611825193,0.0136054421768707,0,0,0,0.680473372781065,0.505985267034991,0,0.322649542625093,0.231498274147312,0,0,0,0,0.171808258186996,0.270995869664984,0,0.405090463048145,0,0,"RB"
0.693950177935943,0.295524027897201,0,0,0,0,0.166666666666667,0.606260296540362,0.125,0.5,0,0.348867508518741,0.628337743565071,0.538632821197952,0.782928275044458,0.45,0.132768361581921,0.307042253521127,0,0,0,0.426735218508997,0.00680272108843537,0,0,0,0.753093060785368,0.505985267034991,0,0.518568999676816,0.17106417831861,0,0,0,0,0.188063597532036,0.232675539238183,0,0.420627619339671,0.75,0,"RB"
0.607651245551601,0.272248495270851,0,0,0,0,0.0555555555555556,0.769357495881384,0,0.166666666666667,0,0.438665063138906,0.386576858311282,0.264306390558896,0.648251333728512,0.1,0.177966101694915,0.250704225352113,0,0,0,0.47814910025707,0.00680272108843537,0,0,0,0.64228079612695,0.494014732965009,0,0.143338907077719,0.0710817293628971,0,0,0,0.142857142857143,0.165638348362601,0.334786599357503,0,0.331595625063886,0,0,"RB"
0.616103202846975,0.276440240756664,0,0,0.0277777777777778,0,0.111111111111111,0.678747940691928,0,0.166666666666667,0.0454545454545455,0.433453597915414,0.410151551599711,0.263861055444222,0.676704208654416,0.1,0.189265536723164,0.295774647887324,0,0,0,0.457583547557841,0.00680272108843537,0,0,0,0.664873587950511,0.512891344383057,0,0.144322509028061,0.0758205113204236,0,0.0833333333333333,0.111111111111111,0.428571428571429,0.170859041290935,0.351766865534649,0.125,0.34457732801799,0,0,"RB"
0.656361209964413,0.23123865481991,0,0,0,0,0.111111111111111,0.637561779242175,0.0833333333333333,0.25,0,0.480256564441772,0.492181861919654,0.461144511244712,0.719264967397747,0.225,0.127118644067797,0.295774647887324,0,0,0,0.462724935732648,0.00680272108843537,0,0,0,0.693921463152232,0.505524861878453,0,0.161099948009611,0.193061487158486,0,0.0833333333333333,0,0.142857142857143,0.175130517323208,0.242083524552547,0,0.366452008586323,0.25,0,"RB"
0.650133451957295,0.299679946498519,0,0,0,0,0.111111111111111,0.72158154859967,0,0.25,0,0.415213469633193,0.41303824873707,0.263861055444222,0.68014226437463,0.175,0.234463276836158,0.267605633802817,0,0,0,0.442159383033419,0.00680272108843537,0,0,0,0.681549220010758,0.512891344383057,0,0.14419604592016,0.0654653951910139,0,0.0833333333333333,0,0.285714285714286,0.174893213099193,0.397659476824231,0,0.346110600020444,0,0,"RB"
0.661032028469751,0.309257666953282,0,0,0,0,0.111111111111111,0.706754530477759,0.0416666666666667,0.333333333333333,0,0.361595510122269,0.473658888621602,0.335782676464039,0.711203319502075,0.2,0.234463276836158,0.273239436619718,0,0,0,0.447300771208226,0.00680272108843537,0,0,0,0.703066164604626,0.505064456721915,0,0.297680104542836,0.104370210027497,0,0.0833333333333333,0,0.142857142857143,0.177266255339345,0.372418540614961,0,0.373096187263621,0,0,"RB"
0.632784697508897,0.236899302569982,0,0,0,0,0.111111111111111,0.658978583196046,0.0416666666666667,0.333333333333333,0,0.451994387652836,0.513350974260284,0.473168559340904,0.724007113218732,0.2,0.166666666666667,0.290140845070422,0,0,0,0.455012853470437,0.00680272108843537,0,0,0,0.689618074233459,0.505985267034991,0,0.318546517346523,0.181653308371848,0,0.0833333333333333,0,0,0.172164214523018,0.275355667737494,0,0.380047020341409,0,0,"RB"
0.736209964412811,0.317426196617942,0.0833333333333333,0,0,0,0.0555555555555556,0.617792421746293,0,0.25,0,0.526758869512928,0.452489776280972,0.263861055444222,0.720331950207469,0.15,0.245762711864407,0.253521126760564,0,0,0,0.492287917737789,0.00680272108843537,0,0,0,0.692845615922539,0.512891344383057,0,0.291947110317984,0.0750014625870239,0,0.0833333333333333,0,0.142857142857143,0.292714760322734,0.41096833409821,0,0.465808034345293,0,0,"RB"
0.536921708185053,0.176375752364574,0,0,0,0,0,0.581548599670511,0,0.0833333333333333,0,0.573261174584085,0.302381525138321,0.178579380984191,0.593835210432721,0.05,0.0790960451977402,0.315492957746479,0,0,0,0.429305912596401,0.00680272108843537,0,0,0,0.592253899946208,0.474217311233886,0,0.147020388663285,0.0310653483882291,0,0,0,0,0.127788324632178,0.19343735658559,0,0.258509659613615,0,0,"RB"
0.65903024911032,0.230737078436992,0,0,0,0,0.166666666666667,0.86326194398682,0,0.166666666666667,0,0.43816396071357,0.47822949242242,0.219327543976843,0.723532898636633,0.1,0.146892655367231,0.216901408450704,0,0,0,0.556555269922879,0.0204081632653061,0,0,0,0.731038192576654,0.506445672191529,0,0.149577753734175,0.0771075879014801,0,0,0,0.142857142857143,0.191504508780256,0.257687012391005,0,0.384646836348768,0,0,"RB"
0.639902135231317,0.225900449030286,0,0,0,0,0.166666666666667,0.775947281713344,0,0.25,0,0.526758869512928,0.436612942025499,0.209975506568693,0.698992294013041,0.15,0.225988700564972,0.247887323943662,0,0,0,0.488431876606684,0.0204081632653061,0,0,0,0.731576116191501,0.507826887661142,0,0.144870515828966,0.061545661966887,0,0.166666666666667,0,0,0.178927384907451,0.257916475447453,0,0.354594705100685,0,0,"RB"
0.536921708185053,0.24374223750836,0,0,0,0,0,0.686985172981878,0,0.0833333333333333,0.0227272727272727,0.530867909400682,0.32571566033197,0.178579380984191,0.593835210432721,0.05,0.166666666666667,0.298591549295774,0,0,0,0.502570694087404,0.00680272108843537,0,0,0,0.592253899946208,0.468232044198895,0,0.144013376986525,0.0310653483882291,0,0,0.111111111111111,0.142857142857143,0.150450878025629,0.291647544745296,0.125,0.295614842072984,0,0,"RB"
0.65903024911032,0.24400496799465,0,0,0.0277777777777778,0,0.111111111111111,0.823723228995058,0,0.166666666666667,0.0681818181818182,0.427039486871116,0.479913399085879,0.219327543976843,0.723532898636633,0.05,0.177966101694915,0.242253521126761,0,0,0,0.532133676092545,0.0204081632653061,0,0,0,0.731038192576654,0.506445672191529,0,0.148692511978867,0.0771075879014801,0,0,0.222222222222222,0.142857142857143,0.193640246796393,0.275355667737494,0.125,0.3868956352857,0,0,"RB"
0.620329181494662,0.247205503009458,0,0,0,0,0,0.507413509060956,0.125,0.333333333333333,0,0.494888755261575,0.4354101515516,0.317301269205077,0.701481920569057,0.15,0.175141242937853,0.343661971830986,0,0,0,0.367609254498715,0.00680272108843537,0,0,0,0.685314685314685,0.507826887661142,0,0.148692511978867,0.106066810975253,0,0,0,0,0.143569055529188,0.249885268471776,0,0.327506899724011,0,0,"RB"
0.525355871886121,0.18971529569122,0,0,0,0,0,0.520593080724876,0,0.0833333333333333,0.0454545454545455,0.549308478653037,0.333413519364927,0.167000668002672,0.60438648488441,0.05,0.0988700564971752,0.352112676056338,0,0,0,0.403598971722365,0.00680272108843537,0,0,0,0.586874663797741,0.524861878453039,0,0.148551997414532,0.033522494588428,0,0,0.111111111111111,0.142857142857143,0.129093497864262,0.198715006883892,0.125,0.269753654298273,0,0,"RB"
0.663478647686833,0.413107862806917,0,0,0,0,0,0.380560131795717,0.0833333333333333,0.5,0,0.526758869512928,0.432523454414241,0.399020262747718,0.699466508595139,0.2,0.245762711864407,0.388732394366197,0,0,0,0.190231362467866,0,0,0,0,0.670790747713825,0.502302025782689,0,0,0.129994734686714,0,0,0,0.857142857142857,0.134076886568581,0.5110142267095,0,0.302872329551262,0,0,"RB"
0.662144128113879,0.130600936275915,0,0,0,0,0,0.520593080724876,0.0416666666666667,0.5,0,0.493084786530367,0.636516718787587,0.86083277666444,0.7778304682869,0.225,0.0960451977401131,0.338028169014084,0,0,0,0.377892030848329,0.00680272108843537,0,0,0,0.732114039806348,0.505985267034991,0,0.165188921831748,0.59375182823378,0,0,0,0.428571428571429,0.14594209776934,0.183570445158329,0,0.389451088623122,0,0,"RB"
0.70373665480427,0.268140345848858,0,0,0.0277777777777778,0,0,0.439868204283361,0.0833333333333333,0.5,0.0227272727272727,0.480457005411906,0.492662978109213,0.31997327989312,0.749140486069947,0.225,0.240112994350283,0.374647887323944,0,0,0,0.282776349614396,0.00680272108843537,0,0,0,0.754168908015062,0.505524861878453,0,0.150926693551787,0.0957701983268004,0,0,0.166666666666667,0.714285714285714,0.15234931181775,0.410509407985314,0.125,0.349688234692834,0,0,"RB"
0.385231316725979,0.201896436419222,0,0,0,0,0,0.365733113673806,0.0416666666666667,0,0.0454545454545455,0.526758869512928,0.242723117632908,0.35292807837898,0.472554831061055,0,0.0621468926553673,0.419718309859155,0,0,0,0.329048843187661,0,0,0,0,0.431414739107047,0.408379373848987,0,0,0.119581115076347,0,0,0.111111111111111,0.428571428571429,0.0739202657807309,0.160624139513538,0.25,0.179699478687519,0,0,"RB"
0.437277580071174,0.253236361899303,0,0,0.0555555555555556,0,0,0.507413509060956,0.0833333333333333,0,0.0454545454545455,0.526758869512928,0.481356747654559,0.700512135381875,0.63402489626556,0,0.019774011299435,0.346478873239437,0,0,0,0.425449871465296,0,0,0,0,0.521785906401291,0.505985267034991,0,0,0.378225004387761,0,0,0.111111111111111,0.142857142857143,0.0875652586616042,0.0346489215236347,0.125,0.289481754063171,0,0,"RB"
0.441725978647687,0.257248972962645,0,0,0,0,0,0.528830313014827,0.0833333333333333,0.0833333333333333,0,0.526758869512928,0.592735145537647,0.84435537742151,0.695317131001778,0.025,0.0225988700564972,0.335211267605634,0,0,0,0.430591259640103,0,0,0,0,0.530930607853685,0.505985267034991,0,0,0.614930088340256,0,0,0,0.142857142857143,0.0881585192216421,0.0500229463056448,0,0.338444240008177,0,0,"RB"
0.497108540925267,0.236564918314703,0,0,0,0,0,0.487644151565074,0.0833333333333333,0.0833333333333333,0,0.526758869512928,0.337262448881405,0.43976842574037,0.586129223473622,0.025,0.0451977401129944,0.349295774647887,0,0,0,0.392030848329049,0,0,0,0,0.517482517482518,0.523941068139963,0,0,0.175802960276136,0,0,0,0.142857142857143,0.0945657332700522,0.143643873336393,0,0.236328324644792,0,0,"RB"
0.497330960854092,0.094953186204261,0,0,0,0,0,0.540362438220758,0.0416666666666667,0.0833333333333333,0,0.526758869512928,0.537887899927832,0.884880872856825,0.684647302904564,0.025,0.0282485875706215,0.332394366197183,0,0,0,0.419023136246787,0.00680272108843537,0,0,0,0.664873587950511,0.505985267034991,0,0,0.469841455566606,0,0,0,0,0.125177978168011,0.0330426801284993,0,0.33670653173873,0,0,"RB"
0.525355871886121,0.265668290818764,0,0,0,0,0,0.449752883031301,0.125,0.166666666666667,0,0.526758869512928,0.318258359393794,0.424404364284124,0.57913455838767,0.05,0.101694915254237,0.363380281690141,0,0,0,0.334190231362468,0,0,0,0,0.537923614846692,0.471915285451197,0,0,0.121687240390803,0,0,0,0.285714285714286,0.0959895586141433,0.275355667737494,0,0.228150873965041,0,0,"RB"
0.536921708185053,0.350339161173211,0,0,0,0,0,0.581548599670511,0.125,0.0833333333333333,0,0.6458208057727,0.3050276641809,0.30705856156758,0.59845880260818,0.025,0.0790960451977402,0.315492957746479,0,0,0,0.507712082262211,0,0,0,0,0.537923614846692,0.568139963167588,0,0.143015723579749,0.0988123793365705,0,0,0,0,0.142382534409112,0.264341441027995,0,0.28590411939078,0,0,"RB"
0.444839857651246,0.288095920512086,0,0,0,0,0,0.411861614497529,0.0416666666666667,0.166666666666667,0,0.443275205451994,0.190040894876113,0.180583389000223,0.491286307053942,0,0.271186440677966,0.377464788732394,0,0,0,0.273778920308483,0,0,0,0,0.393760086067778,0.189686924493554,0,0.126463107901134,0.032527935412157,0,0,0,0.142857142857143,0.123042240151875,0.619550252409362,0,0.231115199836451,0,0,"RB"
0.536476868327402,0.310272762013949,0,0,0,0,0,0.540362438220758,0.0833333333333333,0.333333333333333,0,0.493986770895971,0.707721914842434,0.956802493876642,0.770717249555424,0.15,0.0480225988700565,0.332394366197183,0,0,0,0.424164524421594,0,0,0,0,0.584185045723507,0.505985267034991,0,0.334073376705495,0.881237933657052,0,0,0,0,0.135026103464642,0.0968334098210188,0,0.409792497189001,0,0,"RB"
0.563612099644128,0.381926531002197,0,0,0,0,0,0.533772652388797,0.166666666666667,0.333333333333333,0,0.498697133694127,0.600192446475824,0.708305499888666,0.74819205690575,0.25,0.0734463276836159,0.335211267605634,0,0,0,0.40745501285347,0,0,0,0,0.613232920925229,0.505985267034991,0,0.331558166003906,0.44298835780729,0,0,0,0,0.135382059800664,0.157641119779715,0,0.378411530205458,0,0,"RB"
0.530693950177936,0.310989299703831,0,0,0,0,0,0.535420098846787,0.0833333333333333,0.333333333333333,0,0.517739025856885,0.63098388260765,0.840347361389446,0.735625370480142,0.2,0.0649717514124294,0.332394366197183,0,0,0,0.415167095115681,0,0,0,0,0.574502420656267,0.505985267034991,0,0.328480897044979,0.615807640554613,0,0,0,0,0.131585192216421,0.132400183570445,0,0.383624655013799,0,0,"RB"
0.503336298932384,0.285110346804242,0.0833333333333333,0,0,0,0,0.471169686985173,0,0.333333333333333,0,0.35838845460012,0.448881404859274,0.486973947895792,0.635328986366331,0.1,0.228813559322034,0.31830985915493,0,0,0,0.380462724935733,0,0,0,0,0.537923614846692,0.512891344383057,0,0.280087681088145,0.216404376060376,0,0,0,0.285714285714286,0.163265306122449,0.438733363928407,0,0.363998773382398,0,0,"RB"
0.482651245551601,0.311741664278208,0,0,0,0,0,0.494233937397035,0,0.0833333333333333,0.0227272727272727,0.47855281619563,0.241520327159009,0.216210198174126,0.524362774155305,0.025,0.177966101694915,0.371830985915493,0,0,0,0.39974293059126,0,0,0,0,0.456159225389995,0.701657458563536,0,0.133095395337727,0.0642368220909144,0,0,0.0555555555555556,0.285714285714286,0.131941148552444,0.474070674621386,0.125,0.254216498006746,0,0,"RB"
0.5894128113879,0.38542562338779,0,0,0.0277777777777778,0,0,0.515650741350906,0.125,0.166666666666667,0,0.542693926638605,0.444070242963676,0.475172567356936,0.680735032602253,0.125,0.0960451977401131,0.346478873239437,0,0,0,0.412596401028278,0,0,0,0,0.603550295857988,0.507826887661142,0,0.154018013967148,0.204294155502252,0,0,0.166666666666667,0,0.149501661129568,0.20766406608536,0.125,0.32852908105898,0,0,"RB"
0.522019572953737,0.315742333046718,0,0,0.0277777777777778,0,0,0.507413509060956,0.0416666666666667,0.166666666666667,0.0454545454545455,0.507416315894969,0.406302622083233,0.512135381874861,0.612211025489034,0.1,0.115819209039548,0.352112676056338,0,0,0,0.393316195372751,0,0,0,0,0.543840774610005,0.512430939226519,0,0.148032093526494,0.213771719417305,0,0,0.0555555555555556,0.142857142857143,0.135026103464642,0.240477283157412,0.125,0.301236839415312,0,0,"RB"
0.521129893238434,0.374510365911914,0,0,0,0,0,0.548599670510708,0,0.333333333333333,0,0.274804570054119,0.361558816454174,0.334001336005344,0.60877296976882,0.1,0.375706214689266,0.329577464788732,0,0,0,0.314910025706941,0,0,0,0,0.537923614846692,0.461325966850829,0,0.268481178074107,0.130930790382028,0,0,0,0.285714285714286,0.148552444233507,0.619550252409362,0,0.316773995706838,0,0,"RB"
0.569839857651246,0.335685965415114,0,0,0,0,0,0.411861614497529,0.0416666666666667,0.25,0,0.407997594708358,0.280490738513351,0.204408817635271,0.593953764078245,0.05,0.271186440677966,0.377464788732394,0,0,0,0.260925449871465,0,0,0,0,0.537923614846692,0.383977900552486,0,0.132772211839757,0.0630082489908149,0,0,0,0.285714285714286,0.137280493592786,0.581229921982561,0,0.264744965756925,0,0,"RB"
0.598532028469751,0.371405369255756,0,0,0,0,0,0.439868204283361,0,0.416666666666667,0,0.241631589496893,0.383449603079144,0.319750612335783,0.651096621221103,0.125,0.364406779661017,0.369014084507042,0,0,0,0.260925449871465,0,0,0,0,0.600860677783755,0.530386740331492,0,0.272766872286312,0.11607090621892,0,0,0,0.428571428571429,0.145111532985287,0.636530518586507,0,0.318205049575795,0,0,"RB"
0.550711743772242,0.34824925957772,0,0,0,0,0,0.515650741350906,0.0416666666666667,0.25,0,0.462216877129685,0.346644214577821,0.334001336005344,0.613040901007706,0.1,0.211864406779661,0.340845070422535,0,0,0,0.376606683804627,0,0,0,0,0.560516406670253,0.465469613259669,0,0.285118102491323,0.110922599894694,0,0,0,0,0.141314665401044,0.418770078017439,0,0.301236839415312,0,0,"RB"
0.53047153024911,0.380588993981083,0,0,0,0,0,0.533772652388797,0,0.583333333333333,0,0.369512928442574,0.547269665624248,0.688042752171009,0.690574985180794,0.25,0.217514124293786,0.335211267605634,0,0,0,0.349614395886889,0,0,0,0,0.57073695535234,0.505985267034991,0,0.304607472564531,0.376762417363833,0,0,0,0,0.138229710488847,0.313446535107848,0,0.372585096596136,0,0,"RB"
0.620774021352313,0.445172924429158,0,0,0.0555555555555556,0,0,0.380560131795717,0.0833333333333333,0.166666666666667,0.181818181818182,0.388053718179996,0.4354101515516,0.38521487419283,0.689508002371073,0.05,0.172316384180791,0.425352112676056,0,0,0,0.326478149100257,0,0,0,0,0.64228079612695,0.502302025782689,0,0.292677786052524,0.114140291347335,0,0,0.111111111111111,0.857142857142857,0.142382534409112,0.370812299219826,0.5,0.334559950935296,0,0,"RB"
0.512233096085409,0.301877328747492,0,0,0,0,0,0.57331136738056,0.125,0.0833333333333333,0,0.683002605732612,0.356747654558576,0.409040302827878,0.618257261410788,0.025,0.0621468926553673,0.31830985915493,0,0,0,0.479434447300771,0,0,0,0,0.537923614846692,0.525322283609577,0,0.146078941082243,0.160826069151114,0,0,0,0,0.128381585192216,0.207205139972464,0,0.297454768475928,0,0,"RB"
0.555827402135231,0.249665615744721,0.0833333333333333,0,0,0,0.0555555555555556,0.769357495881384,0.0416666666666667,0,0,0.526758869512928,0.394755833533798,0.250501002004008,0.60901007705987,0,0.0960451977401131,0.23943661971831,0,0,0,0.591259640102828,0.00680272108843537,0,1,0,0.611081226465842,0.525782688766114,0,0,0.0606681097525303,0,0,0,0,0.169079259610821,0.159017898118403,0,0.349586016559338,0,0.037037037037037,"RB"
0.589635231316726,0.223308971051877,0,0,0.0555555555555556,0,0.0555555555555556,0.686985172981878,0.0416666666666667,0.166666666666667,0.0681818181818182,0.487071557426338,0.466201587683426,0.425517702070808,0.689389448725548,0.075,0.141242937853107,0.290140845070422,0,0,0,0.505141388174807,0.00680272108843537,0,0,0,0.646584185045723,0.505064456721915,0,0.304551266738797,0.165155326741941,0,0.0833333333333333,0.166666666666667,0.142857142857143,0.159468438538206,0.281092244148692,0.125,0.362261065112951,0,0,"RB"
0.598754448398576,0.229005445686443,0,0,0.0555555555555556,0,0.111111111111111,0.670510708401977,0.0833333333333333,0.166666666666667,0.0681818181818182,0.487372218881539,0.481837863844118,0.417724337564017,0.710136336692353,0.075,0.127118644067797,0.292957746478873,0,0,0,0.508997429305912,0.00680272108843537,0,0,0,0.664873587950511,0.506445672191529,0,0.306518470639482,0.170362136547125,0,0.0833333333333333,0.166666666666667,0.142857142857143,0.16516373991457,0.264341441027995,0.125,0.37115404272718,0,0,"RB"
0.565613879003559,0.213719308302283,0,0,0.0555555555555556,0,0.0555555555555556,0.673805601317957,0.0416666666666667,0.0833333333333333,0.0454545454545455,0.527560633393466,0.421938898243926,0.379648185259408,0.65773562537048,0.025,0.101694915254237,0.295774647887324,0,0,0,0.501285347043702,0.00680272108843537,0,0,0,0.627218934911243,0.502302025782689,0,0.147624601289924,0.143977066635465,0,0,0.111111111111111,0.142857142857143,0.154247745609872,0.212712253327214,0.125,0.337933149340693,0,0,"RB"
0.590080071174377,0.11953042896723,0,0,0,0,0.111111111111111,0.596375617792422,0.0416666666666667,0.0833333333333333,0,0.526758869512928,0.560500360837142,0.747049654865286,0.715945465323059,0.05,0.0367231638418079,0.309859154929577,0,0,0,0.479434447300771,0.00680272108843537,0,0,0,0.653039268423884,0.505985267034991,0,0,0.450418299888843,0,0.0833333333333333,0,0.142857142857143,0.162909349786426,0.0839834786599357,0,0.364816518450373,0,0,"RB"
0.569839857651246,0.287498805770517,0,0,0,0,0.111111111111111,0.706754530477759,0,0.166666666666667,0,0.526758869512928,0.356266538369016,0.194834112669784,0.636158861885003,0.1,0.18361581920904,0.273239436619718,0,0,0,0.444730077120823,0.00680272108843537,0,0,0,0.629370629370629,0.527624309392265,0,0,0.0407184227461534,0,0.166666666666667,0,0.285714285714286,0.163621262458472,0.332721431849472,0,0.315445159971379,0,0,"RB"
0.616103202846975,0.265966848189548,0,0,0,0,0.111111111111111,0.741350906095552,0.0833333333333333,0.0833333333333333,0,0.539286430146322,0.402453692566755,0.263861055444222,0.676704208654416,0.05,0.0847457627118645,0.259154929577465,0,0,0,0.553984575835476,0.00680272108843537,0,0,0,0.664873587950511,0.512430939226519,0,0.151151516854722,0.0758205113204236,0,0,0,0,0.169435215946844,0.214089031665902,0,0.340795257078606,0,0,"RB"
0.683274021352313,0.200797745294736,0,0,0,0,0.111111111111111,0.594728171334432,0.166666666666667,0.333333333333333,0,0.437362196833033,0.643733461630984,0.661767980405255,0.785417901600474,0.3,0.076271186440678,0.312676056338028,0,0,0,0.458868894601542,0.00680272108843537,0,0,0,0.726734803657881,0.505985267034991,0,0.34908033217643,0.422629146434213,0,0,0,0,0.181181775035596,0.155346489215236,0,0.415721148931821,0.5,0,"RB"
0.641014234875445,0.292144358459922,0,0,0,0,0.111111111111111,0.731466227347611,0,0.333333333333333,0,0.300861896171577,0.458744286745249,0.280115787129815,0.706816834617664,0.2,0.271186440677966,0.264788732394366,0,0,0,0.425449871465296,0.00680272108843537,0,0,0,0.692845615922539,0.50828729281768,0,0.291792544297216,0.0916749546598023,0,0,0,0.285714285714286,0.177384907451353,0.441027994492887,0,0.369211898190739,0,0,"RB"
0.632562277580071,0.188043374414828,0,0,0,0,0.166666666666667,0.823723228995058,0,0.25,0,0.482762076568451,0.52249218186192,0.13916722333556,0.732187314759929,0.225,0.163841807909604,0.230985915492958,0,0,0,0.517994858611825,0.0136054421768707,0,0,0,0.691769768692846,0.505985267034991,0,0.163306026669664,0.173228807114023,0,0.166666666666667,0,0.142857142857143,0.174299952539155,0.25378614043139,0,0.393335377696003,0.25,0,"RB"
0.616103202846975,0.222699914015477,0,0,0,0,0,0.634266886326194,0.125,0,0,1,0.381765696415684,0.263861055444222,0.676704208654416,0,0.019774011299435,0.298591549295774,0,0,0,0.515424164524422,0.00680272108843537,0,0,0,0.664873587950511,0.511510128913444,0,0,0.0758205113204236,0,0,0,0,0.150213573801614,0.064938044974759,0,0.313196361034448,0,0,"RB"
0.594973309608541,0.115410337250406,0,0,0.0555555555555556,0,0,0.548599670510708,0,0,0.0909090909090909,0.526758869512928,0.432764012509021,0,0.687255483106106,0,0.0282485875706215,0.335211267605634,0,0,0,0.41388174807198,0.0136054421768707,0,0,0,0.664873587950511,0.506445672191529,0,0,0.139530802082724,0,0,0.222222222222222,0.142857142857143,0.118889416231609,0.0192748967416246,0.125,0.291015026065624,0,0,"RB"
0.588300711743772,0.11388172351199,0.0833333333333333,0,0,0,0.166666666666667,0.752883031301483,0,0.25,0,0.526758869512928,0.632427231176329,0,0.766804979253112,0.3,0.101694915254237,0.23943661971831,0,0,0,0.557840616966581,0.0204081632653061,0,0,0,0.664873587950511,0.505985267034991,0,0,0.18487099982449,0,0,0,0,0.200522069292833,0.132170720513997,0,0.448942042318307,0,0,"RB"
0.595862989323843,0.28361755995032,0,0,0,0,0.111111111111111,0.731466227347611,0,0.166666666666667,0,0.526758869512928,0.406302622083233,0.280783789801826,0.656905749851808,0.1,0.152542372881356,0.264788732394366,0,0,0,0.492287917737789,0.00680272108843537,0,0,0,0.657342657342657,0.512430939226519,0,0.143591833293521,0.0731878546773533,0,0.0833333333333333,0,0,0.166468913146654,0.25608077099587,0,0.33476438720229,0,0,"RB"
0.636788256227758,0.195352058851629,0.0833333333333333,0,0,0,0.166666666666667,0.897858319604613,0,0,0,0.526758869512928,0.601154678854943,0.126697840124694,0.70669828097214,0,0.076271186440678,0.183098591549296,0,0,0,0.665809768637532,0.0136054421768707,1,0,0,0.699300699300699,0.506445672191529,1,0,0.105130755279939,0,0.0833333333333333,0,0,0.547223540579022,0.117944011014227,0,0.684350403761627,0,0.037037037037037,"RB"
0.55182384341637,0.234988535396962,0,0,0,0,0,0.548599670510708,0,0.166666666666667,0,0.520244537983564,0.245850372865047,0.206858160765976,0.578423236514523,0.025,0.254237288135593,0.329577464788732,0,0,0,0.339331619537275,0.00680272108843537,0,0,0,0.611081226465842,0.395948434622468,0,0.135975943906586,0.0304218100977008,0,0,0,0,0.140840056953014,0.35933914639743,0,0.262700603086988,0,0,"RB"
0.536921708185053,0.267794019298748,0,0,0,0,0,0.634266886326194,0.0416666666666667,0.166666666666667,0,0.526758869512928,0.324993986047631,0.267869071476286,0.59691760521636,0.025,0.186440677966102,0.298591549295774,0,0,0,0.48586118251928,0.00680272108843537,0,0,0,0.619688004303389,0.467771639042357,0,0,0.061545661966887,0,0,0,0.142857142857143,0.162553393450403,0.275355667737494,0,0.302054584483287,0,0,"RB"
0.512233096085409,0.22280739466896,0,0,0,0,0,0.548599670510708,0,0.166666666666667,0,0.52214872719984,0.280250180418571,0.191939434424404,0.580082987551867,0.05,0.192090395480226,0.329577464788732,0,0,0,0.389460154241645,0.00680272108843537,0,0,0,0.599784830554061,0.569060773480663,0,0.140809644919696,0.0299537822500439,0,0,0,0,0.136331276696725,0.300826067003212,0,0.262087294286006,0,0,"RB"
0.639457295373665,0.233244960351581,0,0,0,0,0,0.581548599670511,0.0416666666666667,0.25,0,0.482260974143115,0.379119557373106,0.274549098196393,0.673621813870777,0.15,0.206214689265537,0.31830985915493,0,0,0,0.420308483290488,0.00680272108843537,0,0,0,0.692845615922539,0.494014732965009,0,0.296879171526129,0.0667524717720704,0.125,0,0,0,0.156739439962031,0.356126663607159,0,0.319533885311254,0,0,"RB"
0.536921708185053,0.251098691124486,0,0,0,0,0,0.507413509060956,0.0416666666666667,0.25,0,0.471737823211064,0.320182824152033,0.204186150077934,0.62655601659751,0.075,0.259887005649717,0.343661971830986,0,0,0,0.329048843187661,0.00680272108843537,0,0,0,0.644970414201183,0.466850828729282,0,0.140641027442494,0.0384367869888258,0,0,0,0,0.147721879449454,0.335474988526847,0,0.285801901257283,0,0,"RB"
0.641014234875445,0.308863571223846,0,0,0,0,0,0.678747940691928,0,0.333333333333333,0.0227272727272727,0.278612948486671,0.460668751503488,0.280115787129815,0.706816834617664,0.1,0.31638418079096,0.295774647887324,0,0,0,0.406169665809769,0.00680272108843537,0,0,0,0.692845615922539,0.50828729281768,0,0.290036112243034,0.0916749546598023,0,0,0.222222222222222,0.285714285714286,0.180113906027527,0.460073428178063,0.125,0.371665133394664,0,0,"RB"
0.482651245551601,0.284931212381771,0,0,0,0,0,0.329489291598023,0.0416666666666667,0.166666666666667,0,0.429745439967929,0.237911955737311,0.216210198174126,0.524362774155305,0,0.268361581920904,0.430985915492958,0,0,0,0.217223650385604,0,0,0,0,0.456159225389995,0.70902394106814,0,0.129877611814465,0.0642368220909144,0,0,0.0555555555555556,0.428571428571429,0.125652586616042,0.588802202845342,0.125,0.240825922518655,0,0,"RB"
0.536921708185053,0.252651189452565,0,0,0,0,0,0.449752883031301,0,0.166666666666667,0,0.460914010823812,0.329805147943228,0.204186150077934,0.62655601659751,0.075,0.310734463276836,0.405633802816901,0,0,0,0.339331619537275,0.00680272108843537,0,0,0,0.644970414201183,0.465930018416206,0,0.281998679163095,0.0384367869888258,0,0,0.111111111111111,0.285714285714286,0.152942572377788,0.444699403396053,0.25,0.302156802616784,0,0,"RB"
0.684163701067615,0.328019012133372,0,0,0.0277777777777778,0,0,0.627677100494234,0.0833333333333333,0.25,0.0454545454545455,0.526758869512928,0.450805869617513,0.280115787129815,0.713100177830468,0.175,0.203389830508474,0.312676056338028,0,0,0,0.438303341902314,0.00680272108843537,0,0,0,0.727272727272727,0.507826887661142,0,0.146978234293985,0.0468027847656936,0,0.0833333333333333,0.166666666666667,0.285714285714286,0.184385382059801,0.35497934832492,0.125,0.360216702443014,0,0,"RB"
0.590524911032028,0.33947167287666,0,0,0.0555555555555556,0,0,0.411861614497529,0,0.25,0.0454545454545455,0.362297053517739,0.397883088765937,0.392117568470274,0.657854179016005,0.075,0.22316384180791,0.4,0,0,0,0.304627249357327,0,0,0,0,0.595481441635288,0.493093922651934,0,0.282926075287704,0.148891359035863,0,0,0.166666666666667,0.714285714285714,0.139772187944945,0.481872418540615,0.25,0.319636103444751,0,0,"RB"
0.314501779359431,0.195877519824209,0.0833333333333333,0,0,0,0,0.548599670510708,0.0416666666666667,0,0,0.526758869512928,0.26148664902574,0.222667557336896,0.383402489626556,0,0.112994350282486,0.309859154929577,0,0,0,0.55012853470437,0,0,1,0,0.332436793975256,0.241252302025783,0,0,0.0738898964488387,0,0,0,0,0.154247745609872,0.272143184947223,0,0.29213942553409,0,0.037037037037037,"RB"
0.512233096085409,0.269836151714914,0,0,0,0,0,0.352553542009885,0.0833333333333333,0.25,0,0.526758869512928,0.265576136636998,0.324871966154531,0.550207468879668,0.05,0.225988700564972,0.4,0,0,0,0.169665809768638,0,0,0,0,0.501344809037117,0.389502762430939,0,0,0.0761130287252092,0,0,0,0.428571428571429,0.0990745135263408,0.517439192290041,0,0.210671573137075,0,0,"RB"
0.512233096085409,0.267853730772905,0.0833333333333333,0,0,0,0,0.380560131795717,0.0833333333333333,0.166666666666667,0,0.526758869512928,0.329324031753668,0.324871966154531,0.550207468879668,0.025,0.231638418079096,0.377464788732394,0,0,0,0.291773778920309,0,0,1,0,0.501344809037117,0.393646408839779,0,0,0.0761130287252092,0,0,0,0.285714285714286,0.155671570953963,0.445158329508949,0,0.304814474087703,0,0.037037037037037,"RB"
0.492437722419929,0.256090570364001,0,0,0,0,0,0.387149917627677,0.0416666666666667,0.0833333333333333,0,0.526758869512928,0.250902092855425,0.324871966154531,0.543094250148192,0,0.0960451977401131,0.4,0,0,0,0.339331619537275,0,0,0,0,0.485207100591716,0.403314917127072,0,0,0.0940735973790441,0,0,0.0555555555555556,0.142857142857143,0.0961082107261509,0.237035337310693,0.125,0.208218337933149,0,0,"RB"
0.385231316725979,0.223141778924238,0,0,0,0,0,0.329489291598023,0.0416666666666667,0.166666666666667,0,0.526758869512928,0.257878277604041,0.35292807837898,0.472554831061055,0.025,0.175141242937853,0.422535211267605,0,0,0,0.20694087403599,0,0,0,0,0.431414739107047,0.392265193370166,0,0,0.119581115076347,0,0,0.0555555555555556,0.428571428571429,0.0796155671570954,0.39008719596145,0.125,0.192374527241133,0,0,"RB"
0.314501779359431,0.257010127066017,0,0,0,0,0,0.548599670510708,0,0.166666666666667,0,0.526758869512928,0.203512148183786,0.222667557336896,0.383402489626556,0,0.375706214689266,0.329577464788732,0,0,0,0.395886889460154,0,0,0,0,0.332436793975256,0.173112338858195,0,0.247460199249652,0.0738898964488387,0,0,0,0,0.112838158519222,0.695961450206517,0,0.227742001431054,0,0,"RB"
0.497330960854092,0.260521161746441,0,0,0,0,0,0.528830313014827,0.0833333333333333,0.166666666666667,0,0.461214672279014,0.530911715179216,0.695168114005789,0.691167753408417,0.05,0.0480225988700565,0.335211267605634,0,0,0,0.424164524421594,0,0,0,0,0.537923614846692,0.505985267034991,0,0.145207750783369,0.442520329959633,0,0,0,0.142857142857143,0.126008542952065,0.133776961909133,0,0.337217622406215,0,0,"RB"
0.547597864768683,0.299261966179421,0,0,0,0,0,0.532125205930807,0.0833333333333333,0.333333333333333,0,0.497995590298657,0.590089006495069,0.784680472055222,0.717249555423829,0.125,0.076271186440678,0.335211267605634,0,0,0,0.398457583547558,0,0,0,0,0.585260892953201,0.505985267034991,0,0.159807214017733,0.535657871643363,0,0,0,0.285714285714286,0.132534409112482,0.172785681505278,0,0.365429827251355,0,0,"RB"
0.444839857651246,0.271579726760294,0,0,0,0,0,0.365733113673806,0.0416666666666667,0.0833333333333333,0,0.493385447985568,0.183305268222276,0.180583389000223,0.491286307053942,0,0.18361581920904,0.419718309859155,0,0,0,0.32133676092545,0,0,0,0,0.393760086067778,0.206721915285451,0,0.129582531229362,0.032527935412157,0,0,0.0555555555555556,0.285714285714286,0.1203132415757,0.504818724185406,0.125,0.226719820096085,0,0,"RB"
0.527580071174377,0.328592242285278,0,0,0,0,0,0.481054365733114,0.0833333333333333,0.25,0,0.503407496492283,0.383449603079144,0.427967045201514,0.630705394190871,0.075,0.141242937853107,0.352112676056338,0,0,0,0.350899742930591,0,0,0,0,0.554599246906939,0.494014732965009,0,0.144041479899392,0.173638331480723,0,0,0,0,0.129093497864262,0.259981642955484,0,0.295819278339978,0,0,"RB"
0.529804270462633,0.289051304098596,0,0,0,0,0,0.548599670510708,0.0833333333333333,0.166666666666667,0,0.525456003207055,0.575174404618715,0.791360498775328,0.697806757557795,0.1,0.0451977401129944,0.326760563380281,0,0,0,0.437017994858612,0,0,0,0,0.565357719203873,0.505985267034991,0,0.160467632470106,0.521617036213655,0,0,0,0,0.130398671096346,0.10004589261129,0,0.355719104569151,0,0,"RB"
0.482651245551601,0.323433170918124,0,0,0,0,0,0.548599670510708,0,0.166666666666667,0,0.428442573662057,0.246812605244166,0.216210198174126,0.524362774155305,0.05,0.254237288135593,0.329577464788732,0,0,0,0.365038560411311,0,0,0,0,0.456159225389995,0.710405156537753,0,0.129975972009499,0.0642368220909144,0,0,0,0.142857142857143,0.133958234456573,0.565855897200551,0,0.257487478278647,0,0,"RB"
0.521797153024911,0.316864908760867,0,0,0,0,0,0.548599670510708,0.0416666666666667,0.166666666666667,0,0.49368610944077,0.361799374548954,0.43976842574037,0.591108476585655,0.1,0.115819209039548,0.329577464788732,0,0,0,0.408740359897172,0,0,0,0,0.537923614846692,0.527163904235728,0,0.14537636826057,0.159187971684315,0,0,0,0,0.137161841480778,0.266865534648921,0,0.28753960952673,0,0,"RB"
0.588078291814947,0.379872456291201,0,0,0,0,0,0.606260296540362,0.0416666666666667,0.166666666666667,0,0.531569452796152,0.371902814529709,0.409040302827878,0.627504445761707,0.15,0.132768361581921,0.307042253521127,0,0,0,0.462724935732648,0,0,0,0,0.583109198493814,0.528084714548803,0,0.147989939157194,0.133855964429884,0,0,0,0,0.149738965353583,0.309316200091785,0,0.310845343964019,0,0,"RB"
0.588300711743772,0.339435845992166,0,0,0.111111111111111,0,0,0.380560131795717,0,0.166666666666667,0.0909090909090909,0.427841250751654,0.43372624488814,0.471387218882209,0.670302311796088,0.05,0.172316384180791,0.425352112676056,0,0,0,0.309768637532134,0,0,0,0,0.590640129101668,0.502302025782689,0,0.143563730380654,0.210905048850407,0,0,0.166666666666667,1,0.138229710488847,0.374024782010096,0.5,0.329755698660943,0,0,"RB"
0.588300711743772,0,0,0,0,0,0,0.561779242174629,0.125,1,0,0.429945880938064,0.841712773634833,0.263193052772211,0.887729697688204,0.575,0.0903954802259888,0.323943661971831,0,0,0,0.398457583547558,0.0408163265306122,0,0,0,0.79343733189887,0.505985267034991,0,0.539561875588405,0.621774995612239,0,0,0,0,0.155790223065971,0.121844882973841,0,0.503322089338649,0,0,"RB"
0.423042704626335,0.229829464029808,0,0,0.0277777777777778,0,0,0.548599670510708,0.0416666666666667,0,0.0227272727272727,0.526758869512928,0.372383930719269,0.517034068136273,0.558032009484292,0,0.0338983050847458,0.335211267605634,0,0,0,0.475578406169666,0,0,0,0,0.49435180204411,0.49585635359116,0,0,0.21306967764582,0,0,0.0555555555555556,0,0.115448504983389,0.145250114731528,0.125,0.275988960441582,0,0,"RB"
0.222419928825623,0.204034107194038,0,0,0,0,0,0.548599670510708,0.0416666666666667,0,0,0.526758869512928,0.129179696896801,0.204408817635271,0.286899822169532,0,0.115819209039548,0.366197183098591,0,0,0,0.565552699228792,0,0,0,0,0.22270037654653,0.928176795580111,0,0,0.052009594570877,0,0,0.0555555555555556,0,0.110821072615093,0.466498393758605,0.125,0.211284881938056,0,0,"RB"
0.525355871886121,0.339400019107672,0,0,0,0,0,0.548599670510708,0.0416666666666667,0.166666666666667,0.0227272727272727,0.481759871717779,0.349530911715179,0.424404364284124,0.57913455838767,0.075,0.19774011299435,0.343661971830986,0,0,0,0.439588688946015,0,0,0,0,0.537923614846692,0.465009208103131,0,0.143296752708418,0.121687240390803,0,0,0.0555555555555556,0,0.139297579496915,0.399495181275815,0.125,0.3016457119493,0,0,"RB"
0.556049822064057,0.395875131365243,0.0833333333333333,0,0,0,0,0.527182866556837,0.125,0.25,0,0.526758869512928,0.785181621361559,0.957470496548653,0.799644339063426,0.225,0.0282485875706215,0.332394366197183,0,0,0,0.447300771208226,0,0,0,0,0.603012372243142,0.505985267034991,0,0,0.596150470953022,0,0,0,0,0.198386331276697,0.0355667737494263,0,0.450679750587754,0,0,"RB"
0.57673487544484,0.247384637431929,0,0,0.0277777777777778,0,0.0555555555555556,0.693574958813839,0.0416666666666667,0.0833333333333333,0.0454545454545455,0.523150932050511,0.403656483040654,0.325317301269205,0.650978067575578,0.025,0.115819209039548,0.290140845070422,0,0,0,0.515424164524422,0.00680272108843537,0,0,0,0.632060247444863,0.512430939226519,0,0.14756839546419,0.108465453694495,0,0.0833333333333333,0.166666666666667,0.142857142857143,0.158044613194115,0.233134465351078,0.125,0.334253296534805,0,0,"RB"
0.555827402135231,0.247074137766313,0,0,0.0555555555555556,0,0.0555555555555556,0.678747940691928,0.0416666666666667,0,0.0454545454545455,0.526758869512928,0.344479191724802,0.250501002004008,0.60901007705987,0,0.0621468926553673,0.295774647887324,0,0,0,0.506426735218509,0.00680272108843537,0,0,0,0.611081226465842,0.525782688766114,0,0,0.0606681097525303,0,0,0.0555555555555556,0.285714285714286,0.152705268153773,0.155805415328132,0.125,0.297761422876418,0,0,"RB"
0.577402135231317,0.293828222031146,0,0,0,0,0.111111111111111,0.706754530477759,0,0.166666666666667,0,0.526758869512928,0.356266538369016,0.194834112669784,0.636158861885003,0.1,0.18361581920904,0.273239436619718,0,0,0,0.462724935732648,0.00680272108843537,0,0,0,0.632060247444863,0.527624309392265,0,0,0.0365646755981981,0,0.166666666666667,0,0.285714285714286,0.16421452301851,0.332721431849472,0,0.315445159971379,0,0,"RB"
0.559830960854093,0.25008359606382,0,0,0,0,0.0555555555555556,0.693574958813839,0.0416666666666667,0.0833333333333333,0,0.526758869512928,0.370940582150589,0.313738588287687,0.618494368701838,0.05,0.0847457627118645,0.276056338028169,0,0,0,0.5,0.00680272108843537,0,0,0,0.618074233458849,0.494475138121547,0,0,0.0931375416837302,0,0.0833333333333333,0,0,0.155078310393925,0.139284075263882,0,0.307778799959113,0,0,"RB"
0.579848754448399,0.27658354829464,0,0,0.0277777777777778,0,0.111111111111111,0.640856672158155,0,0.0833333333333333,0.0454545454545455,0.526758869512928,0.375511185951407,0.264306390558896,0.646947243627742,0.05,0.115819209039548,0.309859154929577,0,0,0,0.467866323907455,0.00680272108843537,0,0,0,0.64228079612695,0.494475138121547,0,0,0.0643538290528286,0,0.166666666666667,0.111111111111111,0.285714285714286,0.163265306122449,0.194584671867829,0.125,0.319431667177757,0,0,"RB"
0.555827402135231,0.266014617368874,0,0,0,0,0.0555555555555556,0.823723228995058,0,0.0833333333333333,0,0.526758869512928,0.356747654558576,0.250501002004008,0.60901007705987,0.05,0.115819209039548,0.230985915492958,0,0,0,0.55012853470437,0.00680272108843537,0,0,0,0.611081226465842,0.52670349907919,0,0.140598873073194,0.0606681097525303,0,0,0,0,0.157214048410062,0.25608077099587,0,0.312991924767454,0,0,"RB"
0.607651245551601,0.264056081016528,0,0,0,0,0.0555555555555556,0.775947281713344,0.0416666666666667,0.0833333333333333,0,0.538885548206053,0.380803464036565,0.264306390558896,0.648251333728512,0.05,0.0988700564971752,0.247887323943662,0,0,0,0.543701799485861,0.00680272108843537,0,0,0,0.64228079612695,0.494475138121547,0,0.149577753734175,0.0710817293628971,0,0,0,0,0.164333175130517,0.232675539238183,0,0.328631299192477,0,0,"RB"
0.683274021352313,0.258407375561288,0,0,0,0,0.111111111111111,0.627677100494234,0.0833333333333333,0.333333333333333,0,0.432351172579675,0.557854221794563,0.521264751725674,0.74226437462952,0.3,0.124293785310734,0.301408450704225,0,0,0,0.440874035989717,0.00680272108843537,0,0,0,0.726734803657881,0.505985267034991,0,0.33567524273891,0.209383958345522,0,0,0,0,0.181181775035596,0.221661312528683,0,0.390473269958091,0.5,0,"RB"
0.68394128113879,0.252746727811216,0,0,0,0,0.111111111111111,0.599670510708402,0.166666666666667,0.333333333333333,0,0.437763078773301,0.629059417849411,0.596971721220218,0.784825133372851,0.35,0.0819209039548023,0.309859154929577,0,0,0,0.446015424164524,0.00680272108843537,0,0,0,0.729962345346961,0.505985267034991,0,0.353253614737167,0.314982741473118,0,0,0,0,0.181300427147603,0.16590178981184,0,0.411325769191455,0.5,0,"RB"
0.63211743772242,0.296551065252699,0,0,0.0277777777777778,0,0.111111111111111,0.678747940691928,0,0.333333333333333,0.0454545454545455,0.417217879334536,0.466442145778205,0.280115787129815,0.706816834617664,0.2,0.31638418079096,0.295774647887324,0,0.333333333333333,0,0.431876606683805,0.00680272108843537,0,0,0,0.687466379774072,0.50828729281768,0,0.429876206668821,0.0976423097174282,0,0.0833333333333333,0.111111111111111,0.142857142857143,0.187707641196013,0.466498393758605,0.125,0.387100071552694,0,0,"RB"
0.671930604982206,0.325857456768893,0,0,0,0,0.222222222222222,0.640856672158155,0,0.416666666666667,0,0.397374223291241,0.458503728650469,0.250278334446671,0.723532898636633,0.25,0.324858757062147,0.295774647887324,0,0,0,0.365038560411311,0.00680272108843537,0,0,0,0.722431414739107,0.50828729281768,0,0.144912670198266,0.0689756040484409,0,0.25,0,0.571428571428571,0.185927859515899,0.491968793024323,0,0.370029643258714,0,0,"RB"
0.555827402135231,0.269967516958059,0,0,0.0555555555555556,0,0.0555555555555556,0.886326194398682,0,0,0.0454545454545455,0.526758869512928,0.361558816454174,0.250501002004008,0.60901007705987,0,0.0932203389830509,0.225352112676057,0,0,0,0.609254498714653,0.00680272108843537,0,0,0,0.611081226465842,0.527163904235728,0,0,0.0606681097525303,0,0,0.0555555555555556,0,0.162434741338396,0.241854061496099,0.125,0.324747010119595,0,0,"RB"
0.536921708185053,0.161268749402885,0,0,0.0277777777777778,0,0,0.494233937397035,0,0,0.0454545454545455,0.526758869512928,0.286745248977628,0.178579380984191,0.593835210432721,0,0.0367231638418079,0.357746478873239,0,0,0,0.388174807197944,0.00680272108843537,0,0,0,0.592253899946208,0.476519337016575,0,0,0.0310653483882291,0,0,0.111111111111111,0.285714285714286,0.103939250118652,0.0839834786599357,0.125,0.221404477154247,0,0,"RB"
0.689279359430605,0.172972198337633,0,0,0,0.0769230769230769,0,0.57825370675453,0.0833333333333333,0.166666666666667,0,0.674082982561635,0.4784700505172,0.431529726118904,0.746295198577356,0.075,0.0734463276836159,0.31830985915493,0,0,0,0.444730077120823,0.00680272108843537,0,0,0,0.664873587950511,0.505524861878453,0,0.148242865372996,0.200959457087697,0.125,0,0,0.142857142857143,0.137873754152824,0.187241854061496,0,0.341408565879587,0,0,"RB"
0.620774021352313,0.257953568357696,0,0,0,0,0.111111111111111,0.741350906095552,0,0.0833333333333333,0,0.526758869512928,0.401010343998076,0.325317301269205,0.658091286307054,0.075,0.0847457627118645,0.259154929577465,0,0,0,0.548843187660668,0.00680272108843537,0,0,0,0.662183969876277,0.512430939226519,0,0,0.0861756274498333,0,0.0833333333333333,0,0.142857142857143,0.165401044138586,0.210188159706287,0,0.329449044260452,0,0,"RB"
0.63211743772242,0.197430018152288,0,0,0,0,0.111111111111111,0.897858319604613,0,0,0,0.526758869512928,0.449843637238393,0,0.685358624777712,0,0.0480225988700565,0.202816901408451,0,0,0,0.607969151670951,0.0136054421768707,0,0,0,0.687466379774072,0.505064456721915,0,0,0.0976423097174282,0,0,0,0,0.171333649738965,0.109453877925654,0,0.358887866707554,0,0,"RB"
0.512233096085409,0.259434412916786,0,0,0,0,0,0.494233937397035,0,0.25,0,0.472038484666266,0.288910271830647,0.191939434424404,0.580082987551867,0.05,0.333333333333333,0.349295774647887,0,0,0,0.305912596401028,0.00680272108843537,0,0,0,0.599784830554061,0.576427255985267,0,0.137690221591468,0.0299537822500439,0,0,0,0,0.14202657807309,0.377237264800367,0,0.270673617499745,0,0,"RB"
0.536921708185053,0.246596445973058,0,0,0,0,0,0.686985172981878,0,0.0833333333333333,0.0227272727272727,0.52144718380437,0.32571566033197,0.178579380984191,0.593835210432721,0.05,0.166666666666667,0.298591549295774,0,0,0,0.497429305912596,0.00680272108843537,0,0,0,0.592253899946208,0.468232044198895,0,0.143521576011354,0.0310653483882291,0,0,0.111111111111111,0.142857142857143,0.149027052681538,0.291647544745296,0.125,0.295512623939487,0,0,"RB"
0.444839857651246,0.156479889175504,0,0,0,0,0,0.484349258649094,0,0,0.0227272727272727,0.526758869512928,0.250420976665865,0,0.527445168938945,0,0.0423728813559322,0.363380281690141,0,0,0,0.353470437017995,0.00680272108843537,0,0,0,0.537923614846692,0.557550644567219,0,0,0.0130462762534371,0,0,0.111111111111111,0.142857142857143,0.0908875177978168,0.0458926112895824,0.125,0.194827762445058,0,0,"RB"
0.649021352313167,0.189810834049871,0,0.666666666666667,0.166666666666667,0,0,0.357495881383855,0,0.166666666666667,0.227272727272727,0.526758869512928,0.466201587683426,0.248496993987976,0.722228808535863,0.1,0.248587570621469,0.456338028169014,0,0,0,0.350899742930591,0.0204081632653061,0,0,0,0.740182894029048,0.506445672191529,0,0.288504503491787,0.0706137015152402,0,0,0.222222222222222,0,0.150450878025629,0.290041303350161,0.75,0.347234999488909,0,0,"RB"
0.663478647686833,0.413107862806917,0,0,0,0,0,0.380560131795717,0.0833333333333333,0.5,0,0.526758869512928,0.432523454414241,0.399020262747718,0.699466508595139,0.2,0.245762711864407,0.388732394366197,0,0,0,0.190231362467866,0,0,0,0,0.670790747713825,0.502302025782689,0,0,0.129994734686714,0,0,0,0.857142857142857,0.134076886568581,0.5110142267095,0,0.302872329551262,0,0,"RB"
0.530026690391459,0.289624534250502,0,0,0,0,0,0.537067545304778,0.0833333333333333,0.166666666666667,0,0.528963720184406,0.623526581669473,0.86439545758183,0.72294013040901,0.1,0.0367231638418079,0.332394366197183,0,0,0,0.431876606683805,0,0,0,0,0.5691231845078,0.505985267034991,0,0.165568311155451,0.639911074708945,0,0,0,0,0.130398671096346,0.0738871041762276,0,0.367269753654298,0,0,"RB"
0.435053380782918,0.239323588420751,0,0,0,0,0,0.525535420098847,0.0833333333333333,0,0,0.526758869512928,0.449603079143613,0.662213315519929,0.616834617664493,0,0.00847457627118645,0.335211267605634,0,0,0,0.443444730077121,0,0,0,0,0.517482517482518,0.506445672191529,0,0,0.331012695255368,0,0,0,0,0.084124347413384,0.0229463056447912,0,0.273229070837167,0,0,"RB"
0.411032028469751,0.211498041463648,0,0,0.0555555555555556,0,0,0.411861614497529,0.0833333333333333,0,0.0454545454545455,0.526758869512928,0.307914361318258,0.445335114673792,0.522821576763486,0,0.0508474576271187,0.397183098591549,0,0,0,0.348329048843188,0,0,0,0,0.472834857450242,0.473756906077348,0,0,0.166149885918212,0,0,0.111111111111111,0.571428571428571,0.0772425249169435,0.150986691142726,0.25,0.208218337933149,0,0,"RB"
0.400800711743772,0.230116079105761,0,0,0,0,0,0.365733113673806,0.0833333333333333,0.166666666666667,0,0.526758869512928,0.290834736588886,0.434201736806947,0.500296384113811,0,0.149717514124294,0.405633802816901,0,0,0,0.250642673521851,0,0,0,0,0.456159225389995,0.570902394106814,0,0,0.142806997016322,0,0,0.111111111111111,0.428571428571429,0.0816326530612245,0.335474988526847,0.125,0.207196156598181,0,0,"RB"
0.533585409252669,0.307824591573517,0.0833333333333333,0,0,0,0,0.537067545304778,0.0833333333333333,0.333333333333333,0,0.505311685708559,0.742843396680298,1,0.782691167753409,0.2,0.0480225988700565,0.326760563380281,0,0,0,0.440874035989717,0,0,0,0,0.580957504034427,0.505985267034991,0,0.336026529149746,1,0,0,0,0,0.163621262458472,0.0890316659017898,0,0.438209138301135,0,0,"RB"
0.519128113879003,0.345192032100889,0,0,0,0,0,0.548599670510708,0.0416666666666667,0.166666666666667,0,0.490779715373822,0.311282174645177,0.346693386773547,0.565500889152342,0.075,0.15819209039548,0.329577464788732,0,0,0,0.404884318766067,0,0,0,0,0.521785906401291,0.575046040515654,0,0.141526269197802,0.102439595155912,0,0,0,0,0.136924537256763,0.340752638825149,0,0.274046815905142,0,0,"RB"
0.522019572953737,0.284907327792109,0,0,0,0,0,0.548599670510708,0.0416666666666667,0.166666666666667,0,0.495490078171978,0.439499639162858,0.571142284569138,0.630112625963248,0.1,0.0790960451977402,0.329577464788732,0,0,0,0.426735218508997,0,0,0,0,0.545992469069392,0.507826887661142,0,0.149043798389703,0.266132334873925,0,0,0,0,0.137161841480778,0.187012391005048,0,0.310232035163038,0,0,"RB"
0.536921708185053,0.287044998566925,0,0,0,0,0,0.731466227347611,0,0.25,0,0.410803768290238,0.339186913639644,0.204186150077934,0.62655601659751,0.1,0.392655367231639,0.264788732394366,0,0,0,0.411311053984576,0.00680272108843537,0,0,0,0.644970414201183,0.464088397790055,0,0.278879255834867,0.0384367869888258,0,0,0,0,0.165045087802563,0.477512620468105,0,0.316671777573342,0,0,"RB"
0.482651245551601,0.258096875895672,0,0,0,0,0,0.548599670510708,0.0833333333333333,0,0.0454545454545455,0.526758869512928,0.229732980514794,0.216210198174126,0.524362774155305,0,0.0621468926553673,0.346478873239437,0,0,0,0.524421593830334,0,0,0,0,0.456159225389995,0.675414364640884,0,0,0.0642368220909144,0,0,0.0555555555555556,0,0.126127195064072,0.298301973382285,0.125,0.245834611060002,0,0,"RB"
0.444839857651246,0.262264736791822,0,0,0,0,0,0.823723228995058,0,0,0,0.526758869512928,0.28289631946115,0,0.527445168938945,0,0.0395480225988701,0.230985915492958,0,0,0,0.582262210796915,0.00680272108843537,0,0,0,0.537923614846692,0.565837937384899,0,0,0.0130462762534371,0,0,0,0,0.140602752728999,0.122303809086737,0,0.27149136256772,0,0,"RB"
0.555827402135231,0.271555842170632,0,0,0,0,0.0555555555555556,0.72158154859967,0,0.0833333333333333,0,0.526758869512928,0.34784700505172,0.250501002004008,0.60901007705987,0.05,0.0960451977401131,0.267605633802817,0,0,0,0.501285347043702,0.00680272108843537,0,0,0,0.611081226465842,0.52670349907919,0,0,0.0606681097525303,0,0.0833333333333333,0,0,0.154959658281917,0.155805415328132,0,0.302667893284269,0,0,"RB"
0.618994661921708,0.29481943250215,0,0,0.0555555555555556,0,0.111111111111111,0.640856672158155,0,0.0833333333333333,0.0454545454545455,0.526758869512928,0.375511185951407,0.264306390558896,0.651333728512152,0.05,0.115819209039548,0.309859154929577,0,0,0,0.47172236503856,0.00680272108843537,0,0,0,0.657342657342657,0.494475138121547,0,0,0.0534721815948049,0,0.166666666666667,0.111111111111111,0.285714285714286,0.165994304698624,0.194584671867829,0.125,0.319840539711745,0,0,"RB"
0.736209964412811,0.187207413776631,0,0,0,0,0.222222222222222,0.960461285008237,0,0.166666666666667,0,0.513930647424333,0.529468366610536,0.13916722333556,0.771428571428571,0.2,0.14406779661017,0.183098591549296,0,0,0,0.577120822622108,0.0408163265306122,0,0,0,0.806347498655191,0.505985267034991,0,0.340087400059016,0.0478558474229217,0,0,0,0,0.19874228761272,0.237035337310693,0,0.407237043851579,0,0,"RB"
0.662144128113879,0.136297410910481,0,0,0,0,0,0.533772652388797,0.0416666666666667,0.5,0,0.491982361194628,0.639162857830166,0.86083277666444,0.7778304682869,0.225,0.0988700564971752,0.332394366197183,0,0,0,0.389460154241645,0.00680272108843537,0,0,0,0.732114039806348,0.505985267034991,0,0.165062458723847,0.59375182823378,0,0,0,0.428571428571429,0.14594209776934,0.191142726021111,0,0.394664213431463,0,0,"RB"
0.662144128113879,0.136536256807108,0,0,0,0,0,0.517298187808896,0.0416666666666667,0.5,0,0.492884345560232,0.621361558816454,0.825205967490537,0.772969768820391,0.225,0.101694915254237,0.340845070422535,0,0,0,0.372750642673522,0.00680272108843537,0,0,0,0.732114039806348,0.505985267034991,0,0.164739275225877,0.53793950740069,0,0,0,0.428571428571429,0.14594209776934,0.195961450206517,0,0.384646836348768,0,0,"RB"
0.628336298932384,0.285361134995701,0.25,0,0,0,0.166666666666667,0.769357495881384,0.0416666666666667,0,0,0.526758869512928,0.504690882848208,0.263861055444222,0.679075281564908,0,0.217514124293786,0.219718309859155,0,0,0,0.637532133676093,0.00680272108843537,0,1,0,0.679397525551372,0.512430939226519,0,0,0.0603755923477447,0,0.166666666666667,0,0,0.21203132415757,0.233134465351078,0,0.426045180415006,0,0.111111111111111,"NRB"
0.569839857651246,0.130051590713672,0,0,0.166666666666667,0,0,0.57825370675453,0,0,0.136363636363636,0.526758869512928,0.476786143853741,0,0.697095435684647,0,0.0480225988700565,0.329577464788732,0,0,0,0.444730077120823,0.0136054421768707,0,0,0,0.64228079612695,0.505985267034991,0,0,0.215643830807933,0,0,0.222222222222222,0,0.14499288087328,0.0635612666360716,0.25,0.33343555146683,0,0,"NRB"
0.663256227758007,0.189822776344702,0,0,0,0,0,0.693574958813839,0,0.25,0,0.458007616756865,0.431801780129901,0.169672678690715,0.717486662714879,0.2,0.19774011299435,0.276056338028169,0,0,0,0.438303341902314,0.0204081632653061,0,0,0,0.766003227541689,0.507826887661142,0,0.307502072589824,0.0341075293979992,0.25,0,0,0,0.169197911722829,0.299678751720973,0,0.345497291219462,0,0,"NRB"
0.959964412811388,0.826335148562148,0,0,0,0.846153846153846,0,0.520593080724876,0.0416666666666667,0.166666666666667,0,0.0640408899579074,0.745970651912437,0.389000222667557,0.969650266745702,0.05,0.943502824858757,0.91830985915493,0,0,0.333333333333333,0.0552699228791774,0,0,0,0,0.909090909090909,0.505985267034991,0,0.138477103151742,0.272041186450594,0,0,0,0.142857142857143,0.204793545325107,0.980725103258375,0,0.486149442911173,0,0.851851851851852,"NRB"
0.963078291814947,0.84963456577816,0,0,0,1,0,0.523887973640857,0.0416666666666667,0.166666666666667,0,0.0533172980557226,0.78205436612942,0.406145624582498,0.989330171902786,0.05,0.946327683615819,0.923943661971831,0,0,0.333333333333333,0.0552699228791774,0,0,0,0,0.914470145239376,0.505985267034991,0,0.139025109952647,0.318668460773416,0,0,0,0.142857142857143,0.206217370669198,0.980954566314823,0,0.501686599202699,0,1,"NRB"
0.719750889679715,0.371572561383395,0.5,0,0,0,0.333333333333333,0.823723228995058,0,0,0,0.526758869512928,0.601635795044503,0.17791137831218,0.742145820983995,0,0.497175141242938,0.152112676056338,0,0,0,0.700514138817481,0.00680272108843537,0,1,0,0.760623991393222,0.507826887661142,0,0,0.0250979933306032,0,0.5,0,0,0.245609871855719,0.326296466268931,0,0.486456097311663,0,0.222222222222222,"NRB"
0.783362989323843,0.346171300277061,0,0,0,0.230769230769231,0.222222222222222,0.604612850082372,0.375,0.0833333333333333,0,0.526758869512928,0.535241760885254,0.251837007348029,0.842205097806758,0.1,0.0395480225988701,0.307042253521127,0,0,0,0.516709511568123,0.00680272108843537,0,0,0,0.802044109736417,0.505985267034991,0,0,0.0704381910723688,0,0.0833333333333333,0,0.142857142857143,0.190911248220218,0.127351996328591,0,0.394868649698456,0,0,"NRB"
0.444839857651246,0.179158307060285,0,0,0,0,0,0.658978583196046,0,0,0,0.526758869512928,0.422660572528266,0,0.609365737996443,0,0.0225988700564972,0.290140845070422,0,0,0,0.52827763496144,0.00680272108843537,0,0,0,0.537923614846692,0.507826887661142,0,0,0.0468027847656936,0,0,0,0,0.115092548647366,0.064938044974759,0,0.303587856485741,0,0,"NRB"
0.780916370106762,0.316864908760867,0,0,0,0.307692307692308,0,0.509060955518946,0.375,0.333333333333333,0,0.526758869512928,0.553283617993745,0.378980182587397,0.847658565500889,0.35,0.0875706214689266,0.343661971830986,0,0,0,0.41388174807198,0.00680272108843537,0,0,0,0.782678859601937,0.505985267034991,0,0,0.135084537529983,0.125,0,0,0,0.156027527289986,0.131482331344653,0,0.378922620872943,0,0,"NRB"
0.844750889679715,0.135843603706888,0.0833333333333333,0,0,0,0.222222222222222,0.878088962108731,0,0,0,0.526758869512928,0.771229251864325,0,0.821458209839953,0,0.0367231638418079,0.177464788732394,0,0,0,0.760925449871465,0.0272108843537415,0,0,0,0.840236686390533,0.505985267034991,0,0,0.0600830749429591,0,0,0,0,0.956573327005221,0.0954566314823313,0,0.930082796688133,0,0,"NRB"
0.767571174377224,0.241306009362759,0,0.333333333333333,0.25,0.153846153846154,0.333333333333333,0.645799011532125,0.25,0.25,0.227272727272727,0.526758869512928,0.63098388260765,0.238254286350479,0.848725548310611,0.175,0.121468926553672,0.307042253521127,0,0.333333333333333,0,0.505141388174807,0.0136054421768707,0,0,0,0.785906401291017,0.505985267034991,0,0.312658957100904,0.211139062774235,0,0.333333333333333,0.444444444444444,0.142857142857143,0.194945420028477,0.232675539238183,0.375,0.450066441786773,0,0,"NRB"
0.767126334519573,0.3211402503105,0,0,0,0.230769230769231,0.166666666666667,0.617792421746293,0.375,0,0,0.526758869512928,0.519846042819341,0.258739701625473,0.833906342620036,0,0.019774011299435,0.304225352112676,0,0,0,0.53598971722365,0.00680272108843537,0,0,0,0.779451317912856,0.505985267034991,0,0,0.0750014625870239,0,0,0,0,0.183554817275748,0.0807709958696649,0,0.385975672084228,0,0,"NRB"
0.640569395017794,0.193441291678609,0.166666666666667,0,0,0,0.222222222222222,0.897858319604613,0,0,0,0.526758869512928,0.693288429155641,0.149855266087731,0.724955542382928,0,0.1045197740113,0.163380281690141,0,0,0,0.722365038560411,0.0136054421768707,1,0,0,0.707907477138246,0.505524861878453,1,0,0.113262739132978,0,0.166666666666667,0,0,0.547460844803038,0.125057365764112,0,0.753040989471532,0,0.0740740740740741,"NRB"
0.777357651245552,0.232229865290914,0,0,0,0.307692307692308,0.444444444444444,0.637561779242175,0.5,0.166666666666667,0,0.526758869512928,0.656723598749098,0.235804943219773,0.894605809128631,0.2,0.0508474576271187,0.295774647887324,0,0,0,0.524421593830334,0.0136054421768707,0,0,0,0.803657880580958,0.505985267034991,0,0,0.200959457087697,0,0.166666666666667,0,0.285714285714286,0.193165638348363,0.135842129417164,0,0.449862005519779,0,0,"NRB"
0.86076512455516,0.227142447692749,0.416666666666667,0,0,0.153846153846154,0.222222222222222,0.795716639209226,0.0416666666666667,0.0833333333333333,0,0.526758869512928,0.657685831128217,0.212202182142062,0.828215767634855,0.1,0.231638418079096,0.214084507042254,0,0,0.333333333333333,0.613110539845758,0.0136054421768707,0,1,0,0.817643894566972,0.505985267034991,0,0,0.109811033756509,0,0.166666666666667,0,0.142857142857143,0.238846701471286,0.256769160165213,0,0.49310027598896,0,0.185185185185185,"NRB"
0.88923487544484,0.128379669437279,0.5,0,0,0.230769230769231,0,0.731466227347611,0,0.0833333333333333,0,0.591100420926037,0.664902573971614,0.166778000445335,0.884765856550089,0.075,0.274011299435028,0.228169014084507,0,0,0,0.602827763496144,0.102040816326531,0,1,0,1,0.505985267034991,0,0,0.0393728426841397,0.75,0,0,0,0.253678215472235,0.203763194125746,0,0.503526525605642,0,0.222222222222222,"NRB"
0.889012455516014,0.156205216394382,0.5,0,0,0.230769230769231,0,0.761120263591433,0,0,0,0.592303066746843,0.655280250180418,0.169227343576041,0.875044457617072,0,0.242937853107345,0.216901408450704,0,0,0,0.661953727506427,0.0680272108843537,0,1,0,0.981172673480366,0.505985267034991,0,0,0.0332884806645995,0.75,0,0,0,0.253559563360228,0.206287287746673,0,0.498722273331289,0,0.222222222222222,"NRB"
0.888567615658363,0.188318047195949,0.666666666666667,0,0,0.230769230769231,0,0.686985172981878,0,0,0,0.566245740629385,0.681741640606206,0.167446003117346,0.871843509187908,0,0.330508474576271,0.225352112676057,0,0,0,0.655526992287918,0.0408163265306122,0,1,0,0.970952124798279,0.505985267034991,0,0,0.0369741999648979,0.5,0,0,0,0.253915519696251,0.259981642955484,0,0.514668302156803,0,0.296296296296296,"NRB"
0.777135231316726,0.233818190503487,0,0,0,0.153846153846154,0.277777777777778,0.701812191103789,0.25,0.0833333333333333,0,0.526758869512928,0.570122684628338,0.236250278334447,0.830823947836396,0.1,0.0508474576271187,0.273239436619718,0,0,0,0.546272493573265,0.0136054421768707,0,0,0,0.797740720817644,0.505985267034991,0,0,0.101328029017727,0,0.0833333333333333,0,0.142857142857143,0.192335073564309,0.131482331344653,0,0.413370131861392,0,0,"NRB"
0.673709964412811,0.105390751886883,0.166666666666667,0,0.194444444444444,0,0.111111111111111,0.639209225700165,0,0,0.136363636363636,0.526758869512928,0.621602116911234,0,0.790160047421458,0,0.0621468926553673,0.273239436619718,0,0,0,0.571979434447301,0.0340136054421769,0,0,0,0.762775685852609,0.505985267034991,0,0,0.162347159656,0,0,0.388888888888889,0,0.246915045087803,0.0557595227168426,0.25,0.460594909536952,0,0,"NRB"
0.73220640569395,0.41912677940193,0.666666666666667,0,0,0.153846153846154,0,0.471169686985173,0.0833333333333333,0.0833333333333333,0,0.526758869512928,0.65239355304306,0.424627031841461,0.785536455245999,0.05,0.403954802259887,0.295774647887324,0,0,0.666666666666667,0.588688946015424,0,0,1,0,0.675094136632598,0.506445672191529,0,0,0.224126835546715,0,0,0,0,0.238490745135263,0.344882973841212,0,0.503219871205152,0,0.296296296296296,"NRB"
0.647686832740213,0.317712811693895,0.25,0,0,0,0.166666666666667,0.823723228995058,0,0,0,0.526758869512928,0.491700745730094,0.196170118013805,0.674451689389449,0,0.268361581920904,0.191549295774648,0,0,0,0.674807197943445,0.00680272108843537,0,1,0,0.679935449166218,0.494475138121547,0,0,0.0296027613643012,0,0.25,0,0,0.222116753678215,0.258375401560349,0,0.427271798016968,0,0.111111111111111,"NRB"
0.67326512455516,0.333094487436706,0.333333333333333,0,0,0,0.222222222222222,0.823723228995058,0,0,0,0.526758869512928,0.534038970411354,0.191716766867067,0.700652045050385,0,0.344632768361582,0.177464788732394,0,0,0,0.687660668380463,0.00680272108843537,0,1,0,0.70898332436794,0.512430939226519,0,0,0.0315918797168432,0,0.333333333333333,0,0,0.230659705742762,0.285452042221202,0,0.450986404988245,0,0.148148148148148,"NRB"
0.652802491103203,0.324579631221936,0.333333333333333,0,0,0,0.222222222222222,0.823723228995058,0,0,0,0.526758869512928,0.534038970411354,0.191716766867067,0.697806757557795,0,0.344632768361582,0.177464788732394,0,0,0,0.688946015424165,0.00680272108843537,0,1,0,0.700914470145239,0.512430939226519,0,0,0.0352775990171415,0,0.333333333333333,0,0,0.226269577598481,0.285452042221202,0,0.450884186854748,0,0.148148148148148,"NRB"
0.693727758007117,0.35016002675074,0.416666666666667,0,0,0,0.277777777777778,0.823723228995058,0,0,0,0.526758869512928,0.570363242723118,0.185259407704297,0.722110254890338,0,0.42090395480226,0.163380281690141,0,0,0,0.696658097686375,0.00680272108843537,0,1,0,0.734265734265734,0.502302025782689,0,0,0.0297197683262154,0,0.416666666666667,0,0,0.23766018035121,0.30770995869665,0,0.470203414085659,0,0.185185185185185,"NRB"
0.675044483985765,0.215307633514856,0.25,0,0.0277777777777778,0,0.333333333333333,0.790774299835255,0,0.25,0.0454545454545455,0.526758869512928,0.625691604522492,0.212424849699399,0.775222288085359,0.2,0.30225988700565,0.233802816901408,0,0.333333333333333,0,0.571979434447301,0.0136054421768707,0,1,0,0.735879505110274,0.505985267034991,0,0.295755055011452,0.173755338442637,0,0.5,0.111111111111111,0,0.218675842429995,0.313446535107848,0.125,0.475825411427987,0,0.111111111111111,"NRB"
0.700400355871886,0.125632941626063,0,0,0,0,0.166666666666667,0.658978583196046,0,0.0833333333333333,0,0.526758869512928,0.538609574212172,0.0995323981295925,0.766804979253112,0.1,0.0480225988700565,0.290140845070422,0,0,0,0.482005141388175,0.0204081632653061,0,0,0,0.759010220548682,0.505985267034991,0,0,0.138653249868367,0.25,0.0833333333333333,0,0.142857142857143,0.177978168011391,0.0821477742083524,0,0.374322804865583,0,0,"NRB"
0.594973309608541,0.162128594630744,0,0,0,0,0.111111111111111,0.85667215815486,0,0,0,0.526758869512928,0.465239355304306,0,0.687255483106106,0,0.0423728813559322,0.219718309859155,0,0,0,0.607969151670951,0.0136054421768707,0,0,0,0.664873587950511,0.506445672191529,0,0,0.139530802082724,0,0,0,0,0.162078785002373,0.101652134006425,0,0.361443320044976,0,0,"NRB"
0.691503558718861,0.201502340689787,0.333333333333333,0,0.0555555555555556,0,0.444444444444444,0.738056013179572,0,0,0.0909090909090909,0.526758869512928,0.633630021650229,0.166778000445335,0.787551867219917,0,0.200564971751413,0.256338028169014,0,0,0,0.607969151670951,0.0136054421768707,0,1,0,0.752017213555675,0.505985267034991,0,0,0.159714503012929,0,0.5,0.222222222222222,0.571428571428571,0.220336971998102,0.234281780633318,0.25,0.480220791168353,0,0.148148148148148,"NRB"
0.677268683274021,0.163191458870737,0,0,0.111111111111111,0,0.222222222222222,0.878088962108731,0,0,0.113636363636364,0.526758869512928,0.535963435169593,0,0.747717842323651,0,0.0649717514124294,0.219718309859155,0,0,0,0.610539845758355,0.0272108843537415,0,0,0.333333333333333,0.745024206562668,0.505985267034991,0,0,0.143743052711636,0,0.166666666666667,0.222222222222222,0.142857142857143,0.192097769340294,0.111060119320789,0.125,0.404783808647654,0,0,"NRB"
0.547375444839858,0.337083213910385,0,0,0.222222222222222,0,0,0.42339373970346,0,0,0,0.526758869512928,0.408467644936252,0.471387218882209,0.666627148784825,0,0.0508474576271187,0.391549295774648,0,0,0,0.410025706940874,0,0,0,0,0.583109198493814,0.502762430939227,0,0,0.19622067513017,0,0,0.222222222222222,0,0.112600854295206,0.0839834786599357,0.375,0.291321680466115,0,0,"NRB"
0.444839857651246,0.230557944014522,0,0.333333333333333,0,0,0,0.275123558484349,0,0,0,0.526758869512928,0.157084435891268,0.180583389000223,0.491286307053942,0,0.0875706214689266,0.464788732394366,0.5,0,0,0.309768637532134,0,0,0,0,0.393760086067778,0.242633517495396,0,0,0.032527935412157,0,0,0.111111111111111,0.285714285714286,0.0893450403417181,0.237035337310693,0.25,0.175712971481141,0,0,"NRB"
0.752224199288256,0.484558612783032,0.0833333333333333,0,0,0.0769230769230769,0,0.329489291598023,0.0833333333333333,0.333333333333333,0,0.526758869512928,0.555929757036324,0.301046537519483,0.712270302311796,0.15,0.364406779661017,0.394366197183098,0,0,0,0.374035989717224,0,1,0,0,0.679935449166218,0.529465930018416,0,0.278837101465567,0.0593810331714737,0,0,0.111111111111111,0.285714285714286,0.54734219269103,0.555759522716842,0.125,0.683021568026168,0,0.037037037037037,"NRB"
0.222419928825623,0.143952421897392,0,0,0,0,0,0.365733113673806,0,0.0833333333333333,0,0.526758869512928,0.0918931922059177,0.204408817635271,0.286899822169532,0,0.115819209039548,0.394366197183098,0,0,0,0.30719794344473,0,0,0,0,0.22270037654653,0.902394106813996,0,0,0.052009594570877,0,0,0,0,0.0550545799715235,0.237035337310693,0,0.114075436982521,0,0,"NRB"
0.536921708185053,0.312040221648992,0,0,0,0,0,0.471169686985173,0.166666666666667,0.0833333333333333,0,0.526758869512928,0.28289631946115,0.30705856156758,0.59845880260818,0,0.056497175141243,0.354929577464788,0,0,0,0.40745501285347,0,0,0,0,0.537923614846692,0.563075506445672,0,0,0.0988123793365705,0,0,0,0,0.109397247271001,0.127810922441487,0,0.233159562506389,0,0,"NRB"
0.417927046263345,0.275592337823636,0,0,0,0,0,0.42998352553542,0,0.25,0,0.526758869512928,0.349049795525619,0.50790469828546,0.541671606401897,0,0.141242937853107,0.371830985915493,0,0,0,0.313624678663239,0,0,0,0,0.485207100591716,0.527624309392265,0,0,0.189609781782016,0,0,0,0,0.0925486473659231,0.186094538779256,0,0.245936829193499,0,0,"NRB"
0.314501779359431,0.162642113308493,0.166666666666667,0,0,0,0,0.329489291598023,0,0,0,0.526758869512928,0.297329805147943,0.222667557336896,0.383402489626556,0,0.0649717514124294,0.245070422535211,0,0,0,0.685089974293059,0,0,0,0,0.332436793975256,0.275322283609576,0,0,0.0738898964488387,0,0,0,0,0.213455149501661,0.10325837540156,0,0.362874373913932,0,0,"NRB"
0.607651245551601,0.269836151714914,0,0,0,0,0,0.471169686985173,0.166666666666667,0.333333333333333,0,0.526758869512928,0.428915082992543,0.184146069917613,0.701363366923533,0.2,0.161016949152543,0.357746478873239,0,0,0,0.327763496143959,0.00680272108843537,0,0,0,0.664873587950511,0.507826887661142,0,0,0.0340490259170421,0,0,0,0,0.137517797816801,0.186094538779256,0,0.31278748850046,0,0,"NRB"
0.482651245551601,0.264772618706411,0.0833333333333333,0,0,0,0,0.365733113673806,0.0416666666666667,0.0833333333333333,0,0.500801763880537,0.657926389222997,0.216210198174126,0.524362774155305,0,0.203389830508474,0.332394366197183,0,0,0,0.812339331619537,0,0,0,0,0.456159225389995,0.688305709023941,0,0.134655107001841,0.0642368220909144,0,0,0.0555555555555556,0.285714285714286,0.999644043663977,0.410738871041762,0.125,0.950730859654503,0,0.037037037037037,"NRB"
0.722419928825623,0.496656157447215,0,0.333333333333333,0,0.153846153846154,0,0.548599670510708,0.166666666666667,0,0.227272727272727,0.526758869512928,0.443589126774116,0.399020262747718,0.758624777711915,0,0.115819209039548,0.366197183098591,0,0,0,0.506426735218509,0,0,0,0,0.670790747713825,0.502302025782689,0,0,0.153045106183818,0,0,0.555555555555556,0,0.163858566682487,0.304038549793483,0.5,0.360114484309516,0,0,"NRB"
0.314501779359431,0.317103754657495,0.0833333333333333,0,0,0,0,0.471169686985173,0,0,0,0.526758869512928,0.262208323310079,0.222667557336896,0.383402489626556,0,0.146892655367231,0.273239436619718,0,0,0,0.669665809768637,0,0,0,0,0.332436793975256,0.210405156537753,0,0,0.0738898964488387,0,0,0,0,0.187114380635975,0.304038549793483,0.125,0.328222426658489,0,0,"NRB"
0.222419928825623,0.133885067354543,0,0.333333333333333,0,0,0,0.182866556836903,0,0,0,0.526758869512928,0.0909309598267981,0.204408817635271,0.286899822169532,0,0.112994350282486,0.509859154929578,0.5,0,0,0.218508997429306,0,0,0,0,0.22270037654653,0.898250460405157,0,0,0.052009594570877,0,0,0.0555555555555556,0.428571428571429,0.0494779307071666,0.313446535107848,0.25,0.103546969232342,0,0,"NRB"
0.58741103202847,0.254764975637719,0.0833333333333333,0,0,0,0.111111111111111,0.780889621087315,0.0416666666666667,0,0,0.526758869512928,0.439259081068078,0.280783789801826,0.656787196206283,0,0.0819209039548023,0.236619718309859,0,0,0,0.601542416452442,0.00680272108843537,0,1,0,0.653039268423884,0.511970534069982,0,0,0.0783361610015796,0,0,0,0,0.173469387755102,0.166819642037632,0,0.367985280588776,0,0.037037037037037,"NRB"
0.739546263345196,0.278195758096876,0.333333333333333,0,0,0,0.333333333333333,0.878088962108731,0,0.25,0,0.351473241130487,0.603800817897522,0.175684702738811,0.780912863070539,0.2,0.505649717514124,0.169014084507042,0,0,0,0.589974293059126,0.0204081632653061,0,1,0,0.825174825174825,0.505985267034991,0,0.315441145474728,0.0401333879365822,0,0.333333333333333,0,0,0.238372093023256,0.386645250114731,0,0.476029847694981,0.5,0.148148148148148,"NRB"
0.618994661921708,0.277228432215535,0.166666666666667,0,0,0,0.111111111111111,0.769357495881384,0.0416666666666667,0,0,0.526758869512928,0.45585758960789,0.264306390558896,0.651333728512152,0,0.155367231638418,0.228169014084507,0,0,0,0.620822622107969,0.00680272108843537,0,1,0,0.657342657342657,0.494475138121547,0,0,0.0534721815948049,0,0.0833333333333333,0,0,0.196962505932606,0.200321248279027,0,0.394868649698456,0,0.0740740740740741,"NRB"
0.647686832740213,0.297303429827076,0,0,0.0277777777777778,0,0.166666666666667,0.658978583196046,0.0833333333333333,0,0.0909090909090909,0.526758869512928,0.371181140245369,0.196170118013805,0.674451689389449,0,0.0536723163841808,0.301408450704225,0,0,0,0.542416452442159,0.00680272108843537,0,0,0,0.679935449166218,0.494935543278085,0,0,0.0296027613643012,0,0.0833333333333333,0.111111111111111,0.285714285714286,0.172401518747034,0.147774208352455,0.125,0.325666973321067,0,0,"NRB"
0.607651245551601,0.291129263399255,0,0,0.0555555555555556,0,0.111111111111111,0.617792421746293,0,0,0.0909090909090909,0.526758869512928,0.349530911715179,0.194834112669784,0.640782454060463,0,0.0960451977401131,0.332394366197183,0,0,0,0.497429305912596,0.00680272108843537,0,0,0,0.64228079612695,0.52670349907919,0,0,0.0239864271924179,0,0.166666666666667,0.222222222222222,0.571428571428571,0.16468913146654,0.217989903625516,0.25,0.312378615966472,0,0,"NRB"
0.577402135231317,0.277503104996656,0,0,0.0555555555555556,0,0.111111111111111,0.678747940691928,0.0416666666666667,0,0.0454545454545455,0.526758869512928,0.346403656483041,0.194834112669784,0.636158861885003,0,0.0621468926553673,0.295774647887324,0,0,0,0.55012853470437,0.00680272108843537,0,0,0,0.632060247444863,0.525782688766114,0,0,0.0365646755981981,0,0.0833333333333333,0.111111111111111,0.285714285714286,0.161960132890365,0.160624139513538,0.125,0.310436471430032,0,0,"NRB"
0.569839857651246,0.280918601318429,0.0833333333333333,0,0.0277777777777778,0,0.111111111111111,0.706754530477759,0,0,0.0454545454545455,0.526758869512928,0.398845321145056,0.194834112669784,0.636158861885003,0,0.135593220338983,0.27887323943662,0,0,0,0.571979434447301,0.00680272108843537,0,1,0,0.629370629370629,0.52670349907919,0,0,0.0407184227461534,0,0.166666666666667,0.111111111111111,0.285714285714286,0.190199335548173,0.221202386415787,0.125,0.362465501379945,0,0.037037037037037,"NRB"
0.673709964412811,0.332079392376039,0,0,0.0555555555555556,0,0.166666666666667,0.658978583196046,0.0833333333333333,0.166666666666667,0.0681818181818182,0.526758869512928,0.435891267741159,0.258294366510799,0.70515708358032,0.1,0.163841807909604,0.301408450704225,0,0.333333333333333,0,0.510282776349614,0.00680272108843537,0,0,0,0.70898332436794,0.502302025782689,0,0.291694184102182,0.0659919265196279,0,0.0833333333333333,0.111111111111111,0,0.191623160892264,0.310004589261129,0.125,0.375038331800061,0,0,"NRB"
0.618772241992882,0.285898538263113,0.0833333333333333,0,0.0277777777777778,0,0.111111111111111,0.678747940691928,0.0416666666666667,0.166666666666667,0.0454545454545455,0.526758869512928,0.472215540052923,0.283455800489869,0.684410195613515,0.1,0.242937853107345,0.287323943661972,0,0.333333333333333,0,0.510282776349614,0.00680272108843537,0,1,0,0.672942442173211,0.502302025782689,0,0.285890932595163,0.0881647458023753,0,0.0833333333333333,0.111111111111111,0,0.187588989084006,0.350619550252409,0.125,0.397935193703363,0,0.037037037037037,"NRB"
0.668149466192171,0.324854304003057,0.25,0.333333333333333,0.0833333333333333,0,0.222222222222222,0.617792421746293,0,0,0.0909090909090909,0.526758869512928,0.52104883329324,0.258294366510799,0.704445761707173,0,0.268361581920904,0.304225352112676,0.5,0,0,0.58611825192802,0.00680272108843537,0,1,0,0.71382463690156,0.502302025782689,0,0,0.0482068683086644,0,0.333333333333333,0.166666666666667,0.428571428571429,0.217726625533935,0.278797613584213,0.25,0.434324849228253,0,0.111111111111111,"NRB"
0.737989323843416,0.275198242094201,0,0,0,0.0769230769230769,0.111111111111111,0.658978583196046,0.125,0.0833333333333333,0,0.526758869512928,0.415684387779649,0.258294366510799,0.736692353289864,0.05,0.0677966101694916,0.290140845070422,0,0,0,0.51413881748072,0.00680272108843537,0,0,0,0.70898332436794,0.502762430939227,0,0,0.0782776575206225,0,0.0833333333333333,0,0.142857142857143,0.170265780730897,0.176227627351996,0,0.340079730144128,0,0,"NRB"
0.624332740213523,0.292096589280596,0,0,0,0,0.166666666666667,0.693574958813839,0.0833333333333333,0.0833333333333333,0,0.526758869512928,0.374308395477508,0.196170118013805,0.670895080023711,0.075,0.0847457627118645,0.276056338028169,0,0,0,0.529562982005141,0.00680272108843537,0,0,0,0.670252824098978,0.494935543278085,0,0,0.036038144269584,0,0.0833333333333333,0,0.142857142857143,0.171333649738965,0.198715006883892,0,0.326791372789533,0,0,"NRB"
0.587633451957295,0.284608770421324,0,0,0.0277777777777778,0,0.111111111111111,0.640856672158155,0,0.0833333333333333,0.0454545454545455,0.526758869512928,0.375511185951407,0.264306390558896,0.646947243627742,0.05,0.115819209039548,0.309859154929577,0,0,0,0.473007712082262,0.00680272108843537,0,0,0,0.64550833781603,0.494475138121547,0,0,0.061019130638273,0,0.166666666666667,0.111111111111111,0.285714285714286,0.163858566682487,0.194584671867829,0.125,0.319431667177757,0,0,"NRB"
0.659475088967971,0.340833094487437,0.0833333333333333,0,0.0277777777777778,0,0.166666666666667,0.658978583196046,0,0.25,0.0454545454545455,0.526758869512928,0.4772672600433,0.258294366510799,0.702430349733254,0.15,0.34180790960452,0.295774647887324,0,0.333333333333333,0,0.480719794344473,0.00680272108843537,0,1,0,0.701990317374933,0.502302025782689,0,0.28555369764076,0.0648803603814427,0,0.25,0.111111111111111,0.142857142857143,0.202301850972947,0.437586048646168,0.125,0.407032607584585,0,0.037037037037037,"NRB"
0.748443060498221,0.27501910767173,0,0,0,0.0769230769230769,0.0555555555555556,0.644151565074135,0.0833333333333333,0.166666666666667,0,0.526758869512928,0.419292759201347,0.323981295925184,0.728037937166568,0.125,0.115819209039548,0.295774647887324,0,0,0,0.455012853470437,0.00680272108843537,0,0,0,0.7073695535234,0.502302025782689,0,0,0.0850055578306909,0,0,0,0.142857142857143,0.164926435690555,0.214547957778798,0,0.335173259736277,0,0,"NRB"
0.618994661921708,0.295858412152479,0.0833333333333333,0,0.0555555555555556,0,0.111111111111111,0.886326194398682,0,0,0.0454545454545455,0.526758869512928,0.430358431561222,0.264306390558896,0.651333728512152,0,0.163841807909604,0.214084507042254,0,0,0,0.6426735218509,0.00680272108843537,0,1,0,0.657342657342657,0.494014732965009,0,0,0.0534721815948049,0,0.0833333333333333,0.0555555555555556,0,0.19672520170859,0.273749426342359,0.125,0.379638147807421,0,0.037037037037037,"NRB"
0.444839857651246,0.176960924811312,0,0,0,0,0,0.658978583196046,0,0,0,0.526758869512928,0.329564589848448,0,0.561232957913456,0,0.0225988700564972,0.290140845070422,0,0,0,0.555269922879177,0.00680272108843537,0,0,0,0.537923614846692,0.523941068139963,0,0,0.0239864271924179,0,0,0,0,0.114617940199336,0.064938044974759,0,0.262189512419503,0,0,"NRB"
0.595862989323843,0.176351867774912,0,0,0.111111111111111,0,0,0.471169686985173,0.0833333333333333,0,0.0909090909090909,0.526758869512928,0.37045946596103,0.280783789801826,0.656905749851808,0,0.0480225988700565,0.371830985915493,0,0,0,0.380462724935733,0.00680272108843537,0,0,0,0.657342657342657,0.511510128913444,0,0,0.0731878546773533,0.25,0,0.111111111111111,0.571428571428571,0.116041765543427,0.114731528223956,0.25,0.261576203618522,0,0,"NRB"
0.628336298932384,0.19926913155632,0,0,0,0,0,0.548599670510708,0,0.166666666666667,0,0.526758869512928,0.386336300216502,0.263861055444222,0.679075281564908,0.1,0.101694915254237,0.329577464788732,0,0,0,0.403598971722365,0.00680272108843537,0,0,0,0.679397525551372,0.511970534069982,0,0,0.0603755923477447,0.125,0,0,0.285714285714286,0.130517323208353,0.248508490133088,0,0.289277317796177,0,0,"NRB"
0.78047153024911,0.164528995891851,0.25,0,0,0,0.111111111111111,0.790774299835255,0,0,0,0.526758869512928,0.56603319701708,0.144288577154309,0.764196799051571,0,0.0903954802259888,0.174647887323944,0,0,0,0.753213367609255,0.0136054421768707,0,1,0,0.755244755244755,0.505985267034991,0,0,0.117416486280934,0,0.166666666666667,0,0,0.275866160417655,0.156723267553924,0,0.471736686088112,0,0.0740740740740741,"NRB"
0.711743772241993,0.282256138339543,0,0,0.166666666666667,0,0.222222222222222,0.749588138385502,0,0.333333333333333,0.136363636363636,0.526758869512928,0.541015155159971,0.250501002004008,0.76158861885003,0.2,0.285310734463277,0.27887323943662,0,0.666666666666667,0,0.512853470437018,0.0204081632653061,0,0,0,0.775147928994083,0.505985267034991,0,0.603186870319109,0.0812028315684783,0,0.166666666666667,0.222222222222222,0,0.209539629805411,0.39008719596145,0.25,0.432689359092303,0,0,"NRB"
0.690169039145907,0.230390751886883,0,0,0,0,0.111111111111111,0.915980230642504,0,0.166666666666667,0,0.508218079775506,0.460909309598268,0.162547316855934,0.722110254890338,0.15,0.169491525423729,0.197183098591549,0,0,0,0.553984575835476,0.0204081632653061,0,0,0,0.749327595481442,0.505064456721915,0,0.314527800806554,0.0340490259170421,0,0,0,0,0.186995728523968,0.287976135842129,0,0.374118368598589,0,0,"NRB"
0.623443060498221,0.0715462883347664,0,0,0.166666666666667,0,0.222222222222222,0.695222405271829,0,0.166666666666667,0.227272727272727,0.519843656043295,0.623045465479913,0.106212424849699,0.798221695317131,0.15,0.129943502824859,0.295774647887324,0,0,0,0.452442159383034,0.0272108843537415,0,0,0,0.729424421732114,0.505985267034991,0,0.328438742675678,0.278652079798748,0,0.166666666666667,0.222222222222222,0.285714285714286,0.173469387755102,0.181964203763194,0.5,0.439844628437085,0,0,"NRB"
0.512233096085409,0.302653577911531,0,0,0,0,0,0.548599670510708,0.0416666666666667,0,0,0.526758869512928,0.287948039451528,0.191939434424404,0.580082987551867,0,0.115819209039548,0.366197183098591,0,0,0,0.547557840616966,0.00680272108843537,0,0,0.333333333333333,0.599784830554061,0.569060773480663,0,0,0.0299537822500439,0,0,0.222222222222222,0.142857142857143,0.161366872330327,0.166819642037632,0.25,0.29408157007053,0,0,"NRB"
0.555827402135231,0.277598643355307,0,0,0,0,0,0.769357495881384,0,0,0.0454545454545455,0.526758869512928,0.353379841231657,0.250501002004008,0.60901007705987,0,0.076271186440678,0.264788732394366,0,0,0,0.560411311053984,0.00680272108843537,0,0,0,0.611081226465842,0.52670349907919,0,0,0.0606681097525303,0,0,0.166666666666667,0,0.159112482202183,0.170032124827903,0.125,0.311765307165491,0,0,"NRB"
0.747553380782918,0.129705264163562,0,0,0.0555555555555556,0.0769230769230769,0,0.476112026359143,0.0833333333333333,0.333333333333333,0.0454545454545455,0.526758869512928,0.534038970411354,0.354264083723002,0.772614107883818,0.4,0.129943502824859,0.363380281690141,0,0,0,0.345758354755784,0.0136054421768707,0,0,0,0.756858526089295,0.505985267034991,0,0,0.164804305856198,0,0,0.111111111111111,0.571428571428571,0.145704793545325,0.157641119779715,0.25,0.348359398957375,0,0,"NRB"
0.741992882562278,0.170070220693608,0.166666666666667,0,0.111111111111111,0,0.111111111111111,0.960461285008237,0,0.166666666666667,0.0454545454545455,0.555221487271998,0.617993745489536,0.225562235582276,0.799407231772377,0.15,0.225988700564972,0.135211267605634,0,0,0,0.660668380462725,0.0408163265306122,0,0,0,0.820871436256052,0.505985267034991,0,0.34830750207259,0.0738313929678816,0,0,0.111111111111111,0,0.233863312766967,0.305874254245066,0.25,0.469590105284677,0,0,"NRB"
0.555827402135231,0.189488392089424,0,0,0,0,0,0.471169686985173,0.0416666666666667,0.0833333333333333,0,0.526758869512928,0.323550637478951,0.250501002004008,0.60901007705987,0,0.0847457627118645,0.366197183098591,0,0,0,0.344473007712082,0.00680272108843537,0,0,0,0.611081226465842,0.524861878453039,0,0,0.0606681097525303,0,0,0.166666666666667,0,0.114143331751305,0.093620927030748,0.125,0.245630174793008,0,0,"NRB"
0.559830960854093,0.176531002197382,0,0,0.0833333333333333,0,0,0.411861614497529,0.0416666666666667,0,0,0.526758869512928,0.34880923743084,0.313738588287687,0.618494368701838,0,0.076271186440678,0.405633802816901,0,0,0,0.341902313624679,0.00680272108843537,0,0,0,0.618074233458849,0.495395948434623,0,0,0.0931375416837302,0,0,0.333333333333333,0.428571428571429,0.112956810631229,0.109453877925654,0.375,0.252274353470306,0,0,"NRB"
0.663256227758007,0.185224992834623,0,0,0.0555555555555556,0,0,0.658978583196046,0,0.166666666666667,0.0454545454545455,0.508117859290439,0.429396199182103,0.169672678690715,0.717486662714879,0.15,0.163841807909604,0.301408450704225,0,0,0,0.453727506426735,0.0204081632653061,0,0,0,0.766003227541689,0.507826887661142,0,0.310621495918052,0.0341075293979992,0.25,0,0.111111111111111,0.142857142857143,0.166824869482677,0.278797613584213,0.125,0.34294183788204,0,0,"NRB"
0.577402135231317,0.311956625585172,0.166666666666667,0,0,0,0,0.749588138385502,0,0,0.0227272727272727,0.526758869512928,0.442145778205437,0.194834112669784,0.636158861885003,0,0.254237288135593,0.250704225352113,0,0,0,0.625964010282776,0.00680272108843537,0,1,0,0.632060247444863,0.527624309392265,0,0,0.0365646755981981,0,0,0.111111111111111,0,0.204674893213099,0.252868288205599,0.125,0.398139629970357,0,0.0740740740740741,"NRB"
0.589635231316726,0.267065539314035,0.166666666666667,0,0,0,0,0.548599670510708,0,0.0833333333333333,0,0.576668671076368,0.4342073610777,0.201736806947228,0.663781861292235,0.05,0.26271186440678,0.267605633802817,0,0,0,0.601542416452442,0.00680272108843537,0,1,0,0.687466379774072,0.527163904235728,0,0.147947784787893,0.033522494588428,0,0,0.111111111111111,0,0.219387755102041,0.302432308398348,0.125,0.398752938771338,0,0.037037037037037,"NRB"
0.650133451957295,0.228694946020827,0.0833333333333333,0,0.0555555555555556,0,0.111111111111111,0.769357495881384,0,0.0833333333333333,0.0454545454545455,0.528161956303869,0.445273033437575,0.147851258071699,0.695080023710729,0.05,0.172316384180791,0.211267605633803,0,0,0,0.596401028277635,0.0204081632653061,0,0,0,0.740182894029048,0.502302025782689,0,0.153638624643444,0.0358626338267127,0,0.0833333333333333,0.111111111111111,0.142857142857143,0.206691979117228,0.221661312528683,0.125,0.386180108351222,0,0,"NRB"
0.314501779359431,0.167466800420369,0.166666666666667,0,0,0,0,0.411861614497529,0.0833333333333333,0,0,0.526758869512928,0.323550637478951,0.222667557336896,0.383402489626556,0,0.225988700564972,0.338028169014084,0,0,0,0.53598971722365,0,0,0,0,0.332436793975256,0.243554327808471,0,0,0.0738898964488387,0,0,0,0,0.1671808258187,0.307251032583754,0,0.339977512010631,0,0.0740740740740741,"NRB"
0.650133451957295,0.266002675074042,0,0,0,0,0.111111111111111,0.686985172981878,0.125,0,0,0.526758869512928,0.389704113543421,0.263861055444222,0.68014226437463,0,0.0254237288135593,0.27887323943662,0,0,0,0.560411311053984,0.00680272108843537,0,0,0,0.681549220010758,0.511510128913444,0,0,0.0654653951910139,0,0,0,0,0.166350261034646,0.0917852225791647,0,0.324031483185117,0,0,"NRB"
0.736877224199288,0.310881819050349,0.0833333333333333,0,0.0833333333333333,0,0.111111111111111,0.520593080724876,0,0.166666666666667,0.0909090909090909,0.526758869512928,0.468607168631224,0.258294366510799,0.736692353289864,0.1,0.209039548022599,0.32112676056338,0,0,0,0.489717223650386,0.00680272108843537,0,0,0,0.705217859064013,0.502302025782689,0,0.300167212331558,0.0812613350494354,0,0.166666666666667,0.166666666666667,0.571428571428571,0.291646891314665,0.377925653969711,0.25,0.468363487682715,0,0,"NRB"
0.683274021352313,0.199424381389128,0,0,0,0,0.222222222222222,0.823723228995058,0,0.25,0,0.500100220485067,0.523454414241039,0.156535292807838,0.747717842323651,0.225,0.163841807909604,0.230985915492958,0,0,0,0.519280205655527,0.0136054421768707,0,0,0,0.733189887036041,0.505985267034991,0,0.167732235446204,0.13332943310127,0,0.166666666666667,0,0.285714285714286,0.185097294731846,0.284763653051859,0,0.397219666768885,0,0,"NRB"
0.647686832740213,0.183756090570364,0,0,0,0,0.222222222222222,0.792421746293245,0,0.166666666666667,0,0.526758869512928,0.502525859995189,0.144288577154309,0.730764671013634,0.15,0.115819209039548,0.242253521126761,0,0,0,0.537275064267352,0.0136054421768707,0,0,0,0.706831629908553,0.505985267034991,0,0,0.141519920435266,0,0.166666666666667,0,0.285714285714286,0.173943996203132,0.216613125286829,0,0.382398037411837,0,0,"NRB"
0.695062277580071,0.308708321391038,0,0,0,0.0769230769230769,0,0.507413509060956,0.208333333333333,0,0,0.526758869512928,0.307192687033919,0.289245156980628,0.691879075281565,0,0.00847457627118645,0.343661971830986,0,0,0,0.492287917737789,0,0,0,0,0.618074233458849,0.47744014732965,0,0,0.0967062540221143,0,0,0,0,0.120550545799715,0.0672326755392382,0,0.253909843606256,0,0,"NRB"
0.667259786476868,0.352548485717015,0.333333333333333,0,0,0.0769230769230769,0,0.329489291598023,0.0416666666666667,0,0,0.526758869512928,0.446475823911475,0.160765976397239,0.650029638411381,0,0.720338983050848,0.27887323943662,0,0,0,0.699228791773779,0,0,0,0,0.537923614846692,0.699355432780847,0,0,0.0208272392207336,0,0,0,0,0.251305173232084,0.475447452960073,0,0.429111724419912,0,0.148148148148148,"NRB"
0.810943060498221,0.458106429731537,0.5,0,0,0.153846153846154,0,0.411861614497529,0.0833333333333333,0,0,0.526758869512928,0.549194130382487,0.180583389000223,0.750563129816242,0,0.68361581920904,0.259154929577465,0,0,0.666666666666667,0.679948586118252,0,0,0,0,0.700914470145239,0.466390423572744,0,0,0.0565728660855321,0,0,0,0,0.258305647840532,0.442634235888022,0,0.471634467954615,0,0.222222222222222,"NRB"
0.810943060498221,0.478169485048247,0.166666666666667,0,0,0.153846153846154,0,0.411861614497529,0.0833333333333333,0,0,0.526758869512928,0.650709646379601,0.180583389000223,0.750563129816242,0,0.884180790960452,0.743661971830986,0,0,0.666666666666667,0.353470437017995,0,1,0,0,0.700914470145239,0.460865561694291,0,0,0.0565728660855321,0,0,0,0,0.552681537731372,0.810692978430473,0,0.752018808136563,0,0.222222222222222,"NRB"
0.561165480427046,0.314273430782459,0,0,0,0,0,0.471169686985173,0.166666666666667,0,0.0454545454545455,0.526758869512928,0.335578542217946,0.409040302827878,0.625963248369887,0,0.0254237288135593,0.363380281690141,0,0,0,0.398457583547558,0,0,0,0,0.577729962345347,0.523480662983425,0,0,0.124378400514831,0,0,0.222222222222222,0.142857142857143,0.10797342192691,0.075493345571363,0.125,0.245221302259021,0,0,"NRB"
0.521129893238434,0.425635330085029,0,0.333333333333333,0.0555555555555556,0,0,0.275123558484349,0,0.166666666666667,0,0.31870114251353,0.360837142169834,0.334001336005344,0.60877296976882,0,0.370056497175142,0.504225352112676,0,0,0,0.298200514138817,0,0,0,0,0.537923614846692,0.460405156537753,0,0.2714179324687,0.130930790382028,0,0,0.111111111111111,0.571428571428571,0.153773137161841,0.562184488297384,0.5,0.321067157313707,0,0,"NRB"
0.608763345195729,0.403792872838445,0.166666666666667,0,0.111111111111111,0,0,0.397034596375618,0,0.166666666666667,0.0454545454545455,0.446181599518942,0.516959345681982,0.461812513916722,0.699110847658566,0.05,0.161016949152543,0.349295774647887,0,0,0,0.475578406169666,0,0,0,0,0.632060247444863,0.505064456721915,0,0.295993929770821,0.164453284970456,0,0,0.111111111111111,0.571428571428571,0.188538205980066,0.308168884809546,0.375,0.411019114790964,0,0,"NRB"
0.725533807829181,0.472210279927391,0.0833333333333333,0,0,0,0,0.456342668863262,0.125,0.583333333333333,0,0.526758869512928,0.617512629299976,0.693164105989757,0.755305275637226,0.3,0.11864406779661,0.349295774647887,0,0,0,0.376606683804627,0,0,0,0,0.676707907477138,0.505985267034991,0,0.177694718057527,0.238343181419294,0,0,0,0,0.254864736592311,0.169114272602111,0,0.445364407645916,0,0,"NRB"
0.741325622775801,0.389486003630458,0.0833333333333333,0,0,0,0,0.497528830313015,0.166666666666667,0,0,0.526758869512928,0.704113543420736,0.490981963927856,0.729934795494961,0,0,0.315492957746479,0,0,0,0.646529562982005,0,0,0,0,0.700914470145239,0.505985267034991,0,0,0.0881647458023753,0,0,0,0,0.955386805885145,0.0199632859109683,0,0.928958397219667,0,0,"NRB"
0.607651245551601,0.260055412248018,0,0,0,0,0.0555555555555556,0.780889621087315,0.0416666666666667,0,0,0.639106033273201,0.374789511667068,0.264306390558896,0.648251333728512,0,0.0338983050847458,0.245070422535211,0,0,0,0.59254498714653,0.00680272108843537,0,0,0,0.64228079612695,0.494935543278085,0,0,0.0710817293628971,0,0,0,0,0.161960132890365,0.13079394217531,0,0.323111519983645,0,0,"NRB"
0.647686832740213,0.291857743383969,0,0,0,0,0.166666666666667,0.706754530477759,0.125,0,0,0.526758869512928,0.368294443108011,0.196170118013805,0.674451689389449,0,0.0282485875706215,0.273239436619718,0,0,0,0.587403598971722,0.00680272108843537,0,0,0,0.679935449166218,0.495395948434623,0,0,0.0296027613643012,0,0,0,0,0.171689606074988,0.0968334098210188,0,0.324338137585608,0,0,"NRB"
0.629003558718861,0.271412534632655,0,0,0,0,0.111111111111111,0.749588138385502,0.0416666666666667,0,0,0.526758869512928,0.395477507818138,0.280783789801826,0.660936573799644,0,0.0310734463276836,0.256338028169014,0,0,0,0.574550128534704,0.00680272108843537,0,0,0,0.670790747713825,0.511970534069982,0,0,0.05803545310946,0,0,0,0,0.165875652586616,0.118402937127123,0,0.326075845855055,0,0,"NRB"
0.58741103202847,0.238057705168625,0,0,0,0,0.111111111111111,0.686985172981878,0.0833333333333333,0,0,0.526758869512928,0.388020206879962,0.280783789801826,0.656787196206283,0,0.0254237288135593,0.27887323943662,0,0,0,0.534704370179948,0.00680272108843537,0,0,0,0.653039268423884,0.511510128913444,0,0,0.0783361610015796,0,0,0,0,0.160892263882297,0.0839834786599357,0,0.316671777573342,0,0,"NRB"
0.595862989323843,0.24687111875418,0,0,0,0,0.111111111111111,0.686985172981878,0.0833333333333333,0,0,0.526758869512928,0.388020206879962,0.280783789801826,0.656905749851808,0,0.0254237288135593,0.27887323943662,0,0,0,0.539845758354756,0.00680272108843537,0,0,0,0.657342657342657,0.511510128913444,0,0,0.0731878546773533,0,0,0,0,0.161366872330327,0.0839834786599357,0,0.316671777573342,0,0,"NRB"
0.629003558718861,0.285814942199293,0,0,0,0,0.111111111111111,0.823723228995058,0,0,0,0.526758869512928,0.402934808756315,0.280783789801826,0.660936573799644,0,0.0395480225988701,0.230985915492958,0,0,0,0.606683804627249,0.00680272108843537,0,0,0,0.670790747713825,0.511970534069982,0,0,0.05803545310946,0,0,0,0,0.168485999050783,0.152822395594309,0,0.334457732801799,0,0,"NRB"
0.607651245551601,0.264736791821917,0.0833333333333333,0,0,0,0.0555555555555556,0.823723228995058,0,0,0,0.620264582080577,0.553283617993745,0.264306390558896,0.648251333728512,0,0.0790960451977402,0.202816901408451,0,0,0,0.683804627249357,0.00680272108843537,1,0,0,0.64228079612695,0.494935543278085,1,0,0.0710817293628971,0,0,0,0,0.547460844803038,0.149839375860486,0,0.682817131759174,0,0.037037037037037,"NRB"
0.559830960854093,0.248256424954619,0.0833333333333333,0,0,0,0.0555555555555556,0.823723228995058,0,0,0,0.526758869512928,0.552321385614626,0.313738588287687,0.618494368701838,0,0.0790960451977402,0.202816901408451,0,0,0,0.676092544987147,0.00680272108843537,1,0,0,0.618074233458849,0.494935543278085,1,0,0.0931375416837302,0,0,0,0,0.546392975794969,0.132859109683341,0,0.681999386691199,0,0.037037037037037,"NRB"
0.577402135231317,0.290317187350721,0.166666666666667,0,0,0,0.111111111111111,0.823723228995058,0,0,0,0.526758869512928,0.439980755352418,0.194834112669784,0.636158861885003,0,0.192090395480226,0.202816901408451,0,0,0,0.660668380462725,0.00680272108843537,0,1,0,0.632060247444863,0.52670349907919,0,0,0.0365646755981981,0,0.166666666666667,0,0,0.202420503084955,0.22418540614961,0,0.396095267300419,0,0.0740740740740741,"NRB"
0.569839857651246,0.284131078628069,0.166666666666667,0,0,0,0.111111111111111,0.823723228995058,0,0,0,0.526758869512928,0.439980755352418,0.194834112669784,0.636158861885003,0,0.192090395480226,0.202816901408451,0,0,0,0.654241645244216,0.00680272108843537,0,1,0,0.629370629370629,0.52670349907919,0,0,0.0407184227461534,0,0.166666666666667,0,0,0.200284765068818,0.22418540614961,0,0.396095267300419,0,0.0740740740740741,"NRB"
0.607651245551601,0.298175217349766,0.166666666666667,0,0,0,0.111111111111111,0.823723228995058,0,0,0,0.526758869512928,0.439980755352418,0.194834112669784,0.640782454060463,0,0.192090395480226,0.202816901408451,0,0,0,0.65681233933162,0.00680272108843537,0,1,0,0.64228079612695,0.52670349907919,0,0,0.0239864271924179,0,0.166666666666667,0,0,0.209658281917418,0.22418540614961,0,0.396299703567413,0,0.0740740740740741,"NRB"
0.569839857651246,0.278458488583166,0.166666666666667,0,0,0,0.111111111111111,0.823723228995058,0,0,0,0.526758869512928,0.644936252104883,0.194834112669784,0.636158861885003,0,0.146892655367231,0.154929577464789,0,0,0,0.795629820051414,0.00680272108843537,1,0,0,0.629370629370629,0.525782688766114,1,0,0.0407184227461534,0,0.166666666666667,0,0,0.548054105363075,0.14616796695732,0,0.75181437186957,0,0.0740740740740741,"NRB"
0.624332740213523,0.298629024553358,0.166666666666667,0,0,0,0.166666666666667,0.769357495881384,0.0416666666666667,0,0,0.526758869512928,0.45706038008179,0.196170118013805,0.670895080023711,0,0.155367231638418,0.228169014084507,0,0,0,0.646529562982005,0.00680272108843537,0,1,0,0.670252824098978,0.494475138121547,0,0,0.036038144269584,0,0.166666666666667,0,0,0.206217370669198,0.204451583295089,0,0.402739445977716,0,0.0740740740740741,"NRB"
0.647686832740213,0.308648609916882,0.166666666666667,0,0,0,0.166666666666667,0.769357495881384,0.0416666666666667,0,0,0.526758869512928,0.45706038008179,0.196170118013805,0.674451689389449,0,0.155367231638418,0.228169014084507,0,0,0,0.645244215938303,0.00680272108843537,0,1,0,0.679935449166218,0.494475138121547,0,0,0.0296027613643012,0,0.166666666666667,0,0,0.20859041290935,0.204451583295089,0,0.40294388224471,0,0.0740740740740741,"NRB"
0.587633451957295,0.268164230438521,0,0,0.0555555555555556,0,0.111111111111111,0.658978583196046,0.0416666666666667,0,0.0454545454545455,0.526758869512928,0.36949723358191,0.264306390558896,0.646947243627742,0,0.0536723163841808,0.301408450704225,0,0,0,0.529562982005141,0.00680272108843537,0,0,0,0.64550833781603,0.494935543278085,0,0,0.061019130638273,0,0.0833333333333333,0.111111111111111,0.142857142857143,0.162197437114381,0.117944011014227,0.125,0.315240723704385,0,0,"NRB"
0.594973309608541,0.178525365434222,0,0,0.0555555555555556,0,0.111111111111111,0.823723228995058,0,0,0.0909090909090909,0.526758869512928,0.467163820062545,0,0.687255483106106,0,0.0649717514124294,0.23943661971831,0,0,0,0.580976863753213,0.0136054421768707,0,0,0.333333333333333,0.664873587950511,0.506445672191529,0,0,0.139530802082724,0,0.166666666666667,0.222222222222222,0.142857142857143,0.163858566682487,0.119320789352914,0.125,0.363078810180926,0,0,"NRB"
0.624332740213523,0.304086653291296,0.166666666666667,0,0.0277777777777778,0,0.166666666666667,0.706754530477759,0,0,0.0454545454545455,0.526758869512928,0.459225402934809,0.196170118013805,0.670895080023711,0,0.203389830508474,0.267605633802817,0,0,0,0.602827763496144,0.00680272108843537,0,1,0,0.670252824098978,0.494475138121547,0,0,0.036038144269584,0,0.25,0.111111111111111,0.285714285714286,0.206454674893213,0.255392381826526,0.125,0.403352754778698,0,0.0740740740740741,"NRB"
0.624332740213523,0.304050826406802,0.166666666666667,0,0.0277777777777778,0,0.166666666666667,0.706754530477759,0,0,0.0454545454545455,0.526758869512928,0.459225402934809,0.196170118013805,0.670895080023711,0,0.203389830508474,0.267605633802817,0,0,0,0.605398457583548,0.00680272108843537,0,1,0,0.670252824098978,0.494475138121547,0,0,0.036038144269584,0,0.25,0.111111111111111,0.285714285714286,0.20514950166113,0.255392381826526,0.125,0.403352754778698,0,0.0740740740740741,"NRB"
0.589190391459075,0.183529186968568,0,0.333333333333333,0.194444444444444,0,0.166666666666667,0.761120263591433,0,0,0.227272727272727,0.526758869512928,0.503969208563868,0.116009797372523,0.71262596324837,0,0.1045197740113,0.27887323943662,0,0,0,0.542416452442159,0.0136054421768707,0,0,0,0.664873587950511,0.505985267034991,0,0,0.186158076405546,0,0.25,0.444444444444444,0.285714285714286,0.171452301850973,0.168196420376319,0.375,0.384442400081775,0,0,"NRB"
0.650133451957295,0.327756281647081,0,0,0.0555555555555556,0,0.111111111111111,0.617792421746293,0,0.166666666666667,0.0909090909090909,0.526758869512928,0.419533317296127,0.263861055444222,0.68014226437463,0.1,0.231638418079096,0.332394366197183,0,0.333333333333333,0,0.465295629820052,0.00680272108843537,0,0,0,0.681549220010758,0.512891344383057,0,0.285174308317057,0.0654653951910139,0,0.166666666666667,0.222222222222222,0.285714285714286,0.188656858092074,0.382285452042221,0.25,0.367065317387304,0,0,"NRB"
0.659475088967971,0.337226521448362,0.0833333333333333,0,0.0555555555555556,0,0.166666666666667,0.617792421746293,0,0.166666666666667,0.0909090909090909,0.526758869512928,0.475342795285061,0.258294366510799,0.702430349733254,0.1,0.288135593220339,0.323943661971831,0,0.333333333333333,0,0.496143958868895,0.00680272108843537,0,1,0,0.701990317374933,0.502302025782689,0,0.287801930670114,0.0648803603814427,0,0.25,0.222222222222222,0.285714285714286,0.201945894636925,0.395823772372648,0.25,0.406317080650107,0,0.037037037037037,"NRB"
0.690169039145907,0.374355116079106,0.0833333333333333,0,0.0833333333333333,0,0.222222222222222,0.548599670510708,0,0.333333333333333,0.136363636363636,0.526758869512928,0.533317296127015,0.266533066132265,0.744754001185536,0.2,0.406779661016949,0.36056338028169,0,0.666666666666667,0,0.455012853470437,0.00680272108843537,0,1,0,0.742334588488435,0.506445672191529,0,0.582179942951087,0.0758205113204236,0,0.333333333333333,0.333333333333333,0.285714285714286,0.211319411485524,0.49564020192749,0.375,0.436880302565675,0,0.037037037037037,"NRB"
0.650133451957295,0.330503009458298,0.0833333333333333,0,0.0277777777777778,0,0.111111111111111,0.706754530477759,0,0.166666666666667,0.0454545454545455,0.526758869512928,0.45730093817657,0.263861055444222,0.68014226437463,0.1,0.293785310734463,0.27887323943662,0,0.333333333333333,0,0.526992287917738,0.00680272108843537,0,1,0,0.681549220010758,0.512891344383057,0,0.285047845209156,0.0654653951910139,0,0.166666666666667,0.111111111111111,0,0.204200284765069,0.384809545663148,0.125,0.399468465705816,0,0.037037037037037,"NRB"
0.676156583629893,0.36205455240279,0,0,0.0555555555555556,0,0.111111111111111,0.617792421746293,0,0.333333333333333,0.0909090909090909,0.526758869512928,0.473658888621602,0.280115787129815,0.70954356846473,0.2,0.367231638418079,0.335211267605634,0,0.666666666666667,0,0.438303341902314,0.00680272108843537,0,0,0,0.711672942442173,0.50828729281768,0,0.574831031236388,0.0741239103726672,0,0.166666666666667,0.222222222222222,0,0.19921689606075,0.491968793024323,0.25,0.402432791577226,0,0,"NRB"
0.682384341637011,0.363953377280978,0,0,0.0833333333333333,0,0.166666666666667,0.606260296540362,0.0416666666666667,0.333333333333333,0.0909090909090909,0.526758869512928,0.488814048592735,0.273881095524382,0.72732661529342,0.2,0.310734463276836,0.332394366197183,0,0.666666666666667,0,0.453727506426735,0.00680272108843537,0,0,0,0.726734803657881,0.505064456721915,0,0.582236148776821,0.066518457848242,0,0.166666666666667,0.222222222222222,0,0.201115329852871,0.457778797613584,0.25,0.408565879587039,0,0,"NRB"
0.668594306049822,0.350148084455909,0,0,0.0555555555555556,0,0.166666666666667,0.606260296540362,0.0416666666666667,0.333333333333333,0.113636363636364,0.526758869512928,0.488814048592735,0.273881095524382,0.72732661529342,0.2,0.310734463276836,0.332394366197183,0,0.666666666666667,0,0.453727506426735,0.00680272108843537,0,0,0,0.719741796664874,0.505064456721915,0,0.580311099245437,0.0836014742877201,0,0.166666666666667,0.222222222222222,0,0.198030374940674,0.457778797613584,0.25,0.408565879587039,0,0,"NRB"
0.643905693950178,0.3205311932741,0.0833333333333333,0,0.0277777777777778,0,0.166666666666667,0.678747940691928,0.0416666666666667,0.166666666666667,0.0454545454545455,0.526758869512928,0.473418330526822,0.258294366510799,0.702430349733254,0.1,0.242937853107345,0.287323943661972,0,0.333333333333333,0,0.533419023136247,0.00680272108843537,0,1,0,0.694997310381926,0.502302025782689,0,0.28697289474054,0.0732463581583104,0,0.166666666666667,0.111111111111111,0,0.202539155196963,0.354061496099128,0.125,0.405703771849126,0,0.037037037037037,"NRB"
0.756672597864769,0.355999808923283,0.0833333333333333,0,0.0277777777777778,0.0769230769230769,0.166666666666667,0.678747940691928,0.0416666666666667,0.166666666666667,0.0681818181818182,0.526758869512928,0.533076738032235,0.266533066132265,0.769650266745703,0.1,0.497175141242938,0.456338028169014,0,0.333333333333333,0.333333333333333,0.368894601542416,0.00680272108843537,0,1,0,0.754706831629909,0.506445672191529,0,0.287830033582981,0.0722517989820394,0,0.166666666666667,0.111111111111111,0,0.204556241101092,0.587195961450206,0.125,0.425227435347031,0,0.148148148148148,"NRB"
0.668594306049822,0.355426578771377,0.0833333333333333,0,0.0555555555555556,0,0.166666666666667,0.617792421746293,0,0.333333333333333,0.0909090909090909,0.526758869512928,0.519364926629781,0.273881095524382,0.72732661529342,0.2,0.426553672316385,0.323943661971831,0,0.666666666666667,0,0.473007712082262,0.00680272108843537,0,1,0,0.719741796664874,0.504604051565378,0,0.576727977854905,0.0836014742877201,0,0.25,0.222222222222222,0,0.209420977693403,0.494951812758146,0.25,0.431769395890831,0,0.037037037037037,"NRB"
0.643905693950178,0.326753128881246,0.166666666666667,0,0.0277777777777778,0,0.166666666666667,0.706754530477759,0,0.166666666666667,0.0454545454545455,0.526758869512928,0.505893673322107,0.258294366510799,0.702430349733254,0.1,0.358757062146893,0.267605633802817,0,0.333333333333333,0,0.556555269922879,0.00680272108843537,0,1,0,0.694997310381926,0.502302025782689,0,0.285764469487262,0.0732463581583104,0,0.25,0.111111111111111,0,0.214285714285714,0.398118402937127,0.125,0.429418378820403,0,0.0740740740740741,"NRB"
0.657918149466192,0.333858794305914,0.166666666666667,0,0.0277777777777778,0,0.166666666666667,0.706754530477759,0,0.166666666666667,0.0454545454545455,0.526758869512928,0.505893673322107,0.258294366510799,0.702430349733254,0.1,0.358757062146893,0.267605633802817,0,0.333333333333333,0,0.560411311053984,0.00680272108843537,0,1,0,0.700914470145239,0.502302025782689,0,0.286958843284106,0.0677470309483414,0,0.25,0.111111111111111,0,0.212387280493593,0.398118402937127,0.125,0.429418378820403,0,0.0740740740740741,"NRB"
0.689056939501779,0.218806725900449,0,0,0.277777777777778,0,0.111111111111111,0.738056013179572,0,0,0.181818181818182,0.527861294848667,0.517440461871542,0.194834112669784,0.736455245998814,0,0.0932203389830509,0.284507042253521,0,0,0,0.544987146529563,0.0136054421768707,0,0,0.333333333333333,0.730500268961808,0.505985267034991,0,0,0.108465453694495,0,0.166666666666667,0.222222222222222,0.428571428571429,0.175486473659231,0.179669573198715,0.375,0.388633343555147,0,0,"NRB"
0.616103202846975,0.269227094678513,0,0,0,0,0.111111111111111,0.741350906095552,0.0416666666666667,0.0833333333333333,0,0.628382441371016,0.402453692566755,0.263861055444222,0.676704208654416,0.05,0.0847457627118645,0.259154929577465,0,0,0,0.546272493573265,0.00680272108843537,0,0,0,0.664873587950511,0.512430939226519,0,0,0.0758205113204236,0,0.0833333333333333,0,0.142857142857143,0.168841955386806,0.214089031665902,0,0.338444240008177,0,0,"NRB"
0.65547153024911,0.259959873889367,0,0,0,0,0.111111111111111,0.658978583196046,0.0833333333333333,0.0833333333333333,0,0.526758869512928,0.414241039210969,0.323981295925184,0.687611144042679,0.075,0.0677966101694916,0.290140845070422,0,0,0,0.501285347043702,0.00680272108843537,0,0,0,0.689618074233459,0.502762430939227,0,0,0.0844205230211198,0,0.0833333333333333,0,0.142857142857143,0.168011390602753,0.167508031206976,0,0.330675661862414,0,0,"NRB"
0.623887900355872,0.243861660456673,0,0,0,0,0.111111111111111,0.658978583196046,0.0833333333333333,0.0833333333333333,0,0.526758869512928,0.414241039210969,0.323981295925184,0.684410195613515,0.05,0.0677966101694916,0.290140845070422,0,0,0,0.497429305912596,0.00680272108843537,0,0,0,0.672942442173211,0.502762430939227,0,0,0.0934300590885158,0,0.0833333333333333,0,0.142857142857143,0.164926435690555,0.167508031206976,0,0.330266789328427,0,0,"NRB"
0.769350533807829,0.253594630744244,0,0,0,0.153846153846154,0.111111111111111,0.622734761120263,0.208333333333333,0.0833333333333333,0,0.526758869512928,0.481837863844118,0.349810732576264,0.790634262003557,0.05,0.0480225988700565,0.301408450704225,0,0,0,0.516709511568123,0.00680272108843537,0,0,0,0.741258741258741,0.505524861878453,0,0,0.134323992277541,0,0.0833333333333333,0,0.142857142857143,0.170503084954912,0.142726021110601,0,0.364203209649392,0,0,"NRB"
0.621218861209964,0.131962357886692,0,0,0,0,0.111111111111111,0.604612850082372,0.0416666666666667,0.0833333333333333,0,0.526758869512928,0.528265576136637,0.67356936094411,0.705868405453468,0.075,0.0395480225988701,0.307042253521127,0,0,0,0.482005141388175,0.00680272108843537,0,0,0,0.664873587950511,0.505985267034991,0,0,0.365237231615281,0,0.0833333333333333,0,0.142857142857143,0.164926435690555,0.096145020651675,0,0.355719104569151,0,0,"NRB"
0.770907473309609,0.300575618610872,0,0,0,0.153846153846154,0.166666666666667,0.612850082372323,0.25,0.0833333333333333,0,0.526758869512928,0.509020928554246,0.332665330661323,0.808654416123296,0.075,0.0423728813559322,0.304225352112676,0,0,0,0.491002570694088,0.00680272108843537,0,0,0,0.772458310919849,0.505985267034991,0,0,0.114374305271164,0,0.0833333333333333,0,0.142857142857143,0.181656383483626,0.128958237723726,0,0.375242768067055,0,0,"NRB"
0.761120996441281,0.301805674978504,0,0,0,0.153846153846154,0.166666666666667,0.622734761120263,0.25,0.0833333333333333,0,0.526758869512928,0.482800096223238,0.258517034068136,0.800829875518672,0.075,0.0480225988700565,0.301408450704225,0,0,0,0.516709511568123,0.00680272108843537,0,0,0,0.762237762237762,0.505524861878453,0,0,0.0959457087696718,0,0.0833333333333333,0,0.142857142857143,0.181775035595634,0.145250114731528,0,0.37115404272718,0,0,"NRB"
0.689946619217082,0.289242380815898,0,0,0,0,0.166666666666667,0.637561779242175,0.166666666666667,0.0833333333333333,0,0.526758869512928,0.451046427712293,0.273881095524382,0.729579134558388,0.1,0.056497175141243,0.295774647887324,0,0,0,0.510282776349614,0.00680272108843537,0,0,0,0.730500268961808,0.505064456721915,0,0,0.0826069151114491,0,0.0833333333333333,0,0.142857142857143,0.177740863787375,0.15167508031207,0,0.350710416027803,0,0,"NRB"
0.750667259786477,0.295535970192032,0,0,0,0.0769230769230769,0.166666666666667,0.647446457990115,0.166666666666667,0.0833333333333333,0,0.526758869512928,0.43468847726726,0.250278334446671,0.752815649081209,0.075,0.0593220338983051,0.292957746478873,0,0,0,0.517994858611825,0.00680272108843537,0,0,0,0.735879505110274,0.507826887661142,0,0,0.0717837711343825,0,0.0833333333333333,0,0.142857142857143,0.177859515899383,0.165442863698944,0,0.351323724828785,0,0,"NRB"
0.657918149466192,0.279557179707653,0,0,0,0,0.166666666666667,0.658978583196046,0.125,0.0833333333333333,0,0.526758869512928,0.415684387779649,0.258294366510799,0.702430349733254,0.075,0.0677966101694916,0.290140845070422,0,0,0,0.520565552699229,0.00680272108843537,0,0,0,0.700914470145239,0.502762430939227,0,0,0.0677470309483414,0,0.0833333333333333,0,0.142857142857143,0.173706691979117,0.170949977053694,0,0.339261985076153,0,0,"NRB"
0.776023131672598,0.329499856692462,0,0,0,0.153846153846154,0.222222222222222,0.612850082372323,0.291666666666667,0.0833333333333333,0,0.526758869512928,0.509983160933365,0.265865063460254,0.813159454653231,0.1,0.0423728813559322,0.304225352112676,0,0,0,0.501285347043702,0.00680272108843537,0,0,0,0.78698224852071,0.505985267034991,0,0,0.0809688176446499,0,0.0833333333333333,0,0.142857142857143,0.188063597532036,0.131252868288206,0,0.381580292343862,0,0,"NRB"
0.776023131672598,0.332688449412439,0,0,0,0.153846153846154,0.222222222222222,0.602965403624382,0.291666666666667,0.166666666666667,0,0.526758869512928,0.513350974260284,0.265865063460254,0.813159454653231,0.15,0.0706214689265537,0.309859154929577,0,0,0,0.480719794344473,0.00680272108843537,0,0,0,0.78698224852071,0.505985267034991,0,0,0.0809688176446499,0,0.0833333333333333,0,0.285714285714286,0.188182249644044,0.185406149609913,0,0.382806909945825,0,0,"NRB"
0.602535587188612,0.163609439189835,0,0,0,0,0.166666666666667,0.823723228995058,0,0.0833333333333333,0,0.526758869512928,0.484484002886697,0.121131151191271,0.708358032009484,0.05,0.0819209039548023,0.230985915492958,0,0,0,0.566838046272494,0.0136054421768707,0,0,0,0.677245831091985,0.505524861878453,0,0,0.146726730240449,0,0.0833333333333333,0,0.142857142857143,0.1671808258187,0.163377696190913,0,0.372176224062149,0,0,"NRB"
0.626556939501779,0.148442724753989,0,0,0,0,0.111111111111111,0.649093904448105,0.0833333333333333,0.166666666666667,0,0.526758869512928,0.488092374308395,0.260298374526831,0.721517486662715,0.075,0.0875706214689266,0.292957746478873,0,0,0,0.452442159383034,0.0136054421768707,0,0,0,0.699838622915546,0.505985267034991,0,0,0.165213830222898,0,0.0833333333333333,0,0,0.165875652586616,0.114731528223956,0,0.365940917918839,0,0,"NRB"
0.632784697508897,0.235502054074711,0,0,0,0,0.111111111111111,0.606260296540362,0.0833333333333333,0.166666666666667,0,0.526758869512928,0.494828000962232,0.473168559340904,0.694131594546532,0.15,0.076271186440678,0.307042253521127,0,0,0,0.455012853470437,0.00680272108843537,0,0,0,0.683162990855299,0.505985267034991,0,0,0.183115895395776,0,0.166666666666667,0,0,0.167418130042715,0.112666360715925,0,0.349586016559338,0,0,"NRB"
0.751112099644128,0.304385210662081,0,0,0,0.0769230769230769,0.166666666666667,0.624382207578254,0.125,0.166666666666667,0,0.526758869512928,0.45537647341833,0.273881095524382,0.75696502667457,0.125,0.0932203389830509,0.301408450704225,0,0,0,0.47172236503856,0.00680272108843537,0,0,0,0.739644970414201,0.505064456721915,0,0,0.0798572515064646,0,0.166666666666667,0,0.142857142857143,0.178808732795444,0.188389169343736,0,0.357456812838598,0,0,"NRB"
0.656806049822064,0.333942390369733,0,0,0.0555555555555556,0,0.111111111111111,0.640856672158155,0,0.25,0.0454545454545455,0.526758869512928,0.439259081068078,0.283455800489869,0.687729697688204,0.15,0.23728813559322,0.309859154929577,0,0.333333333333333,0,0.446015424164524,0.00680272108843537,0,0,0,0.692845615922539,0.502302025782689,0,0.289628620006464,0.0677470309483414,0,0.166666666666667,0.111111111111111,0,0.189131466540104,0.34832491968793,0.125,0.37146069712767,0,0,"NRB"
0.659475088967971,0.333930448074902,0,0,0.0277777777777778,0,0.166666666666667,0.640856672158155,0.0416666666666667,0.25,0.0681818181818182,0.526758869512928,0.440461871541977,0.258294366510799,0.702430349733254,0.15,0.23728813559322,0.309859154929577,0,0.333333333333333,0,0.456298200514139,0.00680272108843537,0,0,0,0.701990317374933,0.502302025782689,0,0.288574760773954,0.0648803603814427,0,0.166666666666667,0.111111111111111,0.142857142857143,0.191385856668249,0.393529141808169,0.125,0.376571603802515,0,0,"NRB"
0.657918149466192,0.328186204261011,0,0,0.0277777777777778,0,0.166666666666667,0.640856672158155,0.0416666666666667,0.25,0.0681818181818182,0.526758869512928,0.440461871541977,0.258294366510799,0.702430349733254,0.15,0.23728813559322,0.309859154929577,0,0.333333333333333,0,0.466580976863753,0.00680272108843537,0,0,0,0.700914470145239,0.502302025782689,0,0.288251577275985,0.0677470309483414,0,0.166666666666667,0.111111111111111,0.142857142857143,0.190911248220218,0.393529141808169,0.125,0.376571603802515,0,0,"NRB"
0.643905693950178,0.321653768988249,0,0,0.0277777777777778,0,0.166666666666667,0.640856672158155,0.0416666666666667,0.25,0.0454545454545455,0.526758869512928,0.440461871541977,0.258294366510799,0.702430349733254,0.175,0.23728813559322,0.309859154929577,0,0.333333333333333,0,0.461439588688946,0.00680272108843537,0,0,0,0.694997310381926,0.502302025782689,0,0.285497491815027,0.0732463581583104,0,0.166666666666667,0.111111111111111,0.142857142857143,0.18936877076412,0.393529141808169,0.125,0.376571603802515,0,0,"NRB"
0.70529359430605,0.360585650138531,0,0,0.111111111111111,0,0.222222222222222,0.56836902800659,0.0833333333333333,0.416666666666667,0.0909090909090909,0.526758869512928,0.542217945633871,0.322867958138499,0.766449318316538,0.275,0.242937853107345,0.338028169014084,0,0.666666666666667,0,0.428020565552699,0.00680272108843537,0,0,0,0.762237762237762,0.505985267034991,0,0.599547543102843,0.0801497689112502,0,0.25,0.222222222222222,0.142857142857143,0.202301850972947,0.412574575493346,0.25,0.422671982009608,0,0,"NRB"
0.607651245551601,0.300026273048629,0.0833333333333333,0,0,0,0.111111111111111,0.761120263591433,0,0.0833333333333333,0,0.526758869512928,0.401732018282415,0.194834112669784,0.640782454060463,0.05,0.186440677966102,0.242253521126761,0,0,0,0.556555269922879,0.00680272108843537,0,1,0,0.64228079612695,0.527163904235728,0,0,0.0239864271924179,0,0.166666666666667,0,0.142857142857143,0.194589463692454,0.278568150527765,0,0.363794337115404,0,0.037037037037037,"NRB"
0.577402135231317,0.292060762396102,0.0833333333333333,0,0,0,0.111111111111111,0.761120263591433,0,0.0833333333333333,0,0.526758869512928,0.401732018282415,0.194834112669784,0.636158861885003,0.05,0.186440677966102,0.242253521126761,0,0,0,0.561696658097686,0.00680272108843537,0,1,0,0.632060247444863,0.527163904235728,0,0,0.0365646755981981,0,0.166666666666667,0,0.142857142857143,0.191267204556241,0.278568150527765,0,0.363487682714914,0,0.037037037037037,"NRB"
0.569839857651246,0.2829249068501,0.0833333333333333,0,0,0,0.111111111111111,0.761120263591433,0,0.0833333333333333,0,0.526758869512928,0.541736829444311,0.194834112669784,0.636158861885003,0.05,0.166666666666667,0.219718309859155,0,0,0,0.622107969151671,0.00680272108843537,1,0,0,0.629370629370629,0.52670349907919,1,0,0.0407184227461534,0,0.166666666666667,0,0.142857142857143,0.547223540579022,0.239329967875172,0,0.682408259225187,0,0.037037037037037,"NRB"
0.577402135231317,0.289051304098596,0.0833333333333333,0,0,0,0.111111111111111,0.761120263591433,0,0.0833333333333333,0,0.526758869512928,0.541736829444311,0.194834112669784,0.636158861885003,0.05,0.166666666666667,0.219718309859155,0,0,0,0.632390745501285,0.00680272108843537,1,0,0,0.632060247444863,0.52670349907919,1,0,0.0365646755981981,0,0.166666666666667,0,0.142857142857143,0.54734219269103,0.239329967875172,0,0.682408259225187,0,0.037037037037037,"NRB"
0.607651245551601,0.296849622623483,0.0833333333333333,0,0,0,0.111111111111111,0.761120263591433,0,0.0833333333333333,0,0.526758869512928,0.541736829444311,0.194834112669784,0.640782454060463,0.05,0.166666666666667,0.219718309859155,0,0,0,0.627249357326478,0.00680272108843537,1,0,0,0.64228079612695,0.52670349907919,1,0,0.0239864271924179,0,0.166666666666667,0,0.142857142857143,0.54734219269103,0.239329967875172,0,0.682408259225187,0,0.037037037037037,"NRB"
0.582517793594306,0.216860131842935,0.166666666666667,0,0,0,0.111111111111111,0.749588138385502,0,0.166666666666667,0,0.526758869512928,0.733702189078663,0.513248719661545,0.678363959691761,0.125,0.180790960451977,0.214084507042254,0,0,0,0.705655526992288,0.00680272108843537,0,1,0,0.649811726734804,0.506445672191529,0,0,0.222254724156087,0,0.166666666666667,0,0,1,0.197108765488756,0,0.951241950321987,0,0.0740740740740741,"NRB"
0.624332740213523,0.299942676984809,0.0833333333333333,0,0,0,0.166666666666667,0.72158154859967,0.0416666666666667,0.0833333333333333,0,0.526758869512928,0.421698340149146,0.196170118013805,0.670895080023711,0.05,0.155367231638418,0.256338028169014,0,0,0,0.556555269922879,0.00680272108843537,0,1,0,0.670252824098978,0.494475138121547,0,0,0.036038144269584,0,0.166666666666667,0,0.142857142857143,0.19625059326056,0.252638825149151,0,0.372585096596136,0,0.037037037037037,"NRB"
0.624332740213523,0.308541129263399,0.166666666666667,0,0,0,0.166666666666667,0.761120263591433,0,0.0833333333333333,0,0.526758869512928,0.461390425787828,0.196170118013805,0.670895080023711,0.05,0.257062146892656,0.228169014084507,0,0,0,0.583547557840617,0.00680272108843537,0,1,0,0.670252824098978,0.494014732965009,0,0,0.036038144269584,0,0.25,0,0.142857142857143,0.206691979117228,0.306333180357962,0,0.404068281713176,0,0.0740740740740741,"NRB"
0.624332740213523,0.30333428871692,0.166666666666667,0,0,0,0.166666666666667,0.761120263591433,0,0.0833333333333333,0,0.526758869512928,0.654318017801299,0.196170118013805,0.670895080023711,0.05,0.217514124293786,0.185915492957747,0,0,0,0.709511568123393,0.00680272108843537,1,0,0,0.670252824098978,0.494475138121547,1,0,0.036038144269584,0,0.25,0,0.142857142857143,0.548766018035121,0.237035337310693,0,0.752018808136563,0,0.0740740740740741,"NRB"
0.647686832740213,0.319325021496131,0.166666666666667,0,0,0,0.166666666666667,0.761120263591433,0,0.0833333333333333,0,0.526758869512928,0.461390425787828,0.196170118013805,0.674451689389449,0.05,0.257062146892656,0.228169014084507,0,0,0,0.584832904884319,0.00680272108843537,0,1,0,0.679935449166218,0.494014732965009,0,0,0.0296027613643012,0,0.25,0,0.142857142857143,0.213692453725676,0.306333180357962,0,0.40427271798017,0,0.0740740740740741,"NRB"
0.647686832740213,0.319360848380625,0.166666666666667,0,0,0,0.166666666666667,0.761120263591433,0,0.0833333333333333,0,0.526758869512928,0.461390425787828,0.196170118013805,0.674451689389449,0.05,0.257062146892656,0.228169014084507,0,0,0,0.583547557840617,0.00680272108843537,0,1,0,0.679935449166218,0.494014732965009,0,0,0.0296027613643012,0,0.25,0,0.142857142857143,0.209420977693403,0.306333180357962,0,0.40427271798017,0,0.0740740740740741,"NRB"
0.624332740213523,0.308517244673737,0.166666666666667,0,0,0,0.166666666666667,0.761120263591433,0,0.0833333333333333,0,0.526758869512928,0.461390425787828,0.196170118013805,0.670895080023711,0.05,0.257062146892656,0.228169014084507,0,0,0,0.584832904884319,0.00680272108843537,0,1,0,0.670252824098978,0.494014732965009,0,0,0.036038144269584,0,0.25,0,0.142857142857143,0.21155671570954,0.306333180357962,0,0.404068281713176,0,0.0740740740740741,"NRB"
0.607651245551601,0.30768128403554,0.166666666666667,0,0,0,0.166666666666667,0.761120263591433,0,0.0833333333333333,0,0.526758869512928,0.461390425787828,0.196170118013805,0.667338470657973,0.05,0.257062146892656,0.228169014084507,0,0,0,0.597686375321337,0.00680272108843537,0,1,0,0.664873587950511,0.494014732965009,0,0,0.0296027613643012,0,0.25,0,0.142857142857143,0.205386805885145,0.306333180357962,0,0.403863845446182,0,0.0740740740740741,"NRB"
0.683051601423487,0.359391420655393,0.166666666666667,0,0.0277777777777778,0,0.222222222222222,0.658978583196046,0,0.25,0.0454545454545455,0.526758869512928,0.52225162376714,0.250278334446671,0.723532898636633,0.15,0.403954802259887,0.284507042253521,0,0.333333333333333,0,0.511568123393316,0.00680272108843537,0,1,0,0.727810650887574,0.50828729281768,0,0.288181319993817,0.062540221143158,0,0.333333333333333,0.111111111111111,0.142857142857143,0.214641670621737,0.445158329508949,0.125,0.435244812429725,0,0.0740740740740741,"NRB"
0.569839857651246,0.138673927581924,0,0,0,0,0.111111111111111,0.795716639209226,0,0.0833333333333333,0,0.526758869512928,0.496752465720471,0,0.697095435684647,0.1,0.0734463276836159,0.23943661971831,0,0,0,0.556555269922879,0.0136054421768707,0,0,0,0.64228079612695,0.505985267034991,0,0,0.215643830807933,0,0,0,0,0.156620787850024,0.11977971546581,0,0.369927425125217,0,0,"NRB"
0.658807829181494,0.186049011177988,0,0,0,0,0.111111111111111,0.892915980230643,0,0.0833333333333333,0,0.534275405892965,0.489535722877075,0.121131151191271,0.713574392412567,0.1,0.0903954802259888,0.205633802816901,0,0,0,0.57840616966581,0.0136054421768707,0,0,0,0.703066164604626,0.505524861878453,0,0.166453552910759,0.127713098929386,0,0,0,0,0.176554342667299,0.18793024323084,0,0.379535929673924,0,0,"NRB"
0.58741103202847,0.273657686060953,0,0,0.111111111111111,0,0.111111111111111,0.940691927512356,0,0,0.0909090909090909,0.526758869512928,0.420495549675246,0.280783789801826,0.656787196206283,0,0.138418079096045,0.222535211267606,0,0,0,0.625964010282776,0.00680272108843537,0,0,0,0.653039268423884,0.512891344383057,0,0,0.0783361610015796,0,0,0.111111111111111,0,0.173113431419079,0.313446535107848,0.25,0.359603393642032,0,0,"NRB"
0.72664590747331,0.37760342027324,0.333333333333333,0,0.111111111111111,0,0.333333333333333,0.940691927512356,0,0,0.0909090909090909,0.526758869512928,0.592013471253308,0.266533066132265,0.751155898043865,0,0.401129943502825,0.177464788732394,0,0,0,0.69280205655527,0.00680272108843537,0,1,0,0.773534158149543,0.506445672191529,0,0,0.0473878195752647,0,0.333333333333333,0.111111111111111,0,0.235761746559089,0.375401560348784,0.25,0.472861085556578,0,0.148148148148148,"NRB"
0.638122775800712,0.27327553262635,0.166666666666667,0,0.111111111111111,0,0.166666666666667,0.593080724876441,0,0.166666666666667,0.0909090909090909,0.487372218881539,0.549915804666827,0.407704297483857,0.733728512151749,0.05,0.225988700564972,0.31830985915493,0,0,0,0.497429305912596,0.00680272108843537,0,1,0,0.697149004841312,0.505524861878453,0,0.159526184889064,0.160065523898672,0,0.25,0.166666666666667,0.142857142857143,0.211675367821547,0.273519963285911,0.25,0.428907288152918,0,0.0740740740740741,"NRB"
0.753336298932384,0.157757714722461,0.416666666666667,0,0.194444444444444,0,0.5,0.728171334431631,0,0.416666666666667,0.136363636363636,0.46101423130888,0.740437815732499,0.183478067245602,0.850029638411381,0.3,0.279661016949153,0.242253521126761,0,0,0,0.556555269922879,0.0204081632653061,0,1,0,0.763851533082302,0.505985267034991,0,0.502227155844703,0.284677938337331,0,0.75,0.222222222222222,0.428571428571429,0.293545325106787,0.311151904543368,0.25,0.548604722477768,0,0.148148148148148,"NRB"
0.665925266903915,0.286352345466705,0,0,0.0555555555555556,0,0.111111111111111,0.617792421746293,0.0833333333333333,0.166666666666667,0.0227272727272727,0.484165163359391,0.490257397161414,0.401914940993097,0.722584469472436,0.15,0.107344632768362,0.309859154929577,0,0,0,0.460154241645244,0.00680272108843537,0,0,0,0.711135018827327,0.505524861878453,0,0.156125732432167,0.130111741648628,0,0.0833333333333333,0,0.142857142857143,0.171570953962981,0.196190913262965,0.125,0.365225390984361,0,0,"NRB"
0.661699288256228,0.28995891850578,0,0,0.0555555555555556,0,0.111111111111111,0.624382207578254,0.0833333333333333,0.166666666666667,0.0227272727272727,0.483463619963921,0.476545585758961,0.385882876864841,0.71701244813278,0.15,0.115819209039548,0.309859154929577,0,0,0,0.461439588688946,0.00680272108843537,0,0,0,0.705217859064013,0.506445672191529,0,0.154889204266022,0.124436903995788,0,0.0833333333333333,0,0.142857142857143,0.171570953962981,0.209729233593391,0.125,0.362567719513442,0,0,"NRB"
0.638790035587188,0.32044759721028,0,0,0.0555555555555556,0,0.166666666666667,0.780889621087315,0.0416666666666667,0.166666666666667,0.113636363636364,0.526758869512928,0.4784700505172,0.357158761968381,0.696621221102549,0.05,0.214689265536723,0.270422535211268,0,0,0,0.529562982005141,0.00680272108843537,0,0,0,0.696073157611619,0.505064456721915,0,0.279975269436677,0.104077692622711,0,0.166666666666667,0.222222222222222,0,0.179876601803512,0.33409821018816,0.25,0.383318000613309,0,0,"NRB"
0.555827402135231,0.157769657017292,0,0,0,0,0,0.548599670510708,0.0416666666666667,0,0,0.526758869512928,0.312484965119076,0.250501002004008,0.60901007705987,0,0.0112994350282486,0.326760563380281,0,0,0,0.431876606683805,0.00680272108843537,0,0,0,0.611081226465842,0.521639042357274,0,0,0.0606681097525303,0.125,0,0,0,0.104769814902705,0.0172097292335934,0,0.229070837166513,0,0,"NRB"
0.444839857651246,0.142841788478074,0,0,0,0,0,0.548599670510708,0,0,0,0.526758869512928,0.245609814770267,0,0.527445168938945,0,0.0112994350282486,0.326760563380281,0,0,0,0.390745501285347,0.00680272108843537,0,0,0,0.537923614846692,0.553406998158379,0,0,0.0130462762534371,0,0,0,0,0.087327954437589,0.00757228086278107,0,0.188388020034754,0,0,"NRB"
0.444839857651246,0.173306582592911,0,0,0,0,0,0.617792421746293,0,0,0,0.526758869512928,0.258359393793601,0,0.527445168938945,0,0.019774011299435,0.304225352112676,0,0,0,0.466580976863753,0.00680272108843537,0,0,0,0.537923614846692,0.557550644567219,0,0,0.0130462762534371,0,0,0,0,0.107736117702895,0.0458926112895824,0,0.221200040887253,0,0,"NRB"
0.719750889679715,0.249570077386071,0.5,0,0,0,0,0.548599670510708,0,0,0,0.526758869512928,0.838826076497474,0.17791137831218,0.742145820983995,0,0.242937853107345,0.194366197183098,0,0,0,0.862467866323907,0.00680272108843537,1,1,0,0.760623991393222,0.507826887661142,1,0,0.0250979933306032,0,0,0,0,0.555766492643569,0.157870582836163,0,0.844526218951242,0,0.222222222222222,"NRB"
0.536921708185053,0.163286997229388,0.0833333333333333,0,0,0,0,0.548599670510708,0,0,0,0.526758869512928,0.349049795525619,0.178579380984191,0.593835210432721,0,0.0621468926553673,0.31830985915493,0,0,0,0.47172236503856,0.00680272108843537,0,1,0,0.592253899946208,0.476519337016575,0,0,0.0310653483882291,0,0,0,0,0.165045087802563,0.0876548875631023,0,0.313911887968926,0,0.037037037037037,"NRB"
0.625889679715302,0.204189357026846,0.333333333333333,0,0,0,0,0.548599670510708,0,0,0,0.526758869512928,0.787106086119798,0.184146069917613,0.70669828097214,0,0.11864406779661,0.253521126760564,0,0,0,0.763496143958869,0.00680272108843537,1,0,0,0.670790747713825,0.507366482504604,1,0,0.0468027847656936,0,0,0,0,0.551495016611296,0.0904084442404773,0,0.821424920780947,0,0.148148148148148,"NRB"
0.756450177935943,0.309830897105188,0.5,0,0,0,0.333333333333333,0.57001647446458,0.125,0.0833333333333333,0,0.526758869512928,0.80322347847005,0.486305945223781,0.816123295791346,0.125,0.115819209039548,0.276056338028169,0,0,0,0.67866323907455,0.00680272108843537,0,1,0,0.78859601936525,0.505985267034991,0,0,0.154156672322003,0,0.5,0,0,0.955861414333175,0.158788435061955,0,0.930389451088623,0,0.185185185185185,"NRB"
0.72864768683274,0.317055985478169,0.166666666666667,0,0.0277777777777778,0,0.166666666666667,0.510708401976936,0.0416666666666667,0.416666666666667,0.0681818181818182,0.526758869512928,0.574212172239596,0.376976174571365,0.778660343805572,0.3,0.228813559322034,0.295774647887324,0,0.333333333333333,0,0.526992287917738,0.00680272108843537,0,0,0,0.729962345346961,0.505985267034991,0,0.298804221057513,0.15076347042649,0,0.166666666666667,0.111111111111111,0,0.288917892738491,0.310922441486921,0.125,0.489624859450067,0,0,"NRB"
0.719750889679715,0.36266360943919,0.416666666666667,0,0,0,0.333333333333333,0.761120263591433,0,0.0833333333333333,0,0.526758869512928,0.835458263170556,0.17791137831218,0.742145820983995,0.05,0.364406779661017,0.0816901408450702,0,0,0,0.872750642673522,0.00680272108843537,1,0,0,0.760623991393222,0.507826887661142,1,0,0.0250979933306032,0,0.5,0,0.142857142857143,0.559444708115804,0.232216613125287,0,0.845037309618726,0,0.185185185185185,"NRB"
0.769350533807829,0.345633897009649,0,0,0,0.153846153846154,0.222222222222222,0.617792421746293,0.25,0.25,0,0.417217879334536,0.533557854221795,0.258739701625473,0.821102548903379,0.2,0.101694915254237,0.304225352112676,0,0,0,0.475578406169666,0.00680272108843537,0,0,0,0.789133942980097,0.505985267034991,0,0.157657341183414,0.0756450008775522,0,0.0833333333333333,0,0.285714285714286,0.191741813004271,0.247590637907297,0,0.398344066237351,0,0,"NRB"
0.732873665480427,0.3337393713576,0.416666666666667,0,0,0,0.222222222222222,0.588138385502471,0,0.333333333333333,0,0.525155341751854,0.646860716863122,0.41104431084391,0.793360995850622,0.275,0.299435028248588,0.264788732394366,0,0,0,0.557840616966581,0.00680272108843537,0,1,0,0.749865519096288,0.505985267034991,0,0.167043714080964,0.154332182764875,0,0.25,0,0,0.25688182249644,0.304497475906379,0,0.508739650413984,0,0.148148148148148,"NRB"
0.637900355871886,0.183803859749689,0,0,0,0,0.166666666666667,0.823723228995058,0.0416666666666667,0,0,0.526758869512928,0.480635073370219,0.181696726786907,0.712863070539419,0,0.0395480225988701,0.230985915492958,0,0,0,0.589974293059126,0.0136054421768707,0,0,0,0.703066164604626,0.505524861878453,0,0,0.116421927104663,0,0,0,0,0.17453725676317,0.0977512620468104,0,0.370234079525708,0,0,"NRB"
0.692615658362989,0.192915830706028,0,0,0,0,0.222222222222222,0.775947281713344,0.125,0,0,0.526758869512928,0.509020928554246,0.156535292807838,0.749614700652045,0,0.0338983050847458,0.247887323943662,0,0,0,0.59254498714653,0.0136054421768707,0,0,0,0.739107046799355,0.505985267034991,0,0,0.132334873924999,0,0,0,0,0.178452776459421,0.093620927030748,0,0.384851272615762,0,0,"NRB"
0.607651245551601,0.162534632655011,0,0,0.0555555555555556,0,0.222222222222222,0.738056013179572,0,0,0.0909090909090909,0.526758869512928,0.498676930478711,0.144288577154309,0.726259632483699,0,0.0734463276836159,0.276056338028169,0,0,0,0.552699228791774,0.0136054421768707,0,0,0,0.685852608929532,0.505985267034991,0,0,0.155092728017317,0,0.166666666666667,0.222222222222222,0.571428571428571,0.169316563834836,0.155346489215236,0.25,0.380149238474905,0,0,"NRB"
0.803158362989324,0.154999044616413,0,0,0,0.0769230769230769,0.222222222222222,0.741350906095552,0,0.166666666666667,0,0.526758869512928,0.56410873225884,0.122021821420619,0.801659751037344,0.1,0.0847457627118645,0.259154929577465,0,0,0,0.508997429305912,0.0204081632653061,0,0,0,0.800430338891877,0.505985267034991,0,0,0.109811033756509,0,0.166666666666667,0,0.285714285714286,0.180351210251542,0.16154199173933,0,0.40294388224471,0,0,"NRB"
0.658585409252669,0.194528040508264,0.166666666666667,0,0,0,0.333333333333333,0.792421746293245,0,0.166666666666667,0,0.526758869512928,0.578061101756074,0.162992651970608,0.759217545939538,0.15,0.18361581920904,0.230985915492958,0,0,0,0.568123393316195,0.0136054421768707,0,1,0,0.725658956428187,0.505985267034991,0,0,0.149593400807348,0,0.333333333333333,0,0.285714285714286,0.198386331276697,0.253556677374943,0,0.442808954308494,0,0.0740740740740741,"NRB"
0.716414590747331,0.231788000382153,0.5,0,0,0,0.555555555555556,0.792421746293245,0,0.166666666666667,0,0.526758869512928,0.681982198700986,0.164773992429303,0.808180201541197,0.15,0.319209039548023,0.205633802816901,0,0,0,0.607969151670951,0.0136054421768707,0,1,0,0.779451317912856,0.505985267034991,0,0,0.153513134031475,0,0.666666666666667,0,0.285714285714286,0.22733744660655,0.306333180357962,0,0.508432996013493,0,0.222222222222222,"NRB"
0.642126334519573,0.177593866437375,0.166666666666667,0,0.0555555555555556,0,0.333333333333333,0.738056013179572,0,0,0.0909090909090909,0.526758869512928,0.575414962713495,0.162992651970608,0.759098992294013,0,0.135593220338983,0.264788732394366,0,0,0,0.587403598971722,0.0136054421768707,0,1,0,0.714900484131254,0.505985267034991,0,0,0.162347159656,0,0.333333333333333,0.222222222222222,0.571428571428571,0.200166112956811,0.199632859109683,0.25,0.441786772973526,0,0.0740740740740741,"NRB"
0.759564056939502,0.215092672207891,0,0,0,0.153846153846154,0.444444444444444,0.665568369028007,0.333333333333333,0.166666666666667,0,0.526758869512928,0.610055328361799,0.224003562680917,0.8520450503853,0.2,0.0621468926553673,0.287323943661972,0,0,0,0.532133676092545,0.0136054421768707,0,0,0,0.784830554061323,0.505985267034991,0,0,0.189785292224887,0,0.166666666666667,0,0.285714285714286,0.190436639772188,0.152822395594309,0,0.431667177757334,0,0,"NRB"
0.642126334519573,0.117225566064775,0,0,0.0555555555555556,0,0,0.525535420098847,0.0833333333333333,0,0.136363636363636,0.526758869512928,0.498436372383931,0.162992651970608,0.759098992294013,0,0.0367231638418079,0.346478873239437,0,0,0,0.447300771208226,0.0136054421768707,0,0,0,0.714900484131254,0.505985267034991,0,0,0.162347159656,0.5,0,0.222222222222222,0.571428571428571,0.131347887992406,0.0750344194584672,0.25,0.332924460799346,0,0,"NRB"
0.780916370106762,0.196020827362186,0,0,0,0.0769230769230769,0.222222222222222,0.749588138385502,0.0833333333333333,0.166666666666667,0,0.526758869512928,0.528506134231417,0.162992651970608,0.786247777119146,0.1,0.0988700564971752,0.256338028169014,0,0,0,0.524421593830334,0.0136054421768707,0,0,0,0.763851533082302,0.505985267034991,0,0,0.133797460948926,0,0.166666666666667,0,0.285714285714286,0.180113906027527,0.20215695273061,0,0.395277522232444,0,0,"NRB"
0.684163701067615,0.136476545332951,0,0,0,0,0.222222222222222,0.691927512355848,0.0416666666666667,0.25,0,0.508218079775506,0.602598027423623,0.46626586506346,0.771191464137522,0.25,0.0903954802259888,0.27887323943662,0,0,0,0.497429305912596,0.0136054421768707,0,0,0,0.738031199569661,0.505985267034991,0,0.173718155886858,0.302989527876909,0,0.166666666666667,0,0.142857142857143,0.185097294731846,0.173244607618173,0,0.413574568128386,0,0,"NRB"
0.813167259786477,0.223034298270756,0.166666666666667,0,0,0.0769230769230769,0.222222222222222,0.752883031301483,0.0416666666666667,0.25,0,0.452495490078172,0.618715419773875,0.296147851258072,0.806639004149378,0.225,0.177966101694915,0.247887323943662,0,0,0,0.534704370179948,0.0136054421768707,0,1,0,0.79666487358795,0.505985267034991,0,0.172804811218683,0.103375650851226,0,0.166666666666667,0,0.142857142857143,0.198979591836735,0.251262046810463,0,0.454359603393642,0,0.0740740740740741,"NRB"
0.786032028469751,0.223356740231203,0.333333333333333,0,0,0.0769230769230769,0.444444444444444,0.749588138385502,0.0833333333333333,0.166666666666667,0,0.526758869512928,0.831609333654078,0.164773992429303,0.824777711914641,0.1,0.175141242937853,0.202816901408451,0,0,0,0.690231362467866,0.0136054421768707,1,0,0,0.79343733189887,0.505985267034991,1,0,0.148247820745334,0,0.5,0,0.285714285714286,0.549240626483151,0.205139972464433,0,0.82326484718389,0,0.148148148148148,"NRB"
0.667927046263345,0.255505397917264,0,0,0.0833333333333333,0,0.166666666666667,0.823723228995058,0,0,0.0681818181818182,0.526758869512928,0.43372624488814,0.140057893564908,0.700652045050385,0,0.0706214689265537,0.242253521126761,0,0,0,0.588688946015424,0.0204081632653061,0,0,0,0.726734803657881,0.507826887661142,0,0,0.0369156964839408,0,0.0833333333333333,0.111111111111111,0.285714285714286,0.190911248220218,0.143184947223497,0.125,0.364203209649392,0,0,"NRB"
0.688834519572954,0.261846756472724,0,0,0.166666666666667,0,0.222222222222222,0.749588138385502,0,0,0.136363636363636,0.526758869512928,0.453452008660091,0.162547316855934,0.722110254890338,0,0.0875706214689266,0.27887323943662,0,0,0,0.562982005141388,0.0204081632653061,0,0,0,0.747713824636902,0.505064456721915,0,0,0.040016380974668,0,0.166666666666667,0.222222222222222,0.571428571428571,0.195894636924537,0.173244607618173,0.25,0.374118368598589,0,0,"NRB"
0.693727758007117,0.264079965606191,0,0,0.166666666666667,0,0.222222222222222,0.749588138385502,0,0,0.136363636363636,0.526758869512928,0.453452008660091,0.162547316855934,0.722110254890338,0,0.0875706214689266,0.27887323943662,0,0,0,0.56426735218509,0.0204081632653061,0,0,0,0.749865519096288,0.505064456721915,0,0,0.0382612765459545,0,0.166666666666667,0.222222222222222,0.571428571428571,0.19625059326056,0.173244607618173,0.25,0.374118368598589,0,0,"NRB"
0.652357651245551,0.149744434890609,0,0,0.0833333333333333,0,0.222222222222222,0.878088962108731,0,0,0.0909090909090909,0.526758869512928,0.535963435169593,0,0.745820983995258,0,0.0649717514124294,0.219718309859155,0,0,0,0.613110539845758,0.0272108843537415,0,0,0.333333333333333,0.731038192576654,0.505985267034991,0,0,0.15421517580296,0,0.166666666666667,0.222222222222222,0.142857142857143,0.189606074988135,0.111060119320789,0.125,0.40457937238066,0,0,"NRB"
0.706628113879003,0.272224610681189,0.166666666666667,0,0,0,0.277777777777778,0.866556836902801,0,0.0833333333333333,0,0.526758869512928,0.531633389463555,0.172122021821421,0.740248962655602,0.075,0.19774011299435,0.2,0,0,0,0.609254498714653,0.0204081632653061,0,1,0,0.767079074771383,0.506445672191529,0,0,0.037500731293512,0,0.25,0,0.142857142857143,0.220099667774086,0.237953189536485,0,0.434018194827762,0,0.0740740740740741,"NRB"
0.636343416370107,0.19231871596446,0,0,0,0,0.111111111111111,0.749588138385502,0,0,0,0.526758869512928,0.394996391628578,0,0.674451689389449,0,0.0310734463276836,0.256338028169014,0,0,0,0.561696658097686,0.0204081632653061,0,0,0,0.700914470145239,0.502762430939227,0,0,0.0352775990171415,0,0,0,0,0.164926435690555,0.0610371730151446,0,0.322191556782173,0,0,"NRB"
0.623220640569395,0.158545906181332,0,0,0,0,0,0.706754530477759,0,0,0,0.526758869512928,0.365888862160212,0,0.667575577949022,0,0.0282485875706215,0.273239436619718,0,0,0,0.571979434447301,0.0204081632653061,0,0,0,0.711672942442173,0.511510128913444,0,0,0.0296027613643012,0.25,0,0,0,0.142263882297105,0.0500229463056448,0,0.295205969538996,0,0,"NRB"
0.618994661921708,0.177355020540747,0,0,0,0,0,0.706754530477759,0.0416666666666667,0,0,0.694026859089998,0.367572768823671,0.235359608105099,0.688559573206876,0,0.0282485875706215,0.273239436619718,0,0,0,0.59254498714653,0.0204081632653061,0,0,0,0.760086067778375,0.511510128913444,0,0,0.0534721815948049,0.25,0,0,0,0.157451352634077,0.0543827443781551,0,0.308289890626597,0,0,"NRB"
0.667259786476868,0.14749928346231,0,0,0,0,0,0.749588138385502,0,0,0,0.526758869512928,0.397401972576377,0,0.724362774155305,0,0.0310734463276836,0.256338028169014,0,0,0,0.625964010282776,0.0408163265306122,0,0,0,0.816568047337278,0.507366482504604,0,0,0.0273796290879307,0.5,0,0,0,0.162078785002373,0.0380908673703534,0,0.321884902381683,0,0,"NRB"
0.745551601423488,0.191351390083118,0,0,0.0833333333333333,0,0.277777777777778,0.886326194398682,0,0.166666666666667,0.0681818181818182,0.49579073962718,0.54293961991821,0.151859274103763,0.783639596917605,0.2,0.152542372881356,0.216901408450704,0,0,0,0.559125964010283,0.0408163265306122,0,0,0,0.816568047337278,0.505985267034991,0,0.343417595233746,0.0513660562803487,0,0.0833333333333333,0.111111111111111,0.285714285714286,0.201589938300902,0.252868288205599,0.125,0.41377900439538,0,0,"NRB"
0.640569395017794,0.195734212286233,0,0,0,0,0.222222222222222,0.823723228995058,0,0.166666666666667,0,0.526758869512928,0.489295164782295,0.149855266087731,0.724955542382928,0.1,0.129943502824859,0.230985915492958,0,0,0,0.532133676092545,0.0136054421768707,0,0,0,0.707907477138246,0.505524861878453,0,0,0.113262739132978,0,0.166666666666667,0,0.285714285714286,0.177978168011391,0.231528223955943,0,0.379944802207912,0,0,"NRB"
0.754670818505338,0.162558517244674,0,0,0,0.0769230769230769,0.111111111111111,0.780889621087315,0.0833333333333333,0,0,0.646923231108439,0.536925667548713,0.147405922957025,0.778541790160047,0,0.0338983050847458,0.245070422535211,0,0,0,0.583547557840617,0.0136054421768707,0,0,0,0.734803657880581,0.505985267034991,0,0,0.184695489381618,0,0,0,0,0.169672520170859,0.106470858191831,0,0.393846468363488,0,0,"NRB"
0.694839857651245,0.104638387312506,0,0,0,0,0.444444444444444,0.696869851729819,0.166666666666667,0.333333333333333,0,0.526758869512928,0.626413278806832,0.13270986417279,0.816716064018969,0.25,0.110169491525424,0.276056338028169,0,0,0,0.476863753213368,0.0272108843537415,0,0,0,0.772996234534696,0.505985267034991,0,0,0.20394313461651,0,0.166666666666667,0,0,0.191623160892264,0.122303809086737,0,0.441582336706532,0,0,"NRB"
0.630560498220641,0.17321104423426,0,0,0.0833333333333333,0,0.166666666666667,0.886326194398682,0,0,0.0909090909090909,0.526758869512928,0.510464277122925,0,0.740841730883225,0,0.0706214689265537,0.216901408450704,0,0,0,0.631105398457584,0.0272108843537415,0,0,0.333333333333333,0.762237762237762,0.505985267034991,0,0,0.111215117299479,0,0,0.222222222222222,0.142857142857143,0.19874228761272,0.109453877925654,0.125,0.400899519574773,0,0,"NRB"
0.623220640569395,0.217445304289672,0,0,0.111111111111111,0,0.111111111111111,0.644151565074135,0,0.166666666666667,0.204545454545455,0.472840248546803,0.494828000962232,0.331551992874638,0.725903971547125,0.075,0.19774011299435,0.323943661971831,0,0,0,0.491002570694088,0.0204081632653061,0,0,0.333333333333333,0.745562130177515,0.505524861878453,0,0.152669074149536,0.131047797343942,0,0,0.222222222222222,0.285714285714286,0.198030374940674,0.239788893988068,0.375,0.391904323827047,0,0,"NRB"
0.6519128113879,0.258849240470049,0,0,0.0833333333333333,0,0.166666666666667,0.678747940691928,0,0.166666666666667,0.136363636363636,0.526758869512928,0.472215540052923,0.228902248942329,0.719027860106698,0.1,0.26271186440678,0.323943661971831,0,0.333333333333333,0,0.526992287917738,0.0204081632653061,0,0,0.333333333333333,0.739644970414201,0.505064456721915,0,0.290415501566737,0.0748259521441526,0,0.0833333333333333,0.333333333333333,0.142857142857143,0.201589938300902,0.32308398347866,0.375,0.401103955841766,0,0,"NRB"
0.555827402135231,0.270636285468616,0,0,0.0277777777777778,0,0,0.769357495881384,0,0,0.0227272727272727,0.526758869512928,0.353379841231657,0.250501002004008,0.60901007705987,0,0.076271186440678,0.264788732394366,0,0,0,0.560411311053984,0.00680272108843537,0,0,0,0.611081226465842,0.52670349907919,0,0,0.0606681097525303,0,0,0.111111111111111,0,0.158044613194115,0.170032124827903,0.125,0.311458652765001,0,0,"NRB"
0.536921708185053,0.292072704690933,0,0,0.0277777777777778,0,0,0.634266886326194,0,0,0.0681818181818182,0.526758869512928,0.322107288910272,0.178579380984191,0.593835210432721,0,0.115819209039548,0.335211267605634,0,0,0,0.501285347043702,0.00680272108843537,0,0,0,0.592253899946208,0.468692449355433,0,0,0.0310653483882291,0,0,0.166666666666667,0.285714285714286,0.156620787850024,0.209729233593391,0.25,0.298579167944393,0,0,"NRB"
0.536921708185053,0.286268749402885,0,0,0,0,0,0.634266886326194,0,0,0.0681818181818182,0.526758869512928,0.322107288910272,0.178579380984191,0.593835210432721,0,0.115819209039548,0.335211267605634,0,0,0,0.5,0.00680272108843537,0,0,0,0.592253899946208,0.468692449355433,0,0,0.0310653483882291,0,0.0833333333333333,0.222222222222222,0.285714285714286,0.155671570953963,0.209729233593391,0.25,0.298170295410406,0,0,"NRB"
0.536921708185053,0.288896054265788,0,0,0.0277777777777778,0,0,0.634266886326194,0,0,0.0454545454545455,0.526758869512928,0.322107288910272,0.178579380984191,0.593835210432721,0,0.115819209039548,0.335211267605634,0,0,0,0.505141388174807,0.00680272108843537,0,0,0,0.592253899946208,0.468692449355433,0,0,0.0310653483882291,0,0.0833333333333333,0.222222222222222,0.285714285714286,0.155908875177978,0.209729233593391,0.25,0.298170295410406,0,0,"NRB"
0.667927046263345,0.269513709754466,0,0,0.0277777777777778,0,0.166666666666667,0.823723228995058,0,0.0833333333333333,0.0681818181818182,0.526758869512928,0.438537406783738,0.140057893564908,0.700652045050385,0.05,0.132768361581921,0.245070422535211,0,0,0,0.555269922879177,0.0204081632653061,0,0,0,0.726734803657881,0.507826887661142,0,0,0.0369156964839408,0,0.0833333333333333,0.166666666666667,0.142857142857143,0.193165638348363,0.205828361633777,0.125,0.367780844321783,0,0,"NRB"
0.677713523131672,0.172422852775389,0.0833333333333333,0,0.0555555555555556,0,0.222222222222222,0.85996705107084,0,0,0.0909090909090909,0.526758869512928,0.513350974260284,0,0.738114997036159,0,0.0875706214689266,0.191549295774648,0,0,0,0.646529562982005,0.0408163265306122,0,0,0.333333333333333,0.760623991393222,0.505985267034991,0,0,0.0584449774761598,0,0.333333333333333,0.222222222222222,0.142857142857143,0.211082107261509,0.106011932078935,0.125,0.41050802412348,0,0,"NRB"
0.731761565836299,0.319420559854782,0.166666666666667,0,0.0277777777777778,0,0,0.494233937397035,0.208333333333333,0.25,0.136363636363636,0.526758869512928,0.581910031272552,0.435983077265642,0.781979845880261,0.2,0.127118644067797,0.32112676056338,0,0,0,0.51413881748072,0.00680272108843537,0,0,0,0.731576116191501,0.505985267034991,0,0,0.161001579593986,0,0,0.277777777777778,0,0.288561936402468,0.174391922900413,0.25,0.482060717571297,0,0,"NRB"
0.667259786476868,0.176734021209516,0,0,0.166666666666667,0,0.222222222222222,0.683690280065898,0,0,0.181818181818182,0.582481459210263,0.563627616069281,0.233355600089067,0.779016004742146,0,0.0706214689265537,0.298591549295774,0,0,0,0.537275064267352,0.0136054421768707,0,0,0,0.730500268961808,0.505985267034991,0,0,0.183759433686304,0,0.166666666666667,0.333333333333333,0.142857142857143,0.181419079259611,0.137677833868747,0.375,0.409076970254523,0,0,"NRB"
0.623220640569395,0.179182191649947,0.25,0,0.0277777777777778,0,0.111111111111111,0.741350906095552,0,0,0.0909090909090909,0.526758869512928,0.557132547510224,0.363393453573814,0.712151748666271,0,0.149717514124294,0.16056338028169,0,0,0,0.739074550128535,0.0204081632653061,0,0,0,0.742334588488435,0.505524861878453,0,0,0.15585327326976,0,0,0.111111111111111,0,0.246677740863787,0.179669573198715,0.25,0.463865889808852,0,0,"NRB"
0.839635231316726,0.081792777300086,0,0,0.138888888888889,0.0769230769230769,0.555555555555556,0.789126853377265,0.0416666666666667,0.25,0.204545454545455,0.495289637201844,0.730093817656964,0.0935203740814963,0.891404860699467,0.35,0.0988700564971752,0.250704225352113,0,0,0,0.543701799485861,0.0748299319727891,0,0,0.333333333333333,0.896180742334588,0.505985267034991,0,0.186828164739275,0.156789328965073,0.125,0.416666666666667,0.444444444444444,0.142857142857143,0.208709065021357,0.127810922441487,0.25,0.484105080241235,0.25,0,"NRB"
0.631005338078292,0.294723894143499,0.0833333333333333,0,0.166666666666667,0,0,0.462932454695222,0.125,0,0.295454545454545,0.526758869512928,0.510223719028145,0.360944110443108,0.717842323651452,0,0.110169491525424,0.369014084507042,0,0,0,0.474293059125964,0.00680272108843537,0,0,0,0.703066164604626,0.505524861878453,0,0,0.109460012870766,0,0,0.166666666666667,0.285714285714286,0.198386331276697,0.147774208352455,0.625,0.396606357967904,0,0,"NRB"
0.663923487544484,0.208954332664565,0,0,0.0833333333333333,0,0.166666666666667,0.823723228995058,0,0,0.0681818181818182,0.526758869512928,0.468126052441665,0.126697840124694,0.709425014819206,0,0.0649717514124294,0.23943661971831,0,0,0,0.57840616966581,0.0136054421768707,0,0,0,0.71382463690156,0.506445672191529,0,0,0.0966477505411572,0,0.0833333333333333,0.111111111111111,0.285714285714286,0.177740863787375,0.139972464433226,0.125,0.369109680057242,0,0,"NRB"
0.660809608540925,0.180997420464316,0.166666666666667,0,0,0,0.166666666666667,0.85667215815486,0,0,0,0.526758869512928,0.551599711330286,0.144288577154309,0.730764671013634,0,0.115819209039548,0.205633802816901,0,0,0,0.62853470437018,0.0136054421768707,0,1,0,0.711135018827327,0.505985267034991,0,0,0.135377054934769,0,0.0833333333333333,0,0,0.196843853820598,0.161312528682882,0,0.429418378820403,0,0.0740740740740741,"NRB"
0.359875444839858,0.286722556606477,0.0833333333333333,0,0,0,0,0.731466227347611,0,0,0,0.526758869512928,0.305989896560019,0,0.502430349733254,0,0.0734463276836159,0.171830985915493,0,0,0,0.787917737789203,0.00680272108843537,0,0,0,0.537923614846692,0.407458563535912,0,0,0.00789796992921079,0,0,0,0,0.209658281917418,0.114731528223956,0,0.357559030972094,0,0,"NRB"
0.667259786476868,0.327063628546862,0.25,0,0,0.0769230769230769,0,0.411861614497529,0.0833333333333333,0,0,0.526758869512928,0.404137599230214,0.160765976397239,0.650029638411381,0,0.34180790960452,0.31830985915493,0,0,0.333333333333333,0.646529562982005,0,0,0,0,0.537923614846692,0.685082872928177,0,0,0.0208272392207336,0,0,0,0,0.232558139534884,0.378614043139055,0,0.40294388224471,0,0.111111111111111,"NRB"
0.743994661921708,0.739036973344798,0,0,0,0.0769230769230769,0,0.538714991762768,0.333333333333333,0.666666666666667,0,0.392162758067749,0.735867211931681,0.653751948341127,0.852756372258447,0.8,0.0875706214689266,0.332394366197183,0,0,0,0.40745501285347,0,0,0,0,0.732114039806348,0.505985267034991,0,0.742703781246926,0.174983911542737,0,0,0,0,0.153773137161841,0.179669573198715,0,0.445466625779413,0,0,"NRB"
0.439946619217082,0.258013279831852,0,0,0.0277777777777778,0,0,0.540362438220758,0.0416666666666667,0.0833333333333333,0.0227272727272727,0.526758869512928,0.54245850372865,0.765976397238922,0.662477771191464,0.025,0.0395480225988701,0.335211267605634,0,0,0,0.442159383033419,0,0,0,0,0.527165142549758,0.505985267034991,0,0.138744080823977,0.472883636576376,0,0,0.0555555555555556,0,0.129568106312292,0.100504818724185,0.125,0.340897475212103,0,0,"NRB"
0.482651245551601,0.301327983185249,0.0833333333333333,0.333333333333333,0,0,0,0.164744645799012,0,0,0,0.538384445780718,0.294202549915805,0.216210198174126,0.524362774155305,0,0.19774011299435,0.453521126760563,0.5,0,0,0.424164524421594,0,0,0,0,0.456159225389995,0.698895027624309,0,0,0.0642368220909144,0,0,0.0555555555555556,0.714285714285714,0.187707641196013,0.39008719596145,0.375,0.329449044260452,0,0,"NRB"
0.752224199288256,0.311144549536639,0,0,0,0.153846153846154,0.111111111111111,0.731466227347611,0.0833333333333333,0,0,0.526758869512928,0.506134231416887,0.266533066132265,0.790278601066983,0,0.514124293785311,0.583098591549296,0,0,0.666666666666667,0.235218508997429,0.00680272108843537,0,0,0,0.742872512103281,0.506445672191529,0,0,0.103843678698883,0,0,0,0,0.18296155671571,0.67691601652134,0,0.38393130941429,0,0.222222222222222,"NRB"
0.621886120996441,0.314786949460208,0,0,0.0555555555555556,0,0.111111111111111,0.617792421746293,0,0.166666666666667,0.0909090909090909,0.526758869512928,0.419533317296127,0.263861055444222,0.676704208654416,0.1,0.231638418079096,0.332394366197183,0,0.333333333333333,0,0.46401028277635,0.00680272108843537,0,0,0,0.668639053254438,0.512891344383057,0,0.283923728694479,0.0726613233487392,0,0.166666666666667,0.222222222222222,0.285714285714286,0.186283815851922,0.382285452042221,0.25,0.366860881120311,0,0,"NRB"
0.650133451957295,0.331936084838063,0,0,0.0277777777777778,0,0.111111111111111,0.658978583196046,0,0.25,0.0454545454545455,0.526758869512928,0.422179456338706,0.263861055444222,0.68014226437463,0.15,0.282485875706215,0.304225352112676,0,0.333333333333333,0,0.44987146529563,0.00680272108843537,0,0,0,0.681549220010758,0.512891344383057,0,0.282926075287704,0.0654653951910139,0,0.166666666666667,0.111111111111111,0.142857142857143,0.189131466540104,0.428178063331804,0.125,0.368087498722273,0,0,"NRB"
0.618772241992882,0.29985908092099,0,0,0.0277777777777778,0,0.111111111111111,0.640856672158155,0,0.25,0.0454545454545455,0.526758869512928,0.439259081068078,0.283455800489869,0.684410195613515,0.15,0.23728813559322,0.309859154929577,0,0.333333333333333,0,0.447300771208226,0.00680272108843537,0,0,0,0.672942442173211,0.502302025782689,0,0.285680160748662,0.0881647458023753,0,0.166666666666667,0.111111111111111,0,0.185927859515899,0.34832491968793,0.125,0.371256260860677,0,0,"NRB"
0.659475088967971,0.334193178561192,0,0,0.0555555555555556,0,0.166666666666667,0.640856672158155,0.0416666666666667,0.25,0.0454545454545455,0.526758869512928,0.440461871541977,0.258294366510799,0.702430349733254,0.15,0.23728813559322,0.309859154929577,0,0.333333333333333,0,0.456298200514139,0.00680272108843537,0,0,0,0.701990317374933,0.502302025782689,0,0.287197718043475,0.0648803603814427,0,0.166666666666667,0.111111111111111,0.142857142857143,0.191623160892264,0.393529141808169,0.125,0.376571603802515,0,0,"NRB"
0.635231316725979,0.27258287952613,0.166666666666667,0,0,0,0.166666666666667,0.693574958813839,0,0.25,0,0.421527360192423,0.527062785662737,0.370073480293921,0.708476585655009,0.05,0.293785310734463,0.261971830985915,0,0,0,0.496143958868895,0.00680272108843537,0,1,0,0.689080150618612,0.505064456721915,0,0.142720642994646,0.139589305563681,0,0.25,0,0.142857142857143,0.206691979117228,0.349701698026618,0,0.422774200143106,0,0.0740740740740741,"NRB"
0.75,0.250250788191459,0.0833333333333333,0,0.0833333333333333,0,0.0555555555555556,0.56836902800659,0.0416666666666667,0.166666666666667,0.0681818181818182,0.526758869512928,0.506374789511667,0.469383210866177,0.738470657972733,0.15,0.124293785310734,0.301408450704225,0,0,0,0.496143958868895,0.00680272108843537,0,0,0,0.71382463690156,0.506445672191529,0,0.325881377604789,0.159070964722401,0,0.0833333333333333,0.111111111111111,0.142857142857143,0.289273849074514,0.246672785681505,0.125,0.466523561279771,0,0,"NRB"
0.78202846975089,0.227118563103086,0.0833333333333333,0,0.0555555555555556,0,0.222222222222222,0.682042833607908,0,0.166666666666667,0.0909090909090909,0.526758869512928,0.560019244647582,0.162992651970608,0.786247777119146,0.2,0.155367231638418,0.270422535211268,0,0,0,0.548843187660668,0.0136054421768707,0,0,0,0.767079074771383,0.505985267034991,0,0.343614315623814,0.130579769496285,0,0.333333333333333,0.222222222222222,0.571428571428571,0.293189368770764,0.278568150527765,0.25,0.485229479709701,0,0,"NRB"
0.636565836298932,0.271149804146365,0.166666666666667,0,0.0833333333333333,0,0.166666666666667,0.617792421746293,0,0.0833333333333333,0.113636363636364,0.506213670074163,0.535963435169593,0.360276107771098,0.728630705394191,0.075,0.192090395480226,0.309859154929577,0,0,0,0.539845758354756,0.00680272108843537,0,1,0,0.694997310381926,0.506445672191529,0,0.158036730507117,0.143801556192593,0,0.25,0.111111111111111,0.142857142857143,0.211675367821547,0.259752179899036,0.25,0.425738526014515,0,0.0740740740740741,"NRB"
0.632784697508897,0.182096111588803,0.166666666666667,0.333333333333333,0.166666666666667,0,0.222222222222222,0.761120263591433,0,0,0.181818181818182,0.526758869512928,0.56434929035362,0.13916722333556,0.734202726733847,0,0.149717514124294,0.259154929577465,0.5,0,0,0.587403598971722,0.0136054421768707,0,1,0,0.691231845077999,0.505985267034991,0,0,0.183115895395776,0,0.333333333333333,0.333333333333333,0.285714285714286,0.197199810156621,0.17806333180358,0.25,0.434938158029234,0,0.0740740740740741,"NRB"
0.670373665480427,0.181140728002293,0,0,0,0,0.222222222222222,0.930807248764415,0,0,0,0.526758869512928,0.472456098147703,0,0.736218138707765,0,0.0508474576271187,0.191549295774648,0,0,0,0.632390745501285,0.0408163265306122,0,0,0,0.79020979020979,0.505524861878453,0,0,0.0503714971040777,0,0,0,0,0.189724727100142,0.0899495181275814,0,0.37738934887049,0,0,"NRB"
0.709074733096085,0.216310786280692,0.25,0,0.0555555555555556,0.0769230769230769,0.111111111111111,0.741350906095552,0,0.166666666666667,0.0454545454545455,0.403187011425135,0.590329564589849,0.283678468047206,0.790397154712507,0.15,0.353107344632769,0.264788732394366,0,0,0,0.544987146529563,0.0204081632653061,0,0,0,0.805271651425498,0.505985267034991,0,0.328382536849945,0.107178377113438,0,0,0.166666666666667,0,0.236117702895111,0.379990821477742,0.125,0.461923745272411,0,0.111111111111111,"NRB"
0.826290035587188,0.145576573994459,0,0,0.111111111111111,0.0769230769230769,0.388888888888889,0.71334431630972,0,0.166666666666667,0.136363636363636,0.496792944477851,0.671878758720231,0.216210198174126,0.86520450503853,0.225,0.0960451977401131,0.281690140845071,0,0,0,0.529562982005141,0.0340136054421769,0,0,0,0.869822485207101,0.505985267034991,0,0.184017873452583,0.109343005908852,0.125,0.25,0.333333333333333,0,0.202064546748932,0.14502065167508,0.375,0.459777164468977,0.25,0,"NRB"
0.759341637010676,0.192880003821534,0.0833333333333333,0.666666666666667,0.305555555555556,0.0769230769230769,0.388888888888889,0.700164744645799,0.166666666666667,0.0833333333333333,0.272727272727273,0.526758869512928,0.613423141688718,0.204186150077934,0.827860106698281,0.075,0.124293785310734,0.287323943661972,0,0,0,0.565552699228792,0.0272108843537415,0,1,0.333333333333333,0.800968262506724,0.505985267034991,0,0,0.144094073597379,0,0.25,0.555555555555556,0.142857142857143,0.213336497389654,0.174850849013309,0.375,0.456199529796586,0,0.037037037037037,"NRB"
0.57673487544484,0.182824591573517,0,0,0,0,0,0.487644151565074,0.0833333333333333,0.0833333333333333,0.0454545454545455,0.526758869512928,0.373827279287948,0.325317301269205,0.650978067575578,0,0.0677966101694916,0.357746478873239,0,0,0,0.394601542416452,0.00680272108843537,0,0,0,0.632060247444863,0.511510128913444,0,0,0.108465453694495,0,0,0.166666666666667,0,0.118414807783579,0.0839834786599357,0.125,0.272206889502198,0,0,"NRB"
0.615658362989324,0.239335530715582,0.0833333333333333,0,0.0555555555555556,0,0,0.548599670510708,0.0416666666666667,0.0833333333333333,0.0681818181818182,0.645019041892163,0.452008660091412,0.323981295925184,0.681327800829876,0.05,0.141242937853107,0.312676056338028,0,0,0,0.533419023136247,0.00680272108843537,0,0,0,0.678859601936525,0.502302025782689,0,0.152373993564433,0.0878137249166325,0,0,0.166666666666667,0.285714285714286,0.194233507356431,0.240477283157412,0.25,0.380966983542881,0,0,"NRB"
0.692838078291815,0.135186777491163,0,0,0.166666666666667,0,0.222222222222222,0.878088962108731,0,0.166666666666667,0.136363636363636,0.562337141711766,0.581669473177773,0.122021821420619,0.802963841138115,0.15,0.15819209039548,0.228169014084507,0,0,0,0.561696658097686,0.0408163265306122,0,0,0,0.822485207100592,0.505985267034991,0,0.34757682633805,0.125138945767273,0,0.166666666666667,0.444444444444444,0.285714285714286,0.199098243948742,0.217989903625516,0.25,0.429929469487887,0,0,"NRB"
0.729537366548043,0.146233400210184,0.0833333333333333,0,0.0833333333333333,0,0.222222222222222,0.897858319604613,0,0.25,0.113636363636364,0.461916215674484,0.69665624248256,0.141616566466266,0.824303497332543,0.25,0.18361581920904,0.197183098591549,0,0,0,0.596401028277635,0.0408163265306122,1,0,0,0.834319526627219,0.505985267034991,1,0.354658760380513,0.125255952729187,0.125,0.166666666666667,0.222222222222222,0.142857142857143,0.547460844803038,0.242771913721891,0.125,0.689665746703465,0,0.037037037037037,"NRB"
0.679270462633452,0.189882487818859,0.166666666666667,0.333333333333333,0.222222222222222,0,0.333333333333333,0.706754530477759,0,0.166666666666667,0.363636363636364,0.526758869512928,0.685350012027905,0.380538855488755,0.805216360403082,0.1,0.211864406779661,0.298591549295774,0,0.333333333333333,0,0.547557840616966,0.0136054421768707,0,1,0,0.739107046799355,0.505985267034991,0,0.303764385178524,0.283215351313403,0,0.5,0.777777777777778,0,0.216302800189843,0.296236805874254,0.75,0.486251661044669,0,0.0740740740740741,"NRB"
0.667927046263345,0.219141110155728,0.0833333333333333,0.333333333333333,0.333333333333333,0,0.333333333333333,0.611202635914333,0.125,0.583333333333333,0.340909090909091,0.415514131088394,0.722877074813568,0.438432420396348,0.835328986366331,0.2,0.206214689265537,0.323943661971831,0,0.333333333333333,0,0.456298200514139,0.0136054421768707,0,1,0,0.742334588488435,0.505985267034991,0,0.790675453510756,0.256479260516001,0,0.5,0.833333333333333,0.142857142857143,0.204674893213099,0.295089490592015,0.625,0.488091587447613,0,0.037037037037037,"NRB"
0.760898576512456,0.142662654055603,0.0833333333333333,0,0.111111111111111,0,0.5,0.866556836902801,0,0.333333333333333,0.0681818181818182,0.441771898175987,0.715900890064951,0.14206190158094,0.833787788974511,0.375,0.192090395480226,0.211267605633803,0,0,0,0.568123393316195,0.0476190476190476,1,0,0,0.838084991931146,0.505985267034991,1,0.359590821588658,0.156906335926988,0,0.416666666666667,0.111111111111111,0.428571428571429,0.547223540579022,0.251032583754016,0.125,0.690381273637943,0,0.037037037037037,"NRB"
0.77135231316726,0.154652718066304,0,0,0.194444444444444,0,0.5,0.823723228995058,0,0.5,0.181818181818182,0.357085588294247,0.665383690161174,0.182587397016255,0.843390634262004,0.45,0.234463276836158,0.242253521126761,0,0.333333333333333,0,0.511568123393316,0.0476190476190476,0,0,0.333333333333333,0.851533082302313,0.505985267034991,0,0.687130271052595,0.137892704615925,0,0.416666666666667,0.333333333333333,0.428571428571429,0.212861888941623,0.325837540156035,0.25,0.471634467954615,0,0,"NRB"
0.738434163701068,0.217839400019108,0,0,0.0555555555555556,0.0769230769230769,0.111111111111111,0.706754530477759,0.125,0,0.0681818181818182,0.663158949689316,0.459465961029589,0.172122021821421,0.763841138114997,0,0.0508474576271187,0.281690140845071,0,0,0,0.561696658097686,0.0204081632653061,0,0,0,0.768154922001076,0.506445672191529,0,0,0.0444626455274089,0.125,0.0833333333333333,0.277777777777778,0.142857142857143,0.18094447081158,0.100275355667737,0.125,0.363692118981907,0,0,"NRB"
0.444839857651246,0.246226234833286,0.25,0,0,0,0,0.329489291598023,0.0416666666666667,0,0,0.526758869512928,0.382487370700024,0.180583389000223,0.491286307053942,0,0.53954802259887,0.309859154929577,0,0,0,0.659383033419023,0,0,0,0,0.393760086067778,0.21316758747698,0,0,0.032527935412157,0,0,0,0,0.219625059326056,0.447452960073428,0,0.389962179290606,0,0.111111111111111,"NRB"
0.314501779359431,0.158402598643355,0.166666666666667,0,0,0,0,0.411861614497529,0.0833333333333333,0,0,0.526758869512928,0.602116911234063,0.222667557336896,0.383402489626556,0,0.161016949152543,0.264788732394366,0,0,0,0.818766066838046,0,1,0,0,0.332436793975256,0.275322283609576,0,0,0.0738898964488387,0,0,0,0,0.549833887043189,0.150986691142726,0,0.749770009199632,0,0.0740740740740741,"NRB"
0.512233096085409,0.263793350530238,0.25,0,0,0,0,0.449752883031301,0.0833333333333333,0,0,0.526758869512928,0.421217223959586,0.324871966154531,0.550207468879668,0,0.251412429378531,0.32112676056338,0,0,0,0.53598971722365,0,0,1,0,0.501344809037117,0.401933701657459,0,0,0.0761130287252092,0,0,0,0,0.184148077835785,0.300826067003212,0,0.387100071552694,0,0.111111111111111,"NRB"
0.559830960854093,0.234260055412248,0,0,0.0277777777777778,0,0.0555555555555556,0.658978583196046,0.0416666666666667,0,0.0454545454545455,0.526758869512928,0.367813326918451,0.313738588287687,0.618494368701838,0,0.0536723163841808,0.301408450704225,0,0,0,0.515424164524422,0.00680272108843537,0,0,0,0.618074233458849,0.494935543278085,0,0,0.0931375416837302,0,0.0833333333333333,0.166666666666667,0.142857142857143,0.153654485049834,0.113813675998164,0.125,0.304814474087703,0,0,"NRB"
0.76979537366548,0.230092194516098,0,0,0.194444444444444,0.153846153846154,0,0.484349258649094,0.166666666666667,0,0.113636363636364,0.526758869512928,0.415443829684869,0.250278334446671,0.776526378186129,0,0.0423728813559322,0.363380281690141,0,0,0,0.433161953727506,0.00680272108843537,0,0,0,0.759548144163529,0.507366482504604,0,0,0.0504300005850348,0,0,0.166666666666667,0.571428571428571,0.144755576649264,0.119091326296466,0.25,0.308494326893591,0,0,"NRB"
0.671263345195729,0.223511990064011,0,0,0,0,0.222222222222222,0.823723228995058,0,0.333333333333333,0,0.32711966325917,0.529708924705316,0.250501002004008,0.758032009484292,0.2,0.220338983050847,0.230985915492958,0,0,0,0.502570694087404,0.0204081632653061,0,0,0,0.750941366325982,0.505985267034991,0,0.301417791954136,0.100274966360498,0,0,0,0.285714285714286,0.196013289036545,0.351766865534649,0,0.408668097720536,0,0,"NRB"
0.623220640569395,0.225912391325117,0.0833333333333333,0,0.0555555555555556,0,0.111111111111111,0.72158154859967,0,0,0.0909090909090909,0.595109240328723,0.442867452489776,0.147851258071699,0.692116182572614,0,0.129943502824859,0.245070422535211,0,0,0,0.627249357326478,0.0204081632653061,0,0,0,0.733727810650888,0.502762430939227,0,0,0.0410694436318961,0,0.166666666666667,0.222222222222222,0.285714285714286,0.199098243948742,0.160624139513538,0.25,0.387713380353675,0,0,"NRB"
0.670373665480427,0.22272379860514,0.0833333333333333,0,0,0,0.222222222222222,0.940691927512356,0,0,0,0.526758869512928,0.505893673322107,0,0.736218138707765,0,0.0677966101694916,0.149295774647887,0,0,0,0.714652956298201,0.0408163265306122,0,0,0,0.79020979020979,0.505524861878453,0,0,0.0503714971040777,0,0,0,0,0.24655908875178,0.0959155575952271,0,0.434835939895737,0,0,"NRB"
0.512233096085409,0.305364478838254,0.0833333333333333,0,0,0,0,0.494233937397035,0,0,0.0454545454545455,0.526758869512928,0.341833052682223,0.191939434424404,0.580082987551867,0,0.166666666666667,0.312676056338028,0,0,0,0.625964010282776,0.00680272108843537,0,0,0,0.599784830554061,0.569981583793739,0,0,0.0299537822500439,0,0,0.0555555555555556,0.285714285714286,0.220218319886094,0.217989903625516,0.25,0.372687314729633,0,0,"NRB"
0.822286476868327,0.220430877997516,0,0,0.166666666666667,0.0769230769230769,0.0555555555555556,0.682042833607908,0.0416666666666667,0.25,0.136363636363636,0.336039286430146,0.535001202790474,0.216432865731463,0.793123888559573,0.25,0.180790960451977,0.298591549295774,0,0,0,0.47814910025707,0.0136054421768707,0,0,0,0.812802582033351,0.505985267034991,0,0.491899335366111,0.0828994325162347,0,0,0.111111111111111,0.285714285714286,0.184266729947793,0.303350160624139,0.25,0.397526321169375,0,0,"NRB"
0.747108540925267,0.412546574949842,0,0,0,0.230769230769231,0,0.527182866556837,0.375,0,0,0.526758869512928,0.472937214337262,0.410153640614562,0.807705986959099,0,0.00847457627118645,0.335211267605634,0,0,0,0.505141388174807,0,0,0,0,0.706831629908553,0.505524861878453,0,0,0.194875095068157,0,0,0,0,0.137161841480778,0.0589720055071133,0,0.336808749872227,0,0,"NRB"
0.667259786476868,0.277085124677558,0,0,0,0.0769230769230769,0,0.411861614497529,0.125,0,0,0.526758869512928,0.203031031994227,0.160765976397239,0.650029638411381,0,0.0367231638418079,0.391549295774648,0,0,0,0.402313624678663,0,0,0,0,0.537923614846692,0.655616942909761,0,0,0.0208272392207336,0,0,0.166666666666667,0.285714285714286,0.113550071191267,0.179669573198715,0.125,0.215986916078912,0,0,"NRB"
0.492437722419929,0.250800133753702,0,0,0.0555555555555556,0,0,0.365733113673806,0.0416666666666667,0,0,0.526758869512928,0.245609814770267,0.324871966154531,0.543094250148192,0,0.0621468926553673,0.419718309859155,0,0,0,0.359897172236504,0,0,0,0,0.485207100591716,0.407918968692449,0,0,0.0940735973790441,0,0,0.111111111111111,0.285714285714286,0.0952776459420978,0.160624139513538,0.25,0.204538485127262,0,0,"NRB"
0.400800711743772,0.223703066781313,0,0,0.0555555555555556,0,0,0.329489291598023,0.0833333333333333,0,0,0.526758869512928,0.28169352898725,0.434201736806947,0.500296384113811,0,0.0819209039548023,0.442253521126761,0,0,0,0.282776349614396,0,0,0,0,0.456159225389995,0.566298342541437,0,0,0.142806997016322,0,0,0.222222222222222,0.714285714285714,0.0794969150450878,0.204222120238642,0.375,0.199529796585914,0,0,"NRB"
0.423042704626335,0.25103897965033,0,0,0.111111111111111,0,0,0.352553542009885,0.0833333333333333,0,0,0.526758869512928,0.365407745970652,0.517034068136273,0.558032009484292,0,0.0790960451977402,0.430985915492958,0,0,0,0.309768637532134,0,0,0,0,0.49435180204411,0.494935543278085,0,0,0.21306967764582,0,0,0.333333333333333,0.857142857142857,0.0863787375415282,0.168196420376319,0.5,0.241030358785649,0,0,"NRB"
0.686387900355872,0.345180089806057,0,0,0,0.0769230769230769,0,0.411861614497529,0.125,0.166666666666667,0,0.526758869512928,0.258840509983161,0.204408817635271,0.663544754001186,0.075,0.135593220338983,0.377464788732394,0,0,0,0.309768637532134,0,0,0,0,0.577729962345347,0.400092081031308,0,0,0.0542912303282045,0,0,0,0.142857142857143,0.12375415282392,0.304038549793483,0,0.240110395584177,0,0,"NRB"
0.400800711743772,0.226879717206458,0,0,0.0277777777777778,0,0,0.347611202635914,0.0833333333333333,0.0833333333333333,0,0.526758869512928,0.286264132788068,0.434201736806947,0.500296384113811,0,0.112994350282486,0.425352112676056,0,0,0,0.267352185089974,0,0,0,0,0.456159225389995,0.568600368324125,0,0,0.142806997016322,0,0,0.166666666666667,0.571428571428571,0.0805647840531562,0.269848554382744,0.25,0.203414085658796,0,0,"NRB"
0.438834519572954,0.247802617751027,0.0833333333333333,0,0,0,0,0.520593080724876,0.0833333333333333,0,0,0.526758869512928,0.529227808515757,0.735025606769094,0.649081209247184,0,0.0169491525423729,0.323943661971831,0,0,0,0.482005141388175,0,0,0,0,0.524475524475524,0.505985267034991,0,0,0.425554320482069,0,0,0,0,0.128381585192216,0.0344194584671868,0,0.335786568537259,0,0,"NRB"
0.492437722419929,0.384685201108245,0,0,0,0,0,0.329489291598023,0,0,0.0681818181818182,0.5070154339547,0.290594178494106,0.324871966154531,0.543094250148192,0,0.23728813559322,0.498591549295775,0,0,0,0.395886889460154,0,0,0,0,0.485207100591716,0.378453038674033,0,0,0.0940735973790441,0,0,0,0.571428571428571,0.145823445657333,0.472923359339146,0.5,0.289890626597158,0,0,"NRB"
0.556049822064057,0.371500907614407,0.333333333333333,0,0,0,0,0.515650741350906,0.125,0,0,0.526758869512928,0.726966562424825,0.841015364061456,0.757083580320095,0,0.0169491525423729,0.312676056338028,0,0,0,0.524421593830334,0,0,0,0,0.603012372243142,0.505985267034991,0,0,0.40665769613292,0,0,0,0,0.268153773137162,0.0195043597980725,0,0.482674026372278,0,0,"NRB"
0.724866548042705,0.467015381675743,0.0833333333333333,0,0,0,0,0.380560131795717,0.125,0.333333333333333,0,0.526758869512928,0.440461871541977,0.415942997105322,0.701481920569057,0.225,0.161016949152543,0.357746478873239,0,0,0,0.388174807197944,0,0,0,0,0.664873587950511,0.512891344383057,0,0.159441876150463,0.0814368454923068,0,0,0,0,0.254864736592311,0.264341441027995,0,0.418174384135746,0,0,"NRB"
0.719750889679715,0.46447167287666,0.0833333333333333,0,0,0,0,0.28995057660626,0,0.333333333333333,0,0.526758869512928,0.384892951647823,0.313070585615676,0.686781268524007,0.225,0.23728813559322,0.374647887323944,0,0,0,0.350899742930591,0,0,0,0,0.639591178052717,0.464548802946593,0,0.149690165385642,0.0506055110279062,0,0,0,0,0.255576649264357,0.360486461679669,0,0.413472349994889,0,0,"NRB"
0.727535587188612,0.552581924142543,0.0833333333333333,0,0,0,0,0.494233937397035,0.25,0.333333333333333,0,0.526758869512928,0.635795044503248,0.629258517034068,0.791819798458803,0.375,0.0593220338983051,0.338028169014084,0,0,0,0.425449871465296,0,0,0,0,0.698224852071006,0.505985267034991,0,0.188697008444925,0.199087345697069,0,0,0,0,0.254983388704319,0.112895823772373,0,0.449759787386282,0,0,"NRB"
0.725533807829181,0.34424859080921,0.166666666666667,0,0,0,0,0.502471169686985,0.125,0,0,0.526758869512928,0.561943709405822,0.608550434201737,0.736573799644339,0,0.0141242937853107,0.31830985915493,0,0,0,0.560411311053984,0,0,1,0,0.676169983862292,0.505985267034991,0,0,0.17533493242848,0,0,0,0,0.238609397247271,0.0454336851766865,0,0.419809874271696,0,0.037037037037037,"NRB"
0.624332740213523,0.293028088277443,0,0,0.0555555555555556,0,0.166666666666667,0.606260296540362,0.0416666666666667,0,0.113636363636364,0.526758869512928,0.374067837382728,0.196170118013805,0.670895080023711,0,0.0819209039548023,0.332394366197183,0,0,0,0.502570694087404,0.00680272108843537,0,0,0,0.670252824098978,0.494475138121547,0,0,0.036038144269584,0,0.166666666666667,0.222222222222222,0.571428571428571,0.17109634551495,0.198715006883892,0.25,0.326484718389042,0,0,"NRB"
0.624332740213523,0.287904843794784,0,0,0.0555555555555556,0,0.166666666666667,0.658978583196046,0.0833333333333333,0,0.0681818181818182,0.526758869512928,0.371181140245369,0.196170118013805,0.670895080023711,0,0.0536723163841808,0.301408450704225,0,0,0,0.546272493573265,0.00680272108843537,0,0,0,0.670252824098978,0.494935543278085,0,0,0.036038144269584,0,0.0833333333333333,0.111111111111111,0.285714285714286,0.170503084954912,0.147774208352455,0.125,0.32525810078708,0,0,"NRB"
0.629448398576512,0.15931021305054,0,0,0.0555555555555556,0,0.222222222222222,0.683690280065898,0,0,0.0909090909090909,0.526758869512928,0.547269665624248,0.231351592073035,0.764552459988145,0,0.056497175141243,0.292957746478873,0,0,0,0.544987146529563,0.0136054421768707,0,0,0,0.705217859064013,0.505985267034991,0,0,0.194816591587199,0,0.166666666666667,0.222222222222222,0,0.172164214523018,0.100275355667737,0.25,0.397219666768885,0,0,"NRB"
0.641014234875445,0.288501958536352,0,0,0.0555555555555556,0,0.111111111111111,0.644151565074135,0,0.166666666666667,0.0454545454545455,0.437562637803167,0.446235265816695,0.280115787129815,0.706816834617664,0.1,0.14406779661017,0.304225352112676,0,0,0,0.460154241645244,0.00680272108843537,0,0,0,0.692845615922539,0.507826887661142,0,0.14834122556803,0.0916749546598023,0,0.0833333333333333,0.111111111111111,0.142857142857143,0.173943996203132,0.275355667737494,0.125,0.356945722171113,0,0,"NRB"
0.711966192170818,0.366735931976689,0,0,0.0555555555555556,0,0.166666666666667,0.658978583196046,0,0.5,0.0681818181818182,0.210362798155943,0.520327159008901,0.279225116900468,0.74973325429757,0.3,0.38135593220339,0.301408450704225,0,0.333333333333333,0,0.39974293059126,0.00680272108843537,0,0,0,0.755244755244755,0.505524861878453,0,0.59295741003555,0.0681565553150413,0,0.0833333333333333,0.111111111111111,0.285714285714286,0.198504983388704,0.52524093620927,0.125,0.410916896657467,0,0,"NRB"
0.776023131672598,0.130577051686252,0,0,0,0.692307692307692,0.888888888888889,0.622734761120263,1,1,0,0.287733012627781,0.901852297329805,0.206412825651303,1,1,0.0875706214689266,0.301408450704225,0,0,0,0.479434447300771,0.0272108843537415,0,0,0,0.789133942980097,0.505985267034991,0,0.792361628282771,0.287895629789973,0,0.333333333333333,0,0.571428571428571,0.193402942572378,0.183340982101882,0,0.549422467545743,0,0,"NRB"
0.750667259786477,0.34129884398586,0.0833333333333333,0,0.0277777777777778,0,0.166666666666667,0.548599670510708,0.0416666666666667,0.25,0.0454545454545455,0.526758869512928,0.485927351455376,0.250278334446671,0.752815649081209,0.15,0.214689265536723,0.301408450704225,0,0,0,0.47814910025707,0.00680272108843537,0,0,0,0.735879505110274,0.507826887661142,0,0.300181263787992,0.0717837711343825,0,0.166666666666667,0.111111111111111,0.428571428571429,0.293426672994779,0.388480954566315,0.125,0.472758867423081,0,0,"NRB"
0.752891459074733,0.351306487054552,0.166666666666667,0,0.0555555555555556,0,0.222222222222222,0.548599670510708,0.0416666666666667,0.25,0.0454545454545455,0.526758869512928,0.529468366610536,0.241371632153195,0.767042086544161,0.15,0.257062146892656,0.292957746478873,0,0,0,0.507712082262211,0.00680272108843537,0,1,0,0.750941366325982,0.505064456721915,0,0.301656666713505,0.0730708477154391,0,0.25,0.111111111111111,0.428571428571429,0.293663977218795,0.399265718219367,0.125,0.488602678115098,0,0.037037037037037,"NRB"
0.780916370106762,0.218281264927869,0.0833333333333333,0,0,0,0.222222222222222,0.731466227347611,0,0.333333333333333,0,0.526758869512928,0.562905941784941,0.162992651970608,0.786247777119146,0.3,0.206214689265537,0.233802816901408,0,0,0,0.529562982005141,0.0136054421768707,0,0,0,0.763851533082302,0.505985267034991,0,0.339848525299647,0.133797460948926,0,0.333333333333333,0,0.285714285714286,0.293070716658757,0.332721431849472,0,0.485945006644179,0,0,"NRB"
0.670818505338078,0.173724562912009,0,0,0,0,0,0.617792421746293,0.0416666666666667,0.25,0,0.467729003808378,0.443829684868896,0.17791137831218,0.734084173088323,0.2,0.155367231638418,0.304225352112676,0,0,0,0.426735218508997,0.0204081632653061,0,0,0,0.775147928994083,0.505064456721915,0,0.311998538648531,0.0440531211607091,0.375,0,0,0,0.168367346938776,0.262505736576411,0,0.344679546151487,0,0,"NRB"
0.599199288256228,0.118204834240948,0.0833333333333333,0,0.166666666666667,0,0,0.535420098846787,0,0,0.136363636363636,0.617157747043496,0.512148183786384,0.111333778668448,0.716656787196206,0,0.0508474576271187,0.323943661971831,0,0,0,0.469151670951157,0.0136054421768707,0,0,0,0.664873587950511,0.505985267034991,0,0,0.200549932720997,0,0,0.222222222222222,0.285714285714286,0.188538205980066,0.064938044974759,0.25,0.377900439537974,0,0,"NRB"
0.815169039145907,0.139951753128881,0.166666666666667,0,0,0,0.166666666666667,0.846787479406919,0,0,0,0.526758869512928,0.603319701707962,0.0961923847695391,0.796206283343213,0,0.0536723163841808,0.177464788732394,0,0,0,0.721079691516709,0.0204081632653061,0,1,0,0.801506186121571,0.505985267034991,0,0,0.0816123559351781,0,0.25,0,0,0.257000474608448,0.120009178522258,0,0.467136870080752,0,0.037037037037037,"NRB"
0.735542704626335,0.267411865864144,0.833333333333333,0,0,0,0.666666666666667,0.85996705107084,0,0.0833333333333333,0,0.526758869512928,1,0.160097973725228,0.827741553052757,0.1,0.372881355932203,0.0225352112676057,0,0,0,0.925449871465296,0.0136054421768707,1,0,0,0.798816568047337,0.505985267034991,1,0,0.159831509974844,0,1,0,0,0.560393925011865,0.172097292335934,0,0.915874476132066,0,0.37037037037037,"NRB"
0.7769128113879,0.155620043947645,0,0,0,0.461538461538462,1,0.658978583196046,0.875,0.25,0,0.526758869512928,0.80466682703873,0.215987530616789,0.964315352697096,0.3,0.0480225988700565,0.290140845070422,0,0,0,0.539845758354756,0.0272108843537415,0,0,0,0.820333512641205,0.505985267034991,0,0,0.202071023225882,0,0.25,0,0.428571428571429,0.200403417180826,0.122303809086737,0,0.515690483491771,0,0,"NRB"
0.780916370106762,0.0869637909620713,0,0,0.0555555555555556,0.153846153846154,0.333333333333333,0.797364085667216,0.166666666666667,0,0.0909090909090909,0.526758869512928,0.669713735867212,0.120463148519261,0.860462359217546,0,0.0451977401129944,0.242253521126761,0,0,0,0.580976863753213,0.0272108843537415,0,0,0.333333333333333,0.769768692845616,0.505985267034991,0,0,0.300824899081495,0,0.166666666666667,0.222222222222222,0.142857142857143,0.182486948267679,0.10004589261129,0.125,0.456097311663089,0,0,"NRB"
0.810720640569395,0.220263685869877,0,0,0,0.0769230769230769,0.111111111111111,0.795716639209226,0,0.25,0,0.398175987171778,0.535001202790474,0.205299487864618,0.783046828689982,0.2,0.149717514124294,0.242253521126761,0,0,0,0.501285347043702,0.0136054421768707,0,0,0,0.785906401291017,0.505985267034991,0,0.159793162561299,0.100567483765284,0,0,0,0.285714285714286,0.183673469387755,0.274208352455255,0,0.397935193703363,0,0,"NRB"
0.754448398576512,0.223798605139964,0.166666666666667,0,0.0555555555555556,0,0.333333333333333,0.606260296540362,0,0.5,0.0909090909090909,0.526758869512928,0.654318017801299,0.22667557336896,0.839478363959692,0.3,0.242937853107345,0.27887323943662,0,0,0,0.489717223650386,0.0136054421768707,0,0,0,0.761699838622915,0.505985267034991,0,0.64084477356078,0.216755396946118,0,0.333333333333333,0.222222222222222,0.857142857142857,0.294257237778832,0.388480954566315,0.25,0.545129305938874,0,0,"NRB"
0.745106761565836,0.145086939906372,0.333333333333333,0,0,0,0.666666666666667,0.878088962108731,0,0.583333333333333,0,0.0121266786931249,0.759201347125331,0.20017813404587,0.871369294605809,0.45,0.296610169491526,0.197183098591549,0,0,0,0.557840616966581,0.0408163265306122,0,1,0,0.818719741796665,0.505985267034991,0,0.697500245900488,0.268121453226467,0,0.333333333333333,0,0.285714285714286,0.226981490270527,0.336163377696191,0,0.52918327711336,0.5,0.148148148148148,"NRB"
0.888567615658363,0.262802140059234,0.5,0,0,0.230769230769231,0,0.644151565074135,0,0.333333333333333,0,0.150631389055923,0.667308154919413,0.234468937875752,0.869709543568465,0.2,0.449152542372882,0.253521126760564,0,0,0,0.533419023136247,0.0204081632653061,0,1,0,0.962345346960732,0.505985267034991,0,0.318841597931626,0.0369156964839408,0.5,0,0,0.285714285714286,0.253678215472235,0.433226250573658,0,0.503117653071655,0,0.222222222222222,"NRB"
0.751779359430605,0.155846947549441,0,0,0,0,0,0.658978583196046,0.125,0.25,0,0.605632391260774,0.525859995188838,0.222667557336896,0.799644339063426,0.2,0.115819209039548,0.290140845070422,0,0,0,0.480719794344473,0.0408163265306122,0,0,0,0.85852608929532,0.505985267034991,0,0.331220931049503,0.0579184461475458,0.625,0,0,0,0.181300427147603,0.20330426801285,0,0.385464581416743,0,0,"NRB"
0.693727758007117,0.212154867679373,0,0,0,0,0.222222222222222,0.897858319604613,0,0,0,0.526758869512928,0.454654799133991,0,0.732780082987552,0,0.0480225988700565,0.202816901408451,0,0,0,0.650385604113111,0.0476190476190476,0,0,0,0.791285637439484,0.506445672191529,0,0,0.0179605686538349,0,0,0,0,0.198623635500712,0.0777879761358421,0,0.375651640601043,0,0,"NRB"
0.761343416370107,0.258479029330276,0.333333333333333,0,0.0555555555555556,0,0.444444444444444,0.581548599670511,0,0.5,0.0909090909090909,0.526758869512928,0.683666105364445,0.226230238254286,0.851452282157676,0.3,0.319209039548023,0.273239436619718,0,0,0,0.512853470437018,0.0136054421768707,0,1,0,0.794513179128564,0.505985267034991,0,0.639158598788764,0.151290001755104,0,0.5,0.222222222222222,0.857142857142857,0.294731846226863,0.422441486920606,0.25,0.558826535827456,0,0.0740740740740741,"NRB"
0.675934163701068,0.217779688544951,0,0,0,0,0.166666666666667,0.823723228995058,0,0.166666666666667,0,0.447584686309882,0.491941303824874,0.270986417279002,0.72732661529342,0.05,0.129943502824859,0.230985915492958,0,0,0,0.548843187660668,0.0204081632653061,0,0,0,0.740182894029048,0.505524861878453,0,0.14911405567187,0.0986953723746563,0,0,0,0.142857142857143,0.191267204556241,0.239788893988068,0,0.386793417152203,0,0,"NRB"
0.749332740213523,0.187649278685392,0.416666666666667,0,0.0555555555555556,0.0769230769230769,0,0.609555189456343,0.0416666666666667,0.166666666666667,0.0681818181818182,0.470936059330527,0.635795044503248,0.323981295925184,0.805572021339656,0.15,0.271186440677966,0.261971830985915,0,0,0,0.560411311053984,0.0204081632653061,0,0,0,0.809037116729424,0.505985267034991,0,0.339974988407548,0.134850523606155,0.25,0,0.166666666666667,0,0.242524916943522,0.298990362551629,0.125,0.482265153838291,0,0.148148148148148,"NRB"
0.512233096085409,0.328759434412917,0,0.333333333333333,0,0,0,0.329489291598023,0,0,0.0227272727272727,0.526758869512928,0.295886456579264,0.191939434424404,0.580082987551867,0,0.23728813559322,0.498591549295775,0,0,0,0.425449871465296,0.00680272108843537,0,0,0.333333333333333,0.599784830554061,0.575046040515654,0,0,0.0299537822500439,0,0,0.111111111111111,0.428571428571429,0.165519696250593,0.281551170261588,0.5,0.300725748747828,0,0,"NRB"
0.763122775800712,0.241867297219834,0,0,0,0.153846153846154,0,0.494233937397035,0.166666666666667,0.0833333333333333,0.0227272727272727,0.526758869512928,0.399085879239836,0.185259407704297,0.771428571428571,0.05,0.0621468926553673,0.354929577464788,0,0,0,0.43573264781491,0.00680272108843537,0,0,0,0.749865519096288,0.502762430939227,0,0,0.0357456268647985,0.25,0,0.333333333333333,0.285714285714286,0.147365923113431,0.150068838916934,0.125,0.307983236226107,0,0,"NRB"
0.620996441281139,0.111755995032005,0.5,0,0,0,0,0.494233937397035,0,0,0.0454545454545455,0.73401483263179,0.643011787346644,0.122021821420619,0.747243627741553,0,0.0932203389830509,0.236619718309859,0,0,0,0.643958868894602,0.0136054421768707,0,0,0,0.668101129639591,0.505985267034991,0,0,0.30357456268648,0,0,0.222222222222222,0,0.262102515424775,0.0878843506195502,0.25,0.499744454666258,0,0,"NRB"
0.444839857651246,0.186789433457533,0,0,0,0,0,0.471169686985173,0,0.166666666666667,0,0.526758869512928,0.265335578542218,0,0.527445168938945,0,0.161016949152543,0.357746478873239,0,0,0,0.282776349614396,0.00680272108843537,0,0,0,0.537923614846692,0.568139963167588,0,0,0.0130462762534371,0,0,0,0,0.101447555766493,0.160624139513538,0,0.214453644076459,0,0,"NRB"
0.607651245551601,0.339985191554409,0,0,0,0,0,0.329489291598023,0,0,0.204545454545455,0.526758869512928,0.385374067837383,0.196170118013805,0.667338470657973,0,0.23728813559322,0.498591549295775,0,0,0,0.363753213367609,0.00680272108843537,0,0,0,0.664873587950511,0.493093922651934,0,0,0.0296027613643012,0,0,0,0.857142857142857,0.178927384907451,0.326296466268931,0.75,0.338444240008177,0,0,"NRB"
0.607651245551601,0.273012802140059,0,0,0,0,0,0.411861614497529,0,0.25,0.0681818181818182,0.285628382441371,0.394755833533798,0.196170118013805,0.667338470657973,0.15,0.423728813559322,0.436619718309859,0,0,0,0.338046272493573,0.00680272108843537,0,0,0,0.664873587950511,0.492633517495396,0,0.429131479477848,0.0296027613643012,0,0,0,0.428571428571429,0.161960132890365,0.517439192290041,0.375,0.336093222937749,0,0,"NRB"
0.7769128113879,0.15288525843126,0,0,0.333333333333333,0.461538461538462,0.666666666666667,0.627677100494234,0.75,0.5,0.340909090909091,0.29795550210463,0.809237430839548,0.215987530616789,0.964315352697096,0.6,0.0875706214689266,0.307042253521127,0,0,0,0.494858611825193,0.0272108843537415,0,0,0,0.820333512641205,0.505985267034991,0,0.618896398611716,0.202071023225882,0,0.25,0.166666666666667,0.428571428571429,0.195894636924537,0.1867829279486,0.375,0.51671266482674,0,0,"NRB"
0.631227758007117,0.169520875131365,0,0,0.0555555555555556,0,0,0.548599670510708,0,0,0.136363636363636,0.666766887151734,0.405340389704114,0,0.67990515708358,0,0.056497175141243,0.346478873239437,0,0,0,0.458868894601542,0.0204081632653061,0,0,0,0.694459386767079,0.507826887661142,0,0,0.041010940150939,0,0,0.277777777777778,0,0.146535358329378,0.0527765029830197,0.25,0.303485638352244,0,0,"NRB"
0.607651245551601,0.171312219356071,0,0,0,0,0,0.494233937397035,0,0,0,0.526758869512928,0.331007938417128,0,0.658446947243628,0,0.0677966101694916,0.371830985915493,0,0,0,0.376606683804627,0.0204081632653061,0,0,0,0.700914470145239,0.496316758747698,0,0,0.00327619493359855,0,0,0.333333333333333,0,0.130754627432368,0.0362551629187701,0.25,0.263007257487478,0,0,"NRB"
0.671708185053381,0.174214197000096,0,0,0.111111111111111,0,0.333333333333333,0.696869851729819,0.166666666666667,0.333333333333333,0.181818181818182,0.424233313289236,0.648785181621361,0.395457581830327,0.815293420272673,0.15,0.132768361581921,0.284507042253521,0,0,0,0.519280205655527,0.0136054421768707,0,0,0,0.748789671866595,0.505985267034991,0,0.641392780361684,0.260984028549699,0,0.166666666666667,0.333333333333333,0.285714285714286,0.185927859515899,0.258834327673245,0.25,0.448737606051314,0,0,"NRB"
0.670151245551601,0.122145791535301,0.166666666666667,0.333333333333333,0.444444444444444,0,0.388888888888889,0.698517298187809,0.0833333333333333,0.416666666666667,0.318181818181818,0.414211264782521,0.757276882367092,0.343130705856157,0.853230586840546,0.125,0.175141242937853,0.27887323943662,0,0,0,0.532133676092545,0.0340136054421769,0,1,0,0.761161915008069,0.505985267034991,0,0.500414517964787,0.22991868016147,0,0.333333333333333,0.722222222222222,0.142857142857143,0.241694352159468,0.22418540614961,0.625,0.51507717469079,0,0.037037037037037,"NRB"
0.671708185053381,0.0923497659310213,0.166666666666667,0.666666666666667,0.388888888888889,0,0.444444444444444,0.752883031301483,0.0833333333333333,0.333333333333333,0.454545454545455,0.308077771096412,0.780851575655521,0.172344689378758,0.868642560758743,0.15,0.172316384180791,0.270422535211268,0,0,0,0.547557840616966,0.0272108843537415,0,1,0,0.749327595481442,0.505985267034991,0,0.69401548470499,0.441057742935705,0,0.5,1,0.285714285714286,0.206217370669198,0.246902248737953,0.75,0.517223755494225,0,0.0740740740740741,"NRB"
0.695284697508897,0.181439285373077,0,0.333333333333333,0.305555555555556,0,0.388888888888889,0.777594728171334,0.0416666666666667,0.25,0.25,0.526758869512928,0.615588164541737,0.185259407704297,0.801066982809721,0.15,0.177966101694915,0.267605633802817,0,0.333333333333333,0,0.538560411311054,0.0272108843537415,0,0,0,0.762775685852609,0.505985267034991,0,0.312476288167269,0.20698531562628,0,0.333333333333333,0.444444444444444,0.142857142857143,0.200403417180826,0.258604864616797,0.375,0.451395277522233,0,0,"NRB"
0.739546263345196,0.274660838826789,0.333333333333333,0,0.0555555555555556,0,0.333333333333333,0.823723228995058,0,0.166666666666667,0.0454545454545455,0.401583483664061,0.602598027423623,0.175684702738811,0.780912863070539,0.15,0.443502824858757,0.205633802816901,0,0,0,0.601542416452442,0.0204081632653061,0,1,0,0.825174825174825,0.505985267034991,0,0.318560568802956,0.0401333879365822,0,0.333333333333333,0.111111111111111,0.142857142857143,0.238134788799241,0.371271225332721,0.125,0.475314320760503,0,0.148148148148148,"NRB"
0.650133451957295,0.19961545810643,0.0833333333333333,0,0,0,0.111111111111111,0.775947281713344,0,0.0833333333333333,0,0.526758869512928,0.444551359153235,0.147851258071699,0.684291641967991,0.05,0.152542372881356,0.23943661971831,0,0,0,0.524421593830334,0.0136054421768707,0,1,0,0.746100053792362,0.502762430939227,0,0,0.0654653951910139,0,0.0833333333333333,0,0,0.196369245372568,0.163148233134465,0,0.383522436880303,0,0.037037037037037,"NRB"
0.618772241992882,0.185081685296647,0,0,0.0555555555555556,0,0,0.507413509060956,0.0416666666666667,0.166666666666667,0.0454545454545455,0.462818200040088,0.408708203031032,0.283455800489869,0.684410195613515,0.1,0.115819209039548,0.352112676056338,0,0,0,0.3573264781491,0.00680272108843537,0,0,0,0.672942442173211,0.502762430939227,0,0.147793218767125,0.0881647458023753,0.25,0,0.0555555555555556,0.428571428571429,0.139890840056953,0.26480036714089,0.125,0.306449964223653,0,0,"NRB"
0,0.0395289958918506,0,0.333333333333333,0,0,0,0,0,0,0,0.526758869512928,0,0,0,0,0.163841807909604,0.6,0.5,0,0,0,0,0,0,0,0,0,0,0,0.032527935412157,0,0,0,0.571428571428571,0,0.581229921982561,0.25,0,0,0,"NRB"
0.492437722419929,0.240064010700296,0,0,0,0,0,0.548599670510708,0.0833333333333333,0,0,0.526758869512928,0.249699302381525,0.324871966154531,0.543094250148192,0,0.0112994350282486,0.326760563380281,0,0,0,0.523136246786632,0,0,0,0,0.485207100591716,0.415285451197053,0,0,0.0940735973790441,0,0,0,0,0.0976506881822496,0.115878843506195,0,0.216804661146888,0,0,"NRB"
0.423042704626335,0.225613833954333,0.166666666666667,0,0,0,0,0.507413509060956,0.0833333333333333,0,0,0.526758869512928,0.446716382006254,0.517034068136273,0.558032009484292,0,0.0790960451977402,0.329577464788732,0,0,0,0.48586118251928,0,0,1,0,0.49435180204411,0.49585635359116,0,0,0.21306967764582,0,0,0,0,0.15187470336972,0.127351996328591,0,0.360523356843504,0,0.0740740740740741,"NRB"
0.70373665480427,0.349957007738607,0.333333333333333,0,0,0.0769230769230769,0,0.449752883031301,0.0833333333333333,0,0,0.526758869512928,0.476545585758961,0.30705856156758,0.675755779490219,0,0.333333333333333,0.307042253521127,0,0,0,0.568123393316195,0,0,1,0,0.611081226465842,0.569521178637201,0,0,0.061545661966887,0,0,0,0,0.217370669197912,0.341670491050941,0,0.422569763876112,0,0.148148148148148,"NRB"
0.810943060498221,0.479901117798796,0.25,0,0,0.153846153846154,0,0.411861614497529,0.0833333333333333,0,0,0.526758869512928,0.480875631464999,0.180583389000223,0.750563129816242,0,0.884180790960452,0.676056338028169,0,0,0.666666666666667,0.329048843187661,0,0,0,0,0.700914470145239,0.460405156537753,0,0,0.0565728660855321,0,0,0,0,0.228879924062648,0.777191372189077,0,0.421854236941634,0,0.222222222222222,"NRB"
0.482651245551601,0.345168147511226,0.25,0,0,0,0,0.548599670510708,0,0,0,0.535778713168972,0.409189319220592,0.216210198174126,0.524362774155305,0,0.468926553672317,0.247887323943662,0,0,0,0.66452442159383,0,0,0,0,0.456159225389995,0.696593001841621,0,0,0.0642368220909144,0,0,0,0,0.217252017085904,0.397659476824231,0,0.400183992640295,0,0.111111111111111,"NRB"
0.555160142348754,0.342110920034394,0,0,0.0833333333333333,0,0,0.494233937397035,0.125,0,0.0681818181818182,0.526758869512928,0.419292759201347,0.498107325762636,0.633669235328986,0,0.0225988700564972,0.352112676056338,0,0,0,0.429305912596401,0,0,0,0,0.592253899946208,0.507366482504604,0,0,0.123266834376645,0,0,0.166666666666667,0,0.106549596582819,0.0429095915557595,0.125,0.270878053766738,0,0,"NRB"
0.501112099644128,0.267579057991784,0,0,0.0555555555555556,0,0,0.457990115321252,0,0,0.0454545454545455,0.526758869512928,0.404618715419774,0.50144733912269,0.64303497332543,0,0.0367231638418079,0.374647887323944,0,0,0,0.42159383033419,0,0,0,0,0.537923614846692,0.502762430939227,0,0,0.24290645293395,0,0,0.111111111111111,0,0.100261034646417,0.064938044974759,0.25,0.279566595113973,0,0,"NRB"
0.512233096085409,0.279139199388555,0,0,0,0,0,0.387149917627677,0.0833333333333333,0.0833333333333333,0,0.526758869512928,0.250902092855425,0.324871966154531,0.550207468879668,0.05,0.0960451977401131,0.4,0,0,0,0.268637532133676,0,0,0,0,0.501344809037117,0.40377532228361,0,0,0.0761130287252092,0,0,0.111111111111111,0.142857142857143,0.102159468438538,0.237035337310693,0.125,0.208729428600634,0,0,"NRB"
0.70373665480427,0.329284895385497,0,0,0,0.0769230769230769,0,0.4332784184514,0.166666666666667,0.166666666666667,0,0.526758869512928,0.291556410873226,0.30705856156758,0.675755779490219,0.15,0.115819209039548,0.369014084507042,0,0,0,0.29305912596401,0,0,0,0,0.611081226465842,0.566298342541437,0,0,0.061545661966887,0,0,0,0.285714285714286,0.119957285239677,0.327214318494722,0,0.24031483185117,0,0,"NRB"
0.734653024911032,0.387849909238559,0,0,0,0.0769230769230769,0,0.42998352553542,0.166666666666667,0.25,0,0.526758869512928,0.352658166947318,0.309953239812959,0.696976882039123,0.225,0.141242937853107,0.371830985915493,0,0,0,0.277634961439589,0,0,0,0,0.664873587950511,0.526243093922652,0,0,0.0421225062891242,0,0,0,0.428571428571429,0.124940673943996,0.35819183111519,0,0.259225186548094,0,0,"NRB"
0.689056939501779,0.310213050539792,0,0,0,0.0769230769230769,0,0.42998352553542,0.166666666666667,0.0833333333333333,0,0.526758869512928,0.316333894635554,0.334001336005344,0.67551867219917,0,0.0734463276836159,0.380281690140845,0,0,0,0.353470437017995,0,0,0,0,0.598171059709521,0.472375690607735,0,0,0.118645059381033,0,0,0.222222222222222,0.285714285714286,0.119126720455624,0.201239100504819,0.125,0.252069917203312,0,0,"NRB"
0.542259786476868,0.31081016528136,0,0,0,0,0,0.42998352553542,0.125,0.0833333333333333,0,0.526758869512928,0.314168871782535,0.347584057002895,0.584469472436277,0,0.0734463276836159,0.380281690140845,0,0,0,0.332904884318766,0,0,0,0,0.553523399677246,0.472375690607735,0,0,0.0941906043409583,0,0,0.166666666666667,0.142857142857143,0.103227337446607,0.179669573198715,0.125,0.229990800367985,0,0,"NRB"
0.719750889679715,0.358686825260342,0,0,0,0.0769230769230769,0,0.392092257001647,0.125,0.166666666666667,0.0227272727272727,0.526758869512928,0.323791195573731,0.313070585615676,0.686781268524007,0.1,0.129943502824859,0.394366197183098,0,0,0,0.260925449871465,0,0,0,0,0.639591178052717,0.470073664825046,0,0,0.0506055110279062,0,0,0.166666666666667,0.571428571428571,0.123872804935928,0.344653510784764,0.125,0.250741081467852,0,0,"NRB"
0.554048042704626,0.338504346995319,0,0,0.0555555555555556,0,0,0.471169686985173,0.125,0.0833333333333333,0.0454545454545455,0.526758869512928,0.405821505893673,0.496548652861278,0.625370480142264,0,0.0536723163841808,0.363380281690141,0,0,0,0.389460154241645,0,0,0,0,0.587950511027434,0.502762430939227,0,0,0.135728075820511,0,0,0.166666666666667,0.142857142857143,0.106786900806834,0.122303809086737,0.125,0.26689154656036,0,0,"NRB"
0.417927046263345,0.244255756186109,0,0,0,0,0,0.487644151565074,0.0833333333333333,0.0833333333333333,0,0.526758869512928,0.335337984123166,0.50790469828546,0.541671606401897,0.05,0.0451977401129944,0.349295774647887,0,0,0,0.393316195372751,0,0,0,0,0.485207100591716,0.524401473296501,0,0,0.189609781782016,0,0,0,0,0.0866160417655434,0.0839834786599357,0,0.226719820096085,0,0,"NRB"
0.73020462633452,0.496130696474635,0,0,0,0.307692307692308,0,0.487644151565074,0.416666666666667,0.333333333333333,0,0.526758869512928,0.538128458022612,0.481184591405032,0.835210432720806,0.35,0.0875706214689266,0.349295774647887,0,0,0,0.386889460154242,0,0,0,0,0.698224852071006,0.505985267034991,0,0,0.267302404493067,0,0,0,0,0.143925011865211,0.145250114731528,0,0.371665133394664,0,0,"NRB"
0.741325622775801,0.473488105474348,0,0,0,0.153846153846154,0,0.42174629324547,0.25,0.583333333333333,0,0.526758869512928,0.509020928554246,0.451347138721888,0.782098399525786,0.6,0.194915254237288,0.374647887323944,0,0,0,0.263496143958869,0,0,0,0,0.700914470145239,0.505985267034991,0,0,0.203241092845024,0,0,0,0.857142857142857,0.133720930232558,0.392152363469481,0,0.333639987733824,0,0,"NRB"
0.552046263345196,0.370461927964078,0,0,0,0,0,0.449752883031301,0.166666666666667,0.333333333333333,0,0.526758869512928,0.438777964878518,0.488087285682476,0.675044457617072,0.075,0.132768361581921,0.363380281690141,0,0,0,0.313624678663239,0,0,0,0,0.590640129101668,0.507826887661142,0,0,0.211724097583806,0,0,0,0.285714285714286,0.116397721879449,0.254703992657182,0,0.300930185014822,0,0,"NRB"
0.536476868327402,0.3026416356167,0,0,0.111111111111111,0,0,0.530477759472817,0.0833333333333333,0.166666666666667,0.0454545454545455,0.552114652234917,0.706038008178975,0.956802493876642,0.770717249555424,0.1,0.0395480225988701,0.338028169014084,0,0,0,0.430591259640103,0,0,0,0,0.584185045723507,0.505985267034991,0,0.337979681593997,0.881237933657052,0,0,0.222222222222222,0.285714285714286,0.131347887992406,0.085819183111519,0.25,0.40754369825207,0,0,"NRB"
0.529359430604982,0.305866055221171,0,0.666666666666667,0.111111111111111,0,0,0.380560131795717,0,0.166666666666667,0.0909090909090909,0.482762076568451,0.432764012509021,0.50144733912269,0.649199762892709,0.05,0.172316384180791,0.425352112676056,1,0,0,0.323907455012853,0,0,0,0,0.563206024744486,0.502302025782689,0,0.296893222982562,0.218451997893875,0,0,0.222222222222222,0.857142857142857,0.130398671096346,0.35819183111519,0.5,0.321884902381683,0,0,"NRB"
0.65547153024911,0.424906850100315,0.166666666666667,0,0,0,0,0.471169686985173,0,0.333333333333333,0,0.28532772098617,0.662496993023815,0.305277221108884,0.685477178423237,0.1,0.406779661016949,0.292957746478873,0,0,0,0.492287917737789,0,1,0,0,0.653039268423884,0.493093922651934,0,0.283979934520213,0.104604223951325,0,0,0,0.285714285714286,0.551020408163265,0.523864157870583,0,0.751609935602576,0,0.0740740740740741,"NRB"
0.594973309608541,0.450284226616987,0,0,0,0,0,0.449752883031301,0,0.5,0,0.147424333533774,0.468126052441665,0.395457581830327,0.691523414344991,0,0.327683615819209,0.374647887323944,0,0,0,0.303341902313625,0,0,0,0,0.632060247444863,0.50828729281768,0,0.427670128008768,0.103375650851226,0,0,0.166666666666667,0.428571428571429,0.144874228761272,0.554841670491051,0.125,0.356536849637126,0,0,"NRB"
0.707740213523132,0.404951275437088,0.25,0,0,0,0,0.347611202635914,0.0833333333333333,0.166666666666667,0,0.526758869512928,0.461630983882608,0.409040302827878,0.686662714878483,0.05,0.141242937853107,0.273239436619718,0,0,0,0.625964010282776,0,0,0,0,0.632060247444863,0.52670349907919,0,0,0.105306265722811,0,0,0,0,0.303868058851448,0.227856815052776,0,0.470612286619646,0,0,"NRB"
0.801156583629893,0.520098882201204,0.0833333333333333,0,0,0,0,0.341021416803954,0,0.0833333333333333,0.272727272727273,0.526758869512928,0.437094058215059,0.276330438655088,0.75103734439834,0.15,0.0903954802259888,0.4,0,0,0,0.473007712082262,0,0,0,0,0.740182894029048,0.511970534069982,0,0.169882108280523,0.0534136781138478,0,0,0,0,0.261153298528714,0.201698026617715,0.375,0.425227435347031,0,0,"NRB"
0.727313167259786,0.518868825833572,0.583333333333333,0,0,0,0,0.42339373970346,0.125,0.333333333333333,0,0.526758869512928,0.896319461149868,0.531730126920508,0.767634854771784,0.3,0.231638418079096,0.273239436619718,0,0,0,0.663239074550129,0,1,0,0,0.690693921463152,0.505985267034991,0,0.175629153961808,0.151641022640847,0,0,0,0,0.551139060275273,0.211794401101423,0,0.863743228048656,0,0.222222222222222,"NRB"
0.708185053380783,0.380087417598166,0.0833333333333333,0,0,0,0,0.411861614497529,0.0833333333333333,0.333333333333333,0,0.526758869512928,0.471253307673803,0.549988866622133,0.705631298162419,0.2,0.132768361581921,0.352112676056338,0,0,0,0.379177377892031,0,0,0,0,0.64228079612695,0.507826887661142,0,0.155619880000562,0.19622067513017,0,0,0,0.142857142857143,0.25688182249644,0.259981642955484,0,0.424103035878565,0,0,"NRB"
0.78047153024911,0.554683768032865,0.166666666666667,0,0,0,0,0.487644151565074,0.25,0.0833333333333333,0,0.526758869512928,0.851335097426028,0.530616789133823,0.803319502074689,0.15,0.0112994350282486,0.309859154929577,0,0,0,0.686375321336761,0,0,0,0,0.760623991393222,0.505985267034991,0,0,0.150821973907447,0,0,0,0,0.968319886093973,0.0314364387333639,0,1,0,0,"NRB"
0.744884341637011,0.43467564727238,0.0833333333333333,0,0,0,0,0.490939044481054,0.166666666666667,0.166666666666667,0,0.524353577871317,0.709646379600673,0.486305945223781,0.740486069946651,0.075,0.0451977401129944,0.315492957746479,0,0,0,0.616966580976864,0,0,0,0,0.70898332436794,0.505985267034991,0,0.159891522756334,0.0881647458023753,0,0,0,0,0.955861414333175,0.123451124368977,0,0.929265051620157,0,0,"NRB"
0.741325622775801,0.445758096875896,0.0833333333333333,0,0,0,0,0.522240527182867,0.166666666666667,0,0,0.526758869512928,0.779648785181621,0.691382765531062,0.776526378186129,0,0.0056497175141243,0.32112676056338,0,0,0,0.551413881748072,0,0,0,0,0.70414201183432,0.505985267034991,0,0,0.182238343181419,0,0,0,0,0.955386805885145,0.0139972464433226,0,0.929162833486661,0,0,"NRB"
0.55182384341637,0.365040126110633,0,0,0,0,0,0.593080724876441,0,0,0.0681818181818182,0.526758869512928,0.382727928794804,0.421955021153418,0.606757557794902,0,0.0395480225988701,0.32112676056338,0,0,0,0.542416452442159,0,0,0,0,0.577729962345347,0.494935543278085,0,0,0.0922014859884163,0,0,0.166666666666667,0,0.117465590887518,0.156723267553924,0.125,0.28917509966268,0,0,"NRB"
0.741325622775801,0.466800420368778,0,0,0,0.153846153846154,0,0.459637561779242,0.25,0.416666666666667,0,0.526758869512928,0.502044743805629,0.451347138721888,0.782098399525786,0.45,0.129943502824859,0.36056338028169,0,0,0,0.313624678663239,0,0,0,0,0.700914470145239,0.505985267034991,0,0,0.203241092845024,0,0,0,0.571428571428571,0.132771713336497,0.284304726938963,0,0.329755698660943,0,0,"NRB"
0.780916370106762,0.21760055412248,0.25,0,0,0,0.222222222222222,0.790774299835255,0,0.166666666666667,0,0.526758869512928,0.601876353139283,0.162992651970608,0.786247777119146,0.2,0.211864406779661,0.197183098591549,0,0,0,0.622107969151671,0.0136054421768707,0,1,0,0.763851533082302,0.505985267034991,0,0.3420124495904,0.133797460948926,0,0.333333333333333,0,0,0.293189368770764,0.281551170261588,0,0.506797505877543,0,0.0740740740740741,"NRB"
0.697953736654804,0.339686634183625,0.25,0,0,0,0.222222222222222,0.769357495881384,0,0.166666666666667,0,0.407696933253157,0.540774597065191,0.250278334446671,0.725903971547125,0.1,0.361581920903955,0.219718309859155,0,0,0,0.574550128534704,0.00680272108843537,0,1,0,0.735879505110274,0.507826887661142,0,0.148481740132365,0.0588545018428597,0,0.25,0,0.142857142857143,0.223065970574276,0.383662230380909,0,0.443831135643463,0,0.111111111111111,"NRB"
0.607651245551601,0.265501098691124,0,0,0.0277777777777778,0,0.0555555555555556,0.658978583196046,0,0,0.0454545454545455,0.526758869512928,0.36949723358191,0.264306390558896,0.648251333728512,0,0.0536723163841808,0.301408450704225,0,0,0,0.523136246786632,0.00680272108843537,0,0,0,0.64228079612695,0.494935543278085,0,0,0.0710817293628971,0,0.0833333333333333,0.111111111111111,0,0.15828191741813,0.113813675998164,0.125,0.313298579167944,0,0,"NRB"
0.647686832740213,0.297219833763256,0,0,0.0555555555555556,0,0.166666666666667,0.658978583196046,0.0833333333333333,0,0.0681818181818182,0.526758869512928,0.371181140245369,0.196170118013805,0.674451689389449,0,0.0536723163841808,0.301408450704225,0,0,0,0.543701799485861,0.00680272108843537,0,0,0,0.679935449166218,0.494935543278085,0,0,0.0296027613643012,0,0.0833333333333333,0.111111111111111,0.285714285714286,0.172282866635026,0.147774208352455,0.125,0.325666973321067,0,0,"NRB"
0.607651245551601,0.287080825451419,0,0,0.0833333333333333,0,0.166666666666667,0.658978583196046,0.0833333333333333,0,0.0454545454545455,0.526758869512928,0.371181140245369,0.196170118013805,0.667338470657973,0,0.0536723163841808,0.301408450704225,0,0,0,0.559125964010283,0.00680272108843537,0,0,0,0.664873587950511,0.494935543278085,0,0,0.0296027613643012,0,0.0833333333333333,0.111111111111111,0.285714285714286,0.169435215946844,0.147774208352455,0.125,0.324849228253092,0,0,"NRB"
0.581850533807829,0.241234355593771,0,0,0.0277777777777778,0,0.111111111111111,0.644151565074135,0.0833333333333333,0,0.0454545454545455,0.526758869512928,0.39066634592254,0.325317301269205,0.653941908713693,0,0.0480225988700565,0.304225352112676,0,0,0,0.523136246786632,0.00680272108843537,0,0,0,0.64712210866057,0.511970534069982,0,0,0.0947171356695723,0,0.0833333333333333,0.166666666666667,0.142857142857143,0.16172282866635,0.106929784304727,0.125,0.319942757845242,0,0,"NRB"
0.618994661921708,0.27727620139486,0,0,0.0277777777777778,0,0.111111111111111,0.658978583196046,0.0416666666666667,0,0.0681818181818182,0.526758869512928,0.36949723358191,0.264306390558896,0.651333728512152,0,0.0536723163841808,0.301408450704225,0,0,0,0.526992287917738,0.00680272108843537,0,0,0,0.657342657342657,0.494935543278085,0,0,0.0534721815948049,0,0.0833333333333333,0.111111111111111,0.142857142857143,0.164095870906502,0.117944011014227,0.125,0.315649596238373,0,0,"NRB"
0.611654804270463,0.148992070316232,0,0,0.138888888888889,0,0.166666666666667,0.673805601317957,0.125,0,0.159090909090909,0.526758869512928,0.556891989415444,0.331997327989312,0.754238292827504,0,0.0536723163841808,0.292957746478873,0,0,0,0.538560411311054,0.0136054421768707,0,0,0.333333333333333,0.691231845077999,0.505985267034991,0,0,0.229158134909027,0,0.25,0.444444444444444,0.285714285714286,0.168723303274798,0.101193207893529,0.25,0.393335377696003,0,0,"NRB"
0.609208185053381,0.163788573612305,0,0,0.0833333333333333,0,0.166666666666667,0.706754530477759,0.0833333333333333,0,0.136363636363636,0.526758869512928,0.523454414241039,0.241594299710532,0.7334914048607,0,0.0621468926553673,0.284507042253521,0,0,0,0.546272493573265,0.0136054421768707,0,0,0.333333333333333,0.688004303388919,0.505985267034991,0,0,0.181770315333762,0,0.25,0.444444444444444,0.285714285714286,0.168604651162791,0.113354749885268,0.25,0.383726873147296,0,0,"NRB"
0.640569395017794,0.122683194802713,0,0,0.0277777777777778,0,0.0555555555555556,0.658978583196046,0,0.166666666666667,0.0909090909090909,0.526758869512928,0.494587442867452,0,0.72294013040901,0,0.115819209039548,0.295774647887324,0,0,0,0.426735218508997,0.0204081632653061,0,0,0,0.739644970414201,0.505985267034991,0,0,0.103960685660797,0,0.0833333333333333,0.222222222222222,0,0.161366872330327,0.112207434603029,0.125,0.376673821936012,0,0,"NRB"
0.577402135231317,0.283653386834814,0,0,0.0555555555555556,0,0.111111111111111,0.617792421746293,0,0,0.0909090909090909,0.526758869512928,0.349530911715179,0.194834112669784,0.636158861885003,0,0.0960451977401131,0.332394366197183,0,0,0,0.502570694087404,0.00680272108843537,0,0,0,0.632060247444863,0.52670349907919,0,0,0.0365646755981981,0,0.166666666666667,0.222222222222222,0.571428571428571,0.162672045562411,0.217989903625516,0.25,0.311969743432485,0,0,"NRB"
0.577402135231317,0.286949460208274,0.0833333333333333,0,0.0277777777777778,0,0.111111111111111,0.706754530477759,0,0,0.0454545454545455,0.526758869512928,0.398845321145056,0.194834112669784,0.636158861885003,0,0.135593220338983,0.27887323943662,0,0,0,0.582262210796915,0.00680272108843537,0,1,0,0.632060247444863,0.52670349907919,0,0,0.0365646755981981,0,0.166666666666667,0.111111111111111,0.285714285714286,0.190911248220218,0.221202386415787,0.125,0.362465501379945,0,0.037037037037037,"NRB"
0.607651245551601,0.294628355784848,0.0833333333333333,0,0.0277777777777778,0,0.111111111111111,0.706754530477759,0,0,0.0454545454545455,0.526758869512928,0.398845321145056,0.194834112669784,0.640782454060463,0,0.135593220338983,0.27887323943662,0,0,0,0.577120822622108,0.00680272108843537,0,1,0,0.64228079612695,0.52670349907919,0,0,0.0239864271924179,0,0.166666666666667,0.111111111111111,0.285714285714286,0.194114855244423,0.221202386415787,0.125,0.362772155780435,0,0.037037037037037,"NRB"
0.616103202846975,0.252961689118181,0,0,0.0277777777777778,0,0.111111111111111,0.644151565074135,0.0833333333333333,0,0.0454545454545455,0.526758869512928,0.392350252585999,0.263861055444222,0.676704208654416,0,0.0480225988700565,0.304225352112676,0,0,0,0.523136246786632,0.00680272108843537,0,0,0,0.664873587950511,0.511970534069982,0,0,0.0758205113204236,0,0.0833333333333333,0.111111111111111,0.285714285714286,0.16421452301851,0.137677833868747,0.125,0.324951446386589,0,0,"NRB"
0.668371886120996,0.130851724467374,0,0,0.0277777777777778,0,0.111111111111111,0.649093904448105,0.0416666666666667,0.166666666666667,0.113636363636364,0.526758869512928,0.508299254269906,0.111333778668448,0.740960284528749,0,0.107344632768362,0.298591549295774,0,0,0,0.438303341902314,0.0204081632653061,0,0,0,0.750941366325982,0.505985267034991,0,0,0.106885859708653,0,0.0833333333333333,0.222222222222222,0,0.169672520170859,0.108077099586966,0.125,0.384646836348768,0,0,"NRB"
0.621886120996441,0.310105569886309,0,0,0.0555555555555556,0,0.111111111111111,0.678747940691928,0.0416666666666667,0.166666666666667,0.0454545454545455,0.526758869512928,0.417127736348328,0.263861055444222,0.676704208654416,0.1,0.189265536723164,0.295774647887324,0,0.333333333333333,0,0.501285347043702,0.00680272108843537,0,0,0,0.668639053254438,0.512891344383057,0,0.285483440358593,0.0726613233487392,0,0.0833333333333333,0.111111111111111,0,0.186046511627907,0.336392840752639,0.125,0.365940917918839,0,0,"NRB"
0.650133451957295,0.322609152574759,0,0,0.0277777777777778,0,0.111111111111111,0.678747940691928,0.0416666666666667,0.166666666666667,0.0681818181818182,0.526758869512928,0.417127736348328,0.263861055444222,0.68014226437463,0.1,0.189265536723164,0.295774647887324,0,0.333333333333333,0,0.502570694087404,0.00680272108843537,0,0,0,0.681549220010758,0.512891344383057,0,0.287422541346411,0.0654653951910139,0,0.0833333333333333,0.111111111111111,0,0.188300901756051,0.336392840752639,0.125,0.366145354185833,0,0,"NRB"
0.616103202846975,0.300193465176268,0,0,0.0277777777777778,0,0.111111111111111,0.678747940691928,0.0416666666666667,0.166666666666667,0.0454545454545455,0.526758869512928,0.417127736348328,0.263861055444222,0.676704208654416,0.1,0.189265536723164,0.295774647887324,0,0.333333333333333,0,0.501285347043702,0.00680272108843537,0,0,0,0.664873587950511,0.512891344383057,0,0.284345272387483,0.0758205113204236,0,0.0833333333333333,0.111111111111111,0,0.185453251067869,0.336392840752639,0.125,0.365940917918839,0,0,"NRB"
0.647686832740213,0.301757905799178,0,0,0,0,0.166666666666667,0.693574958813839,0.0833333333333333,0.0833333333333333,0,0.526758869512928,0.374308395477508,0.196170118013805,0.674451689389449,0.1,0.0847457627118645,0.276056338028169,0,0,0,0.524421593830334,0.00680272108843537,0,0,0,0.679935449166218,0.494935543278085,0,0,0.0296027613643012,0,0.0833333333333333,0,0.142857142857143,0.173350735643094,0.198715006883892,0,0.32720024532352,0,0,"NRB"
0.67326512455516,0.311658068214388,0,0,0,0,0.222222222222222,0.673805601317957,0.125,0.0833333333333333,0,0.526758869512928,0.396680298292038,0.191716766867067,0.700652045050385,0.1,0.0734463276836159,0.284507042253521,0,0,0,0.52185089974293,0.00680272108843537,0,0,0,0.70898332436794,0.511970534069982,0,0,0.0315918797168432,0,0.0833333333333333,0,0.142857142857143,0.17999525391552,0.183570445158329,0,0.339875293877134,0,0,"NRB"
0.632784697508897,0.297231776058087,0,0,0.0833333333333333,0,0.166666666666667,0.627677100494234,0.0416666666666667,0.0833333333333333,0.0454545454545455,0.526758869512928,0.397883088765937,0.263861055444222,0.679075281564908,0.05,0.101694915254237,0.312676056338028,0,0,0,0.48586118251928,0.00680272108843537,0,0,0,0.681549220010758,0.512430939226519,0,0,0.055519803428304,0,0.166666666666667,0.111111111111111,0.285714285714286,0.172164214523018,0.179669573198715,0.125,0.333026678932843,0,0,"NRB"
0.607651245551601,0.19536400114646,0,0,0,0,0.166666666666667,0.823723228995058,0.0416666666666667,0.0833333333333333,0,0.526758869512928,0.484484002886697,0.121131151191271,0.708476585655009,0.1,0.0819209039548023,0.230985915492958,0,0,0,0.574550128534704,0.0136054421768707,0,0,0,0.679935449166218,0.505524861878453,0,0,0.144796115368864,0,0.166666666666667,0,0,0.169909824394874,0.130564479118862,0,0.373709496064602,0,0,"NRB"
0.885008896797153,0.200857456768893,0,0,0.138888888888889,0.384615384615385,0.333333333333333,0.617792421746293,0.333333333333333,0.333333333333333,0.136363636363636,0.162858288234115,0.752465720471494,0.360944110443108,0.925429756965027,0.25,0.214689265536723,0.394366197183098,0,0,0.333333333333333,0.37146529562982,0.0136054421768707,0,0,0,0.811188811188811,0.505985267034991,0,0.347113128275746,0.408412800561633,0,0.333333333333333,0.333333333333333,0.428571428571429,0.18984337921215,0.388710417622763,0.25,0.485945006644179,0,0.259259259259259,"NRB"
0.749332740213523,0.193333811025127,0.166666666666667,0.666666666666667,0.222222222222222,0,0.222222222222222,0.533772652388797,0,0.416666666666667,0.136363636363636,0.526758869512928,0.643733461630984,0.292807837898018,0.828927089508003,0.3,0.245762711864407,0.315492957746479,0,0,0,0.479434447300771,0.0136054421768707,0,0,0,0.739107046799355,0.505985267034991,0,0.645270982337319,0.229626162756684,0,0.333333333333333,0.111111111111111,0.857142857142857,0.290341718082582,0.351766865534649,0.5,0.538280690994582,0,0,"NRB"
0.635231316725979,0.268821056654247,0.0833333333333333,0,0,0,0.166666666666667,0.673805601317957,0.0416666666666667,0.25,0,0.427440368811385,0.497714698099591,0.370073480293921,0.708476585655009,0.075,0.214689265536723,0.276056338028169,0,0,0,0.476863753213368,0.00680272108843537,0,1,0,0.689080150618612,0.505064456721915,0,0.143324855621285,0.139589305563681,0,0.166666666666667,0,0.142857142857143,0.194233507356431,0.312528682882056,0,0.397321884902382,0,0.037037037037037,"NRB"
0.755115658362989,0.215582306295978,0.0833333333333333,0,0,0.153846153846154,0.444444444444444,0.658978583196046,0.333333333333333,0.166666666666667,0,0.526758869512928,0.625451046427712,0.224003562680917,0.8520450503853,0.15,0.0706214689265537,0.273239436619718,0,0,0,0.562982005141388,0.0136054421768707,0,0,0,0.779451317912856,0.505985267034991,0,0,0.191306382729772,0,0.333333333333333,0,0.285714285714286,0.212149976269578,0.15603487838458,0,0.451293059388736,0,0,"NRB"
0.633674377224199,0.263052928250693,0,0,0.0277777777777778,0,0.111111111111111,0.647446457990115,0.0833333333333333,0.0833333333333333,0.0454545454545455,0.526758869512928,0.45657926389223,0.344244043642841,0.698636633076467,0.05,0.0819209039548023,0.301408450704225,0,0,0,0.492287917737789,0.00680272108843537,0,0,0,0.687466379774072,0.505064456721915,0,0.146317815841612,0.10875797109928,0,0.0833333333333333,0.222222222222222,0,0.167892738490745,0.181046351537402,0.125,0.34887048962486,0,0,"NRB"
0.726868327402135,0.379191745485813,0.333333333333333,0,0.166666666666667,0,0.333333333333333,0.940691927512356,0,0,0.0909090909090909,0.526758869512928,0.592013471253308,0.266533066132265,0.751155898043865,0,0.401129943502825,0.177464788732394,0,0,0,0.688946015424165,0.00680272108843537,0,1,0,0.774072081764389,0.506445672191529,0,0,0.0382612765459545,0,0.333333333333333,0.111111111111111,0,0.236710963455149,0.375401560348784,0.25,0.472963303690075,0,0.148148148148148,"NRB"
0.736877224199288,0.30715582306296,0.0833333333333333,0,0.0555555555555556,0,0.111111111111111,0.57660626029654,0.0416666666666667,0.166666666666667,0.0454545454545455,0.526758869512928,0.466682703872985,0.258294366510799,0.736692353289864,0.1,0.172316384180791,0.290140845070422,0,0,0,0.523136246786632,0.00680272108843537,0,0,0,0.705217859064013,0.502302025782689,0,0.301319431759102,0.0812613350494354,0,0.0833333333333333,0.0555555555555556,0.285714285714286,0.291646891314665,0.336163377696191,0.125,0.468056833282224,0,0,"NRB"
0.751779359430605,0.359248113117417,0.0833333333333333,0,0.0277777777777778,0,0.166666666666667,0.548599670510708,0.0416666666666667,0.416666666666667,0.0454545454545455,0.526758869512928,0.528025018041857,0.266533066132265,0.769650266745703,0.25,0.319209039548023,0.301408450704225,0,0.333333333333333,0,0.460154241645244,0.00680272108843537,0,0,0,0.747175901022055,0.506445672191529,0,0.592465609060379,0.0888082840929035,0,0.166666666666667,0.111111111111111,0.142857142857143,0.293426672994779,0.481413492427719,0.125,0.486762751712154,0,0,"NRB"
0.639679715302491,0.190539314034585,0,0,0.277777777777778,0,0.222222222222222,0.706754530477759,0.0833333333333333,0,0.227272727272727,0.566947284024855,0.541015155159971,0.147405922957025,0.751867219917013,0,0.0790960451977402,0.292957746478873,0,0,0,0.547557840616966,0.0136054421768707,0,0,0,0.698224852071006,0.505985267034991,0,0,0.208506406131165,0,0.166666666666667,0.222222222222222,0.428571428571429,0.175011865211201,0.145709040844424,0.375,0.400183992640295,0,0,"NRB"
0.621663701067616,0.284967039266265,0,0,0.0555555555555556,0,0.166666666666667,0.634266886326194,0.0833333333333333,0.166666666666667,0.0227272727272727,0.482661856083383,0.461871541977388,0.370073480293921,0.707765263781861,0.125,0.127118644067797,0.307042253521127,0,0,0,0.480719794344473,0.00680272108843537,0,0,0,0.687466379774072,0.505064456721915,0,0.152739331431703,0.126660036272158,0,0.0833333333333333,0,0.142857142857143,0.172876127195064,0.222349701698027,0.125,0.362158846979454,0,0,"NRB"
0.625889679715302,0.221923664851438,0.5,0,0,0,0,0.548599670510708,0,0,0,0.526758869512928,0.884050998316093,0.169227343576041,0.754712507409603,0,0.11864406779661,0.253521126760564,0,0,0,0.75706940874036,0.00680272108843537,1,0,0,0.670790747713825,0.505985267034991,1,0,0.0539402094424618,0,0,0,0,0.551850972947318,0.0904084442404773,0,0.862925482980681,0,0.222222222222222,"NRB"
0.627446619217082,0.107564249546193,0,0,0,0,0,0.599670510708402,0,0.166666666666667,0,0.526758869512928,0.394274717344239,0,0.700296384113811,0.1,0.115819209039548,0.309859154929577,0,0,0,0.365038560411311,0.0272108843537415,0,0,0,0.799892415277031,0.507826887661142,0,0,0.0716667641724683,0.125,0,0,0,0.152467963929758,0.0839834786599357,0,0.331493406930389,0,0,"NRB"
0.724199288256228,0.241091048055794,0,0,0,0.0769230769230769,0,0.617792421746293,0.125,0.0833333333333333,0,0.677991581479254,0.389463555448641,0.191716766867067,0.73040901007706,0.05,0.0649717514124294,0.304225352112676,0,0,0,0.532133676092545,0.00680272108843537,0,0,0,0.71382463690156,0.511510128913444,0,0.154748689701688,0.0346925642075704,0,0,0,0,0.1578073089701,0.181505277650298,0,0.322498211182664,0,0,"NRB"
0.690613879003559,0.164039361803764,0,0,0,0,0,0.586490939044481,0,0.583333333333333,0,0.150330727600722,0.596584075054126,0.224671565352928,0.796087729697688,0.45,0.18361581920904,0.315492957746479,0,0,0,0.372750642673522,0.0136054421768707,0,0,0,0.742872512103281,0.505985267034991,0,0.658071859148201,0.226466974785,0.5,0,0,0.285714285714286,0.163383958234457,0.336851766865535,0,0.407237043851579,0,0,"NRB"
0.736654804270463,0.187553740326741,0.0833333333333333,0,0,0,0.111111111111111,0.634266886326194,0.0833333333333333,0.333333333333333,0,0.526758869512928,0.627134953091172,0.394789579158317,0.792886781268524,0.375,0.101694915254237,0.284507042253521,0,0,0,0.507712082262211,0.0136054421768707,0,0,0,0.726734803657881,0.505985267034991,0,0.185198195792994,0.193354004563272,0,0.166666666666667,0,0,0.25688182249644,0.163377696190913,0,0.468159051415721,0,0,"NRB"
0.826957295373665,0.161961402503105,0.25,0,0.0833333333333333,0,0.166666666666667,0.752883031301483,0,0,0,0.622068550811786,0.783738272792879,0.247160988643955,0.820746887966805,0,0.056497175141243,0.191549295774648,0,0,0,0.781491002570694,0.0204081632653061,0,0,0,0.821409359870898,0.505985267034991,0,0,0.0876382144737612,0,0,0,0,0.958946369245373,0.109224414869206,0.125,0.931513850557089,0,0,"NRB"
0.734208185053381,0.288286997229388,0.25,0,0,0,0.0555555555555556,0.548599670510708,0.0416666666666667,0.333333333333333,0,0.493585888955702,0.601876353139283,0.458249832999332,0.776170717249556,0.175,0.152542372881356,0.261971830985915,0,0,0,0.573264781491002,0.00680272108843537,0,0,0,0.731576116191501,0.505985267034991,0,0.169615130608288,0.12601649798163,0,0,0,0,0.303393450403417,0.21867829279486,0,0.498006746396811,0,0,"NRB"
0.766459074733096,0.205228336677176,0.166666666666667,0,0.0277777777777778,0,0.166666666666667,0.658978583196046,0.0416666666666667,0.333333333333333,0.0454545454545455,0.526758869512928,0.618715419773875,0.266533066132265,0.795257854179016,0.3,0.172316384180791,0.250704225352113,0,0.333333333333333,0,0.571979434447301,0.0136054421768707,0,0,0,0.751479289940828,0.505985267034991,0,0.29923981620695,0.174749897618908,0,0.25,0.111111111111111,0,0.29093497864262,0.253097751262047,0.125,0.499233363998773,0,0,"NRB"
0.5894128113879,0.214017865673068,0,0,0,0,0.111111111111111,0.696869851729819,0.0416666666666667,0.0833333333333333,0,0.526758869512928,0.437094058215059,0.391449565798263,0.669353882631891,0.05,0.0677966101694916,0.276056338028169,0,0,0,0.530848329048843,0.00680272108843537,0,0,0,0.658418504572351,0.507826887661142,0,0.145179647870502,0.132276370444041,0,0,0,0,0.164333175130517,0.176457090408444,0,0.338342021874681,0,0,"NRB"
0.719750889679715,0.372766790866533,0.416666666666667,0,0,0,0.333333333333333,0.761120263591433,0,0.0833333333333333,0,0.526758869512928,0.582872263651672,0.17791137831218,0.742145820983995,0.05,0.468926553672317,0.191549295774648,0,0,0,0.62853470437018,0.00680272108843537,0,1,0,0.760623991393222,0.507826887661142,0,0,0.0250979933306032,0,0.5,0,0.142857142857143,0.2406264831514,0.362322166131253,0,0.474292139425534,0,0.185185185185185,"NRB"
0.709074733096085,0.279784083309449,0.416666666666667,0,0,0.0769230769230769,0.222222222222222,0.658978583196046,0.0833333333333333,0.0833333333333333,0,0.526758869512928,0.84796728409911,0.396570919617012,0.773681090693539,0.1,0.194915254237288,0.2,0,0,0,0.768637532133676,0.00680272108843537,1,0,0,0.726196880043034,0.505985267034991,1,0,0.162873690984614,0,0.333333333333333,0,0,0.551376364499288,0.153281321707205,0,0.844935091485229,0,0.185185185185185,"NRB"
0.663923487544484,0.149362281456005,0,0,0,0,0,0.637561779242175,0,0.0833333333333333,0,0.725395870916015,0.448400288669714,0.126697840124694,0.709425014819206,0.075,0.056497175141243,0.295774647887324,0,0,0,0.479434447300771,0.0136054421768707,0,0,0,0.71382463690156,0.506445672191529,0,0.163741621819102,0.0966477505411572,0.125,0,0,0,0.15187470336972,0.116337769619091,0,0.330266789328427,0,0,"NRB"
0.781138790035587,0.173664851437852,0,0,0,0.0769230769230769,0.222222222222222,0.665568369028007,0.166666666666667,0.333333333333333,0,0.526758869512928,0.593937936011547,0.346248051658873,0.800592768227623,0.1,0.115819209039548,0.287323943661972,0,0,0,0.467866323907455,0.0136054421768707,0,0,0,0.767079074771383,0.505985267034991,0,0,0.211197566255192,0,0.166666666666667,0,0.285714285714286,0.180351210251542,0.191372189077559,0,0.410201369722989,0,0,"NRB"
0.744884341637011,0.135592815515429,0,0,0,0,0.388888888888889,0.810543657331137,0.125,0.0833333333333333,0,0.526758869512928,0.670675968246331,0.120463148519261,0.835921754593954,0.075,0.056497175141243,0.236619718309859,0,0,0,0.577120822622108,0.0272108843537415,0,0,0,0.806885422270038,0.505985267034991,0,0,0.134148481834669,0,0.0833333333333333,0,0.142857142857143,0.191623160892264,0.11977971546581,0,0.454870694061127,0,0,"NRB"
0.786254448398576,0.201573994458775,0.666666666666667,0,0,0.0769230769230769,0.444444444444444,0.678747940691928,0.166666666666667,0.166666666666667,0,0.526758869512928,0.972576377195092,0.380093520374082,0.850622406639004,0.15,0.169491525423729,0.211267605633803,0,0,0,0.727506426735219,0.0136054421768707,1,0,0,0.798278644432491,0.505985267034991,1,0,0.249634353244018,0,0.5,0,0,0.551139060275273,0.139054612207435,0,0.893079832362261,0,0.296296296296296,"NRB"
0.696396797153025,0.205646316996274,0,0,0,0,0.166666666666667,0.823723228995058,0,0.25,0,0.457807175786731,0.549675246572047,0.250723669561345,0.756846473029046,0.225,0.146892655367231,0.230985915492958,0,0,0,0.52185089974293,0.0136054421768707,0,0,0,0.744486282947821,0.505985267034991,0,0.335478522348841,0.143392031825894,0,0,0,0,0.185809207403892,0.247590637907297,0,0.407032607584585,0.25,0,"NRB"
0.688389679715302,0.142268558326168,0,0,0.0277777777777778,0,0,0.57495881383855,0.0833333333333333,0.333333333333333,0.0227272727272727,0.482962517538585,0.558575896078903,0.164105989757292,0.785773562537048,0.275,0.129943502824859,0.323943661971831,0,0,0,0.442159383033419,0.0136054421768707,0,0,0,0.743948359332975,0.505985267034991,0,0.489496536315989,0.188381208681917,0.5,0,0.111111111111111,0.285714285714286,0.155790223065971,0.267553923818265,0.125,0.387611162220178,0,0,"NRB"
0.888122775800712,0.102835100792968,1,0,0,0.461538461538462,0,0.706754530477759,0,0,0,0.603427540589296,0.792879480394515,0.154085949677132,0.941315945465323,0,0.288135593220339,0.228169014084507,0,0,0,0.646529562982005,0.102040816326531,0,1,0,0.970414201183432,0.505985267034991,0,0,0.102205581232083,1,0,0,0,0.254983388704319,0.235658558972006,0,0.561484207298375,0,0.444444444444444,"NRB"
0.839635231316726,0.139354638387313,0,0,0.222222222222222,0.153846153846154,0,0.604612850082372,0.208333333333333,0.166666666666667,0.0909090909090909,0.550010022048507,0.604522492181862,0.403028278779782,0.858921161825726,0.2,0.0649717514124294,0.312676056338028,0,0,0,0.476863753213368,0.0408163265306122,0,0,0,0.902635825712749,0.505985267034991,0,0.375103629491197,0.158368922950916,0.25,0,0.166666666666667,0,0.188419553868059,0.137677833868747,0.125,0.408872533987529,0,0,"NRB"
0.673709964412811,0.227429062768702,0,0,0.0833333333333333,0,0.166666666666667,0.761120263591433,0.0416666666666667,0,0.0681818181818182,0.526758869512928,0.465479913399086,0.253618347806725,0.711321873147599,0,0.056497175141243,0.261971830985915,0,0,0,0.577120822622108,0.0204081632653061,0,0,0,0.736417428725121,0.506445672191529,0,0,0.0797987480255075,0,0.0833333333333333,0.166666666666667,0.142857142857143,0.190792596108211,0.104635153740248,0.125,0.369927425125217,0,0,"NRB"
0.687722419928825,0.186574472150568,0,0,0,0,0.111111111111111,0.690280065897858,0.0833333333333333,0,0,0.526758869512928,0.450805869617513,0.219327543976843,0.7257854179016,0,0.0254237288135593,0.27887323943662,0,0,0,0.552699228791774,0.0204081632653061,0,0,0,0.746100053792362,0.506445672191529,0,0,0.0649388638623998,0.125,0,0,0,0.169553868058851,0.0605782469022487,0,0.343759582950015,0,0,"NRB"
0.7769128113879,0.183063437470144,0,0,0,0.0769230769230769,0,0.634266886326194,0.0833333333333333,0,0,0.680196432150731,0.385133509742603,0.189935426408372,0.760877296976882,0,0.019774011299435,0.298591549295774,0,0,0,0.546272493573265,0.0204081632653061,0,0,0,0.823023130715438,0.503222836095764,0,0,0.0218803018779617,0.25,0,0,0,0.165519696250593,0.0553005966039467,0,0.316262905039354,0,0,"NRB"
0.745551601423488,0.192044043183338,0.0833333333333333,0,0,0,0.277777777777778,0.960461285008237,0,0.166666666666667,0,0.494588093806374,0.56627375511186,0.151859274103763,0.783639596917605,0.2,0.180790960451977,0.174647887323944,0,0,0,0.596401028277635,0.0408163265306122,0,1,0,0.816568047337278,0.505985267034991,0,0.343319235038712,0.0513660562803487,0,0.0833333333333333,0,0,0.210488846701471,0.254245066544286,0,0.435449248696719,0,0.037037037037037,"NRB"
0.759786476868327,0.20022451514283,0.0833333333333333,0,0.0833333333333333,0,0.388888888888889,0.85502471169687,0,0.25,0.0681818181818182,0.453096812988575,0.664180899687274,0.162547316855934,0.804979253112033,0.275,0.209039548022599,0.211267605633803,0,0,0,0.573264781491002,0.0408163265306122,1,0,0,0.834319526627219,0.505985267034991,1,0.348040524400354,0.0563388521617036,0,0.25,0.111111111111111,0.428571428571429,0.54734219269103,0.288435061955025,0.125,0.687825820300521,0,0.037037037037037,"NRB"
0.745551601423488,0.192402312028279,0,0,0,0,0.277777777777778,0.922570016474465,0,0.25,0,0.475245540188414,0.54438296848689,0.151859274103763,0.783639596917605,0.275,0.180790960451977,0.197183098591549,0,0,0,0.55012853470437,0.0408163265306122,0,0,0,0.816568047337278,0.505985267034991,0,0.341520648615229,0.0513660562803487,0,0.0833333333333333,0,0.142857142857143,0.201827242524917,0.279715465810005,0,0.414392313196361,0,0,"NRB"
0.753113879003559,0.161065730390752,0,0,0,0,0.333333333333333,0.988467874794069,0,0.166666666666667,0,0.513529765484065,0.584315612220351,0.122021821420619,0.804979253112033,0.2,0.127118644067797,0.171830985915493,0,0,0,0.607969151670951,0.0680272108843537,0,0,0,0.832705755782679,0.505985267034991,0,0.354939789509183,0.0675715205054701,0,0,0,0,0.20906502135738,0.206516750803121,0,0.436164775631197,0,0,"NRB"
0.760231316725979,0.277730008598452,0.833333333333333,0,0,0,0.666666666666667,0.897858319604613,0,0,0,0.526758869512928,0.997834977146981,0.160320641282565,0.827148784825133,0,0.34180790960452,0,0,0,0,0.969151670951157,0.0136054421768707,1,0,0,0.824098977945132,0.505985267034991,1,0,0.112034166032879,0,0.833333333333333,0,0,0.560512577123873,0.158788435061955,0,0.915874476132066,0,0.37037037037037,"NRB"
0.665480427046263,0.209706697238941,0.166666666666667,0,0.0555555555555556,0,0.333333333333333,0.761120263591433,0,0,0.0909090909090909,0.526758869512928,0.5657926389223,0.167000668002672,0.758032009484292,0,0.149717514124294,0.259154929577465,0,0,0,0.591259640102828,0.0136054421768707,0,1,0,0.735879505110274,0.505985267034991,0,0,0.118996080266776,0,0.333333333333333,0.222222222222222,0.571428571428571,0.204318936877076,0.211564938044975,0.25,0.44066237350506,0,0.0740740740740741,"NRB"
0.64279359430605,0.140787713767077,0,0,0.0555555555555556,0,0.222222222222222,0.762767710049423,0.0416666666666667,0,0.0454545454545455,0.526758869512928,0.561943709405822,0.388554887552884,0.748073503260225,0,0.0480225988700565,0.256338028169014,0,0,0,0.575835475578406,0.0136054421768707,0,0,0,0.7154384077461,0.505985267034991,0,0,0.221026151055988,0,0,0.0555555555555556,0,0.179401993355482,0.129876089949518,0.125,0.402535009710723,0,0,"NRB"
0.643460854092527,0.176363810069743,0,0,0,0,0.222222222222222,0.797364085667216,0.0833333333333333,0,0,0.526758869512928,0.495309117151792,0.144288577154309,0.728630705394191,0,0.0367231638418079,0.23943661971831,0,0,0,0.605398457583548,0.0136054421768707,0,0,0,0.70575578267886,0.505985267034991,0,0,0.141695430878137,0,0,0,0,0.173350735643094,0.0943093162000917,0,0.378820402739446,0,0,"NRB"
0.588078291814947,0.103384446355212,0,0,0.0555555555555556,0,0,0.523887973640857,0.0416666666666667,0.0833333333333333,0.0909090909090909,0.540288634996993,0.575655520808275,0.917390336228012,0.71701244813278,0.075,0.0451977401129944,0.343661971830986,0,0,0,0.401028277634962,0.00680272108843537,0,0,0,0.70252824098978,0.505985267034991,0,0.159919625669201,0.530977593166793,0,0,0.0555555555555556,0.142857142857143,0.150094921689606,0.0807709958696649,0.25,0.364714300316876,0,0,"NRB"
0.512233096085409,0.274290627687016,0.0833333333333333,0,0,0,0,0.686985172981878,0.0416666666666667,0,0,0.526758869512928,0.335337984123166,0.191939434424404,0.580082987551867,0,0.056497175141243,0.211267605633803,0,0,0,0.740359897172237,0.00680272108843537,0,0,0,0.599784830554061,0.56353591160221,0,0,0.0299537822500439,0,0,0,0,0.213811105837684,0.10325837540156,0,0.366860881120311,0,0,"NRB"
0.623220640569395,0.220454762587179,0.166666666666667,0,0.0277777777777778,0,0.111111111111111,0.769357495881384,0,0,0.0454545454545455,0.61174584084987,0.470772191484243,0.147851258071699,0.692116182572614,0,0.124293785310734,0.15774647887324,0,0,0,0.726221079691517,0.0204081632653061,0,0,0,0.733727810650888,0.502762430939227,0,0,0.0410694436318961,0,0.166666666666667,0.111111111111111,0.142857142857143,0.226625533934504,0.145250114731528,0.125,0.416538893999796,0,0,"NRB"
0.623220640569395,0.107158211521926,0.333333333333333,0,0.111111111111111,0,0.222222222222222,0.823723228995058,0,0,0.0909090909090909,0.526758869512928,0.641808996872745,0,0.781624184943687,0,0.138418079096045,0.132394366197183,0,0,0,0.760925449871465,0.0408163265306122,0,0,0,0.756320602474449,0.505985267034991,0,0,0.217632949160475,0,0,0.222222222222222,0,0.260441385856668,0.114731528223956,0.25,0.509455177348462,0,0,"NRB"
0.711521352313167,0.168147511225757,0,1,0.277777777777778,0,0.277777777777778,0.764415156507413,0.0416666666666667,0.0833333333333333,0.272727272727273,0.526758869512928,0.548953572287707,0.134491204631485,0.791819798458803,0.05,0.138418079096045,0.276056338028169,0,0,0,0.562982005141388,0.0476190476190476,0,0,1,0.92845615922539,0.505985267034991,0,0,0.118528052419119,0,0.166666666666667,0.555555555555556,0.142857142857143,0.25344091124822,0.153740247820101,0.375,0.454461821527139,0,0,"NRB"
0.536921708185053,0.283832521257285,0,0,0,0,0,0.706754530477759,0.0416666666666667,0,0.0227272727272727,0.526758869512928,0.318498917488573,0.178579380984191,0.593835210432721,0,0.0706214689265537,0.290140845070422,0,0,0,0.555269922879177,0.00680272108843537,0,0,0,0.592253899946208,0.470534069981584,0,0,0.0310653483882291,0,0,0.166666666666667,0,0.155671570953963,0.144102799449289,0.125,0.296841459674946,0,0,"NRB"
0.536921708185053,0.280823062959778,0,0,0,0,0,0.706754530477759,0.0416666666666667,0,0.0454545454545455,0.526758869512928,0.318498917488573,0.178579380984191,0.593835210432721,0,0.0706214689265537,0.290140845070422,0,0,0,0.559125964010283,0.00680272108843537,0,0,0,0.592253899946208,0.470534069981584,0,0,0.0310653483882291,0,0,0.111111111111111,0,0.154959658281917,0.144102799449289,0.125,0.296432587140959,0,0,"NRB"
0.536921708185053,0.296551065252699,0.0833333333333333,0,0,0,0,0.749588138385502,0,0,0.0227272727272727,0.526758869512928,0.376713976425307,0.178579380984191,0.593835210432721,0,0.172316384180791,0.264788732394366,0,0,0,0.591259640102828,0.00680272108843537,0,1,0,0.592253899946208,0.468692449355433,0,0,0.0310653483882291,0,0,0.111111111111111,0,0.18984337921215,0.213400642496558,0.125,0.354594705100685,0,0.037037037037037,"NRB"
0.555827402135231,0.283151810451896,0,0,0.0277777777777778,0,0,0.823723228995058,0,0,0.0909090909090909,0.526758869512928,0.364445513591532,0.250501002004008,0.60901007705987,0,0.141242937853107,0.270422535211268,0,0,0,0.580976863753213,0.00680272108843537,0,0,0,0.611081226465842,0.527624309392265,0,0,0.0606681097525303,0,0,0.166666666666667,0,0.164451827242525,0.270536943552088,0.25,0.328017990391495,0,0,"NRB"
0.536921708185053,0.176316040890417,0,0,0,0,0,0.494233937397035,0,0,0.0227272727272727,0.526758869512928,0.286745248977628,0.178579380984191,0.593835210432721,0,0.0367231638418079,0.357746478873239,0,0,0,0.404884318766067,0.00680272108843537,0,0,0,0.592253899946208,0.476058931860037,0,0,0.0310653483882291,0,0,0.111111111111111,0,0.108092074038918,0.0403854979348325,0.125,0.227026474496576,0,0,"NRB"
0.636343416370107,0.260545046336104,0,0,0.0277777777777778,0,0.111111111111111,0.871499176276771,0,0,0.0681818181818182,0.526758869512928,0.414722155400529,0,0.674451689389449,0,0.0790960451977402,0.228169014084507,0,0,0,0.610539845758355,0.0204081632653061,0,0,0,0.700914470145239,0.502762430939227,0,0,0.0352775990171415,0,0,0.166666666666667,0,0.18687707641196,0.129876089949518,0.125,0.356025758969641,0,0,"NRB"
0.739546263345196,0.210614311646126,0,0,0.0555555555555556,0.0769230769230769,0.166666666666667,0.658978583196046,0.166666666666667,0.0833333333333333,0.0681818181818182,0.657646823010623,0.505893673322107,0.27833444667112,0.781268524007113,0.05,0.0706214689265537,0.295774647887324,0,0,0,0.516709511568123,0.0204081632653061,0,0,0,0.778375470683163,0.505985267034991,0,0,0.0907974024454455,0.125,0.166666666666667,0.277777777777778,0.142857142857143,0.184978642619839,0.114043139054612,0.125,0.379944802207912,0,0,"NRB"
0.578069395017794,0.12595538358651,0.166666666666667,0,0.111111111111111,0,0,0.439868204283361,0,0.166666666666667,0,0.526758869512928,0.512869858070724,0,0.692234736218139,0,0.141242937853107,0.329577464788732,0,0,0,0.452442159383034,0.0136054421768707,0,0,0,0.651425497579344,0.505524861878453,0,0,0.178728134323992,0,0,0.222222222222222,0,0.220455624110109,0.100504818724185,0.25,0.405601553715629,0,0,"NRB"
0.444839857651246,0.165556033247349,0,0,0,0,0,0.411861614497529,0,0,0,0.526758869512928,0.255232138561463,0,0.527445168938945,0,0.076271186440678,0.405633802816901,0,0,0,0.313624678663239,0.00680272108843537,0,0,0,0.537923614846692,0.561694290976059,0,0,0.0130462762534371,0,0,0.222222222222222,0.285714285714286,0.0942097769340294,0.0839834786599357,0.25,0.200960850454871,0,0,"NRB"
0.651690391459075,0.226127352632082,0,0,0.194444444444444,0,0.0555555555555556,0.644151565074135,0,0,0.25,0.526758869512928,0.490738513350974,0.149855266087731,0.724955542382928,0,0.155367231638418,0.343661971830986,0,0,0,0.487146529562982,0.0136054421768707,0,0,0,0.717590102205487,0.505524861878453,0,0,0.103551161294097,0,0,0.111111111111111,0.571428571428571,0.186046511627907,0.215236346948141,0.625,0.384851272615762,0,0,"NRB"
0.730871886120996,0.320053501480845,0,0,0.166666666666667,0,0,0.599670510708402,0,0.25,0.272727272727273,0.327720986169573,0.54390185229733,0.361166778000445,0.763841138114997,0.3,0.172316384180791,0.332394366197183,0,0,0,0.46401028277635,0.00680272108843537,0,0,0,0.784292630446477,0.505985267034991,0,0.503238860707912,0.0685075762007839,0,0,0.166666666666667,0,0.180588514475558,0.319871500688389,0.375,0.392722068895022,0,0,"NRB"
0.672153024911032,0.093520110824496,0.166666666666667,0.666666666666667,0.388888888888889,0,0.555555555555556,0.736408566721582,0.166666666666667,0.333333333333333,0.5,0.310082180797755,0.789271108972817,0.177020708082832,0.879549496147007,0.15,0.161016949152543,0.276056338028169,0,0,0,0.55012853470437,0.0272108843537415,0,1,0,0.749327595481442,0.505985267034991,0,0.701364396419689,0.460890422980167,0,0.5,1,0.285714285714286,0.206336022781206,0.238182652592932,0.75,0.5213124808341,0,0.0740740740740741,"NRB"
0.682161921708185,0.0873459443966753,0,0,0.0555555555555556,0,0.222222222222222,0.843492586490939,0,0.333333333333333,0.0909090909090909,0.3889557025456,0.65143132066394,0.130037853484747,0.826437462951986,0.3,0.177966101694915,0.233802816901408,0,0,0,0.543701799485861,0.0272108843537415,0,0,0,0.763313609467456,0.505985267034991,0,0.658184270799668,0.263441174749898,0,0.166666666666667,0.444444444444444,0,0.185809207403892,0.265259293253786,0.25,0.455892875396095,0,0,"NRB"
0.736209964412811,0.232707557084169,0.166666666666667,0.333333333333333,0.166666666666667,0.0769230769230769,0.222222222222222,0.617792421746293,0.208333333333333,0.25,0.181818181818182,0.498897574664261,0.624488814048593,0.278557114228457,0.822880853586248,0.2,0.177966101694915,0.307042253521127,0,0,0,0.510282776349614,0.0136054421768707,0,1,0,0.792361484669177,0.505985267034991,0,0.169446513131086,0.153571637512432,0,0.333333333333333,0.333333333333333,0,0.213099193165638,0.224644332262506,0.25,0.457937238066033,0,0.0740740740740741,"NRB"
0.734430604982206,0.331052355020541,0.416666666666667,0,0,0,0,0.510708401976936,0.0833333333333333,0.25,0.0227272727272727,0.526758869512928,0.632186673081549,0.429303050545536,0.781031416716064,0.2,0.248587570621469,0.27887323943662,0,0,0,0.582262210796915,0.00680272108843537,0,1,0,0.740720817643894,0.505985267034991,0,0,0.148891359035863,0,0.166666666666667,0.111111111111111,0,0.288799240626483,0.24942634235888,0.125,0.513850557088828,0,0.111111111111111,"NRB"
0.577402135231317,0.186084838062482,0,0,0,0,0,0.500823723228995,0.0833333333333333,0,0.0227272727272727,0.526758869512928,0.318258359393794,0.194834112669784,0.636158861885003,0,0.0338983050847458,0.354929577464788,0,0,0,0.433161953727506,0.00680272108843537,0,0,0,0.632060247444863,0.523020257826888,0,0,0.0365646755981981,0,0,0.222222222222222,0.142857142857143,0.116279069767442,0.0553005966039467,0.125,0.246141265460493,0,0,"NRB"
0.622553380782918,0.291356167001051,0.0833333333333333,0,0.111111111111111,0,0,0.461285008237232,0.0833333333333333,0,0.25,0.526758869512928,0.489535722877075,0.357158761968381,0.693775933609959,0,0.163841807909604,0.4,0,0,0,0.447300771208226,0.00680272108843537,0,1,0,0.690155997848306,0.505064456721915,0,0,0.103375650851226,0,0,0.111111111111111,0.285714285714286,0.199572852396773,0.194814134924277,0.625,0.389042216089134,0,0.037037037037037,"NRB"
0.626334519572954,0.290161937517913,0.0833333333333333,0,0.166666666666667,0,0,0.471169686985173,0.125,0,0.25,0.526758869512928,0.503488092374308,0.354041416165665,0.712033195020747,0,0.146892655367231,0.391549295774648,0,0,0,0.460154241645244,0.00680272108843537,0,1,0,0.696073157611619,0.506445672191529,0,0,0.117767507166676,0,0,0.166666666666667,0.285714285714286,0.199810156620788,0.187012391005048,0.625,0.394153122763978,0,0.037037037037037,"NRB"
0.71596975088968,0.169162606286424,0,0,0,0.0769230769230769,0,0.652388797364086,0.208333333333333,0.25,0,0.802665864902786,0.582150589367332,0.303273213092852,0.817545939537641,0.275,0.0903954802259888,0.292957746478873,0,0,0,0.506426735218509,0.0136054421768707,0,0,0,0.869284561592254,0.505985267034991,0,0.343740778731716,0.213713215936348,0.25,0,0,0,0.180825818699573,0.196190913262965,0,0.418787692936727,0,0,"NRB"
0.681717081850534,0.291391993885545,0,0,0.0555555555555556,0,0.111111111111111,0.668863261943987,0.125,0.0833333333333333,0.0909090909090909,0.530366806975346,0.491460187635314,0.431529726118904,0.724955542382928,0.075,0.076271186440678,0.292957746478873,0,0,0,0.530848329048843,0.00680272108843537,0,0,0,0.719203873050027,0.505524861878453,0,0.165329436396082,0.123968876148131,0,0.0833333333333333,0.222222222222222,0,0.173350735643094,0.1757687012391,0.125,0.370438515792702,0,0,"NRB"
0.715302491103203,0.116688162797363,0,0,0.0833333333333333,0.0769230769230769,0,0.639209225700165,0.166666666666667,0.333333333333333,0.0681818181818182,0.680096211665664,0.606687515034881,0.24315297261189,0.832602252519265,0.375,0.121468926553672,0.301408450704225,0,0,0,0.465295629820052,0.0272108843537415,0,0,0,0.867670790747714,0.505985267034991,0,0.520564306490368,0.247879248815305,0.25,0,0.111111111111111,0,0.187588989084006,0.217072051399725,0.125,0.430644996422365,0,0,"NRB"
0.665480427046263,0.205443297984141,0,0,0.0555555555555556,0,0.333333333333333,0.72158154859967,0.0833333333333333,0,0.136363636363636,0.526758869512928,0.513110416165504,0.167000668002672,0.758032009484292,0,0.0677966101694916,0.281690140845071,0,0,0,0.559125964010283,0.0136054421768707,0,0,0,0.735879505110274,0.505985267034991,0,0,0.118996080266776,0,0.166666666666667,0.222222222222222,0.571428571428571,0.184504034171808,0.150986691142726,0.25,0.393233159562506,0,0,"NRB"
0.633896797153025,0.167801184675647,0.25,0,0.166666666666667,0,0.277777777777778,0.764415156507413,0,0.0833333333333333,0.136363636363636,0.489276408097815,0.618955977868655,0.155199287463817,0.7628927089508,0.05,0.214689265536723,0.250704225352113,0,0,0,0.584832904884319,0.0136054421768707,0,1,0,0.698762775685853,0.505985267034991,0,0.164851686877345,0.223600304218101,0,0.416666666666667,0.222222222222222,0.285714285714286,0.211675367821547,0.247131711794401,0.25,0.465296943677808,0,0.111111111111111,"NRB"
0.57673487544484,0.250716537689883,0,0,0.0833333333333333,0,0.0555555555555556,0.640856672158155,0,0.0833333333333333,0.0681818181818182,0.473040689516937,0.406062063988453,0.325317301269205,0.650978067575578,0.025,0.149717514124294,0.32112676056338,0,0,0,0.473007712082262,0.00680272108843537,0,0,0,0.632060247444863,0.512891344383057,0,0.144448972135962,0.108465453694495,0,0.0833333333333333,0.111111111111111,0.428571428571429,0.15828191741813,0.279027076640661,0.25,0.335582132270265,0,0,"NRB"
0.670373665480427,0.230999808923283,0,0,0,0,0.222222222222222,0.940691927512356,0,0.0833333333333333,0,0.526758869512928,0.484002886697137,0,0.736218138707765,0.1,0.101694915254237,0.188732394366197,0,0,0,0.633676092544987,0.0408163265306122,0,0,0,0.79020979020979,0.505524861878453,0,0,0.0503714971040777,0,0,0,0,0.213455149501661,0.12528682882056,0,0.399979556373301,0,0,"NRB"
0.429715302491103,0.296276392471577,0,0,0,0,0,0.658978583196046,0.0416666666666667,0,0,0.526758869512928,0.423141688717825,0.575595635715876,0.585180794309425,0,0.0225988700564972,0.290140845070422,0,0,0,0.566838046272494,0,0,0,0,0.506724045185584,0.502762430939227,0,0,0.260164979816299,0,0,0,0,0.115923113431419,0.112666360715925,0,0.308698763160585,0,0,"NRB"
0.222419928825623,0.14054886787045,0.166666666666667,0,0,0,0,0.329489291598023,0.0416666666666667,0,0,0.526758869512928,0.295164782294924,0.204408817635271,0.286899822169532,0,0.355932203389831,0.343661971830986,0,0,0,0.569408740359897,0,0,0,0,0.22270037654653,0.906537753222836,0,0,0.052009594570877,0,0,0,0,0.18343616516374,0.407067462138596,0,0.338137585607687,0,0.0740740740740741,"NRB"
0.222419928825623,0.133096875895672,0.166666666666667,0,0,0,0,0.329489291598023,0.0416666666666667,0,0,0.526758869512928,0.487851816213616,0.204408817635271,0.286899822169532,0,0.30225988700565,0.284507042253521,0,0,0,0.740359897172237,0,1,0,0,0.22270037654653,0.875690607734807,0,0,0.052009594570877,0,0,0,0,0.546155671570954,0.302891234511244,0,0.680874987222733,0,0.0740740740740741,"NRB"
0.359875444839858,0.178608961498041,0.166666666666667,0,0,0,0,0.449752883031301,0.0833333333333333,0,0,0.526758869512928,0.610295886456579,0.338900022266756,0.436158861885003,0,0.11864406779661,0.281690140845071,0,0,0,0.72879177377892,0,1,0,0,0.393760086067778,0.652854511970534,0,0,0.096530743579243,0,0,0,0,0.546511627906977,0.122303809086737,0,0.749872227333129,0,0.0740740740740741,"NRB"
0.385231316725979,0.197215056845323,0.166666666666667,0,0,0,0,0.471169686985173,0.0833333333333333,0,0,0.526758869512928,0.371902814529709,0.35292807837898,0.472554831061055,0,0.135593220338983,0.332394366197183,0,0,0,0.507712082262211,0,0,1,0,0.431414739107047,0.408839779005525,0,0,0.119581115076347,0,0,0,0,0.155552918841955,0.207205139972464,0,0.347337217622406,0,0.0740740740740741,"NRB"
0.385231316725979,0.188019489825165,0.0833333333333333,0,0,0,0,0.484349258649094,0.0833333333333333,0,0,0.526758869512928,0.495790233341352,0.35292807837898,0.472554831061055,0,0.0423728813559322,0.323943661971831,0,0,0,0.557840616966581,0,1,0,0,0.431414739107047,0.419889502762431,1,0,0.119581115076347,0,0,0,0,0.545681063122924,0.0745754933455713,0,0.679443933353777,0,0.037037037037037,"NRB"
0.429715302491103,0.232361230534059,0.166666666666667,0,0,0,0,0.515650741350906,0.0833333333333333,0,0,0.526758869512928,0.661534760644696,0.575595635715876,0.585180794309425,0,0.0480225988700565,0.312676056338028,0,0,0,0.569408740359897,0,1,0,0,0.506724045185584,0.503222836095764,1,0,0.260164979816299,0,0,0,0,0.545799715234931,0.0553005966039467,0,0.750383318000613,0,0.0740740740740741,"NRB"
0.734653024911032,0.381819050348715,0.333333333333333,0,0,0.0769230769230769,0,0.484349258649094,0.166666666666667,0,0,0.526758869512928,0.773153716622564,0.309953239812959,0.696976882039123,0,0.15819209039548,0.245070422535211,0,0,0,0.768637532133676,0,1,0,0,0.664873587950511,0.523480662983425,0,0,0.0421225062891242,0,0,0,0,0.548528713811106,0.128728774667279,0,0.820811611979965,0,0.148148148148148,"NRB"
0.810943060498221,0.47246106811885,0.333333333333333,0,0,0.153846153846154,0,0.411861614497529,0.0833333333333333,0,0,0.526758869512928,0.505893673322107,0.180583389000223,0.750563129816242,0,0.816384180790961,0.538028169014085,0,0,0.666666666666667,0.453727506426735,0,0,0,0,0.700914470145239,0.462707182320442,0,0,0.0565728660855321,0,0,0,0,0.238965353583294,0.665672326755392,0,0.441173464172544,0,0.222222222222222,"NRB"
0.569839857651246,0.422494506544378,0.333333333333333,0,0,0,0,0.548599670510708,0,0,0,0.506915213469633,0.467163820062545,0.204408817635271,0.593953764078245,0,0.621468926553673,0.222535211267606,0,0,0,0.669665809768637,0,0,0,0,0.537923614846692,0.387661141804788,0,0,0.0630082489908149,0,0,0,0,0.237066919791172,0.419687930243231,0,0.432280486558316,0,0.148148148148148,"NRB"
0.65547153024911,0.525162415209707,0.5,0,0,0,0,0.658978583196046,0,0,0,0.47855281619563,0.576136636997835,0.305277221108884,0.685477178423237,0,0.570621468926554,0.194366197183098,0,0,0,0.685089974293059,0,0,1,0,0.653039268423884,0.493093922651934,0,0,0.104604223951325,0,0,0,0,0.239795918367347,0.382285452042221,0,0.477767555964428,0,0.222222222222222,"NRB"
0.696174377224199,0.323695901404414,0,0,0,0.0769230769230769,0,0.494233937397035,0.208333333333333,0.0833333333333333,0,0.526758869512928,0.364926629781092,0.392117568470274,0.703260225251927,0.025,0.0423728813559322,0.346478873239437,0,0,0,0.433161953727506,0,0,0,0,0.632060247444863,0.496316758747698,0,0,0.133680453987012,0,0,0,0.142857142857143,0.121618414807784,0.147085819183112,0,0.272922416436676,0,0,"NRB"
0.736432384341637,0.373650520684055,0,0,0,0.0769230769230769,0,0.477759472817133,0.166666666666667,0.166666666666667,0,0.526758869512928,0.39066634592254,0.405922957025161,0.706105512744517,0.15,0.076271186440678,0.352112676056338,0,0,0,0.352185089974293,0,0,0,0,0.675094136632598,0.511510128913444,0,0,0.108640964137366,0,0,0,0.285714285714286,0.124466065495966,0.210876548875631,0,0.271082490033732,0,0,"NRB"
0.719750889679715,0.36284274386166,0,0,0,0.0769230769230769,0,0.411861614497529,0.166666666666667,0.25,0,0.526758869512928,0.327640125090209,0.313070585615676,0.686781268524007,0.225,0.161016949152543,0.377464788732394,0,0,0,0.25706940874036,0,0,0,0,0.639591178052717,0.469152854511971,0,0,0.0506055110279062,0,0,0,0.428571428571429,0.12327954437589,0.402019274896742,0,0.252274353470306,0,0,"NRB"
0.734653024911032,0.397547052641636,0,0,0,0.0769230769230769,0,0.392092257001647,0.166666666666667,0.333333333333333,0,0.526758869512928,0.359153235506375,0.309953239812959,0.696976882039123,0.3,0.203389830508474,0.385915492957747,0,0,0,0.232647814910026,0,0,0,0,0.664873587950511,0.527624309392265,0,0,0.0421225062891242,0,0,0,0.571428571428571,0.12624584717608,0.460073428178063,0,0.263109475620975,0,0,"NRB"
0.929048042704626,0.691112544186491,0,0,0,0.384615384615385,0,0.481054365733114,0.0833333333333333,0.0833333333333333,0,0.526758869512928,0.593216261727207,0.360053440213761,0.879312388855957,0.025,0.774011299435029,0.830985915492958,0,0,0,0.057840616966581,0,0,0,0,0.86336740182894,0.505985267034991,0,0,0.142806997016322,0,0,0,0.142857142857143,0.19328429046037,0.937815511702616,0,0.411530205458448,0,0.444444444444444,"NRB"
0.525355871886121,0.294341740708895,0,0,0,0,0,0.392092257001647,0.0833333333333333,0.166666666666667,0,0.526758869512928,0.321866730815492,0.424404364284124,0.57913455838767,0,0.129943502824859,0.394366197183098,0,0,0,0.304627249357327,0,0,0,0,0.537923614846692,0.469613259668508,0,0,0.121687240390803,0,0,0.111111111111111,0.285714285714286,0.102396772662553,0.294401101422671,0.125,0.236226106511295,0,0,"NRB"
0.522019572953737,0.269465940575141,0,0,0,0,0,0.510708401976936,0.0416666666666667,0.166666666666667,0,0.518540789737422,0.396439740197258,0.512135381874861,0.612211025489034,0.075,0.0819209039548023,0.340845070422535,0,0,0,0.390745501285347,0,0,0,0,0.543840774610005,0.511970534069982,0,0.149254570236205,0.213771719417305,0,0,0,0,0.129330802088277,0.188389169343736,0,0.287744045793724,0,0,"NRB"
0.549599644128114,0.323731728288908,0,0,0,0,0,0.532125205930807,0.0833333333333333,0.0833333333333333,0,0.526758869512928,0.39090690401732,0.496771320418615,0.616360403082395,0.05,0.0451977401129944,0.335211267605634,0,0,0,0.424164524421594,0,0,0,0,0.577729962345347,0.511510128913444,0,0,0.150412449540748,0,0,0,0,0.108092074038918,0.108306562643414,0,0.272206889502198,0,0,"NRB"
0.498887900355872,0.072203114550492,0,0,0,0,0,0.515650741350906,0,0.333333333333333,0,0.526758869512928,0.464277122925186,0,0.666982809721399,0.1,0.14406779661017,0.340845070422535,0,0,0,0.303341902313625,0.0136054421768707,0,0,0,0.667025282409898,0.505524861878453,0,0,0.294331012695255,0,0,0,0,0.128144280968201,0.133318035796237,0,0.339875293877134,0,0,"NRB"
0.423042704626335,0.2786615075953,0.166666666666667,0,0,0,0,0.449752883031301,0.0833333333333333,0.166666666666667,0,0.526758869512928,0.45537647341833,0.517034068136273,0.558032009484292,0,0.18361581920904,0.349295774647887,0,0,0,0.392030848329049,0,0,0,0,0.49435180204411,0.494014732965009,0,0,0.21306967764582,0,0,0,0,0.152586616041766,0.219137218907756,0,0.365940917918839,0,0.0740740740740741,"NRB"
0.440391459074733,0.259159740135665,0.166666666666667,0,0,0,0,0.515650741350906,0.0833333333333333,0,0,0.526758869512928,0.579985566514313,0.770207080828323,0.668642560758743,0,0.019774011299435,0.315492957746479,0,0,0,0.502570694087404,0,0,0,0,0.527703066164605,0.505985267034991,0,0,0.496519042883051,0,0,0,0,0.211200759373517,0.0250114731528224,0,0.403454972912195,0,0,"NRB"
0.711076512455516,0.378845418935703,0,0,0,0.0769230769230769,0,0.500823723228995,0.125,0.166666666666667,0,0.543595911004209,0.356747654558576,0.319750612335783,0.701481920569057,0.05,0.101694915254237,0.346478873239437,0,0,0,0.403598971722365,0,0,0,0,0.64228079612695,0.526243093922652,0,0.148074247895794,0.101328029017727,0,0,0,0,0.138467014712862,0.247590637907297,0,0.296432587140959,0,0,"NRB"
0.482651245551601,0.293971529569122,0,0,0,0,0,0.411861614497529,0,0.0833333333333333,0,0.526758869512928,0.227086841472216,0.216210198174126,0.524362774155305,0.05,0.141242937853107,0.397183098591549,0,0,0,0.383033419023136,0,0,0,0,0.456159225389995,0.688766114180479,0,0.132519285623955,0.0642368220909144,0,0,0,0,0.114499288087328,0.351766865534649,0.125,0.228355310232035,0,0,"NRB"
0.741548042704626,0.595442820292348,0,0,0,0.0769230769230769,0,0.593080724876441,0.166666666666667,0.5,0,0.431549408699138,0.603319701707962,0.506123357826765,0.803556609365738,0.6,0.146892655367231,0.312676056338028,0,0,0,0.438303341902314,0,0,0,0,0.714362560516407,0.505985267034991,0,0.490367726614864,0.159948516936758,0,0,0,0,0.157332700522069,0.292106470858192,0,0.416436675866299,0,0,"NRB"
0.497330960854092,0.254251456959969,0,0,0.0277777777777778,0,0,0.517298187808896,0.0416666666666667,0.0833333333333333,0.0227272727272727,0.51122469432752,0.504209766658648,0.696504119349811,0.662951985773563,0.025,0.0423728813559322,0.343661971830986,0,0,0,0.422879177377892,0,0,0,0,0.533082302313072,0.505985267034991,0,0.147863476049293,0.397823670508395,0,0,0.0555555555555556,0.285714285714286,0.123635500711913,0.117944011014227,0.125,0.32229377491567,0,0,"NRB"
0.605871886120996,0.116855354925002,0,0,0,0,0,0.57495881383855,0.0416666666666667,0.25,0,0.44868711164562,0.594659610295886,0.826319305277221,0.741078838174274,0.15,0.0649717514124294,0.31830985915493,0,0,0,0.448586118251928,0.00680272108843537,0,0,0,0.704679935449166,0.505985267034991,0,0.312518442536569,0.528286433042766,0.125,0,0,0,0.162553393450403,0.142267094997705,0,0.381069201676377,0,0,"NRB"
0.741103202846975,0.567270946785134,0,0,0,0.0769230769230769,0,0.602965403624382,0.0416666666666667,0.5,0,0.342453397474444,0.574452730334376,0.533511467379203,0.772969768820391,0.45,0.177966101694915,0.309859154929577,0,0,0,0.412596401028278,0,0,0,0,0.7073695535234,0.505985267034991,0,0.471075076931724,0.143158017902065,0,0,0,0,0.149501661129568,0.327214318494722,0,0.397219666768885,0,0,"NRB"
0.741103202846975,0.570495366389606,0,0,0,0.0769230769230769,0,0.591433278418451,0.0416666666666667,0.583333333333333,0,0.309079975947084,0.576858311282175,0.533511467379203,0.772969768820391,0.525,0.211864406779661,0.312676056338028,0,0,0,0.393316195372751,0,0,0,0,0.7073695535234,0.505985267034991,0,0.467632470105526,0.143158017902065,0,0,0,0.142857142857143,0.149738965353583,0.370812299219826,0,0.398241848103854,0,0,"NRB"
0.699510676156583,0.440897582879526,0,0,0,0.0769230769230769,0,0.548599670510708,0.166666666666667,0.166666666666667,0,0.538083784325516,0.388501323069521,0.305277221108884,0.718672199170125,0.125,0.101694915254237,0.329577464788732,0,0,0,0.458868894601542,0,0,0,0,0.648197955890264,0.494475138121547,0,0.152275633369399,0.120224653366875,0,0,0,0,0.155552918841955,0.261817347407067,0,0.323827046918123,0,0,"NRB"
0.536921708185053,0.358997324925958,0.0833333333333333,0,0,0,0,0.471169686985173,0.0833333333333333,0.166666666666667,0,0.452495490078172,0.364445513591532,0.30705856156758,0.59845880260818,0.025,0.225988700564972,0.346478873239437,0,0,0,0.426735218508997,0,0,1,0,0.537923614846692,0.574585635359116,0,0.137662118678601,0.0988123793365705,0,0,0,0,0.184504034171808,0.371730151445617,0,0.341613002146581,0,0.037037037037037,"NRB"
0.725533807829181,0.426232444826598,0.25,0,0,0.0769230769230769,0,0.411861614497529,0.0416666666666667,0.166666666666667,0,0.380336740829826,0.45561703151311,0.192162101981741,0.693775933609959,0,0.612994350282486,0.31830985915493,0,0,0.333333333333333,0.489717223650386,0,0,0,0,0.632060247444863,0.580110497237569,0,0.135245268172046,0.0579769496285029,0,0,0,0.142857142857143,0.236829615567157,0.589490592014685,0,0.417356639067771,0,0.111111111111111,"NRB"
0.745106761565836,0.449806534823732,0,0,0,0.153846153846154,0,0.484349258649094,0.25,0.333333333333333,0,0.482361194628182,0.462833774356507,0.43976842574037,0.776644931831654,0.4,0.132768361581921,0.352112676056338,0,0,0,0.345758354755784,0,0,0,0,0.692845615922539,0.505064456721915,0,0.160116346059269,0.178084596033464,0,0,0,0.285714285714286,0.153417180825819,0.305415328132171,0,0.339057548809159,0,0,"NRB"
0.743327402135231,0.593854495079775,0.333333333333333,0,0,0.0769230769230769,0,0.532125205930807,0.166666666666667,0.666666666666667,0,0.383543796351974,0.877315371662256,0.932754397684257,0.868998221695317,0.6,0.0621468926553673,0.31830985915493,0,0,0,0.456298200514139,0,0,0,0,0.719741796664874,0.505985267034991,0,0.74682085798193,0.398818229684666,0,0,0,0,0.165638348362601,0.108077099586966,0,0.51671266482674,0,0,"NRB"
0.731983985765125,0.406479889175504,0,0,0,0.0769230769230769,0,0.527182866556837,0.125,0.25,0,0.470535177390259,0.41327880683185,0.375417501670007,0.727208061647896,0.175,0.141242937853107,0.335211267605634,0,0,0,0.41388174807198,0,0,0,0,0.669176976869285,0.512430939226519,0,0.305745640535642,0.133914467910841,0,0,0,0,0.154247745609872,0.322166131252868,0,0.33180006133088,0,0,"NRB"
0.444839857651246,0.272976975255565,0.0833333333333333,0,0,0,0,0.329489291598023,0,0.0833333333333333,0,0.526758869512928,0.257637719509262,0.180583389000223,0.491286307053942,0,0.135593220338983,0.326760563380281,0,0,0,0.546272493573265,0,0,0,0,0.393760086067778,0.249539594843462,0,0.134275717678137,0.032527935412157,0,0,0,0,0.231490270526815,0.364616796695732,0,0.380251456608402,0,0,"NRB"
0.690169039145907,0.458536352345467,0,0,0,0.0769230769230769,0,0.471169686985173,0.208333333333333,0.333333333333333,0,0.445981158548807,0.429396199182103,0.399020262747718,0.724007113218732,0.125,0.161016949152543,0.357746478873239,0,0,0,0.349614395886889,0,0,0,0,0.626681011296396,0.502302025782689,0,0.150786178987452,0.179137658690692,0,0,0,0,0.145823445657333,0.270536943552088,0,0.32852908105898,0,0,"NRB"
0.521129893238434,0.382141492309162,0.0833333333333333,0.333333333333333,0.0277777777777778,0,0,0.387149917627677,0.0833333333333333,0,0.0454545454545455,0.637101623571858,0.380562905941785,0.334001336005344,0.60877296976882,0,0.127118644067797,0.380281690140845,0,0,0,0.497429305912596,0,0,0,0,0.537923614846692,0.467771639042357,0,0,0.130930790382028,0,0,0.222222222222222,0.428571428571429,0.188894162316089,0.251491509866911,0.375,0.358785648574057,0,0,"NRB"
0.536921708185053,0.428059615935798,0,0.333333333333333,0,0,0,0.1499176276771,0,0.166666666666667,0,0.460412908398477,0.337262448881405,0.30705856156758,0.59845880260818,0.05,0.395480225988701,0.554929577464789,0,0,0,0.27120822622108,0,0,0,0,0.537923614846692,0.584714548802947,0,0.260893391600039,0.0988123793365705,0,0,0.0555555555555556,0.571428571428571,0.168723303274798,0.619550252409362,0.5,0.329346826126955,0,0,"NRB"
0.482651245551601,0.284023597974587,0.166666666666667,0,0,0,0,0.329489291598023,0,0,0,0.580076167568651,0.340389704113543,0.216210198174126,0.524362774155305,0,0.127118644067797,0.267605633802817,0,0,0,0.700514138817481,0,0,0,0,0.456159225389995,0.684162062615101,0,0,0.0642368220909144,0,0,0,0.142857142857143,0.207522543901281,0.262505736576411,0.125,0.361341101911479,0,0,"NRB"
0.725533807829181,0.471219069456387,0.333333333333333,0,0,0,0,0.380560131795717,0.125,0.333333333333333,0,0.526758869512928,0.568438777964879,0.493653974615898,0.714404267931239,0.225,0.265536723163842,0.340845070422535,0,0,0,0.442159383033419,0,0,0,0,0.672404518558365,0.505064456721915,0,0.163657313080501,0.11261920084245,0,0,0,0,0.254983388704319,0.312987608994952,0,0.470714504753143,0,0.111111111111111,"NRB"
0.730427046263345,0.53483567402312,0.25,0,0,0,0,0.4332784184514,0.0833333333333333,0.5,0,0.425636400080176,0.597546307433245,0.486973947895792,0.767871962062833,0.25,0.189265536723164,0.307042253521127,0,0,0,0.489717223650386,0,0,0,0,0.706831629908553,0.505985267034991,0,0.327117905770933,0.147487275492892,0,0,0,0,0.30327479829141,0.284993116108307,0,0.494224675457426,0,0,"NRB"
0.709964412811388,0.440336295022452,0.0833333333333333,0,0,0,0,0.471169686985173,0.166666666666667,0.333333333333333,0,0.526758869512928,0.567717103680539,0.622801157871298,0.760403082394784,0.25,0.0819209039548023,0.340845070422535,0,0,0,0.408740359897172,0,0,0,0,0.668101129639591,0.505985267034991,0,0.167395000491801,0.284853448780202,0,0,0,0.142857142857143,0.257000474608448,0.171179440110142,0,0.439537974036594,0,0,"NRB"
0.810943060498221,0.433505302378905,0.25,0,0,0.153846153846154,0,0.439868204283361,0.125,0.0833333333333333,0,0.526758869512928,0.462112100072167,0.180583389000223,0.750563129816242,0,0.257062146892656,0.335211267605634,0,0,0.333333333333333,0.515424164524422,0,0,1,0,0.700914470145239,0.469152854511971,0,0,0.0565728660855321,0,0,0,0.142857142857143,0.236473659231134,0.375631023405232,0,0.415925585198814,0,0.111111111111111,"NRB"
0.727313167259786,0.574042227954524,0.0833333333333333,0,0,0,0,0.456342668863262,0.25,0.25,0.136363636363636,0.786630587292042,0.563146499879721,0.531730126920508,0.767634854771784,0.15,0.101694915254237,0.346478873239437,0,0,0,0.47814910025707,0,0,0,0,0.690693921463152,0.505985267034991,0,0,0.151641022640847,0,0,0.333333333333333,0,0.214523018509729,0.164754474529601,0.375,0.422160891342124,0,0,"NRB"
0.74088078291815,0.42225566064775,0.0833333333333333,0,0,0,0,0.400329489291598,0.166666666666667,0.25,0.0227272727272727,0.526758869512928,0.473177772432042,0.434201736806947,0.718672199170125,0.225,0.0903954802259888,0.349295774647887,0,0,0,0.465295629820052,0,0,0,0,0.694997310381926,0.505064456721915,0,0,0.0971742818697713,0,0,0.0555555555555556,0.285714285714286,0.208353108685335,0.158329508949059,0.125,0.374731677399571,0,0,"NRB"
0.734653024911032,0.389569599694277,0.166666666666667,0,0,0.0769230769230769,0,0.4332784184514,0.166666666666667,0.166666666666667,0,0.526758869512928,0.645898484484003,0.309953239812959,0.696976882039123,0.15,0.18361581920904,0.32112676056338,0,0,0,0.497429305912596,0,1,0,0,0.664873587950511,0.525782688766114,0,0,0.0421225062891242,0,0,0,0.285714285714286,0.546630280018984,0.294401101422671,0,0.750383318000613,0,0.0740740740740741,"NRB"
0.547375444839858,0.326490398394956,0,0,0,0,0,0.411861614497529,0.125,0.166666666666667,0,0.526758869512928,0.34736588886216,0.42106435092407,0.596087729697688,0,0.115819209039548,0.385915492957747,0,0,0,0.305912596401028,0,0,0,0,0.566433566433566,0.526243093922652,0,0,0.105306265722811,0,0,0.166666666666667,0.285714285714286,0.105363075462743,0.262505736576411,0.125,0.245119084125524,0,0,"NRB"
0.689056939501779,0.334933600840738,0,0,0,0.0769230769230769,0,0.449752883031301,0.166666666666667,0.166666666666667,0,0.526758869512928,0.320423382246813,0.334001336005344,0.67551867219917,0,0.101694915254237,0.363380281690141,0,0,0,0.332904884318766,0,0,0,0,0.598171059709521,0.470534069981584,0,0,0.118645059381033,0,0,0,0.142857142857143,0.123042240151875,0.229921982560808,0,0.257180823878156,0,0,"NRB"
0.752669039145907,0.401810451896436,0,0,0,0.0769230769230769,0,0.471169686985173,0.208333333333333,0.166666666666667,0,0.526758869512928,0.372865046908828,0.305277221108884,0.728037937166568,0.2,0.0819209039548023,0.354929577464788,0,0,0,0.353470437017995,0,0,0,0,0.692845615922539,0.495395948434623,0,0,0.0901538641549172,0,0,0,0.285714285714286,0.137517797816801,0.246672785681505,0,0.284881938055811,0,0,"NRB"
0.689946619217082,0.421479411483711,0,0,0,0.0769230769230769,0,0.471169686985173,0.166666666666667,0.25,0,0.484064942874323,0.363242723117633,0.319750612335783,0.696621221102549,0.1,0.161016949152543,0.357746478873239,0,0,0,0.353470437017995,0,0,0,0,0.611081226465842,0.527624309392265,0,0.142523922604578,0.13169133563447,0,0,0,0,0.139890840056953,0.298760899495181,0,0.304201165286722,0,0,"NRB"
0.745329181494662,0.409847616317952,0.0833333333333333,0,0,0,0,0.514003294892916,0.166666666666667,0.166666666666667,0,0.541791942273001,0.758479672840991,0.682698730794923,0.770480142264375,0.125,0.0338983050847458,0.32112676056338,0,0,0,0.553984575835476,0,0,0,0,0.714362560516407,0.505985267034991,0,0.176837579215086,0.371906628444392,0,0,0,0,0.955861414333175,0.0805415328132171,0,0.929367269753654,0,0,"NRB"
0.736432384341637,0.43745820196809,0.0833333333333333,0,0.0555555555555556,0,0,0.401976935749588,0,0.25,0.25,0.62226899178192,0.534520086600914,0.467601870407482,0.767279193835211,0.225,0.101694915254237,0.366197183098591,0,0,0,0.483290488431877,0,0,0,0,0.681549220010758,0.505985267034991,0,0,0.248522787105833,0,0,0.0555555555555556,0,0.20906502135738,0.152363469481413,0.375,0.405397117448635,0,0,"NRB"
0.748443060498221,0.253714053692558,0,0,0,0.0769230769230769,0.0555555555555556,0.670510708401977,0.125,0,0,0.526758869512928,0.409189319220592,0.323981295925184,0.728037937166568,0,0.0254237288135593,0.284507042253521,0,0,0,0.534704370179948,0.00680272108843537,0,0,0,0.7073695535234,0.502762430939227,0,0,0.0850055578306909,0,0,0,0,0.163028001898434,0.0892611289582377,0,0.328222426658489,0,0,"NRB"
0.650133451957295,0.298449890130888,0.0833333333333333,0,0,0,0.111111111111111,0.769357495881384,0,0.166666666666667,0,0.427039486871116,0.449603079143613,0.263861055444222,0.68014226437463,0.1,0.240112994350283,0.23943661971831,0,0,0,0.520565552699229,0.00680272108843537,0,1,0,0.681549220010758,0.512891344383057,0,0.145249905152669,0.0654653951910139,0,0.0833333333333333,0,0.142857142857143,0.197674418604651,0.354290959155576,0,0.383726873147296,0,0.037037037037037,"NRB"
0.610542704626335,0.129418649087609,0,0,0.111111111111111,0,0.166666666666667,0.658978583196046,0.0833333333333333,0,0.159090909090909,0.526758869512928,0.575655520808275,0.431084391004231,0.75103734439834,0,0.0480225988700565,0.298591549295774,0,0,0,0.52185089974293,0.0136054421768707,0,0,0.333333333333333,0.690155997848306,0.505985267034991,0,0,0.281109225998947,0,0.25,0.444444444444444,0.285714285714286,0.168723303274798,0.0892611289582377,0.25,0.395175304098947,0,0,"NRB"
0.607651245551601,0.28465653960065,0,0,0.0277777777777778,0,0.111111111111111,0.678747940691928,0.0416666666666667,0,0.0681818181818182,0.526758869512928,0.346403656483041,0.194834112669784,0.640782454060463,0,0.0621468926553673,0.295774647887324,0,0,0,0.544987146529563,0.00680272108843537,0,0,0,0.64228079612695,0.525782688766114,0,0,0.0239864271924179,0,0.0833333333333333,0.111111111111111,0.285714285714286,0.163858566682487,0.160624139513538,0.125,0.310947562097516,0,0,"NRB"
0.569839857651246,0.271866341836247,0,0,0.0277777777777778,0,0.111111111111111,0.678747940691928,0.0416666666666667,0,0.0454545454545455,0.526758869512928,0.346403656483041,0.194834112669784,0.636158861885003,0,0.0621468926553673,0.295774647887324,0,0,0,0.538560411311054,0.00680272108843537,0,0,0,0.629370629370629,0.525782688766114,0,0,0.0407184227461534,0,0.0833333333333333,0.111111111111111,0.285714285714286,0.161366872330327,0.160624139513538,0.125,0.310436471430032,0,0,"NRB"
0.630560498220641,0.240935798222987,0,0,0.0555555555555556,0,0.111111111111111,0.670510708401977,0.0833333333333333,0.166666666666667,0.0909090909090909,0.488073762277009,0.481837863844118,0.417724337564017,0.712744516893895,0.075,0.127118644067797,0.292957746478873,0,0,0,0.511568123393316,0.00680272108843537,0,0,0,0.679397525551372,0.506445672191529,0,0.307895513369961,0.164102264084713,0,0.0833333333333333,0.166666666666667,0.142857142857143,0.167774086378738,0.264341441027995,0.125,0.371358478994174,0,0,"NRB"
0.632339857651245,0.263888888888889,0.166666666666667,0,0.0277777777777778,0,0.166666666666667,0.673805601317957,0.0416666666666667,0.0833333333333333,0.0681818181818182,0.522449388655041,0.52225162376714,0.370073480293921,0.710373443983403,0.05,0.18361581920904,0.27887323943662,0,0,0,0.542416452442159,0.00680272108843537,0,1,0,0.690155997848306,0.505064456721915,0,0.154425506203718,0.129175685953314,0,0.25,0.166666666666667,0.142857142857143,0.21155671570954,0.26158788435062,0.125,0.420423183072677,0,0.0740740740740741,"NRB"
0.64123665480427,0.248817712811694,0,0,0.0555555555555556,0,0.166666666666667,0.658978583196046,0.125,0.166666666666667,0.0909090909090909,0.488374423732211,0.496271349530912,0.407704297483857,0.730053349140486,0.075,0.115819209039548,0.295774647887324,0,0,0,0.515424164524422,0.00680272108843537,0,0,0,0.697686928456159,0.505524861878453,0,0.309848665814212,0.166383899842041,0,0.0833333333333333,0.166666666666667,0.142857142857143,0.173113431419079,0.249885268471776,0.125,0.379535929673924,0,0,"NRB"
0.560943060498221,0.190169102894812,0,0,0.0833333333333333,0,0.0555555555555556,0.593080724876441,0.0416666666666667,0,0.0454545454545455,0.526758869512928,0.411113783978831,0.420173680694723,0.63556609365738,0,0.0649717514124294,0.332394366197183,0,0,0,0.473007712082262,0.00680272108843537,0,0,0,0.622377622377622,0.502762430939227,0,0,0.157783888141344,0,0,0.166666666666667,0.428571428571429,0.152823920265781,0.13630105553006,0.25,0.315649596238373,0,0,"NRB"
0.668594306049822,0.353587465367345,0,0,0.0833333333333333,0,0.166666666666667,0.548599670510708,0,0.333333333333333,0.136363636363636,0.526758869512928,0.490497955256194,0.273881095524382,0.72732661529342,0.2,0.355932203389831,0.369014084507042,0,0.666666666666667,0,0.425449871465296,0.00680272108843537,0,0,0,0.719741796664874,0.504604051565378,0,0.57691064678854,0.0836014742877201,0,0.25,0.333333333333333,0.285714285714286,0.198267679164689,0.492886645250115,0.375,0.40917918838802,0,0,"NRB"
0.753113879003559,0.396209515620522,0,0,0.25,0.0769230769230769,0.222222222222222,0.548599670510708,0.125,0.333333333333333,0.181818181818182,0.526758869512928,0.612701467404378,0.380316187931418,0.81624184943687,0.2,0.282485875706215,0.419718309859155,0,0.666666666666667,0.333333333333333,0.358611825192802,0.00680272108843537,0,0,0,0.795589026358257,0.505985267034991,0,0.6282546685964,0.10086000117007,0,0.25,0.444444444444444,0,0.20609871855719,0.460761817347407,0.375,0.443626699376469,0,0.111111111111111,"NRB"
0.607651245551601,0.306522881436897,0,0,0.0277777777777778,0,0.0555555555555556,0.706754530477759,0,0.166666666666667,0.0454545454545455,0.526758869512928,0.396680298292038,0.264306390558896,0.648251333728512,0.1,0.225988700564972,0.290140845070422,0,0.333333333333333,0,0.48586118251928,0.00680272108843537,0,0,0,0.64228079612695,0.493554327808472,0,0.281211797602822,0.0710817293628971,0,0.0833333333333333,0.111111111111111,0,0.18343616516374,0.368747131711794,0.125,0.356536849637126,0,0,"NRB"
0.673709964412811,0.345980223559759,0.166666666666667,0,0.0277777777777778,0,0.166666666666667,0.706754530477759,0,0.166666666666667,0.0454545454545455,0.526758869512928,0.505893673322107,0.258294366510799,0.70515708358032,0.1,0.358757062146893,0.267605633802817,0,0.333333333333333,0,0.557840616966581,0.00680272108843537,0,1,0,0.70898332436794,0.502302025782689,0,0.287675467562213,0.0659919265196279,0,0.25,0.111111111111111,0,0.218201233981965,0.398118402937127,0.125,0.429622815087396,0,0.0740740740740741,"NRB"
0.659475088967971,0.339603038119805,0.166666666666667,0,0.0277777777777778,0,0.166666666666667,0.706754530477759,0,0.166666666666667,0.0454545454545455,0.526758869512928,0.505893673322107,0.258294366510799,0.702430349733254,0.1,0.358757062146893,0.267605633802817,0,0.333333333333333,0,0.555269922879177,0.00680272108843537,0,1,0,0.701990317374933,0.502302025782689,0,0.287675467562213,0.0648803603814427,0,0.25,0.111111111111111,0,0.21203132415757,0.398118402937127,0.125,0.429418378820403,0,0.0740740740740741,"NRB"
0.594973309608541,0.193035253654342,0,0,0,0,0.111111111111111,0.85996705107084,0,0.0833333333333333,0,0.526758869512928,0.469328842915564,0,0.687255483106106,0.1,0.0903954802259888,0.216901408450704,0,0,0,0.569408740359897,0.0136054421768707,0,0,0,0.664873587950511,0.506445672191529,0,0,0.139530802082724,0,0.166666666666667,0,0,0.165757000474608,0.136989444699403,0,0.365020954717367,0,0,"NRB"
0.569839857651246,0.282566638005159,0,0,0.0277777777777778,0,0.111111111111111,0.658978583196046,0,0.0833333333333333,0.0454545454545455,0.526758869512928,0.352898725042098,0.194834112669784,0.636158861885003,0.05,0.135593220338983,0.304225352112676,0,0,0,0.466580976863753,0.00680272108843537,0,0,0,0.629370629370629,0.527163904235728,0,0,0.0407184227461534,0,0.166666666666667,0.111111111111111,0.428571428571429,0.162790697674419,0.275355667737494,0.125,0.313707451701932,0,0,"NRB"
0.597642348754448,0.251170344893475,0,0,0.0277777777777778,0,0.111111111111111,0.634266886326194,0.0833333333333333,0.166666666666667,0.0454545454545455,0.520144317498497,0.460668751503488,0.357158761968381,0.691523414344991,0.075,0.127118644067797,0.307042253521127,0,0,0,0.470437017994859,0.00680272108843537,0,0,0,0.668101129639591,0.505064456721915,0,0.150083606165779,0.133797460948926,0,0.166666666666667,0.166666666666667,0.142857142857143,0.165994304698624,0.219366681964204,0.125,0.355514668302157,0,0,"NRB"
0.616103202846975,0.308087322059807,0,0,0.0277777777777778,0,0.111111111111111,0.658978583196046,0,0.25,0.0454545454545455,0.526758869512928,0.422179456338706,0.263861055444222,0.676704208654416,0.15,0.282485875706215,0.304225352112676,0,0.333333333333333,0,0.448586118251928,0.00680272108843537,0,0,0,0.664873587950511,0.512891344383057,0,0.282040833532396,0.0758205113204236,0,0.166666666666667,0.111111111111111,0.142857142857143,0.185927859515899,0.428178063331804,0.125,0.36788306245528,0,0,"NRB"
0.703514234875445,0.40479602560428,0,0,0.0833333333333333,0,0.222222222222222,0.520593080724876,0,0.583333333333333,0.136363636363636,0.526758869512928,0.546788549434688,0.272767757737698,0.762655601659751,0.35,0.508474576271187,0.377464788732394,0,1,0,0.390745501285347,0.00680272108843537,0,0,0,0.759010220548682,0.505985267034991,0,0.873550943555299,0.0633007663956005,0,0.333333333333333,0.333333333333333,0.142857142857143,0.207759848125297,0.590867370353373,0.375,0.439537974036594,0,0,"NRB"
0.624332740213523,0.308565013853062,0.166666666666667,0,0,0,0.166666666666667,0.761120263591433,0,0.0833333333333333,0,0.526758869512928,0.461390425787828,0.196170118013805,0.670895080023711,0.05,0.257062146892656,0.228169014084507,0,0,0,0.588688946015424,0.00680272108843537,0,1,0,0.670252824098978,0.494014732965009,0,0,0.036038144269584,0,0.25,0,0.142857142857143,0.205505457997152,0.306333180357962,0,0.404068281713176,0,0.0740740740740741,"NRB"
0.671485765124555,0.296443584599217,0.0833333333333333,0,0.0833333333333333,0,0.222222222222222,0.617792421746293,0.0416666666666667,0.333333333333333,0.0681818181818182,0.463920625375827,0.5645898484484,0.419951013137386,0.7556609365738,0.175,0.203389830508474,0.307042253521127,0,0,0,0.47172236503856,0.00680272108843537,0,1,0,0.734803657880581,0.505985267034991,0,0.314078154200683,0.160533551746329,0,0.333333333333333,0.166666666666667,0.142857142857143,0.200878025628856,0.289352914180817,0.125,0.42164980067464,0,0.037037037037037,"NRB"
0.693727758007117,0.351437852297698,0.333333333333333,0,0,0,0.277777777777778,0.761120263591433,0,0.0833333333333333,0,0.526758869512928,0.548713014192928,0.185259407704297,0.722110254890338,0.05,0.398305084745763,0.205633802816901,0,0,0,0.618251928020566,0.00680272108843537,0,1,0,0.734265734265734,0.502302025782689,0,0,0.0297197683262154,0,0.416666666666667,0,0.142857142857143,0.2312529663028,0.347177604405691,0,0.455790657262598,0,0.148148148148148,"NRB"
0.72508896797153,0.201550109869112,0.416666666666667,0,0,0,0.333333333333333,0.617792421746293,0.0416666666666667,0.166666666666667,0,0.485067147724995,0.683906663459225,0.652193275439768,0.787196206283343,0.125,0.15819209039548,0.287323943661972,0,0,0,0.537275064267352,0.00680272108843537,0,1,0,0.773534158149543,0.505985267034991,0,0.168238087877809,0.381852220207102,0,0.5,0,0,0.2406264831514,0.211564938044975,0,0.49146478585301,0,0.185185185185185,"NRB"
0.618994661921708,0.292263781408235,0.0833333333333333,0,0,0,0.111111111111111,0.823723228995058,0,0.0833333333333333,0,0.526758869512928,0.426990618234304,0.264306390558896,0.651333728512152,0.05,0.18361581920904,0.219718309859155,0,0,0,0.588688946015424,0.00680272108843537,0,1,0,0.657342657342657,0.494014732965009,0,0.142523922604578,0.0534721815948049,0,0.0833333333333333,0,0,0.195064072140484,0.286599357503442,0,0.372891750996627,0,0.037037037037037,"NRB"
0.565613879003559,0.231262539409573,0,0,0,0,0.0555555555555556,0.784184514003295,0.0416666666666667,0.0833333333333333,0,0.534576067348166,0.426028385855184,0.379648185259408,0.65773562537048,0.025,0.0875706214689266,0.245070422535211,0,0,0,0.556555269922879,0.00680272108843537,0,0,0,0.627218934911243,0.502302025782689,0,0.147961836244327,0.143977066635465,0,0,0,0,0.159468438538206,0.212712253327214,0,0.345292854952469,0,0,"NRB"
0.683274021352313,0.170512085602369,0,0,0,0,0.111111111111111,0.583196046128501,0.0833333333333333,0.333333333333333,0,0.440368811385047,0.694010103439981,0.803829881986195,0.789448725548311,0.3,0.0593220338983051,0.315492957746479,0,0,0,0.448586118251928,0.00680272108843537,0,0,0,0.726734803657881,0.505985267034991,0,0.354012393384574,0.608436201954016,0,0,0,0,0.181181775035596,0.120238641578706,0,0.425534089747521,0.5,0,"NRB"
0.73732206405694,0.269203210088851,0,0,0,0.0769230769230769,0.111111111111111,0.670510708401977,0.125,0.166666666666667,0,0.439065945079174,0.461149867693048,0.273881095524382,0.7556609365738,0.1,0.1045197740113,0.284507042253521,0,0,0,0.488431876606684,0.00680272108843537,0,0,0,0.717590102205487,0.505064456721915,0,0.148411482850197,0.103609664775054,0,0,0,0.142857142857143,0.175130517323208,0.250344194584672,0,0.364714300316876,0,0,"NRB"
0.69105871886121,0.258180471959492,0,0,0,0.0769230769230769,0.0555555555555556,0.647446457990115,0.125,0.25,0,0.479454800561235,0.4784700505172,0.417724337564017,0.743687018375815,0.2,0.138418079096045,0.292957746478873,0,0,0,0.455012853470437,0.00680272108843537,0,0,0,0.671328671328671,0.506445672191529,0,0.159399721781163,0.175217925466565,0,0,0,0,0.167418130042715,0.230151445617256,0,0.365327609117857,0,0,"NRB"
0.641014234875445,0.313544950797745,0,0,0.0555555555555556,0,0.111111111111111,0.678747940691928,0,0.333333333333333,0.0454545454545455,0.4097013429545,0.466442145778205,0.280115787129815,0.706816834617664,0.2,0.31638418079096,0.295774647887324,0,0.333333333333333,0,0.431876606683805,0.00680272108843537,0,0,0,0.692845615922539,0.50828729281768,0,0.431801256200205,0.0916749546598023,0,0.0833333333333333,0.111111111111111,0.142857142857143,0.188656858092074,0.466498393758605,0.125,0.387100071552694,0,0,"NRB"
0.776023131672598,0.166439763064871,0,0,0,0.153846153846154,0.222222222222222,0.57660626029654,0.291666666666667,0.25,0,0.515033072760072,0.692566754871301,0.819861946114451,0.850148192056906,0.2,0.0480225988700565,0.31830985915493,0,0,0,0.465295629820052,0.00680272108843537,0,0,0,0.78859601936525,0.505985267034991,0,0.173338766563154,0.663136956648921,0,0.0833333333333333,0,0.142857142857143,0.188300901756051,0.109224414869206,0,0.434018194827762,0,0,"NRB"
0.629003558718861,0.299106716346613,0,0,0.166666666666667,0,0.111111111111111,0.940691927512356,0,0,0.0909090909090909,0.526758869512928,0.420495549675246,0.280783789801826,0.660936573799644,0,0.138418079096045,0.222535211267606,0,0,0,0.625964010282776,0.00680272108843537,0,0,0,0.670790747713825,0.512891344383057,0,0,0.05803545310946,0,0,0.111111111111111,0,0.177266255339345,0.313446535107848,0.25,0.359807829909026,0,0,"NRB"
0.648131672597865,0.177283366771759,0,0,0.111111111111111,0,0.166666666666667,0.667215815485997,0.0833333333333333,0.25,0.136363636363636,0.509420725596312,0.58744286745249,0.317523936762414,0.765619442797866,0.075,0.129943502824859,0.298591549295774,0,0,0,0.474293059125964,0.0136054421768707,0,0,0,0.714362560516407,0.505985267034991,0,0.170612784015063,0.218627508336746,0,0.166666666666667,0.388888888888889,0.428571428571429,0.173943996203132,0.228315741165672,0.25,0.408463661453542,0,0,"NRB"
0.444839857651246,0.142841788478074,0,0,0,0,0,0.548599670510708,0,0,0,0.526758869512928,0.403175366851095,0,0.609365737996443,0,0.0112994350282486,0.326760563380281,0,0,0,0.439588688946015,0.00680272108843537,0,0,0,0.537923614846692,0.507366482504604,0,0,0.0468027847656936,0,0,0,0,0.0880398671096345,0.00757228086278107,0,0.257794132679137,0,0,"NRB"
0.607651245551601,0.244219929301615,0.25,0,0,0,0.0555555555555556,0.706754530477759,0,0,0,0.526758869512928,0.482318980033678,0.264306390558896,0.648251333728512,0,0.152542372881356,0.194366197183098,0,0,0,0.717223650385604,0.00680272108843537,0,1,0,0.64228079612695,0.494935543278085,0,0,0.0710817293628971,0,0.0833333333333333,0,0,0.267679164689131,0.1977971546581,0,0.449453132985792,0,0.0740740740740741,"NRB"
0.607873665480427,0.109498901308876,0.0833333333333333,0,0,0,0.111111111111111,0.624382207578254,0.0416666666666667,0.25,0,0.526758869512928,0.650469088284821,0.55956357158762,0.760995850622407,0.275,0.0677966101694916,0.290140845070422,0,0,0,0.511568123393316,0.0136054421768707,0,0,0,0.677245831091985,0.505985267034991,0,0,0.427192417948868,0,0.166666666666667,0,0,0.205505457997152,0.0977512620468104,0,0.440355719104569,0,0,"NRB"
0.727758007117438,0.286352345466705,0.166666666666667,0,0.0555555555555556,0,0.111111111111111,0.593080724876441,0,0.25,0.0454545454545455,0.526758869512928,0.546788549434688,0.390558895568916,0.752697095435685,0.2,0.18361581920904,0.259154929577465,0,0,0,0.588688946015424,0.00680272108843537,0,0,0,0.703066164604626,0.505524861878453,0,0,0.146726730240449,0,0.0833333333333333,0.0555555555555556,0,0.288917892738491,0.256998623221661,0.125,0.478891955432894,0,0,"NRB"
0.638790035587188,0.281647081303143,0,0,0.0833333333333333,0,0.166666666666667,0.593080724876441,0.0416666666666667,0.166666666666667,0.0909090909090909,0.514632190819803,0.463796006735627,0.335782676464039,0.710373443983403,0.075,0.152542372881356,0.332394366197183,0,0,0,0.452442159383034,0.00680272108843537,0,0,0,0.697149004841312,0.505064456721915,0,0.150294378012281,0.112853214766279,0,0.25,0.277777777777778,0.428571428571429,0.174299952539155,0.257687012391005,0.25,0.363181028314423,0,0,"NRB"
0.688612099644128,0.231895481035636,0.5,0,0,0,0.444444444444444,0.85996705107084,0,0.0833333333333333,0,0.526758869512928,0.894154438296849,0.166778000445335,0.786247777119146,0.1,0.259887005649717,0.101408450704225,0,0,0,0.835475578406169,0.0136054421768707,1,0,0,0.750941366325982,0.505985267034991,1,0,0.157783888141344,0,0.666666666666667,0,0,0.556122448979592,0.162459843965122,0,0.86394766431565,0,0.222222222222222,"NRB"
0.618772241992882,0.268976306487055,0,0,0.0277777777777778,0,0.111111111111111,0.658978583196046,0,0.166666666666667,0.0454545454545455,0.436961314892764,0.428193408708203,0.283455800489869,0.684410195613515,0.1,0.163841807909604,0.301408450704225,0,0,0,0.452442159383034,0.00680272108843537,0,0,0,0.672942442173211,0.502302025782689,0,0.145854117779308,0.0881647458023753,0,0.0833333333333333,0.111111111111111,0.285714285714286,0.170977693402943,0.299678751720973,0.125,0.348052744556884,0,0,"NRB"
0.643238434163701,0.29751839113404,0,0,0.0555555555555556,0,0.111111111111111,0.604612850082372,0.0833333333333333,0.25,0.0227272727272727,0.476147524554019,0.494106326677893,0.401914940993097,0.7185536455246,0.175,0.146892655367231,0.315492957746479,0,0,0,0.439588688946015,0.00680272108843537,0,0,0,0.696611081226466,0.505524861878453,0,0.154987564461056,0.138360732463582,0,0.166666666666667,0,0.142857142857143,0.171452301850973,0.226938962826985,0.125,0.368496371256261,0,0,"NRB"
0.767571174377224,0.21420894239037,0.333333333333333,0,0,0,0.222222222222222,0.698517298187809,0.0416666666666667,0.166666666666667,0,0.526758869512928,0.636757276882367,0.247828991315965,0.793242442205098,0.2,0.15819209039548,0.216901408450704,0,0,0,0.638817480719794,0.0136054421768707,0,1,0,0.757934373318989,0.505985267034991,0,0,0.152460071374247,0,0.333333333333333,0,0,0.291053630754627,0.189536484625975,0,0.510579576816927,0,0.0740740740740741,"NRB"
0.690836298932384,0.211736887360275,0,0,0,0,0.222222222222222,0.775947281713344,0.0833333333333333,0,0,0.526758869512928,0.508058696175126,0.222667557336896,0.739419087136929,0,0.0338983050847458,0.247887323943662,0,0,0,0.575835475578406,0.0136054421768707,0,0,0,0.744486282947821,0.505985267034991,0,0,0.106593342303867,0,0,0,0,0.181656383483626,0.0888022028453419,0,0.380966983542881,0,0,"NRB"
0.651245551601423,0.111326072418076,0,0,0,0,0.111111111111111,0.741350906095552,0,0,0,0.526758869512928,0.531392831368776,0,0.750681683461767,0,0.0310734463276836,0.259154929577465,0,0,0,0.548843187660668,0.0204081632653061,0,0,0,0.72512103281334,0.505985267034991,0,0,0.154858714093489,0.25,0,0,0,0.168248694826768,0.0585130793942175,0,0.376469385669018,0,0,"NRB"
0.68394128113879,0.198039075188688,0,0,0,0,0.222222222222222,0.795716639209226,0,0.25,0,0.506414111044297,0.535001202790474,0.205299487864618,0.752104327208062,0.225,0.149717514124294,0.242253521126761,0,0,0,0.51413881748072,0.0136054421768707,0,0,0,0.736417428725121,0.505985267034991,0,0.16954487332612,0.140583864739952,0,0.166666666666667,0,0.142857142857143,0.185097294731846,0.241624598439651,0,0.399775120106307,0,0,"NRB"
0.769350533807829,0.278458488583166,0.0833333333333333,0,0.0555555555555556,0,0.222222222222222,0.686985172981878,0,0.25,0.0454545454545455,0.526758869512928,0.538850132306952,0.229124916499666,0.781268524007113,0.15,0.203389830508474,0.256338028169014,0,0,0,0.53598971722365,0.0204081632653061,0,0,0,0.786444324905863,0.505985267034991,0,0.313150758076075,0.0666354648101562,0,0.166666666666667,0.111111111111111,0.428571428571429,0.29437588989084,0.330197338228545,0.125,0.486251661044669,0,0,"NRB"
0.745106761565836,0.26164373746059,0.0833333333333333,0,0.0555555555555556,0,0.277777777777778,0.658978583196046,0,0.333333333333333,0.0454545454545455,0.526758869512928,0.553043059898966,0.228011578712982,0.789922940130409,0.225,0.23728813559322,0.267605633802817,0,0,0,0.502570694087404,0.0204081632653061,0,0,0,0.77568585260893,0.505985267034991,0,0.30708052889682,0.0831334464400632,0,0.25,0.111111111111111,0.571428571428571,0.293189368770764,0.369664983937586,0.125,0.48952264131657,0,0,"NRB"
0.745106761565836,0.259673258813414,0.0833333333333333,0,0.0555555555555556,0,0.277777777777778,0.658978583196046,0,0.333333333333333,0.0454545454545455,0.526758869512928,0.553043059898966,0.228011578712982,0.789922940130409,0.225,0.23728813559322,0.267605633802817,0,0,0,0.498714652956298,0.0204081632653061,0,0,0,0.776223776223776,0.505985267034991,0,0.306757345398851,0.0834844673258059,0,0.25,0.111111111111111,0.571428571428571,0.293189368770764,0.369664983937586,0.125,0.48952264131657,0,0,"NRB"
0.703069395017793,0.207294353683004,0,0,0,0,0.333333333333333,0.764415156507413,0,0.416666666666667,0,0.474143114852676,0.553283617993745,0.165887330215988,0.775696502667457,0.325,0.228813559322034,0.253521126760564,0,0,0,0.461439588688946,0.0136054421768707,0,0,0,0.755244755244755,0.505985267034991,0,0.16872988885298,0.14508863277365,0,0.333333333333333,0,0.571428571428571,0.191504508780256,0.360256998623222,0,0.41245016865992,0,0,"NRB"
0.70373665480427,0.259983758479029,0.0833333333333333,0,0,0,0,0.439868204283361,0,0.166666666666667,0,0.526758869512928,0.37021890786625,0.204186150077934,0.686899822169532,0.1,0.172316384180791,0.312676056338028,0,0,0,0.491002570694088,0.00680272108843537,0,0,0,0.675632060247445,0.472836095764273,0,0.293127432658395,0.0289592230737729,0,0,0,0,0.283934504034172,0.349013308857274,0,0.44393335377696,0,0,"NRB"
0.623220640569395,0.116592624438712,0.166666666666667,0,0.138888888888889,0,0.111111111111111,0.649093904448105,0,0,0.0909090909090909,0.526758869512928,0.56483040654318,0,0.745228215767635,0,0.0819209039548023,0.256338028169014,0,0,0,0.611825192802056,0.0272108843537415,0,0,0,0.744486282947821,0.505985267034991,0,0,0.192534955829872,0,0,0.277777777777778,0.142857142857143,0.246084480303749,0.0819183111519045,0.25,0.448124297250332,0,0,"NRB"
0.569839857651246,0.254024553358173,0,0.333333333333333,0,0,0,0.548599670510708,0,0.166666666666667,0.0454545454545455,0.466325917017438,0.362761606928073,0.194834112669784,0.636158861885003,0.05,0.296610169491526,0.369014084507042,0.5,0,0,0.389460154241645,0.00680272108843537,0,0,0,0.629370629370629,0.529005524861879,0,0.286537299591103,0.0407184227461534,0,0,0.222222222222222,0.285714285714286,0.156620787850024,0.418770078017439,0.25,0.317796177041807,0,0,"NRB"
0.681049822064057,0.385115123722174,0,0,0,0,0,0.4332784184514,0,0.5,0.613636363636364,0.526758869512928,0.625932162617272,0.43976842574037,0.784588026081802,0.3,0.180790960451977,0.394366197183098,0,0,0,0.352185089974293,0.00680272108843537,0,0,0,0.755244755244755,0.505985267034991,0,0,0.114315801790207,0,0,0,0,0.185453251067869,0.190224873795319,0.75,0.411121332924461,0,0,"NRB"
0.624332740213523,0.235203496703927,0.166666666666667,0,0,0,0,0.4332784184514,0,0,0.0909090909090909,0.627781118460613,0.43492903536204,0.196170118013805,0.670895080023711,0,0.1045197740113,0.307042253521127,0,0,0,0.605398457583548,0.00680272108843537,0,0,0,0.670252824098978,0.495395948434623,0,0,0.036038144269584,0,0,0,0,0.216777408637874,0.126663607159247,0.25,0.392824287028519,0,0,"NRB"
0.687722419928825,0.150377376516671,0,0,0.0833333333333333,0,0.277777777777778,0.848434925864909,0,0.166666666666667,0.0909090909090909,0.494688314291441,0.577579985566514,0.122021821420619,0.776644931831654,0.15,0.127118644067797,0.228169014084507,0,0,0,0.566838046272494,0.0272108843537415,0,0,0,0.759548144163529,0.505985267034991,0,0.171526128683238,0.176505002047622,0,0.166666666666667,0.166666666666667,0.285714285714286,0.196606549596583,0.208352455254704,0.125,0.424716344679546,0,0,"NRB"
0.678603202846975,0.0979029330276106,0.333333333333333,0.666666666666667,0.444444444444444,0,0.777777777777778,0.690280065897858,0.0833333333333333,0.666666666666667,0.454545454545455,0.256664662256965,0.839066634592254,0.214651525272768,0.902430349733254,0.35,0.211864406779661,0.287323943661972,0,0,0,0.516709511568123,0.0272108843537415,0,1,0,0.752555137170522,0.505985267034991,0,0.715472058678882,0.535189843795706,0,1,1,0.285714285714286,0.207522543901281,0.258834327673245,0.75,0.547582541142799,0,0.148148148148148,"NRB"
0.359875444839858,0.312959778351008,0,0,0,0,0,0.731466227347611,0,0.0833333333333333,0,0.526758869512928,0.252345441424104,0,0.502430349733254,0,0.152542372881356,0.264788732394366,0,0,0,0.602827763496144,0.00680272108843537,0,0,0,0.537923614846692,0.396869244935543,0,0,0.00789796992921079,0,0,0,0,0.14938300901756,0.191142726021111,0,0.274251252172135,0,0,"NRB"
0.753781138790036,0.235107958345276,0.0833333333333333,0,0.0833333333333333,0,0.111111111111111,0.686985172981878,0,0.25,0.0681818181818182,0.541190619362598,0.535963435169593,0.335337341349365,0.77344398340249,0.225,0.203389830508474,0.256338028169014,0,0,0,0.533419023136247,0.0204081632653061,0,0,0,0.809037116729424,0.505985267034991,0,0.324110894094173,0.10390218217984,0,0.0833333333333333,0.111111111111111,0,0.295443758898908,0.289352914180817,0.125,0.480118573034856,0,0,"NRB"
0.737989323843416,0.222843221553454,0.166666666666667,0,0,0,0.111111111111111,0.599670510708402,0,0.25,0,0.526758869512928,0.518643252345442,0.219327543976843,0.755305275637226,0.225,0.177966101694915,0.23943661971831,0,0,0,0.583547557840617,0.0204081632653061,0,0,0,0.754168908015062,0.506445672191529,0,0,0.0624232141812438,0,0.0833333333333333,0,0,0.289392501186521,0.189536484625975,0,0.472349994889093,0,0,"NRB"
0.735320284697509,0.171180854112926,0,0,0.305555555555556,0,0.222222222222222,0.596375617792422,0.125,0.5,0.25,0.3541791942273,0.643011787346644,0.351146737920285,0.83556609365738,0.225,0.209039548022599,0.332394366197183,0,0,0,0.42159383033419,0.0408163265306122,0,0,0,0.821409359870898,0.505985267034991,0,0.33526775050234,0.159597496051015,0,0.166666666666667,0.555555555555556,0.714285714285714,0.19874228761272,0.31642955484167,0.5,0.442706736174997,0,0,"NRB"
0.632339857651245,0.237711378618515,0,0,0.0277777777777778,0,0.111111111111111,0.5667215815486,0,0.416666666666667,0.0227272727272727,0.433654038885548,0.525619437094058,0.51146737920285,0.726141078838174,0.175,0.203389830508474,0.329577464788732,0,0,0,0.372750642673522,0.00680272108843537,0,0,0,0.682087143625605,0.505985267034991,0,0.144828361459665,0.229743169718598,0,0.166666666666667,0,0.428571428571429,0.167774086378738,0.29554841670491,0.125,0.377798221404477,0,0,"NRB"
0.359875444839858,0.181618419795548,0.166666666666667,0,0,0,0,0.449752883031301,0.0833333333333333,0,0,0.526758869512928,0.513591532355064,0.338900022266756,0.436158861885003,0,0.14406779661017,0.307042253521127,0,0,0,0.610539845758355,0,1,1,0,0.393760086067778,0.660681399631676,0,0,0.096530743579243,0,0,0,0,0.545681063122924,0.184717760440569,0,0.680874987222733,0,0.0740740740740741,"NRB"
0.222419928825623,0.111660456673354,0.0833333333333333,0,0,0,0,0.411861614497529,0.0833333333333333,0,0,0.526758869512928,0.452730334375752,0.204408817635271,0.286899822169532,0,0.0790960451977402,0.32112676056338,0,0,0,0.668380462724936,0,1,0,0,0.22270037654653,0.824125230202578,0,0,0.052009594570877,0,0,0,0,0.545799715234931,0.141349242771914,0,0.679137278953286,0,0.037037037037037,"NRB"
0.678603202846975,0.325797745294736,0,0,0.0555555555555556,0,0,0.494233937397035,0.0833333333333333,0.5,0.0454545454545455,0.447183804369613,0.642290113062305,0.789579158316633,0.775696502667457,0.225,0.0960451977401131,0.349295774647887,0,0,0,0.3573264781491,0,0,0,0,0.694459386767079,0.505985267034991,0,0.165582362611885,0.616743696249927,0,0,0.111111111111111,0.857142857142857,0.148552444233507,0.222120238641579,0.125,0.387713380353675,0,0,"NRB"
0.639679715302491,0.244076621763638,0,0,0.0555555555555556,0,0,0.494233937397035,0.0833333333333333,0.166666666666667,0.0681818181818182,0.465824814592103,0.400769785903296,0.265642395902917,0.696976882039123,0.1,0.177966101694915,0.371830985915493,0,0,0,0.39974293059126,0.00680272108843537,0,0,0,0.71866594943518,0.512430939226519,0,0.300096955049391,0.0668109752530276,0,0,0.166666666666667,0.285714285714286,0.161841480778358,0.328820559889858,0.25,0.328017990391495,0,0,"NRB"
0.656806049822064,0.311049011177988,0,0,0.0555555555555556,0,0.111111111111111,0.658978583196046,0.0416666666666667,0.166666666666667,0.0681818181818182,0.526758869512928,0.43468847726726,0.283455800489869,0.687729697688204,0.1,0.163841807909604,0.301408450704225,0,0.333333333333333,0,0.48586118251928,0.00680272108843537,0,0,0,0.692845615922539,0.502302025782689,0,0.291876853035817,0.0677470309483414,0,0.0833333333333333,0.111111111111111,0,0.188182249644044,0.30656264341441,0.125,0.368394153122764,0,0,"NRB"
0.760231316725979,0.283378714053693,0.833333333333333,0,0,0,0.666666666666667,0.897858319604613,0,0,0,0.526758869512928,0.737070002405581,0.160320641282565,0.827148784825133,0,0.463276836158192,0.132394366197183,0,0,0,0.70694087403599,0.0136054421768707,0,1,0,0.824098977945132,0.505985267034991,0,0,0.112034166032879,0,0.833333333333333,0,0,0.248457522543901,0.300826067003212,0,0.543800470203414,0,0.37037037037037,"NRB"
0.400800711743772,0.196283557848476,0,0,0,0,0,0.500823723228995,0.0833333333333333,0,0,0.526758869512928,0.268703391869136,0.434201736806947,0.500296384113811,0,0.00847457627118645,0.343661971830986,0,0,0,0.426735218508997,0,0,0,0,0.456159225389995,0.555709023941068,0,0,0.142806997016322,0,0,0,0,0.0728523967726625,0.0403854979348325,0,0.186445875498313,0,0,"RB"
0.222419928825623,0.210482946402981,0,0,0,0,0,0.471169686985173,0,0.0833333333333333,0,0.526758869512928,0.114986769304787,0,0.368938944872555,0,0.161016949152543,0.357746478873239,0,0,0,0.106683804627249,0.00680272108843537,0,0,0,0.537923614846692,0.256906077348066,0,0,0,0,0,0,0,0.10109159943047,0.160624139513538,0,0.195236634979045,0,0,"RB"
0.536921708185053,0.264832330180568,0,0,0,0,0.0555555555555556,0.769357495881384,0.0416666666666667,0,0,0.526758869512928,0.314890546066875,0.178579380984191,0.593835210432721,0,0.0338983050847458,0.250704225352113,0,0,0,0.591259640102828,0.00680272108843537,0,0,0,0.592253899946208,0.471915285451197,0,0,0.0310653483882291,0,0,0,0,0.152112007593735,0.111289582377237,0,0.291934989267096,0,0,"RB"
0.417927046263345,0.230163848285086,0,0,0.0555555555555556,0,0,0.471169686985173,0.0833333333333333,0,0.0454545454545455,0.526758869512928,0.331489054606688,0.50790469828546,0.541671606401897,0,0.0254237288135593,0.363380281690141,0,0,0,0.406169665809769,0,0,0,0,0.485207100591716,0.523480662983425,0,0,0.189609781782016,0,0,0.111111111111111,0.142857142857143,0.0818699572852397,0.0585130793942175,0.125,0.220893386486763,0,0,"RB"
0.706183274021352,0.352190216872074,0,0,0,0.0769230769230769,0,0.56836902800659,0.125,0.0833333333333333,0,0.656644618159952,0.401010343998076,0.41393898908929,0.710254890337878,0.05,0.0508474576271187,0.32112676056338,0,0,0,0.46401028277635,0,0,0,0,0.632060247444863,0.511970534069982,0,0,0.169484584332768,0,0,0,0.142857142857143,0.134551495016611,0.183111519045434,0,0.311356434631504,0,0,"RB"
0.42682384341637,0.276392471577338,0,0,0,0,0,0.454695222405272,0.0833333333333333,0.25,0,0.526758869512928,0.393071926870339,0.567802271209085,0.572377000592768,0.025,0.115819209039548,0.363380281690141,0,0,0,0.325192802056555,0,0,0,0,0.501344809037117,0.512430939226519,0,0,0.236646580471538,0,0,0,0.142857142857143,0.0936165163739915,0.195273061037173,0,0.259531840948584,0,0,"RB"
0.359875444839858,0.196868730295214,0,0,0,0,0,0.507413509060956,0.0416666666666667,0.0833333333333333,0,0.526758869512928,0.21842675006014,0.338900022266756,0.436158861885003,0.025,0.0903954802259888,0.343661971830986,0,0,0,0.419023136246787,0,0,0,0,0.393760086067778,0.673112338858195,0,0.132153947756685,0.096530743579243,0,0,0,0,0.0938538205980066,0.305874254245066,0,0.201574159255852,0,0,"RB"
0.695062277580071,0.343269322633037,0,0,0,0.0769230769230769,0,0.494233937397035,0.125,0.166666666666667,0,0.529264381639607,0.332210728891027,0.289245156980628,0.691879075281565,0.05,0.115819209039548,0.349295774647887,0,0,0,0.403598971722365,0,0,0,0,0.618074233458849,0.470073664825046,0,0.144715949808198,0.0967062540221143,0,0,0,0.142857142857143,0.137043189368771,0.335016062413951,0,0.289379535929674,0,0,"RB"
0.534697508896797,0.325941052832712,0,0,0,0,0,0.500823723228995,0,0.333333333333333,0,0.467127680897976,0.415684387779649,0.486973947895792,0.641967990515708,0.15,0.19774011299435,0.346478873239437,0,0,0,0.340616966580977,0,0,0,0,0.566433566433566,0.512891344383057,0,0.295291356949148,0.188556719124788,0,0,0,0,0.134670147128619,0.34832491968793,0,0.32065828477972,0,0,"RB"
0.569395017793594,0.430925766695328,0,0,0,0,0,0.548599670510708,0.166666666666667,0.333333333333333,0,0.432050511124474,0.585758960789031,0.6729013582721,0.741908713692946,0.25,0.0847457627118645,0.329577464788732,0,0,0,0.411311053984576,0,0,0,0,0.621839698762776,0.505985267034991,0,0.327694015484705,0.379746094892646,0,0,0,0,0.151281442809682,0.179669573198715,0,0.379638147807421,0,0,"RB"
0.530026690391459,0.278960064966084,0,0,0,0,0,0.520593080724876,0.0416666666666667,0.25,0,0.458809380637402,0.544864084676449,0.723446893787575,0.698162418494369,0.1,0.0649717514124294,0.338028169014084,0,0,0,0.398457583547558,0,0,0,0,0.566971490048413,0.505985267034991,0,0.145278008065536,0.435733926168607,0,0,0,0.285714285714286,0.126008542952065,0.17140890316659,0,0.342737401615047,0,0,"RB"
0.439279359430605,0.251588325212573,0,0,0.0277777777777778,0,0,0.548599670510708,0.0416666666666667,0,0.0227272727272727,0.526758869512928,0.528265576136637,0.739701625473169,0.655957320687611,0,0.0225988700564972,0.332394366197183,0,0,0,0.469151670951157,0,0,0,0,0.526089295320065,0.505985267034991,0,0,0.449189726788744,0,0,0.0555555555555556,0,0.115448504983389,0.0764111977971546,0.125,0.330062353061433,0,0,"RB"
0.607651245551601,0.256830992643546,0.166666666666667,0,0,0,0.0555555555555556,0.769357495881384,0.0416666666666667,0,0,0.526758869512928,0.45585758960789,0.264306390558896,0.648251333728512,0,0.155367231638418,0.228169014084507,0,0,0,0.607969151670951,0.00680272108843537,0,1,0,0.64228079612695,0.494475138121547,0,0,0.0710817293628971,0,0,0,0,0.203369719981016,0.204451583295089,0,0.394255340897475,0,0.0740740740740741,"RB"
0.618994661921708,0.299214197000096,0,0,0,0,0.111111111111111,0.678747940691928,0,0.166666666666667,0,0.526758869512928,0.378638441183546,0.264306390558896,0.651333728512152,0.1,0.152542372881356,0.281690140845071,0,0,0,0.453727506426735,0.00680272108843537,0,0,0,0.657342657342657,0.494014732965009,0,0,0.0534721815948049,0,0.166666666666667,0,0.142857142857143,0.166943521594684,0.245525470399266,0,0.321476029847695,0,0,"RB"
0.555827402135231,0.251015095060667,0,0,0,0,0.0555555555555556,0.72158154859967,0.0416666666666667,0.0833333333333333,0,0.526758869512928,0.34784700505172,0.250501002004008,0.60901007705987,0.05,0.0960451977401131,0.267605633802817,0,0,0,0.488431876606684,0.00680272108843537,0,0,0,0.611081226465842,0.526243093922652,0,0,0.0606681097525303,0,0,0,0.142857142857143,0.152942572377788,0.21317117944011,0,0.299294694878872,0,0,"RB"
0.644128113879003,0.310308588898443,0,0,0,0,0.166666666666667,0.673805601317957,0,0.25,0,0.526758869512928,0.447438056290594,0.289245156980628,0.693894487255483,0.15,0.172316384180791,0.284507042253521,0,0,0,0.457583547557841,0.00680272108843537,0,0,0,0.699838622915546,0.507826887661142,0,0.145826014866441,0.0641783186099573,0,0.166666666666667,0,0,0.175249169435216,0.25608077099587,0,0.352856996831238,0,0,"RB"
0.616103202846975,0.272630648705455,0,0,0,0,0.111111111111111,0.731466227347611,0.0416666666666667,0.166666666666667,0,0.439065945079174,0.407745970651912,0.263861055444222,0.676704208654416,0.1,0.152542372881356,0.264788732394366,0,0,0,0.494858611825193,0.00680272108843537,0,0,0,0.664873587950511,0.512430939226519,0,0.144898618741833,0.0758205113204236,0,0,0,0.142857142857143,0.170503084954912,0.305874254245066,0,0.343452928549525,0,0,"RB"
0.621886120996441,0.281049966561574,0,0,0,0,0.111111111111111,0.731466227347611,0.0416666666666667,0.166666666666667,0,0.439366606534376,0.407745970651912,0.263861055444222,0.676704208654416,0.1,0.152542372881356,0.264788732394366,0,0,0,0.494858611825193,0.00680272108843537,0,0,0,0.668639053254438,0.512430939226519,0,0.145474728455604,0.0726613233487392,0,0,0,0.142857142857143,0.171214997626958,0.305874254245066,0,0.343452928549525,0,0,"RB"
0.641014234875445,0.246978599407662,0,0,0,0,0.111111111111111,0.617792421746293,0.0833333333333333,0.5,0,0.41250751653638,0.54269906182343,0.47272322422623,0.7334914048607,0.25,0.22316384180791,0.304225352112676,0,0,0,0.383033419023136,0.00680272108843537,0,0,0,0.701990317374933,0.505985267034991,0,0.319642530948333,0.195109108991985,0,0,0,0.285714285714286,0.176554342667299,0.347407067462139,0,0.387815598487172,0.5,0,"RB"
0.579848754448399,0.278828699722939,0,0,0.0555555555555556,0,0.111111111111111,0.823723228995058,0,0.0833333333333333,0.0454545454545455,0.526758869512928,0.39066634592254,0.264306390558896,0.646947243627742,0.05,0.161016949152543,0.247887323943662,0,0,0,0.555269922879177,0.00680272108843537,0,0,0,0.64228079612695,0.493554327808472,0,0,0.0643538290528286,0,0.0833333333333333,0.0555555555555556,0.142857142857143,0.169079259610821,0.32193666819642,0.125,0.339875293877134,0,0,"RB"
0.736877224199288,0.310045858412152,0.0833333333333333,0,0,0,0.111111111111111,0.606260296540362,0.0416666666666667,0.25,0,0.526758869512928,0.468847726726004,0.258294366510799,0.736692353289864,0.15,0.209039548022599,0.264788732394366,0,0,0,0.506426735218509,0.00680272108843537,0,0,0,0.705217859064013,0.502302025782689,0,0.295066533646212,0.0812613350494354,0,0.0833333333333333,0,0.142857142857143,0.292833412434741,0.377925653969711,0,0.469079014617193,0,0,"RB"
0.58741103202847,0.272451514282985,0,0,0,0,0.111111111111111,0.731466227347611,0,0.166666666666667,0,0.526758869512928,0.406302622083233,0.280783789801826,0.656787196206283,0.1,0.152542372881356,0.264788732394366,0,0,0,0.496143958868895,0.00680272108843537,0,0,0,0.653039268423884,0.512430939226519,0,0.142833054646114,0.0783361610015796,0,0.0833333333333333,0,0,0.165757000474608,0.25608077099587,0,0.33476438720229,0,0,"RB"
0.651245551601423,0.200678322346422,0,0,0,0,0,0.563426688632619,0.0416666666666667,0.25,0,0.543896572459411,0.496030791436132,0.473168559340904,0.725666864256076,0.15,0.0988700564971752,0.323943661971831,0,0,0,0.431876606683805,0.00680272108843537,0,0,0,0.731576116191501,0.505985267034991,0,0.321961021259854,0.167085941613526,0.25,0,0,0,0.150806834361652,0.208352455254704,0,0.350097107226822,0,0,"RB"
0.359875444839858,0.317211235310977,0,0,0,0,0,0.548599670510708,0,0,0,0.526758869512928,0.251864325234544,0,0.502430349733254,0,0.149717514124294,0.380281690140845,0,0,0,0.569408740359897,0.00680272108843537,0,0,0.333333333333333,0.537923614846692,0.396408839779006,0,0,0.00789796992921079,0,0,0.111111111111111,0.142857142857143,0.148671096345515,0.191142726021111,0.25,0.273229070837167,0,0,"RB"
0.536921708185053,0.295559854781695,0,0,0,0,0,0.686985172981878,0,0.0833333333333333,0.0227272727272727,0.526758869512928,0.32595621842675,0.178579380984191,0.593835210432721,0.025,0.166666666666667,0.298591549295774,0,0,0,0.483290488431877,0.00680272108843537,0,0,0,0.592253899946208,0.467771639042357,0,0,0.0310653483882291,0,0.0833333333333333,0.111111111111111,0.142857142857143,0.156858092074039,0.275355667737494,0.125,0.300214658080343,0,0,"RB"
0.385231316725979,0.201167956434508,0,0,0,0,0,0.548599670510708,0.0416666666666667,0,0,0.526758869512928,0.246812605244166,0.35292807837898,0.472554831061055,0,0.0112994350282486,0.326760563380281,0,0,0,0.493573264781491,0,0,0,0,0.431414739107047,0.415285451197053,0,0,0.119581115076347,0,0,0,0,0.0859041290934979,0.10325837540156,0,0.20065419605438,0,0,"RB"
0.444839857651246,0.194253367727142,0.0833333333333333,0,0,0,0,0.449752883031301,0.0833333333333333,0,0,0.526758869512928,0.469088284820784,0.180583389000223,0.491286307053942,0,0.0621468926553673,0.323943661971831,0,0,0,0.672236503856041,0,1,0,0,0.393760086067778,0.284990791896869,0,0,0.032527935412157,0,0,0,0,0.546630280018984,0.127122533272143,0,0.679955024021262,0,0.037037037037037,"RB"
0.359875444839858,0.171598834432024,0,0,0.0277777777777778,0,0,0.411861614497529,0.0833333333333333,0,0.0227272727272727,0.526758869512928,0.19605484724561,0.338900022266756,0.436158861885003,0,0.0367231638418079,0.391549295774648,0,0,0,0.347043701799486,0,0,0,0,0.393760086067778,0.654696132596685,0,0,0.096530743579243,0,0,0.0555555555555556,0.285714285714286,0.064546748932131,0.145250114731528,0.125,0.150056219973423,0,0,"RB"
0.437277580071174,0.245067832234642,0,0,0,0,0,0.517298187808896,0.0833333333333333,0.0833333333333333,0,0.526758869512928,0.483281212412798,0.700512135381875,0.63402489626556,0.025,0.0310734463276836,0.340845070422535,0,0,0,0.416452442159383,0,0,0,0,0.521785906401291,0.505985267034991,0,0,0.378225004387761,0,0,0,0.142857142857143,0.0855481727574751,0.0750344194584672,0,0.289890626597158,0,0,"RB"
0.359875444839858,0.213480462405656,0,0,0,0,0,0.380560131795717,0.0416666666666667,0.166666666666667,0,0.526758869512928,0.214337262448881,0.338900022266756,0.436158861885003,0,0.163841807909604,0.388732394366197,0,0,0,0.259640102827763,0,0,0,0,0.393760086067778,0.691068139963168,0,0,0.096530743579243,0,0,0,0.142857142857143,0.0773611770289511,0.328820559889858,0,0.175508535214147,0,0,"RB"
0.495551601423487,0.296813795738989,0,0,0,0,0,0.484349258649094,0.0833333333333333,0.166666666666667,0,0.507416315894969,0.300457060380082,0.346693386773547,0.559217545939538,0.05,0.132768361581921,0.352112676056338,0,0,0,0.356041131105398,0,0,0,0,0.501344809037117,0.571362799263352,0,0.140233535205924,0.122330778681332,0,0,0,0,0.128025628856194,0.291647544745296,0,0.260451804150056,0,0,"RB"
0.497330960854092,0.270373554982325,0,0,0.0277777777777778,0,0,0.540362438220758,0.0416666666666667,0.0833333333333333,0.0227272727272727,0.511124473842453,0.573731056050036,0.791360498775328,0.695672791938352,0.025,0.0367231638418079,0.335211267605634,0,0,0,0.444730077120823,0,0,0,0,0.535233996772458,0.505985267034991,0,0.148931386738235,0.541566723220032,0,0,0.0555555555555556,0.285714285714286,0.123635500711913,0.10004589261129,0.125,0.354185832566697,0,0,"RB"
0.506672597864769,0.282208369160218,0,0,0,0,0,0.494233937397035,0,0.333333333333333,0,0.352375225496091,0.396439740197258,0.427967045201514,0.627148784825133,0.1,0.22316384180791,0.349295774647887,0,0,0,0.322622107969152,0,0,0,0,0.537923614846692,0.493554327808472,0,0.27812047718746,0.189141753934359,0,0,0,0.285714285714286,0.129568106312292,0.474070674621386,0,0.314525196769907,0,0,"RB"
0.521797153024911,0.338540173879813,0,0,0,0,0,0.520593080724876,0,0.25,0,0.485668470635398,0.368053885013231,0.43976842574037,0.591108476585655,0.075,0.180790960451977,0.338028169014084,0,0,0,0.372750642673522,0,0,0,0,0.537923614846692,0.529005524861879,0,0.14460353815673,0.159187971684315,0,0,0,0,0.137280493592786,0.317806333180358,0,0.293161606869059,0,0,"RB"
0.590524911032028,0.381998184771186,0,0,0,0,0,0.523887973640857,0.0833333333333333,0.25,0,0.515734616155542,0.392590810680779,0.392117568470274,0.657854179016005,0.15,0.15819209039548,0.338028169014084,0,0,0,0.383033419023136,0,0,0,0,0.595481441635288,0.493554327808472,0,0.149142158584737,0.148891359035863,0,0,0,0.142857142857143,0.149976269577598,0.344194584671868,0,0.315240723704385,0,0,"RB"
0.496663701067616,0.33634279163084,0,0,0,0,0,0.617792421746293,0.0416666666666667,0.166666666666667,0,0.435157346161555,0.346163098388261,0.424404364284124,0.57344398340249,0.05,0.155367231638418,0.304225352112676,0,0,0,0.442159383033419,0,0,0,0,0.511027434104357,0.466390423572744,0,0.137043854595529,0.149476393845434,0,0,0,0.142857142857143,0.139653535832938,0.370812299219826,0,0.297556986609425,0,0,"RB"
0.598532028469751,0.382702780166237,0,0,0,0,0,0.548599670510708,0,0.333333333333333,0,0.251352976548406,0.385374067837383,0.319750612335783,0.651096621221103,0.15,0.30225988700565,0.329577464788732,0,0,0,0.3573264781491,0,0,0,0,0.600860677783755,0.530386740331492,0,0.276279736394677,0.11607090621892,0,0,0,0.285714285714286,0.153891789273849,0.568379990821478,0,0.328222426658489,0,0,"RB"
0.554937722419929,0.340116556797554,0,0,0,0,0,0.527182866556837,0.0833333333333333,0.25,0,0.47083583884546,0.410392109694491,0.486973947895792,0.638767042086544,0.125,0.141242937853107,0.335211267605634,0,0,0,0.397172236503856,0,0,0,0,0.577729962345347,0.512430939226519,0,0.296078238509421,0.182764874510033,0,0,0,0,0.141670621737067,0.30656264341441,0,0.316467341306348,0,0,"RB"
0.536921708185053,0.272260437565683,0,0,0.0277777777777778,0,0.0555555555555556,0.706754530477759,0,0,0.0454545454545455,0.526758869512928,0.318498917488573,0.178579380984191,0.593835210432721,0,0.0706214689265537,0.290140845070422,0,0,0,0.538560411311054,0.00680272108843537,0,0,0,0.592253899946208,0.470534069981584,0,0,0.0310653483882291,0,0.0833333333333333,0.111111111111111,0.285714285714286,0.153061224489796,0.17691601652134,0.125,0.293672697536543,0,0,"RB"
0.594973309608541,0.22585267985096,0,0,0,0,0.0555555555555556,0.724876441515651,0.0416666666666667,0.166666666666667,0,0.535077169773502,0.464277122925186,0.425517702070808,0.692353289863663,0.175,0.115819209039548,0.264788732394366,0,0,0,0.515424164524422,0.00680272108843537,0,0,0,0.639591178052717,0.505064456721915,0,0.154481712029452,0.175861463757094,0,0,0,0,0.158163265306122,0.228315741165672,0,0.360625574977001,0,0,"RB"
0.559830960854093,0.222162510748065,0,0,0,0,0.0555555555555556,0.693574958813839,0.0416666666666667,0.0833333333333333,0,0.526758869512928,0.370940582150589,0.313738588287687,0.618494368701838,0.025,0.0847457627118645,0.276056338028169,0,0,0,0.505141388174807,0.00680272108843537,0,0,0,0.618074233458849,0.494935543278085,0,0,0.0931375416837302,0,0,0,0.142857142857143,0.152586616041766,0.190224873795319,0,0.304712255954206,0,0,"RB"
0.607651245551601,0.183612783032388,0,0,0,0,0.0555555555555556,0.775947281713344,0,0.0833333333333333,0,0.526758869512928,0.380081789752225,0,0.653704801422644,0.05,0.0988700564971752,0.247887323943662,0,0,0,0.488431876606684,0.0136054421768707,0,0,0,0.72512103281334,0.511970534069982,0,0,0.0710817293628971,0,0,0,0,0.162790697674419,0.122303809086737,0,0.331288970663396,0,0,"RB"
0.620106761565836,0.228862138148467,0,0,0.0555555555555556,0,0.0555555555555556,0.673805601317957,0,0.25,0.0454545454545455,0.38404489877731,0.470291075294684,0.425517702070808,0.692353289863663,0.075,0.200564971751413,0.295774647887324,0,0,0,0.434447300771208,0.00680272108843537,0,0,0,0.661646046261431,0.505064456721915,0,0.299225764750516,0.162347159656,0,0,0.111111111111111,0.285714285714286,0.165757000474608,0.351766865534649,0.125,0.364714300316876,0,0,"RB"
0.656806049822064,0.296849622623483,0,0,0.0277777777777778,0,0.111111111111111,0.658978583196046,0,0.166666666666667,0.0681818181818182,0.435858889557025,0.428193408708203,0.283455800489869,0.687729697688204,0.1,0.163841807909604,0.301408450704225,0,0,0,0.451156812339332,0.00680272108843537,0,0,0,0.692845615922539,0.502302025782689,0,0.148116402265095,0.0677470309483414,0,0.0833333333333333,0.111111111111111,0.285714285714286,0.174299952539155,0.299678751720973,0.125,0.348257180823878,0,0,"RB"
0.736877224199288,0.211247253272189,0,0,0,0.0769230769230769,0,0.56836902800659,0.125,0.0833333333333333,0,0.674784525957106,0.401972576377195,0.258294366510799,0.736692353289864,0.05,0.0508474576271187,0.32112676056338,0,0,0,0.447300771208226,0.00680272108843537,0,0,0,0.705217859064013,0.502762430939227,0,0,0.0812613350494354,0.125,0,0,0.142857142857143,0.143687707641196,0.137907296925195,0,0.312583052233466,0,0,"RB"
0.616992882562278,0.24782650234069,0,0,0,0,0.0555555555555556,0.741350906095552,0.0416666666666667,0.0833333333333333,0,0.547704950891962,0.401010343998076,0.325317301269205,0.657972732661529,0.075,0.0847457627118645,0.259154929577465,0,0,0,0.515424164524422,0.00680272108843537,0,0,0,0.653039268423884,0.512430939226519,0,0.154748689701688,0.0889252910548178,0,0,0,0,0.164333175130517,0.210188159706287,0,0.331697843197383,0,0,"RB"
0.688612099644128,0.282602464889653,0,0,0,0,0,0.658978583196046,0.0833333333333333,0.333333333333333,0,0.376428141912207,0.454414241039211,0.250278334446671,0.723651452282158,0.25,0.240112994350283,0.290140845070422,0,0,0,0.462724935732648,0.00680272108843537,0,0,0,0.730500268961808,0.507826887661142,0,0.460691050627398,0.0607266132334874,0.125,0,0,0,0.175011865211201,0.399495181275815,0,0.36491873658387,0,0,"RB"
0.639679715302491,0.379155918601318,0,0,0,0,0,0.373970345963756,0.0833333333333333,0.416666666666667,0,0.526758869512928,0.388741881164301,0.392117568470274,0.667101363366924,0.15,0.242937853107345,0.391549295774648,0,0,0,0.186375321336761,0,0,0,0,0.639591178052717,0.493554327808472,0,0,0.109343005908852,0,0,0,0.714285714285714,0.127432368296156,0.512391005048187,0,0.280384340181948,0,0,"RB"
0.675044483985765,0.174787427152002,0,0,0,0,0.111111111111111,0.823723228995058,0,0.166666666666667,0,0.499599118059731,0.519364926629781,0.13916722333556,0.73633669235329,0.15,0.115819209039548,0.230985915492958,0,0,0,0.532133676092545,0.0136054421768707,0,0,0,0.714362560516407,0.505985267034991,0,0.167142074275999,0.155268238460188,0,0,0,0.142857142857143,0.17358803986711,0.227397888939881,0,0.38853112542165,0,0,"RB"
0.492437722419929,0.26772236552976,0,0,0,0,0,0.380560131795717,0.0416666666666667,0.166666666666667,0.0227272727272727,0.442974543996793,0.273273995669954,0.324871966154531,0.543094250148192,0.05,0.209039548022599,0.405633802816901,0,0,0,0.278920308483291,0,0,0,0,0.485207100591716,0.388581952117864,0,0.133755813790099,0.0940735973790441,0,0,0.0555555555555556,0.428571428571429,0.125889890840057,0.491968793024323,0.125,0.250229990800368,0,0,"RB"
0.417927046263345,0.217182573803382,0.0833333333333333,0,0,0,0,0.507413509060956,0.0833333333333333,0,0,0.526758869512928,0.384411835458263,0.50790469828546,0.541671606401897,0,0.0423728813559322,0.338028169014084,0,0,0,0.462724935732648,0,0,1,0,0.485207100591716,0.523020257826888,0,0,0.189609781782016,0,0,0,0,0.151281442809682,0.0869664983937586,0,0.309414290095063,0,0.037037037037037,"RB"
0.385231316725979,0.233197191172256,0,0,0,0,0,0.411861614497529,0.0833333333333333,0.166666666666667,0,0.526758869512928,0.253307673803223,0.35292807837898,0.472554831061055,0,0.135593220338983,0.377464788732394,0,0,0,0.275064267352185,0,0,0,0,0.431414739107047,0.396869244935543,0,0,0.119581115076347,0,0,0,0.142857142857143,0.08234456573327,0.275355667737494,0,0.192681181641623,0,0,"RB"
0.497330960854092,0.271639438234451,0,0,0,0,0,0.548599670510708,0.0416666666666667,0.166666666666667,0,0.460212467428342,0.534038970411354,0.731240258294367,0.674925903971547,0.05,0.0508474576271187,0.326760563380281,0,0,0,0.431876606683805,0,0,0,0,0.534158149542765,0.505985267034991,0,0.145067236219034,0.445913531855145,0,0,0,0.142857142857143,0.126008542952065,0.141349242771914,0,0.341408565879587,0,0,"RB"
0.522019572953737,0.263184293493838,0,0,0,0,0,0.522240527182867,0.0416666666666667,0.166666666666667,0,0.519643215073161,0.464998797209526,0.62124248496994,0.645524599881446,0.075,0.0621468926553673,0.338028169014084,0,0,0,0.404884318766067,0,0,0,0,0.547068316299085,0.506445672191529,0,0.15171357511206,0.317088866787574,0,0,0,0,0.129330802088277,0.140201927489674,0,0.310436471430032,0,0,"RB"
0.521129893238434,0.308254514187446,0,0,0,0,0,0.471169686985173,0,0.333333333333333,0,0.310984165163359,0.353379841231657,0.334001336005344,0.60877296976882,0.1,0.31638418079096,0.357746478873239,0,0,0,0.272493573264781,0,0,0,0,0.537923614846692,0.463627992633518,0,0.270926131493529,0.130930790382028,0,0,0,0.285714285714286,0.135382059800664,0.590867370353373,0,0.304201165286722,0,0,"RB"
0.521129893238434,0.340176268271711,0,0,0,0,0,0.515650741350906,0.0416666666666667,0.25,0,0.476548406494287,0.344719749819581,0.424404364284124,0.579016004742146,0.075,0.211864406779661,0.340845070422535,0,0,0,0.338046272493573,0,0,0,0,0.532006455083378,0.465009208103131,0,0.142186687650175,0.130930790382028,0,0,0,0.142857142857143,0.137161841480778,0.413951353832033,0,0.284166411121333,0,0,"RB"
0.760898576512456,0.489562434317378,0,0,0,0.0769230769230769,0,0.471169686985173,0,0.583333333333333,0,0.023752254960914,0.471493865768583,0.371632153195279,0.748429164196799,0.25,0.367231638418079,0.357746478873239,0,0,0,0.284061696658098,0,0,0,0,0.71382463690156,0.50828729281768,0,0.428358649374008,0.103375650851226,0,0,0,0.571428571428571,0.161604176554343,0.620927030748049,0,0.36328324644792,0,0,"RB"
0.65547153024911,0.432740995509697,0,0,0,0,0,0.411861614497529,0,0.5,0,0.172279013830427,0.410151551599711,0.305277221108884,0.685477178423237,0.15,0.406779661016949,0.377464788732394,0,0,0,0.222365038560411,0,0,0,0,0.653039268423884,0.492173112338858,0,0.274621664535529,0.104604223951325,0,0,0,0.571428571428571,0.154010441385857,0.673015144561726,0,0.330675661862414,0,0,"RB"
0.482651245551601,0.222652144836152,0,0,0,0,0,0.439868204283361,0.0833333333333333,0.0833333333333333,0,0.526758869512928,0.205917729131585,0.216210198174126,0.524362774155305,0.025,0.0734463276836159,0.366197183098591,0,0,0,0.308483290488432,0,0,0,0,0.456159225389995,0.66390423572744,0,0,0.0642368220909144,0,0,0,0.142857142857143,0.0895823445657332,0.252409362092703,0,0.182459368291935,0,0,"RB"
0.63211743772242,0.277085124677558,0,0,0,0,0.111111111111111,0.731466227347611,0,0.333333333333333,0,0.313690118260172,0.458744286745249,0.280115787129815,0.706816834617664,0.2,0.271186440677966,0.264788732394366,0,0,0,0.425449871465296,0.00680272108843537,0,0,0,0.687466379774072,0.50828729281768,0,0.290429553023171,0.0976423097174282,0,0,0,0.285714285714286,0.176317038443284,0.441027994492887,0,0.369211898190739,0,0,"RB"
0.559830960854093,0.234403362950225,0,0,0.0555555555555556,0,0.0555555555555556,0.823723228995058,0,0,0.0227272727272727,0.526758869512928,0.383209044984364,0.313738588287687,0.618494368701838,0,0.0790960451977402,0.245070422535211,0,0,0,0.611825192802056,0.00680272108843537,0,0,0,0.618074233458849,0.494475138121547,0,0,0.0931375416837302,0,0,0.0555555555555556,0,0.155552918841955,0.215695273061037,0.125,0.328222426658489,0,0,"RB"
0.616103202846975,0.202003917072705,0,0,0,0,0,0.634266886326194,0.0833333333333333,0,0,0.817799158147925,0.382246812605244,0.263861055444222,0.676704208654416,0,0.019774011299435,0.298591549295774,0,0,0,0.525706940874036,0.00680272108843537,0,0,0,0.664873587950511,0.511510128913444,0,0,0.0758205113204236,0.125,0,0,0,0.140840056953014,0.0803120697567691,0,0.306961054891138,0,0,"RB"
0.609208185053381,0.207760103181427,0,0,0,0,0,0.588138385502471,0.0416666666666667,0.166666666666667,0,0.55341751854079,0.431080105845562,0.377421509686039,0.68737403675163,0.175,0.0932203389830509,0.315492957746479,0,0,0,0.439588688946015,0.00680272108843537,0,0,0,0.65196342119419,0.507826887661142,0,0.15581660039063,0.138711753349324,0,0,0,0,0.15187470336972,0.192519504359798,0,0.326178063988552,0,0,"RB"
0.359875444839858,0.195985000477692,0,0,0,0,0,0.352553542009885,0.0416666666666667,0.0833333333333333,0,0.526758869512928,0.208323310079384,0.338900022266756,0.436158861885003,0,0.112994350282486,0.414084507042254,0,0,0,0.277634961439589,0,0,0,0,0.393760086067778,0.678637200736648,0,0,0.096530743579243,0,0,0.0555555555555556,0.285714285714286,0.0717845277645942,0.282927948600275,0.125,0.165286721864459,0,0,"RB"
0.512233096085409,0.284083309448744,0,0,0,0,0,0.411861614497529,0.0833333333333333,0.166666666666667,0.0454545454545455,0.526758869512928,0.349290353620399,0.409040302827878,0.618257261410788,0,0.115819209039548,0.385915492957747,0,0,0,0.320051413881748,0,0,0,0,0.537923614846692,0.526243093922652,0,0,0.160826069151114,0,0,0.111111111111111,0.428571428571429,0.103464641670622,0.279486002753557,0.125,0.256874169477665,0,0,"RB"
0.42682384341637,0.287809305436133,0,0,0,0,0,0.42668863261944,0.0416666666666667,0.333333333333333,0,0.526758869512928,0.398604763050277,0.567802271209085,0.572377000592768,0,0.161016949152543,0.371830985915493,0,0,0,0.29305912596401,0,0,0,0,0.501344809037117,0.512891344383057,0,0,0.236646580471538,0,0,0,0.142857142857143,0.0951589938300902,0.237035337310693,0,0.266993764693857,0,0,"RB"
0.482651245551601,0.291391993885545,0.0833333333333333,0,0,0,0,0.411861614497529,0.0416666666666667,0.166666666666667,0,0.428542794147124,0.312244407024296,0.216210198174126,0.524362774155305,0,0.384180790960452,0.357746478873239,0,0,0,0.317480719794345,0,0,0,0,0.456159225389995,0.709484346224678,0,0.12977925161943,0.0642368220909144,0,0,0,0.142857142857143,0.163383958234457,0.594079853143644,0,0.319125012777267,0,0.037037037037037,"RB"
0.683274021352313,0.205419413394478,0,0,0,0,0.111111111111111,0.599670510708402,0.0833333333333333,0.333333333333333,0,0.437763078773301,0.627856627375511,0.672456023157426,0.765619442797866,0.3,0.0819209039548023,0.309859154929577,0,0,0,0.448586118251928,0.00680272108843537,0,0,0,0.726734803657881,0.505985267034991,0,0.347127179732179,0.381676709764231,0,0,0,0,0.181181775035596,0.160624139513538,0,0.40754369825207,0.5,0,"RB"
0.687055160142349,0.122635425623388,0,0,0,0,0.111111111111111,0.658978583196046,0,0.333333333333333,0,0.445680497093606,0.602598027423623,0.109107103095079,0.785892116182573,0.35,0.110169491525424,0.290140845070422,0,0,0,0.44987146529563,0.0204081632653061,0,0,0,0.738569123184508,0.505985267034991,0,0.351300462292917,0.230854735856783,0,0,0,0,0.181893687707641,0.173244607618173,0,0.408157007053051,0.5,0,"RB"
0.647241992882562,0.247802617751027,0,0,0,0,0.166666666666667,0.866556836902801,0,0.0833333333333333,0,0.526758869512928,0.436131825835939,0.140057893564908,0.697806757557795,0.05,0.101694915254237,0.214084507042254,0,0,0,0.58611825192802,0.0204081632653061,0,0,0,0.71705217859064,0.507826887661142,0,0,0.0446381559702802,0,0.0833333333333333,0,0.142857142857143,0.189012814428097,0.184947223497017,0,0.36491873658387,0,0,"RB"
0.444839857651246,0.282196426865386,0,0,0,0,0,0.749588138385502,0,0,0.0227272727272727,0.526758869512928,0.286985807072408,0,0.527445168938945,0,0.0875706214689266,0.27887323943662,0,0,0,0.544987146529563,0.00680272108843537,0,0,0,0.537923614846692,0.569060773480663,0,0,0.0130462762534371,0,0,0.111111111111111,0,0.144162316089226,0.160624139513538,0.125,0.277011141776551,0,0,"RB"
0.662144128113879,0.152789720072609,0,0,0,0,0,0.510708401976936,0.0416666666666667,0.5,0,0.492383243134897,0.58792398364205,0.743041638833222,0.762537048014227,0.225,0.121468926553672,0.340845070422535,0,0,0,0.358611825192802,0.00680272108843537,0,0,0,0.732114039806348,0.505985267034991,0,0.163404386864699,0.424091733458141,0,0,0,0.428571428571429,0.14594209776934,0.227397888939881,0,0.374322804865583,0,0,"RB"
1,0.458178083500526,0,0,0,0.615384615384615,0,0.548599670510708,0.0833333333333333,0,0,0.526758869512928,0.644695694010104,0.195947450456468,0.931120331950208,0,0.977401129943503,0.966197183098591,0,0,0.666666666666667,0.044987146529563,0.00680272108843537,0,0,0,0.967186659494352,0.505985267034991,0,0,0.0422395132510384,0.25,0,0,0,0.212149976269578,0.982790270766406,0,0.443626699376469,0,0.592592592592593,"NRB"
0.88923487544484,0.128379669437279,0.5,0,0,0.230769230769231,0,0.731466227347611,0,0.0833333333333333,0,0.591100420926037,0.664902573971614,0.166778000445335,0.884765856550089,0.075,0.274011299435028,0.228169014084507,0,0,0,0.602827763496144,0.102040816326531,0,1,0,1,0.505985267034991,0,0,0.0393728426841397,0.75,0,0,0,0.253678215472235,0.203763194125746,0,0.503526525605642,0,0.222222222222222,"NRB"
0.764457295373665,0.20709133467087,0.416666666666667,0,0,0.0769230769230769,0.222222222222222,0.823723228995058,0.0416666666666667,0,0,0.526758869512928,0.648304065431802,0.212424849699399,0.796206283343213,0,0.203389830508474,0.202816901408451,0,0,0.333333333333333,0.658097686375321,0.0136054421768707,0,1,0,0.766003227541689,0.505985267034991,0,0,0.117006961914234,0,0.166666666666667,0,0,0.235524442335074,0.216613125286829,0,0.489727077583563,0,0.185185185185185,"NRB"
0.770017793594306,0.196259673258813,0,0.666666666666667,0.305555555555556,0.153846153846154,0.333333333333333,0.672158154859967,0.25,0.0833333333333333,0.272727272727273,0.526758869512928,0.610777002646139,0.224448897795591,0.849911084765857,0.075,0.0847457627118645,0.298591549295774,0,0,0,0.547557840616966,0.0272108843537415,0,0,0.333333333333333,0.810112963959118,0.505985267034991,0,0,0.129994734686714,0,0.166666666666667,0.555555555555556,0.142857142857143,0.207997152349312,0.14616796695732,0.375,0.443320044975979,0,0,"NRB"
0.770017793594306,0.196797076526225,0.0833333333333333,0.666666666666667,0.305555555555556,0.153846153846154,0.388888888888889,0.672158154859967,0.25,0.0833333333333333,0.272727272727273,0.526758869512928,0.637719509261487,0.223335560008907,0.855720213396562,0.075,0.101694915254237,0.295774647887324,0,0,0,0.559125964010283,0.0272108843537415,0,1,0.333333333333333,0.812264658418504,0.505985267034991,0,0,0.139355291639853,0,0.25,0.555555555555556,0.142857142857143,0.213692453725676,0.16154199173933,0.375,0.463763671675355,0,0.037037037037037,"NRB"
0.888345195729537,0.194826597879048,0.583333333333333,0,0,0.230769230769231,0,0.749588138385502,0,0,0,0.569352575666466,0.662015876834256,0.171008684034736,0.866152934202727,0,0.322033898305085,0.205633802816901,0,0,0,0.669665809768637,0.0408163265306122,0,1,0,0.967724583109199,0.505985267034991,0,0,0.0298952787690868,0.5,0,0,0,0.253915519696251,0.255392381826526,0,0.505775324542574,0,0.259259259259259,"NRB"
0.719750889679715,0.255350148084456,0.5,0,0,0,0,0.548599670510708,0,0,0,0.526758869512928,0.592254029348088,0.17791137831218,0.742145820983995,0,0.31638418079096,0.276056338028169,0,0,0,0.622107969151671,0.00680272108843537,0,1,0,0.760623991393222,0.507826887661142,0,0,0.0250979933306032,0,0,0,0,0.215709539629805,0.287976135842129,0,0.468874578350199,0,0.222222222222222,"NRB"
0.725533807829181,0.50530237890513,0.25,0,0,0.0769230769230769,0,0.235584843492586,0,0.166666666666667,0,0.526758869512928,0.463314890546067,0.192162101981741,0.693775933609959,0,0.771186440677966,0.405633802816901,0,0,0,0.5,0,0,0,0,0.632060247444863,0.582412523020258,0,0.265024519791476,0.0579769496285029,0,0,0,0,0.242287612719506,0.633088572739789,0.125,0.429111724419912,0,0.111111111111111,"NRB"
0.503336298932384,0.303764211330849,0,0,0.0555555555555556,0,0,0.42504118616145,0,0.0833333333333333,0,0.526758869512928,0.39018522973298,0.486973947895792,0.635328986366331,0,0.0734463276836159,0.385915492957747,0,0,0,0.38560411311054,0,0,0,0,0.537923614846692,0.511970534069982,0,0,0.216404376060376,0,0,0.111111111111111,0,0.104769814902705,0.111977971546581,0.25,0.278851068179495,0,0,"NRB"
0.512233096085409,0.317975542180185,0,0,0,0,0,0.352553542009885,0,0.0833333333333333,0.0454545454545455,0.511024253357386,0.268462833774357,0.324871966154531,0.550207468879668,0.05,0.15819209039548,0.430985915492958,0,0,0,0.280205655526992,0,0,0,0,0.501344809037117,0.390423572744015,0,0.139924403164388,0.0761130287252092,0,0,0,0.285714285714286,0.128025628856194,0.338916934373566,0.25,0.249003373198405,0,0,"NRB"
0.739101423487544,0.440049679946499,0.166666666666667,0,0,0.0769230769230769,0,0.494233937397035,0,0.0833333333333333,0.0454545454545455,0.451593505712568,0.647101274957902,0.289245156980628,0.703378778897451,0.025,0.367231638418079,0.304225352112676,0,0,0,0.637532133676093,0,1,0,0,0.657342657342657,0.465930018416206,0,0.14273469445108,0.0658164160767566,0,0,0.111111111111111,0.285714285714286,0.570835310868533,0.464203763194126,0.25,0.75212102627006,0,0.0740740740740741,"NRB"
0.643905693950178,0.324591573516767,0.0833333333333333,0,0.0555555555555556,0,0.166666666666667,0.617792421746293,0,0.166666666666667,0.0909090909090909,0.526758869512928,0.475342795285061,0.258294366510799,0.702430349733254,0.1,0.288135593220339,0.323943661971831,0,0.333333333333333,0,0.5,0.00680272108843537,0,1,0,0.694997310381926,0.502302025782689,0,0.285820675312996,0.0732463581583104,0,0.25,0.222222222222222,0.285714285714286,0.202895111532985,0.395823772372648,0.25,0.406317080650107,0,0.037037037037037,"NRB"
0.64991103202847,0.328878857361231,0,0,0.0833333333333333,0,0.166666666666667,0.57660626029654,0,0.25,0.0909090909090909,0.526758869512928,0.458503728650469,0.280115787129815,0.708713692946058,0.15,0.240112994350283,0.343661971830986,0,0.333333333333333,0,0.426735218508997,0.00680272108843537,0,0,0,0.70414201183432,0.50828729281768,0,0.289164921944159,0.0774586087872228,0,0.25,0.222222222222222,0.285714285714286,0.189606074988135,0.361404313905461,0.25,0.380455892875396,0,0,"NRB"
0.636120996441281,0.303656730677367,0.0833333333333333,0,0,0,0.166666666666667,0.658978583196046,0,0.166666666666667,0,0.526758869512928,0.459225402934809,0.283455800489869,0.686781268524007,0.1,0.177966101694915,0.281690140845071,0,0,0,0.497429305912596,0.00680272108843537,0,1,0,0.689618074233459,0.502302025782689,0,0,0.0696191423389692,0,0.25,0,0,0.197555766492644,0.208122992198256,0,0.38066032914239,0,0.037037037037037,"NRB"
0.632784697508897,0.283832521257285,0.0833333333333333,0,0,0,0.166666666666667,0.658978583196046,0.0416666666666667,0.0833333333333333,0,0.526758869512928,0.431080105845562,0.263861055444222,0.679075281564908,0.05,0.0960451977401131,0.247887323943662,0,0,0,0.569408740359897,0.00680272108843537,0,0,0,0.681549220010758,0.511970534069982,0,0,0.055519803428304,0,0.166666666666667,0,0.142857142857143,0.195064072140484,0.187241854061496,0,0.375651640601043,0,0,"NRB"
0.64991103202847,0.327242762969332,0,0,0.138888888888889,0,0.166666666666667,0.678747940691928,0,0.166666666666667,0.159090909090909,0.526758869512928,0.467163820062545,0.280115787129815,0.708713692946058,0.1,0.26271186440678,0.323943661971831,0,0.333333333333333,0,0.502570694087404,0.00680272108843537,0,0,0,0.70414201183432,0.50828729281768,0,0.287647364649346,0.0774586087872228,0,0.166666666666667,0.277777777777778,0.285714285714286,0.191385856668249,0.418770078017439,0.375,0.391393233159563,0,0,"NRB"
0.607651245551601,0.308756090570364,0,0,0,0,0.111111111111111,0.823723228995058,0,0,0,0.526758869512928,0.367572768823671,0.194834112669784,0.640782454060463,0,0.279661016949153,0.388732394366197,0,0,0,0.428020565552699,0.00680272108843537,0,0,0,0.64228079612695,0.528545119705341,0,0,0.0239864271924179,0,0.166666666666667,0,0,0.169791172282867,0.447452960073428,0,0.322395993049167,0,0.0740740740740741,"NRB"
0.649243772241993,0.0399828030954428,0,0,0.0555555555555556,0,0.222222222222222,0.675453047775947,0,0.333333333333333,0.181818181818182,0.526758869512928,0.668270387298533,0,0.824540604623592,0,0.115819209039548,0.290140845070422,0,0,0,0.438303341902314,0.0408163265306122,0,0,0,0.752555137170522,0.505985267034991,0,0,0.298016731995554,0,0.166666666666667,0.444444444444444,0,0.173706691979117,0.103717301514456,0.25,0.45476847592763,0,0,"NRB"
0.733763345195729,0.112185917645935,0,0,0.166666666666667,0,0,0.548599670510708,0,0.5,0.272727272727273,0.348266185608338,0.583353379841232,0.135827209975507,0.797747480735033,0.3,0.245762711864407,0.349295774647887,0,0,0,0.338046272493573,0.0272108843537415,0,0,0,0.809575040344271,0.505985267034991,0,0.521070158921972,0.0857661030831334,0,0,0.166666666666667,0,0.182012339819649,0.269848554382744,0.375,0.422876418276602,0,0,"NRB"
0.716192170818505,0.217039266265406,0,0,0,0,0.277777777777778,0.823723228995058,0,0.333333333333333,0,0.486069352575666,0.531392831368776,0.194834112669784,0.768938944872555,0.225,0.220338983050847,0.230985915492958,0,0,0,0.537275064267352,0.0408163265306122,0,0,0,0.802582033351264,0.505985267034991,0,0.156996922731041,0.0524776224185339,0,0.166666666666667,0,0,0.207403891789274,0.229921982560808,0,0.412756823060411,0,0,"NRB"
0.670818505338078,0.186228145600459,0,0,0,0,0,0.673805601317957,0.0416666666666667,0.25,0,0.577670875927039,0.449603079143613,0.17791137831218,0.734084173088323,0.2,0.172316384180791,0.284507042253521,0,0,0,0.452442159383034,0.0204081632653061,0,0,0,0.775147928994083,0.505064456721915,0,0.311211657088257,0.0440531211607091,0.25,0,0,0,0.170859041290935,0.278568150527765,0,0.355616886435654,0,0,"NRB"
0.955071174377224,0.793684914493169,0,0,0,0.692307692307692,0,0.504118616144975,0.0833333333333333,0.0833333333333333,0,0.526758869512928,0.707962472937214,0.401914940993097,0.947243627741553,0.025,0.84180790960452,0.876056338028169,0,0,0,0.0552699228791774,0,0,0,0,0.901559978483055,0.505985267034991,0,0,0.233604399461768,0,0,0,0.142857142857143,0.202064546748932,0.954795777879761,0,0.464683634876827,0,0.740740740740741,"NRB"
0.715747330960854,0.424381389127735,0.0833333333333333,0,0,0,0,0.479406919275124,0.166666666666667,0.25,0,0.526758869512928,0.554967524657205,0.589178356713427,0.757676348547718,0.175,0.0621468926553673,0.338028169014084,0,0,0,0.433161953727506,0,0,0,0,0.679935449166218,0.505985267034991,0,0.171062430620934,0.25466565260633,0,0,0,0.142857142857143,0.254508780256289,0.156493804497476,0,0.435142594296228,0,0,"NRB"
0.528692170818505,0.249056558708321,0.0833333333333333,0,0,0,0,0.471169686985173,0.0833333333333333,0.0833333333333333,0,0.526758869512928,0.665864806350734,0.500111333778668,0.602133965619443,0.05,0.0310734463276836,0.301408450704225,0,0,0,0.754498714652956,0,0,0,0,0.553523399677246,0.496777163904236,0,0.157952421768516,0.16802199730884,0,0,0,0,0.959658281917418,0.134924277191372,0,0.931002759889605,0,0,"NRB"
0.607651245551601,0.28205311932741,0,0,0,0,0.166666666666667,0.706754530477759,0.125,0,0,0.526758869512928,0.368294443108011,0.196170118013805,0.667338470657973,0,0.0282485875706215,0.273239436619718,0,0,0,0.601542416452442,0.00680272108843537,0,0,0,0.664873587950511,0.495395948434623,0,0,0.0296027613643012,0,0,0,0,0.168841955386806,0.0968334098210188,0,0.323520392517633,0,0,"NRB"
0.559830960854093,0.221266838635712,0.0833333333333333,0,0,0,0.0555555555555556,0.731466227347611,0.0416666666666667,0,0,0.526758869512928,0.41400048111619,0.313738588287687,0.618494368701838,0,0.0819209039548023,0.253521126760564,0,0,0,0.575835475578406,0.00680272108843537,0,1,0,0.618074233458849,0.494935543278085,0,0,0.0931375416837302,0,0,0,0,0.160773611770289,0.142037631941257,0,0.352959214964735,0,0.037037037037037,"NRB"
0.607651245551601,0.288036209037929,0.0833333333333333,0,0,0,0.111111111111111,0.769357495881384,0.0416666666666667,0,0,0.526758869512928,0.396439740197258,0.194834112669784,0.640782454060463,0,0.0960451977401131,0.23943661971831,0,0,0,0.624678663239075,0.00680272108843537,0,1,0,0.64228079612695,0.525782688766114,0,0,0.0239864271924179,0,0.0833333333333333,0,0,0.193640246796393,0.163836622303809,0,0.361852192578964,0,0.037037037037037,"NRB"
0.569839857651246,0.274935511607911,0.0833333333333333,0,0,0,0.111111111111111,0.769357495881384,0.0416666666666667,0,0,0.526758869512928,0.396439740197258,0.194834112669784,0.636158861885003,0,0.0960451977401131,0.23943661971831,0,0,0,0.620822622107969,0.00680272108843537,0,1,0,0.629370629370629,0.525782688766114,0,0,0.0407184227461534,0,0.0833333333333333,0,0,0.190080683436165,0.163836622303809,0,0.361545538178473,0,0.037037037037037,"NRB"
0.616103202846975,0.268223941912678,0.0833333333333333,0,0,0,0.111111111111111,0.780889621087315,0.0416666666666667,0,0,0.633593906594508,0.440461871541977,0.263861055444222,0.676704208654416,0,0.0819209039548023,0.236619718309859,0,0,0,0.623393316195373,0.00680272108843537,0,1,0,0.664873587950511,0.511970534069982,0,0,0.0758205113204236,0,0.0833333333333333,0,0,0.191504508780256,0.170720513997246,0,0.378513748338955,0,0.037037037037037,"NRB"
0.626779359430605,0.254764975637719,0,0,0.0277777777777778,0,0.0555555555555556,0.634266886326194,0.0833333333333333,0,0.0454545454545455,0.526758869512928,0.410151551599711,0.339122689824093,0.667101363366924,0,0.0451977401129944,0.307042253521127,0,0,0,0.498714652956298,0.00680272108843537,0,0,0,0.664873587950511,0.502762430939227,0,0,0.0911484233311882,0,0.0833333333333333,0.222222222222222,0,0.158519221642145,0.0945387792565397,0.125,0.321578247981192,0,0,"NRB"
0.624332740213523,0.304134422470622,0.166666666666667,0,0.0277777777777778,0,0.166666666666667,0.706754530477759,0,0,0.0454545454545455,0.526758869512928,0.459225402934809,0.196170118013805,0.670895080023711,0,0.203389830508474,0.267605633802817,0,0,0,0.602827763496144,0.00680272108843537,0,1,0,0.670252824098978,0.494475138121547,0,0,0.036038144269584,0,0.25,0.111111111111111,0.285714285714286,0.211438063597532,0.255392381826526,0.125,0.403352754778698,0,0.0740740740740741,"NRB"
0.6605871886121,0.325881341358556,0.25,0,0.0277777777777778,0,0.222222222222222,0.706754530477759,0,0,0.0454545454545455,0.526758869512928,0.507337021890787,0.191716766867067,0.697806757557795,0,0.268361581920904,0.256338028169014,0,0,0,0.623393316195373,0.00680272108843537,0,1,0,0.703066164604626,0.512430939226519,0,0,0.0303048031357866,0,0.333333333333333,0.111111111111111,0.285714285714286,0.217845277645942,0.282927948600275,0.125,0.432484922825309,0,0.111111111111111,"NRB"
0.667259786476868,0.213898442724754,0,0.333333333333333,0.166666666666667,0,0.111111111111111,0.790774299835255,0,0.0833333333333333,0.181818181818182,0.526758869512928,0.505893673322107,0.173903362280116,0.719383521043272,0.05,0.129943502824859,0.261971830985915,0,0,0,0.548843187660668,0.0136054421768707,0,0,0,0.71382463690156,0.505985267034991,0,0.151502803265558,0.117416486280934,0,0.166666666666667,0.333333333333333,0,0.173350735643094,0.203992657182194,0.25,0.383420218746806,0,0,"NRB"
0.665702846975089,0.174882965510653,0,0,0,0,0.166666666666667,0.589785831960461,0.0833333333333333,0.0833333333333333,0,0.526758869512928,0.589607890305509,0.642395902916945,0.744991108476586,0.075,0.0310734463276836,0.312676056338028,0,0,0,0.47814910025707,0.00680272108843537,0,0,0,0.712748789671867,0.505985267034991,0,0,0.348037208213889,0,0.0833333333333333,0,0.142857142857143,0.172994779307072,0.0764111977971546,0,0.378615966472452,0,0,"NRB"
0.668594306049822,0.356381962357887,0,0,0.0555555555555556,0,0.166666666666667,0.581548599670511,0,0.416666666666667,0.0909090909090909,0.526758869512928,0.492422420014434,0.273881095524382,0.72732661529342,0.25,0.406779661016949,0.346478873239437,0,0.666666666666667,0,0.41388174807198,0.00680272108843537,0,0,0,0.719741796664874,0.504604051565378,0,0.573524245788076,0.0836014742877201,0,0.25,0.222222222222222,0.142857142857143,0.198623635500712,0.528223955943093,0.25,0.409894715322498,0,0,"NRB"
0.624332740213523,0.299966561574472,0.0833333333333333,0,0,0,0.166666666666667,0.72158154859967,0.0416666666666667,0.0833333333333333,0,0.526758869512928,0.421698340149146,0.196170118013805,0.670895080023711,0.075,0.155367231638418,0.256338028169014,0,0,0,0.555269922879177,0.00680272108843537,0,1,0,0.670252824098978,0.494475138121547,0,0,0.036038144269584,0,0.166666666666667,0,0.142857142857143,0.194114855244423,0.252638825149151,0,0.372585096596136,0,0.037037037037037,"NRB"
0.652802491103203,0.325941052832712,0.25,0,0,0,0.222222222222222,0.761120263591433,0,0.0833333333333333,0,0.526758869512928,0.509020928554246,0.191716766867067,0.697806757557795,0.05,0.327683615819209,0.216901408450704,0,0,0,0.604113110539846,0.00680272108843537,0,1,0,0.700914470145239,0.512891344383057,0,0,0.0352775990171415,0,0.333333333333333,0,0.142857142857143,0.219743711438064,0.328820559889858,0,0.433098231626291,0,0.111111111111111,"NRB"
0.652802491103203,0.323600363045763,0.25,0,0,0,0.222222222222222,0.761120263591433,0,0.0833333333333333,0,0.526758869512928,0.607409189319221,0.191716766867067,0.697806757557795,0.05,0.307909604519774,0.194366197183098,0,0,0,0.663239074550129,0.00680272108843537,1,1,0,0.700914470145239,0.512430939226519,1,0,0.0352775990171415,0,0.333333333333333,0,0.142857142857143,0.54734219269103,0.297613584212942,0,0.686701420832056,0,0.111111111111111,"NRB"
0.658362989323843,0.175336772714245,0.166666666666667,0,0,0,0.111111111111111,0.686985172981878,0.0416666666666667,0.166666666666667,0,0.526758869512928,0.690161173923503,0.210420841683367,0.718435091879075,0.1,0.169491525423729,0.242253521126761,0,0,0,0.571979434447301,0.0136054421768707,1,0,0,0.71382463690156,0.505524861878453,1,0,0.138653249868367,0,0.0833333333333333,0,0,0.569292833412435,0.146856356126664,0,0.752529898804048,0,0.0740740740740741,"NRB"
0.623665480427046,0.115434221840069,0,0,0.166666666666667,0,0.111111111111111,0.823723228995058,0,0.333333333333333,0.136363636363636,0.504309480857887,0.639643974019726,0.103540414161657,0.788855957320688,0.3,0.177966101694915,0.242253521126761,0,0,0,0.52185089974293,0.0204081632653061,0,0,0,0.690155997848306,0.505985267034991,0,0.331754886393975,0.332065757912596,0,0,0.333333333333333,0,0.174893213099193,0.237035337310693,0.25,0.444444444444445,0,0,"NRB"
0.762233096085409,0.190575140919079,0,0,0,0.153846153846154,0.111111111111111,0.706754530477759,0.166666666666667,0.166666666666667,0,0.526758869512928,0.560740918931922,0.151413938989089,0.810669828097214,0.25,0.0790960451977402,0.273239436619718,0,0,0,0.511568123393316,0.0136054421768707,0,0,0,0.742872512103281,0.505985267034991,0,0,0.216872403908033,0,0,0,0,0.170265780730897,0.131941257457549,0,0.401717264642748,0,0,"NRB"
0.555827402135231,0.1871954714818,0,0,0,0,0,0.658978583196046,0,0,0,0.526758869512928,0.331970170796247,0.250501002004008,0.60901007705987,0,0.0225988700564972,0.290140845070422,0,0,0,0.517994858611825,0.00680272108843537,0,0,0,0.611081226465842,0.523941068139963,0,0,0.0606681097525303,0.125,0,0,0,0.123042240151875,0.0888022028453419,0,0.268322600429316,0,0,"NRB"
0.657918149466192,0.198958631890704,0,0,0,0,0,0.532125205930807,0.125,0.0833333333333333,0,0.526758869512928,0.394996391628578,0.258294366510799,0.702430349733254,0.075,0.0451977401129944,0.335211267605634,0,0,0,0.43573264781491,0.00680272108843537,0,0,0,0.700914470145239,0.503222836095764,0,0,0.0677470309483414,0.25,0,0,0.142857142857143,0.130991931656383,0.118861863240018,0,0.287437391393233,0,0,"NRB"
0.742437722419929,0.176925097926818,0.0833333333333333,0,0,0,0.5,0.706754530477759,0.25,0.333333333333333,0,0.526758869512928,0.668270387298533,0.147405922957025,0.839834024896266,0.375,0.1045197740113,0.259154929577465,0,0,0,0.575835475578406,0.0204081632653061,0,0,0,0.756858526089295,0.505985267034991,0,0.192828136636362,0.148189317264377,0,0.25,0,0,0.258186995728524,0.164295548416705,0,0.49310027598896,0,0,"NRB"
0.684386120996441,0.191912677940193,0,0,0,0,0.222222222222222,0.775947281713344,0.125,0,0,0.526758869512928,0.509020928554246,0.156535292807838,0.747717842323651,0,0.0338983050847458,0.247887323943662,0,0,0,0.59254498714653,0.0136054421768707,0,0,0,0.734803657880581,0.505985267034991,0,0,0.131574328672556,0,0,0,0,0.177147603227337,0.093620927030748,0,0.384646836348768,0,0,"NRB"
0.780693950177936,0.195877519824209,0,0,0,0.0769230769230769,0.166666666666667,0.772652388797364,0.0833333333333333,0.0833333333333333,0,0.526758869512928,0.512388741881164,0.156535292807838,0.775696502667457,0.05,0.0677966101694916,0.247887323943662,0,0,0,0.55012853470437,0.0136054421768707,0,0,0,0.759548144163529,0.505985267034991,0,0,0.125489966653016,0,0.0833333333333333,0,0.142857142857143,0.177978168011391,0.154658100045893,0,0.386691199018706,0,0,"NRB"
0.667927046263345,0.257428107385115,0.0833333333333333,0,0,0,0.166666666666667,0.915980230642504,0,0,0,0.526758869512928,0.469569401010344,0.140057893564908,0.700652045050385,0,0.0988700564971752,0.188732394366197,0,0,0,0.650385604113111,0.0204081632653061,0,1,0,0.726734803657881,0.507826887661142,0,0,0.0369156964839408,0,0.0833333333333333,0,0,0.206691979117228,0.145479577787976,0,0.397424103035879,0,0.037037037037037,"NRB"
0.673042704626334,0.253367727142448,0,0,0,0,0.166666666666667,0.823723228995058,0,0.0833333333333333,0,0.526758869512928,0.452489776280972,0.199510131373859,0.707053941908714,0.075,0.0875706214689266,0.230985915492958,0,0,0,0.580976863753213,0.0204081632653061,0,0,0,0.734265734265734,0.505064456721915,0,0,0.0523606154566197,0,0.0833333333333333,0,0,0.191385856668249,0.131941257457549,0,0.368803025656752,0,0,"NRB"
0.752224199288256,0.172781121620331,0,0,0,0.0769230769230769,0.277777777777778,0.823723228995058,0.125,0.166666666666667,0,0.515333734215274,0.573490497955256,0.207526163437987,0.821221102548904,0.2,0.0988700564971752,0.230985915492958,0,0,0,0.565552699228792,0.0408163265306122,0,0,0,0.818719741796665,0.505985267034991,0,0.351890623463122,0.0913824372550167,0,0,0,0,0.201115329852871,0.201698026617715,0,0.424409690279056,0,0,"NRB"
0.737989323843416,0.186598356740231,0.0833333333333333,0,0,0,0.277777777777778,0.960461285008237,0,0.166666666666667,0,0.50070154339547,0.56627375511186,0.151859274103763,0.78221695317131,0.2,0.180790960451977,0.174647887323944,0,0,0,0.593830334190231,0.0408163265306122,0,1,0,0.811188811188811,0.505985267034991,0,0.342349684544803,0.055519803428304,0,0.0833333333333333,0,0,0.206336022781206,0.254245066544286,0,0.435347030563222,0,0.037037037037037,"NRB"
0.647241992882562,0.243515333906563,0.0833333333333333,0,0,0,0.166666666666667,0.866556836902801,0,0,0,0.526758869512928,0.462833774356507,0.140057893564908,0.697806757557795,0,0.0649717514124294,0.171830985915493,0,0,0,0.701799485861183,0.0204081632653061,0,0,0,0.71705217859064,0.507826887661142,0,0,0.0446381559702802,0,0.0833333333333333,0,0,0.19625059326056,0.126893070215695,0,0.387100071552694,0,0,"NRB"
0.670373665480427,0.225804910671635,0,0,0.0555555555555556,0,0.222222222222222,0.897858319604613,0,0,0.0909090909090909,0.526758869512928,0.482078421938898,0,0.736218138707765,0,0.0734463276836159,0.214084507042254,0,0,0,0.643958868894602,0.0408163265306122,0,0,0.333333333333333,0.79020979020979,0.505524861878453,0,0,0.0503714971040777,0,0,0.222222222222222,0.142857142857143,0.211319411485524,0.107618173474071,0.125,0.397628539302872,0,0,"NRB"
0.668594306049822,0.189142065539314,0.0833333333333333,0,0,0,0.111111111111111,0.772652388797364,0.0416666666666667,0.0833333333333333,0,0.526758869512928,0.549434688477267,0.267646403918949,0.726970954356846,0.1,0.0960451977401131,0.245070422535211,0,0,0,0.555269922879177,0.0136054421768707,0,0,0,0.717590102205487,0.505985267034991,0,0,0.100567483765284,0,0,0,0,0.169553868058851,0.13951353832033,0,0.40590820811612,0,0.037037037037037,"NRB"
0.656806049822064,0.216000286615076,0.25,0,0,0,0.333333333333333,0.823723228995058,0,0.166666666666667,0,0.526758869512928,0.599711330286264,0.162992651970608,0.759217545939538,0.15,0.242937853107345,0.211267605633803,0,0,0,0.589974293059126,0.0136054421768707,0,1,0,0.724045185583647,0.505985267034991,0,0,0.153103609664775,0,0.5,0,0.142857142857143,0.208234456573327,0.25493345571363,0,0.460492691403455,0,0.111111111111111,"NRB"
0.561165480427046,0.349825642495462,0.166666666666667,0,0,0,0,0.471169686985173,0.166666666666667,0.0833333333333333,0,0.526758869512928,0.437334616309839,0.409040302827878,0.625963248369887,0,0.14406779661017,0.340845070422535,0,0,0,0.443444730077121,0,0,1,0,0.577729962345347,0.525782688766114,0,0,0.124378400514831,0,0,0,0,0.160299003322259,0.2088113813676,0,0.367269753654298,0,0.0740740740740741,"NRB"
0.616103202846975,0.30455240278972,0,0,0.0555555555555556,0,0.111111111111111,0.617792421746293,0,0.166666666666667,0.0909090909090909,0.526758869512928,0.419533317296127,0.263861055444222,0.676704208654416,0.1,0.231638418079096,0.332394366197183,0,0.333333333333333,0,0.46401028277635,0.00680272108843537,0,0,0,0.664873587950511,0.512891344383057,0,0.283193052959939,0.0758205113204236,0,0.166666666666667,0.222222222222222,0.285714285714286,0.185690555291884,0.382285452042221,0.25,0.366860881120311,0,0,"NRB"
0.660809608540925,0.266958058660552,0,0,0.0555555555555556,0,0.111111111111111,0.637561779242175,0.125,0.0833333333333333,0.0454545454545455,0.539186209661255,0.472696656242483,0.385882876864841,0.718672199170125,0.1,0.076271186440678,0.304225352112676,0,0,0,0.498714652956298,0.00680272108843537,0,0,0,0.701990317374933,0.506445672191529,0,0.167001559711664,0.125255952729187,0,0,0.166666666666667,0,0.172994779307072,0.17140890316659,0.125,0.360114484309516,0,0,"NRB"
0.751556939501779,0.177510270373555,0,0,0,0,0.333333333333333,1,0,0.0833333333333333,0,0.540188414511926,0.558335337984123,0.103095079046983,0.792649673977475,0.1,0.0960451977401131,0.169014084507042,0,0,0,0.632390745501285,0.0816326530612245,0,0,0,0.834319526627219,0.505985267034991,0,0.175558896679641,0.041537471479553,0,0,0,0,0.210132890365449,0.156264341441028,0,0.42492078094654,0,0,"NRB"
0.529804270462633,0.167598165663514,0,0,0.0555555555555556,0,0,0.533772652388797,0,0.0833333333333333,0.0454545454545455,0.552214872719984,0.452730334375752,0.121131151191271,0.654179016004742,0.05,0.056497175141243,0.340845070422535,0,0,0,0.426735218508997,0.00680272108843537,0,0,0,0.573426573426573,0.506445672191529,0,0.15841611983082,0.0611361376001872,0,0,0.111111111111111,0.142857142857143,0.127313716184148,0.116796695731987,0.125,0.307267709291628,0,0,"NRB"
0.623220640569395,0.269250979268176,0.0833333333333333,0,0.0277777777777778,0,0.111111111111111,0.823723228995058,0,0,0.0454545454545455,0.526758869512928,0.428433966802983,0,0.667575577949022,0,0.110169491525424,0.188732394366197,0,0,0,0.700514138817481,0.0204081632653061,0,0,0,0.711672942442173,0.511970534069982,0,0,0.0296027613643012,0,0,0.111111111111111,0,0.232439487422876,0.126663607159247,0.125,0.404988244914648,0,0,"NRB"
0.482651245551601,0.233746536734499,0.166666666666667,0,0,0,0,0.449752883031301,0.0833333333333333,0,0,0.526758869512928,0.350733702189079,0.216210198174126,0.524362774155305,0,0.169491525423729,0.335211267605634,0,0,0,0.53598971722365,0,0,1,0,0.456159225389995,0.668968692449355,0,0,0.0642368220909144,0,0,0,0,0.176554342667299,0.262505736576411,0,0.350914852294797,0,0.0740740740740741,"NRB"
0.95017793594306,0.758419317856119,0,0,0,0.615384615384615,0,0.499176276771005,0.0833333333333333,0.0833333333333333,0,0.526758869512928,0.67428433966803,0.394121576486306,0.929223473621814,0.025,0.785310734463277,0.83943661971831,0,0,0.333333333333333,0.0616966580976864,0,0,0,0,0.892953200645508,0.505985267034991,0,0,0.204469665945124,0,0,0,0.142857142857143,0.200522069292833,0.933685176686553,0,0.449964223653276,0,0.62962962962963,"NRB"
0.78758896797153,0.349419604471195,0.333333333333333,0,0.111111111111111,0.0769230769230769,0.0555555555555556,0.510708401976936,0,0.166666666666667,0.113636363636364,0.526758869512928,0.621361558816454,0.378089512358049,0.807705986959099,0.15,0.265536723163842,0.323943661971831,0,0,0,0.53598971722365,0.00680272108843537,0,0,0,0.766003227541689,0.505985267034991,0,0.338794666067138,0.0940150938980869,0,0.0833333333333333,0.166666666666667,0,0.294257237778832,0.350390087195961,0.25,0.514566084023306,0,0.111111111111111,"NRB"
0.693727758007117,0.21959491735932,0,0,0,0,0.222222222222222,0.988467874794069,0,0,0,0.526758869512928,0.460187635313928,0,0.732780082987552,0,0.056497175141243,0.171830985915493,0,0,0,0.67866323907455,0.0476190476190476,0,0,0,0.791285637439484,0.506445672191529,0,0,0.0179605686538349,0,0,0,0,0.202776459420978,0.0968334098210188,0,0.382704691812328,0,0,"NRB"
0.815169039145907,0.17294831374797,0.0833333333333333,0,0,0.0769230769230769,0.166666666666667,0.894563426688633,0,0,0,0.526758869512928,0.590810680779408,0.0961923847695391,0.796206283343213,0,0.0734463276836159,0.2,0,0,0,0.619537275064267,0.0204081632653061,0,1,0,0.801506186121571,0.505985267034991,0,0,0.0816123559351781,0,0,0,0,0.20562411010916,0.126434144102799,0,0.434324849228253,0,0.037037037037037,"NRB"
0.55182384341637,0.344021687207414,0,0,0,0,0,0.395387149917628,0.125,0.25,0,0.526758869512928,0.376473418330527,0.421955021153418,0.606757557794902,0,0.152542372881356,0.391549295774648,0,0,0,0.282776349614396,0,0,0,0,0.577729962345347,0.494014732965009,0,0,0.0922014859884163,0,0,0.166666666666667,0.428571428571429,0.107261509254865,0.328820559889858,0.125,0.258305223346622,0,0,"NRB"
0.492437722419929,0.318907041177033,0,0,0.0277777777777778,0,0,0.380560131795717,0.0416666666666667,0.166666666666667,0.0227272727272727,0.455502104630186,0.273273995669954,0.324871966154531,0.543094250148192,0.025,0.209039548022599,0.405633802816901,0,0,0,0.282776349614396,0,0,0,0,0.485207100591716,0.385359116022099,0,0.134879930304776,0.0940735973790441,0,0,0,0.285714285714286,0.1296867584243,0.415557595227168,0.125,0.254829806807728,0,0,"NRB"
0.722419928825623,0.412749593961976,0.25,0,0,0,0,0.342668863261944,0,0.25,0,0.518741230707557,0.513832090449844,0.42039634825206,0.720213396561944,0.125,0.180790960451977,0.312676056338028,0,0,0,0.544987146529563,0,0,0,0,0.661108122646584,0.502302025782689,0,0.152022707153596,0.153045106183818,0,0,0.0555555555555556,0.142857142857143,0.302800189843379,0.27466727856815,0.125,0.480527445568844,0,0,"NRB"
0.656806049822064,0.133658163752747,0,0,0.111111111111111,0,0.222222222222222,0.640856672158155,0.0833333333333333,0,0.136363636363636,0.526758869512928,0.633148905460669,0.511244711645513,0.774510966212211,0,0.0282485875706215,0.298591549295774,0,0,0,0.516709511568123,0.0136054421768707,0,0,0.333333333333333,0.722431414739107,0.505985267034991,0,0,0.338969168665536,0,0.166666666666667,0.222222222222222,0.142857142857143,0.173825344091125,0.0603487838458008,0.125,0.410303587856486,0,0,"NRB"
0.612322064056939,0.106740231202828,0,0,0.0555555555555556,0,0.222222222222222,0.640856672158155,0.0833333333333333,0,0.0909090909090909,0.526758869512928,0.633148905460669,0.511244711645513,0.771310017783047,0,0.0282485875706215,0.298591549295774,0,0,0,0.512853470437018,0.0136054421768707,0,0,0.333333333333333,0.696611081226466,0.505985267034991,0,0,0.387468554378986,0,0.166666666666667,0.222222222222222,0.142857142857143,0.170265780730897,0.0603487838458008,0.125,0.409996933455995,0,0,"NRB"
0.748665480427046,0.330073086844368,0.0833333333333333,0,0.0833333333333333,0,0.111111111111111,0.57660626029654,0.0416666666666667,0.166666666666667,0.0454545454545455,0.526758869512928,0.466682703872985,0.258294366510799,0.738707765263782,0.1,0.172316384180791,0.290140845070422,0,0,0,0.523136246786632,0.00680272108843537,0,0,0,0.72189349112426,0.502302025782689,0,0.304396700718029,0.0711987363248113,0,0.0833333333333333,0.0555555555555556,0.285714285714286,0.292121499762696,0.336163377696191,0.125,0.468056833282224,0,0,"NRB"
0.741325622775801,0.154676602655966,0.0833333333333333,0,0,0,0.333333333333333,0.683690280065898,0.25,0.333333333333333,0,0.526758869512928,0.687033918691364,0.212870184814073,0.846354475400119,0.375,0.0903954802259888,0.267605633802817,0,0,0,0.541131105398458,0.0204081632653061,0,0,0,0.749865519096288,0.505985267034991,0,0.192659519159161,0.169952612180425,0,0.25,0,0,0.257949691504509,0.153281321707205,0,0.49310027598896,0,0,"NRB"
0.736209964412811,0.313807681284036,0.0833333333333333,0,0.0555555555555556,0,0.0555555555555556,0.581548599670511,0,0.166666666666667,0.0454545454545455,0.526758869512928,0.450084195333173,0.263861055444222,0.720331950207469,0.1,0.200564971751413,0.284507042253521,0,0,0,0.511568123393316,0.00680272108843537,0,0,0,0.692845615922539,0.512430939226519,0,0.29818595697444,0.0750014625870239,0,0.0833333333333333,0.0555555555555556,0.285714285714286,0.291646891314665,0.365075722808628,0.125,0.464683634876827,0,0,"NRB"
0.70885231316726,0.160802999904462,0,0,0,0,0,0.7166392092257,0.0416666666666667,0.25,0,0.593505712567649,0.472215540052923,0.172122021821421,0.771310017783047,0.2,0.169491525423729,0.270422535211268,0,0,0,0.505141388174807,0.0408163265306122,0,0,0,0.859064012910167,0.505524861878453,0,0.317872047437717,0.0407184227461534,0.5,0,0,0,0.181775035595634,0.251720972923359,0,0.37146069712767,0,0,"NRB"
0.754893238434164,0.242046431642304,0.25,0.333333333333333,0.0833333333333333,0,0.222222222222222,0.609555189456343,0.0416666666666667,0.333333333333333,0.113636363636364,0.557927440368811,0.623767139764253,0.217768871075484,0.811736810906936,0.2,0.307909604519774,0.281690140845071,0,0,0,0.52827763496144,0.0136054421768707,0,1,0,0.788058095750403,0.505985267034991,0,0.474812764343024,0.122740303048031,0,0.333333333333333,0.444444444444444,0.142857142857143,0.29437588989084,0.371500688389169,0.25,0.514157211489318,0,0.0740740740740741,"NRB"
0.512233096085409,0.221326550109869,0.0833333333333333,0,0,0,0,0.411861614497529,0,0,0,0.605632391260774,0.328361799374549,0.191939434424404,0.580082987551867,0,0.132768361581921,0.349295774647887,0,0,0,0.561696658097686,0.00680272108843537,0,0,0,0.599784830554061,0.566298342541437,0,0,0.0299537822500439,0,0,0.111111111111111,0.285714285714286,0.189012814428097,0.173244607618173,0.25,0.337217622406215,0,0,"NRB"
0.63211743772242,0.29038884111971,0,0,0,0,0,0.678747940691928,0,0.333333333333333,0.0454545454545455,0.296251753858489,0.460668751503488,0.280115787129815,0.706816834617664,0.15,0.31638418079096,0.295774647887324,0,0,0,0.40745501285347,0.00680272108843537,0,0,0,0.687466379774072,0.50828729281768,0,0.288996304466958,0.0976423097174282,0,0,0.166666666666667,0.285714285714286,0.178452776459421,0.460073428178063,0.125,0.37146069712767,0,0,"NRB"
0.444839857651246,0.178370115601414,0,0,0,0,0,0.439868204283361,0,0.0833333333333333,0,0.526758869512928,0.26028385855184,0,0.527445168938945,0,0.115819209039548,0.383098591549295,0,0,0,0.298200514138817,0.00680272108843537,0,0,0,0.537923614846692,0.564917127071823,0,0,0.0130462762534371,0,0,0.111111111111111,0.142857142857143,0.0980066445182724,0.122303809086737,0.125,0.207911683532659,0,0,"NRB"
0.730871886120996,0.311777491162702,0,0,0.166666666666667,0,0,0.449752883031301,0.125,0.5,0.204545454545455,0.260172379234315,0.540774597065191,0.361166778000445,0.763841138114997,0.3,0.257062146892656,0.385915492957747,0,0,0,0.318766066838046,0.00680272108843537,0,0,0,0.784292630446477,0.505985267034991,0,0.496353647055517,0.0685075762007839,0,0,0.166666666666667,0.428571428571429,0.179876601803512,0.415557595227168,0.375,0.382602473678831,0,0,"NRB"
0.757562277580071,0.157793541606955,0.0833333333333333,0,0.194444444444444,0,0.277777777777778,0.723228995057661,0,0.333333333333333,0.227272727272727,0.526758869512928,0.657926389222997,0.173012692050768,0.822288085358625,0.25,0.189265536723164,0.264788732394366,0,0.333333333333333,0,0.53598971722365,0.0204081632653061,0,0,0.333333333333333,0.768154922001076,0.505985267034991,0,0.671420742759987,0.203592113730767,0,0.416666666666667,0.5,0.285714285714286,0.289985761746559,0.283386874713171,0.375,0.510988449350915,0,0,"NRB"
0.637900355871886,0.265274195089328,0,0,0.0277777777777778,0,0,0.57331136738056,0.125,0.0833333333333333,0.136363636363636,0.673682100621367,0.420495549675246,0.258294366510799,0.699703615886189,0.05,0.115819209039548,0.340845070422535,0,0,0,0.47814910025707,0.00680272108843537,0,0,0,0.692845615922539,0.502302025782689,0,0.152936051821771,0.0696191423389692,0,0,0.277777777777778,0.142857142857143,0.169672520170859,0.22303809086737,0.25,0.341817438413575,0,0,"NRB"
0.359875444839858,0.244864813222509,0.166666666666667,0,0,0,0,0.548599670510708,0.0416666666666667,0,0,0.526758869512928,0.357228770748136,0.338900022266756,0.436158861885003,0,0.214689265536723,0.292957746478873,0,0,0,0.560411311053984,0,0,1,0,0.393760086067778,0.683701657458564,0,0,0.096530743579243,0,0,0,0,0.171214997626958,0.293024323083983,0,0.354390268833691,0,0.0740740740740741,"NRB"
0.385231316725979,0.214161173211044,0,0,0,0,0,0.387149917627677,0.0416666666666667,0.0833333333333333,0.0227272727272727,0.526758869512928,0.248015395718066,0.35292807837898,0.472554831061055,0.025,0.0960451977401131,0.4,0,0,0,0.311053984575835,0,0,0,0,0.431414739107047,0.401933701657459,0,0,0.119581115076347,0,0,0.0555555555555556,0.285714285714286,0.0786663502610347,0.198715006883892,0.125,0.188592456301748,0,0,"NRB"
0.584741992882562,0.374199866246298,0,0,0,0,0,0.515650741350906,0,0.0833333333333333,0.0227272727272727,0.521146522349168,0.309357709886938,0.30705856156758,0.609128630705394,0.075,0.115819209039548,0.354929577464788,0,0,0,0.447300771208226,0,0,0,0,0.566433566433566,0.57182320441989,0,0.144996978936867,0.0779266366348798,0,0,0.0555555555555556,0,0.143331751305173,0.308168884809546,0.125,0.281713175917408,0,0,"NRB"
0.417927046263345,0.257344511321295,0,0,0,0,0,0.548599670510708,0,0,0.0909090909090909,0.526758869512928,0.372143372624489,0.50790469828546,0.541671606401897,0,0.115819209039548,0.366197183098591,0,0,0,0.498714652956298,0,0,0,0,0.485207100591716,0.527624309392265,0,0,0.189609781782016,0,0,0.222222222222222,0.142857142857143,0.119126720455624,0.313446535107848,0.375,0.305427782888684,0,0,"NRB"
0.602535587188612,0.398980128021401,0.333333333333333,0,0.0555555555555556,0,0,0.411861614497529,0,0,0,0.694527961515334,0.530911715179216,0.399020262747718,0.692353289863663,0,0.112994350282486,0.261971830985915,0,0,0,0.688946015424165,0,0,0,0,0.619688004303389,0.502762430939227,0,0,0.175510442871351,0,0,0,0,0.244779307071666,0.166819642037632,0.25,0.457119492998058,0,0,"NRB"
0.740213523131673,0.605319098117894,0.583333333333333,0,0,0,0,0.42339373970346,0.25,0.333333333333333,0,0.526758869512928,0.672600433004571,0.464929859719439,0.771072910491998,0.225,0.279661016949153,0.323943661971831,0,0,0,0.465295629820052,0,0,1,0,0.720817643894567,0.505985267034991,0,0.176753270476485,0.120692681214532,0,0,0,0,0.256525866160418,0.305644791188619,0,0.509864049882449,0,0.222222222222222,"NRB"
0.686387900355872,0.198540651571606,0.0833333333333333,0,0,0.0769230769230769,0,0.507413509060956,0.0833333333333333,0.0833333333333333,0,0.526758869512928,0.333172961270147,0.309507904698285,0.668405453467694,0,0.161016949152543,0.332394366197183,0,0,0,0.393316195372751,0.00680272108843537,0,1,0,0.742334588488435,0.563996316758748,0,0,0.0542912303282045,0.125,0,0,0,0.169909824394874,0.19343735658559,0,0.334968823469284,0,0.037037037037037,"NRB"
0.598532028469751,0.474013566446928,0,0,0.111111111111111,0,0,0.443163097199341,0.166666666666667,0.333333333333333,0.0909090909090909,0.526758869512928,0.539331248496512,0.472500556668893,0.746058091286307,0,0.110169491525424,0.374647887323944,0,0,0,0.358611825192802,0,0,0,0,0.651425497579344,0.505985267034991,0,0,0.207862867840637,0,0,0.333333333333333,0.571428571428571,0.125059326056004,0.240936209270307,0.25,0.349279362158847,0,0,"NRB"
0.555827402135231,0.257953568357696,0,0,0.0277777777777778,0,0.0555555555555556,0.678747940691928,0,0,0.0454545454545455,0.526758869512928,0.344479191724802,0.250501002004008,0.60901007705987,0,0.0621468926553673,0.295774647887324,0,0,0,0.517994858611825,0.00680272108843537,0,0,0,0.611081226465842,0.525782688766114,0,0,0.0606681097525303,0,0.0833333333333333,0.111111111111111,0.142857142857143,0.153535832937826,0.127122533272143,0.125,0.299396913012368,0,0,"NRB"
0.645017793594306,0.272714244769275,0,0,0.0277777777777778,0,0.0555555555555556,0.673805601317957,0.0416666666666667,0.0833333333333333,0.0454545454545455,0.53197033473642,0.423382246812605,0.323981295925184,0.685358624777712,0.05,0.101694915254237,0.295774647887324,0,0,0,0.507712082262211,0.00680272108843537,0,0,0,0.672942442173211,0.502302025782689,0,0.152739331431703,0.0998069385128415,0,0.0833333333333333,0.166666666666667,0,0.16468913146654,0.212712253327214,0.125,0.344372891750997,0,0,"NRB"
0.613211743772242,0.119303525365434,0,0,0.111111111111111,0,0.222222222222222,0.823723228995058,0,0,0.181818181818182,0.526758869512928,0.570363242723118,0,0.752934202726734,0,0.0734463276836159,0.242253521126761,0,0,0,0.57840616966581,0.0204081632653061,0,0,0.666666666666667,0.696611081226466,0.505985267034991,0,0,0.216813900427075,0,0.333333333333333,0.444444444444444,0.285714285714286,0.171452301850973,0.118402937127123,0.25,0.410610242256976,0,0,"NRB"
0.57673487544484,0.227142447692749,0,0,0.0555555555555556,0,0.0555555555555556,0.644151565074135,0,0,0.0454545454545455,0.526758869512928,0.39066634592254,0.325317301269205,0.650978067575578,0,0.0480225988700565,0.304225352112676,0,0,0,0.539845758354756,0.00680272108843537,0,0,0,0.632060247444863,0.511970534069982,0,0,0.108465453694495,0,0,0.0555555555555556,0,0.154129093497864,0.10325837540156,0.125,0.317182868240826,0,0,"NRB"
0.792482206405694,0.455228336677176,0,0,0.25,0.0769230769230769,0.333333333333333,0.548599670510708,0.208333333333333,0.5,0.272727272727273,0.526758869512928,0.595140726485446,0.256735693609441,0.827148784825133,0.3,0.245762711864407,0.349295774647887,0,1,0,0.451156812339332,0.00680272108843537,0,0,0,0.831629908552985,0.505985267034991,0,0.948037714109067,0.0562803486807465,0,0.25,0.333333333333333,0,0.216540104413859,0.420146856356127,0.375,0.455688439129102,0,0,"NRB"
0.749777580071174,0.290448552593866,0,0,0,0.0769230769230769,0.166666666666667,0.647446457990115,0.166666666666667,0.0833333333333333,0,0.526758869512928,0.43468847726726,0.250278334446671,0.752815649081209,0.075,0.0593220338983051,0.292957746478873,0,0,0,0.526992287917738,0.00680272108843537,0,0,0,0.733727810650888,0.507826887661142,0,0,0.074533434739367,0,0.0833333333333333,0,0.142857142857143,0.177740863787375,0.165442863698944,0,0.351323724828785,0,0,"NRB"
0.645240213523132,0.203795261297411,0.166666666666667,0,0.0277777777777778,0,0.277777777777778,0.790774299835255,0,0.25,0.0454545454545455,0.526758869512928,0.597546307433245,0.210643509240704,0.761944279786604,0.2,0.265536723163842,0.23943661971831,0,0.333333333333333,0,0.555269922879177,0.0136054421768707,0,1,0,0.714900484131254,0.505985267034991,0,0.294827658886844,0.174691394137951,0,0.416666666666667,0.111111111111111,0,0.207522543901281,0.301514456172556,0.125,0.457732801799039,0,0.0740740740740741,"NRB"
0.625667259786477,0.31479889175504,0,0,0.0277777777777778,0,0.111111111111111,0.640856672158155,0,0.25,0.0454545454545455,0.526758869512928,0.439259081068078,0.283455800489869,0.684410195613515,0.15,0.23728813559322,0.309859154929577,0,0.333333333333333,0,0.444730077120823,0.00680272108843537,0,0,0,0.677245831091985,0.502302025782689,0,0.287183666587042,0.0828409290352776,0,0.166666666666667,0.111111111111111,0,0.186521120075937,0.34832491968793,0.125,0.371256260860677,0,0,"NRB"
0.661254448398576,0.334157351676698,0,0,0.0555555555555556,0,0.166666666666667,0.57660626029654,0,0.25,0.0909090909090909,0.526758869512928,0.458503728650469,0.280115787129815,0.708713692946058,0.15,0.240112994350283,0.343661971830986,0,0.333333333333333,0,0.424164524421594,0.00680272108843537,0,0,0,0.708445400753093,0.50828729281768,0,0.291146177301277,0.0738313929678816,0,0.25,0.222222222222222,0.285714285714286,0.191741813004271,0.361404313905461,0.25,0.380455892875396,0,0,"NRB"
0.569839857651246,0.285802999904462,0.0833333333333333,0,0,0,0.111111111111111,0.761120263591433,0,0.0833333333333333,0,0.526758869512928,0.401732018282415,0.194834112669784,0.636158861885003,0.05,0.186440677966102,0.242253521126761,0,0,0,0.55012853470437,0.00680272108843537,0,1,0,0.629370629370629,0.527163904235728,0,0,0.0407184227461534,0,0.166666666666667,0,0.142857142857143,0.190436639772188,0.278568150527765,0,0.363487682714914,0,0.037037037037037,"NRB"
0.76067615658363,0.29091430209229,0,0,0,0.307692307692308,0.111111111111111,0.56836902800659,0.416666666666667,0.333333333333333,0,0.526758869512928,0.592975703632427,0.425740369628145,0.857972732661529,0.4,0.0875706214689266,0.32112676056338,0,0,0,0.440874035989717,0.00680272108843537,0,0,0,0.757934373318989,0.505985267034991,0,0,0.239396244076523,0,0,0,0,0.176317038443284,0.144561725562184,0,0.410303587856486,0,0,"NRB"
0.840080071174377,0.180985478169485,0,0,0,0.153846153846154,0,0.548599670510708,0.125,0.166666666666667,0,0.526758869512928,0.427952850613423,0.250723669561345,0.80284528749259,0.15,0.0847457627118645,0.329577464788732,0,0,0,0.410025706940874,0.0204081632653061,0,0,0,0.864443249058634,0.505064456721915,0,0,0.0485578891944071,0.375,0,0,0.142857142857143,0.167062173706692,0.144561725562184,0,0.331902279464377,0,0,"NRB"
0.724199288256228,0.216370497754849,0,0,0,0.0769230769230769,0,0.57001647446458,0.125,0.0833333333333333,0,0.571657646823011,0.382246812605244,0.191716766867067,0.73040901007706,0.05,0.056497175141243,0.32112676056338,0,0,0,0.5,0.00680272108843537,0,0,0,0.71382463690156,0.511510128913444,0,0.15581660039063,0.0346925642075704,0.125,0,0,0,0.14594209776934,0.162459843965122,0,0.306347746090156,0,0,"NRB"
0.651245551601423,0.137049775484857,0,0,0,0,0.222222222222222,0.927512355848435,0,0,0,0.526758869512928,0.547510223719028,0,0.750681683461767,0,0.0508474576271187,0.194366197183098,0,0,0,0.619537275064267,0.0204081632653061,0,0,0,0.72512103281334,0.505985267034991,0,0,0.154858714093489,0,0,0,0,0.18046986236355,0.105323542909592,0,0.405294899315139,0,0,"NRB"
0.667927046263345,0.251898824878189,0,0,0,0,0.166666666666667,0.86326194398682,0.0416666666666667,0,0,0.526758869512928,0.431561222035121,0.140057893564908,0.700652045050385,0,0.0423728813559322,0.216901408450704,0,0,0,0.624678663239075,0.0204081632653061,0,0,0,0.726734803657881,0.507826887661142,0,0,0.0369156964839408,0,0,0,0,0.190555291884196,0.101422670949977,0,0.36328324644792,0,0,"NRB"
0.607651245551601,0.164290149995223,0,0,0,0,0.222222222222222,0.792421746293245,0,0.166666666666667,0,0.526758869512928,0.502525859995189,0.144288577154309,0.726259632483699,0.1,0.115819209039548,0.242253521126761,0,0,0,0.530848329048843,0.0136054421768707,0,0,0,0.685852608929532,0.505985267034991,0,0,0.155092728017317,0,0.166666666666667,0,0.285714285714286,0.170028476506882,0.216613125286829,0,0.381989164877849,0,0,"NRB"
0.705960854092527,0.204726760294258,0,0,0.0277777777777778,0,0.277777777777778,0.706754530477759,0.0833333333333333,0.333333333333333,0.0454545454545455,0.358288234115053,0.602598027423623,0.285459808505901,0.797866034380557,0.275,0.146892655367231,0.27887323943662,0,0,0,0.479434447300771,0.0136054421768707,0,0,0,0.763851533082302,0.505985267034991,0,0.334677589332134,0.182998888433862,0,0.166666666666667,0.222222222222222,0.285714285714286,0.190673943996203,0.268701239100505,0.125,0.427271798016968,0,0,"NRB"
0.650355871886121,0.190706506162224,0,0,0,0,0.166666666666667,0.744645799011532,0.0833333333333333,0.0833333333333333,0,0.526758869512928,0.496511907625692,0.318191939434424,0.728630705394191,0.1,0.0677966101694916,0.259154929577465,0,0,0,0.560411311053984,0.0204081632653061,0,0,0,0.72512103281334,0.505985267034991,0,0,0.143918563154508,0,0.0833333333333333,0,0,0.189131466540104,0.112207434603029,0,0.379740365940918,0,0,"NRB"
0.78047153024911,0.292598165663514,0.166666666666667,0,0.0555555555555556,0,0.277777777777778,0.588138385502471,0,0.5,0.0454545454545455,0.526758869512928,0.611498676930479,0.244043642841238,0.828808535862478,0.3,0.299435028248588,0.264788732394366,0,0,0,0.498714652956298,0.0204081632653061,0,0,0,0.812802582033351,0.505985267034991,0,0.632245282223502,0.0907974024454455,0,0.25,0.111111111111111,0.571428571428571,0.296986236355007,0.438274437815512,0.125,0.54032505366452,0,0,"NRB"
0.636343416370107,0.133932836533868,0,0,0,0,0,0.588138385502471,0,0,0,0.526758869512928,0.372383930719269,0,0.674451689389449,0,0.0169491525423729,0.312676056338028,0,0,0,0.461439588688946,0.0204081632653061,0,0,0,0.700914470145239,0.503222836095764,0,0,0.0352775990171415,0.25,0,0,0,0.123635500711913,0,0,0.267402637227844,0,0,"NRB"
0.830738434163701,0.141826693417407,0,0,0,0.153846153846154,0,0.581548599670511,0.0833333333333333,0.166666666666667,0,0.526758869512928,0.465720471493866,0.239144956579826,0.811736810906936,0.1,0.0790960451977402,0.315492957746479,0,0,0,0.40745501285347,0.0408163265306122,0,0,0,0.882732651963421,0.505985267034991,0,0,0.046510267360908,0.25,0,0,0.285714285714286,0.164807783578548,0.141349242771914,0,0.33312889706634,0,0,"NRB"
0.677713523131672,0.205383586509984,0,0,0,0,0.222222222222222,0.960461285008237,0,0,0,0.526758869512928,0.496030791436132,0,0.738114997036159,0,0.0536723163841808,0.183098591549296,0,0,0,0.66452442159383,0.0408163265306122,0,0,0,0.760623991393222,0.505985267034991,0,0,0.0584449774761598,0,0,0,0,0.201589938300902,0.100504818724185,0,0.398139629970357,0,0,"NRB"
0.737989323843416,0.185953472819337,0,0,0.0555555555555556,0,0.277777777777778,0.886326194398682,0,0.166666666666667,0.0454545454545455,0.501503307276007,0.54293961991821,0.151859274103763,0.78221695317131,0.2,0.152542372881356,0.216901408450704,0,0,0,0.556555269922879,0.0408163265306122,0,0,0,0.811188811188811,0.505985267034991,0,0.342433993283404,0.055519803428304,0,0.0833333333333333,0.111111111111111,0.285714285714286,0.200284765068818,0.252868288205599,0.125,0.413574568128386,0,0,"NRB"
0.758007117437722,0.185033916117321,0,0,0.166666666666667,0,0.333333333333333,0.7166392092257,0.166666666666667,0.166666666666667,0.136363636363636,0.506514331529365,0.611739235025259,0.287018481407259,0.819205690574985,0.2,0.101694915254237,0.27887323943662,0,0,0,0.530848329048843,0.0408163265306122,0,0,0,0.835395373856912,0.505985267034991,0,0.367417482822095,0.0740654068917101,0,0.166666666666667,0.444444444444444,0.285714285714286,0.204556241101092,0.189307021569527,0.25,0.433507104160278,0,0,"NRB"
0.623220640569395,0.278506257762492,0,0.666666666666667,0.111111111111111,0,0.111111111111111,0.706754530477759,0,0,0.136363636363636,0.526758869512928,0.397401972576377,0,0.667575577949022,0,0.161016949152543,0.32112676056338,0,0,0,0.574550128534704,0.0204081632653061,0,0,0.333333333333333,0.711672942442173,0.512430939226519,0,0,0.0296027613643012,0,0,0.333333333333333,0.142857142857143,0.193877551020408,0.169114272602111,0.375,0.357456812838598,0,0,"NRB"
0.820729537366548,0.179337441482755,0,0,0.222222222222222,0.0769230769230769,0.111111111111111,0.797364085667216,0,0.166666666666667,0.136363636363636,0.443976748847464,0.56410873225884,0.125807169895346,0.802133965619443,0.125,0.146892655367231,0.256338028169014,0,0,0,0.532133676092545,0.0204081632653061,0,0,0,0.833781603012372,0.505985267034991,0,0.335633088369609,0.0872286901070614,0.125,0,0.222222222222222,0.285714285714286,0.188656858092074,0.229921982560808,0.25,0.413370131861392,0,0,"NRB"
0.444839857651246,0.260449507977453,0.0833333333333333,0,0,0,0,0.365733113673806,0.0416666666666667,0,0,0.576869112046502,0.252585999518884,0.180583389000223,0.491286307053942,0,0.1045197740113,0.329577464788732,0,0,0,0.618251928020566,0,0,0,0,0.393760086067778,0.234346224677716,0,0,0.032527935412157,0,0,0.0555555555555556,0.285714285714286,0.186639772187945,0.313446535107848,0.125,0.323827046918123,0,0,"NRB"
0.569839857651246,0.295571797076526,0.333333333333333,0,0,0,0,0.411861614497529,0.0833333333333333,0,0,0.526758869512928,0.76040413759923,0.204408817635271,0.593953764078245,0,0.322033898305085,0.154929577464789,0,0,0,1,0,1,0,0,0.537923614846692,0.410681399631676,0,0,0.0630082489908149,0,0,0,0,0.576886568580921,0.186094538779256,0,0.82132270264745,0,0.148148148148148,"NRB"
0.725533807829181,0.414146842457247,0.166666666666667,0,0,0.0769230769230769,0,0.411861614497529,0.0833333333333333,0,0,0.526758869512928,0.426509502044744,0.192162101981741,0.693775933609959,0,0.771186440677966,0.695774647887324,0,0,0.333333333333333,0.230077120822622,0,0,0,0,0.632060247444863,0.585174953959484,0,0,0.0579769496285029,0,0,0,0,0.205268153773137,0.804268012849931,0,0.382909128079321,0,0.185185185185185,"NRB"
0.512233096085409,0.281372408522022,0.166666666666667,0,0,0,0,0.548599670510708,0.0416666666666667,0,0,0.526758869512928,0.381525138320904,0.324871966154531,0.550207468879668,0,0.163841807909604,0.301408450704225,0,0,0,0.571979434447301,0,0,1,0,0.501344809037117,0.401473296500921,0,0,0.0761130287252092,0,0,0,0,0.178571428571429,0.277420835245525,0,0.359807829909026,0,0.0740740740740741,"NRB"
0.943505338078292,1,0,0,0.0833333333333333,0.923076923076923,0,0.494233937397035,0.125,0,0.0681818181818182,0.526758869512928,0.765696415684388,0.364506791360499,0.977711914641375,0,1,1,0,0,1,0.025706940874036,0,0,0,0,0.911242603550296,0.505985267034991,0,0,0.144971625811736,0,0,0.166666666666667,0,0.204556241101092,1,0.125,0.493509148522948,0,1,"NRB"
0.400800711743772,0.246799464985192,0.166666666666667,0,0,0,0,0.439868204283361,0.0833333333333333,0.0833333333333333,0,0.526758869512928,0.398364204955497,0.434201736806947,0.500296384113811,0,0.194915254237288,0.346478873239437,0,0,0,0.429305912596401,0,0,0,0,0.456159225389995,0.569981583793739,0,0,0.142806997016322,0,0,0,0,0.154603701945895,0.244378155117026,0,0.35377696003271,0,0.0740740740740741,"NRB"
0.495551601423487,0.278195758096876,0,0,0,0,0,0.4332784184514,0.125,0.166666666666667,0,0.526758869512928,0.289150829925427,0.346693386773547,0.559217545939538,0,0.115819209039548,0.369014084507042,0,0,0,0.308483290488432,0,0,0,0,0.501344809037117,0.568600368324125,0,0,0.122330778681332,0,0,0,0.142857142857143,0.0994304698623635,0.248049564020193,0,0.223857712358172,0,0,"NRB"
0.696174377224199,0.332461545810643,0,0,0,0.0769230769230769,0,0.528830313014827,0.166666666666667,0.0833333333333333,0,0.526758869512928,0.373105605003608,0.392117568470274,0.703260225251927,0.025,0.0480225988700565,0.335211267605634,0,0,0,0.480719794344473,0,0,0,0,0.632060247444863,0.49585635359116,0,0.141933761434373,0.133680453987012,0,0,0,0,0.123635500711913,0.181505277650298,0,0.289686190330165,0,0,"NRB"
0.686387900355872,0.376898824878189,0.25,0,0,0.0769230769230769,0,0.471169686985173,0.0416666666666667,0.0833333333333333,0,0.526758869512928,0.43372624488814,0.204408817635271,0.663544754001186,0,0.550847457627119,0.290140845070422,0,0,0.333333333333333,0.587403598971722,0,0,0,0,0.577729962345347,0.384898710865562,0,0.132519285623955,0.0542912303282045,0,0,0,0,0.233863312766967,0.527076640660853,0,0.409690279055505,0,0.111111111111111,"NRB"
0.497330960854092,0.258789528995892,0,0,0.0277777777777778,0,0,0.525535420098847,0.0416666666666667,0.0833333333333333,0.0227272727272727,0.511625576267789,0.570363242723118,0.791360498775328,0.695672791938352,0.025,0.0338983050847458,0.340845070422535,0,0,0,0.430591259640103,0,0,0,0,0.535233996772458,0.505985267034991,0,0.149001644020403,0.541566723220032,0,0,0.0555555555555556,0.285714285714286,0.123635500711913,0.0904084442404773,0.125,0.346315036287437,0,0,"NRB"
0.512233096085409,0.344009744912582,0.0833333333333333,0,0,0,0,0.253706754530478,0,0.25,0,0.526758869512928,0.330286264132788,0.324871966154531,0.550207468879668,0.1,0.228813559322034,0.374647887323944,0,0,0,0.397172236503856,0,0,0,0,0.501344809037117,0.384438305709024,0,0.13940449927635,0.0761130287252092,0,0,0,0,0.228168011390603,0.387104176227627,0,0.379944802207912,0,0,"NRB"
0.725533807829181,0.444038406420178,0.0833333333333333,0,0,0,0,0.466227347611203,0.125,0.333333333333333,0,0.526758869512928,0.556170315131104,0.608550434201737,0.736573799644339,0.3,0.0847457627118645,0.343661971830986,0,0,0,0.416452442159383,0,0,0,0,0.676169983862292,0.505985267034991,0,0.1747439122065,0.17533493242848,0,0,0,0,0.254864736592311,0.148692060578247,0,0.432893795359297,0,0,"NRB"
0.945951957295374,0.755230725136142,0,0,0,0.538461538461538,0,0.507413509060956,0.0416666666666667,0.166666666666667,0,0.0979154139106033,0.65143132066394,0.343798708528167,0.916538233550682,0.05,0.926553672316384,0.895774647887324,0,0,0.333333333333333,0.057840616966581,0,0,0,0,0.886498117267348,0.505985267034991,0,0.136622310902525,0.179722693500263,0,0,0,0.142857142857143,0.200166112956811,0.979807251032583,0,0.445364407645916,0,0.555555555555556,"NRB"
0.624332740213523,0.282769657017292,0,0,0,0,0.166666666666667,0.706754530477759,0.125,0,0,0.526758869512928,0.368294443108011,0.196170118013805,0.670895080023711,0,0.0282485875706215,0.273239436619718,0,0,0,0.588688946015424,0.00680272108843537,0,0,0,0.670252824098978,0.495395948434623,0,0,0.036038144269584,0,0,0,0,0.169791172282867,0.0968334098210188,0,0.32392926505162,0,0,"NRB"
0.719750889679715,0.355175790579918,0.416666666666667,0,0,0,0.333333333333333,0.769357495881384,0.0416666666666667,0,0,0.526758869512928,0.834496030791436,0.17791137831218,0.742145820983995,0,0.248587570621469,0.101408450704225,0,0,0,0.92159383033419,0.00680272108843537,1,0,0,0.760623991393222,0.507826887661142,1,0,0.0250979933306032,0,0.416666666666667,0,0,0.559444708115804,0.155805415328132,0,0.845037309618726,0,0.185185185185185,"NRB"
0.569839857651246,0.277753893188115,0,0,0.0555555555555556,0,0.111111111111111,0.617792421746293,0,0,0.0909090909090909,0.526758869512928,0.349530911715179,0.194834112669784,0.636158861885003,0,0.0960451977401131,0.332394366197183,0,0,0,0.487146529562982,0.00680272108843537,0,0,0,0.629370629370629,0.52670349907919,0,0,0.0407184227461534,0,0.166666666666667,0.222222222222222,0.571428571428571,0.162078785002373,0.217989903625516,0.25,0.311969743432485,0,0,"NRB"
0.591192170818505,0.254657494984236,0,0,0.0555555555555556,0,0.111111111111111,0.627677100494234,0.0416666666666667,0.0833333333333333,0.0909090909090909,0.519342553617959,0.425787827760404,0.323981295925184,0.678838174273859,0.025,0.129943502824859,0.323943661971831,0,0,0,0.483290488431877,0.00680272108843537,0,0,0,0.656266810112964,0.502302025782689,0,0.148327174111597,0.111449131223308,0,0.166666666666667,0.277777777777778,0.428571428571429,0.165045087802563,0.257916475447453,0.25,0.346928345088419,0,0,"NRB"
0.75355871886121,0.299453042896723,0,0,0,0.0769230769230769,0.166666666666667,0.647446457990115,0.166666666666667,0.0833333333333333,0,0.526758869512928,0.43468847726726,0.250278334446671,0.754593953764078,0.1,0.0593220338983051,0.292957746478873,0,0,0,0.523136246786632,0.00680272108843537,0,0,0,0.740720817643894,0.507826887661142,0,0,0.0728953372725677,0,0.0833333333333333,0,0.142857142857143,0.179520645467489,0.165442863698944,0,0.351630379229275,0,0,"NRB"
0.6605871886121,0.307609630266552,0,0,0,0,0.222222222222222,0.673805601317957,0.125,0.0833333333333333,0,0.526758869512928,0.396680298292038,0.191716766867067,0.697806757557795,0.1,0.0734463276836159,0.284507042253521,0,0,0,0.525706940874036,0.00680272108843537,0,0,0,0.703066164604626,0.511970534069982,0,0,0.0303048031357866,0,0.0833333333333333,0,0.142857142857143,0.178808732795444,0.183570445158329,0,0.339568639476643,0,0,"NRB"
0.756005338078292,0.311992452469667,0,0,0,0.0769230769230769,0.222222222222222,0.637561779242175,0.208333333333333,0.0833333333333333,0,0.526758869512928,0.452249218186192,0.241371632153195,0.767042086544161,0.1,0.056497175141243,0.295774647887324,0,0,0,0.524421593830334,0.00680272108843537,0,0,0,0.754706831629909,0.505064456721915,0,0,0.070555198034283,0,0.0833333333333333,0,0.142857142857143,0.184029425723778,0.15603487838458,0,0.361443320044976,0,0,"NRB"
0.624332740213523,0.300229292060762,0.0833333333333333,0,0,0,0.166666666666667,0.72158154859967,0.0416666666666667,0.0833333333333333,0,0.526758869512928,0.421698340149146,0.196170118013805,0.670895080023711,0.05,0.155367231638418,0.256338028169014,0,0,0,0.559125964010283,0.00680272108843537,0,1,0,0.670252824098978,0.494475138121547,0,0,0.036038144269584,0,0.166666666666667,0,0.142857142857143,0.196843853820598,0.252638825149151,0,0.372585096596136,0,0.037037037037037,"NRB"
0.579848754448399,0.262360275150473,0.0833333333333333,0,0,0,0.111111111111111,0.678747940691928,0,0.0833333333333333,0,0.526758869512928,0.41183545826317,0.264306390558896,0.646947243627742,0.05,0.110169491525424,0.233802816901408,0,0,0,0.56426735218509,0.00680272108843537,0,0,0,0.64228079612695,0.494475138121547,0,0,0.0643538290528286,0,0.166666666666667,0,0.142857142857143,0.189606074988135,0.203074804956402,0,0.366860881120311,0,0,"NRB"
0.736877224199288,0.235776726855833,0,0,0,0.0769230769230769,0.111111111111111,0.658978583196046,0.166666666666667,0.0833333333333333,0,0.526758869512928,0.485927351455376,0.377866844800713,0.760877296976882,0.05,0.0536723163841808,0.290140845070422,0,0,0,0.52827763496144,0.00680272108843537,0,0,0,0.714900484131254,0.505524861878453,0,0.148032093526494,0.148715848592991,0,0,0,0,0.169079259610821,0.159247361174851,0,0.364407645916386,0,0,"NRB"
0.690169039145907,0.371942772523168,0,0,0.111111111111111,0,0.222222222222222,0.57660626029654,0.0416666666666667,0.416666666666667,0.0909090909090909,0.526758869512928,0.506374789511667,0.266533066132265,0.744754001185536,0.275,0.347457627118644,0.343661971830986,0,0.666666666666667,0,0.426735218508997,0.00680272108843537,0,0,0,0.742334588488435,0.506445672191529,0,0.582081582756053,0.0758205113204236,0,0.25,0.222222222222222,0.142857142857143,0.201708590412909,0.493804497475906,0.25,0.415721148931821,0,0,"NRB"
0.726201067615658,0.303394000191077,0.166666666666667,0,0.166666666666667,0,0.0555555555555556,0.581548599670511,0.0833333333333333,0.25,0.0681818181818182,0.540188414511926,0.590329564589849,0.523936762413716,0.765619442797866,0.15,0.155367231638418,0.284507042253521,0,0,0,0.556555269922879,0.00680272108843537,0,0,0,0.699300699300699,0.505985267034991,0,0,0.201017960568654,0,0,0.166666666666667,0,0.28844328429046,0.22854520422212,0.25,0.485433915976694,0,0,"NRB"
0.673709964412811,0.214089519442056,0,0,0,0,0.222222222222222,0.769357495881384,0,0.333333333333333,0,0.450491080376829,0.551599711330286,0.315742596303719,0.765856550088915,0.25,0.177966101694915,0.250704225352113,0,0,0,0.502570694087404,0.0204081632653061,0,0,0,0.754706831629909,0.505985267034991,0,0.319881405707702,0.125314456210145,0,0,0,0,0.196013289036545,0.262505736576411,0,0.413063477460902,0.5,0,"NRB"
0.763122775800712,0.249785038693035,0,0,0,0.153846153846154,0,0.528830313014827,0.166666666666667,0.0833333333333333,0.0227272727272727,0.564241330928042,0.406302622083233,0.185259407704297,0.771428571428571,0.05,0.0706214689265537,0.343661971830986,0,0,0,0.474293059125964,0.00680272108843537,0,0,0,0.749865519096288,0.502762430939227,0,0.158135090702151,0.0357456268647985,0.25,0,0.333333333333333,0.142857142857143,0.154959658281917,0.177833868747132,0.125,0.324133701318614,0,0,"NRB"
0.731094306049822,0.306833381102513,0,0,0.25,0,0,0.581548599670511,0,0.75,0.204545454545455,0,0.667548713014193,0.522378089512358,0.812685240071132,0.525,0.242937853107345,0.332394366197183,0,0,0,0.404884318766067,0.00680272108843537,0,0,0,0.786444324905863,0.505985267034991,0,1,0.172702275785409,0,0,0.166666666666667,0,0.180351210251542,0.370812299219826,0.375,0.445773280179904,0,0,"NRB"
0.638122775800712,0.115016241520971,0,0.333333333333333,0.25,0,0.277777777777778,0.731466227347611,0,0.333333333333333,0.318181818181818,0.487572659851674,0.69545345200866,0.238922289022489,0.81778304682869,0.225,0.166666666666667,0.284507042253521,0,0.333333333333333,0,0.511568123393316,0.0204081632653061,0,0,0,0.706831629908553,0.505985267034991,0,0.471285848778226,0.352249458842801,0,0.333333333333333,0.722222222222222,0,0.187588989084006,0.254474529600734,0.625,0.472247776755597,0.25,0,"NRB"
0.702402135231317,0.105987866628451,0.166666666666667,0,1,0,0.5,0.924217462932455,0,0,1,0.526758869512928,0.807794082270868,0.0572255622355823,0.906105512744517,0,0.141242937853107,0.2,0,0,0,0.703084832904884,1,0,1,0.666666666666667,0.872512103281334,0.505985267034991,0,0,0.0638272977242146,0,0.0833333333333333,0.888888888888889,0,0.420147128618889,0.134924277191372,1,0.627414903403864,0,0.037037037037037,"NRB"
0.684163701067615,0.221517626827171,0.166666666666667,0,0,0,0.222222222222222,0.897858319604613,0,0,0,0.526758869512928,0.540774597065191,0.149855266087731,0.729460580912863,0,0.129943502824859,0.188732394366197,0,0,0,0.643958868894602,0.0136054421768707,0,1,0,0.733189887036041,0.505524861878453,0,0,0.0972327853507284,0,0.166666666666667,0,0,0.206691979117228,0.169573198715007,0,0.430644996422365,0,0.0740740740740741,"NRB"
