"vconst_corr","vconst_2","vconst_3","vconst_4","vconst_5","vconst_7","ah_corr","ah_bolus","slm_corr","efficiency_factor","tidal_mix_max","vertical_decay_scale","convect_corr","bckgrnd_vdc1","bckgrnd_vdc_ban","bckgrnd_vdc_eq","bckgrnd_vdc_psim","Prandtl","target"
0.859671333821259,0.928788446522623,0.25242115883619,0.298148043468242,0.169988363678647,0.737920584006655,0.426147311651833,0.568668759982448,0.474010630308422,0.244265558312308,0.103856429653834,0.870924683623894,1,0.447325329081593,0.307274312730832,0.860540018808733,0.797506340391156,0.870159118759086,0
0.606367020695625,0.457227003513072,0.359315905828329,0.306302167676382,0.844088411317706,0.937500554344899,0.442486854919331,0.829202866663401,0.295175225920107,0.616383015127865,0.975832259985274,0.916335194648691,0.847148755803425,0.863987918750667,0.346527105302352,0.356977155831676,0.438628481957609,0.512304794302825,1
0.998404213660964,0.372473776460038,0.517729129458351,0.50519246489859,0.619230484351674,0.607119307309307,0.7458567884859,0.195983336495069,0.817388479128686,0.679023415466333,0.80337745767636,0.645045477398178,0.719859835515095,0.924776100449234,0.315136328162607,0.250660606487771,0.285677111040271,0.365817609284538,1
0.783950577275821,0.102451570679399,0.196926283137967,0.421678008284214,0.742619046256542,0.491992562505063,0.000940625566831184,0.392529954446713,0.00682526640941972,0.470614480431964,0.597745155307455,0.763118711192022,0.362814697165192,0.912787584699982,0.978782481988837,0.848105794450242,0.699850832271564,0.476013334500166,1
0.406331403296263,0.512870838250732,0.0608079364056118,0.636601631160307,0.845557974640175,0.442501917083313,0.188402686190837,0.48812383092316,0.357468486997679,0.550894013610407,0.743812475938588,0.312245134810551,0.651381741285012,0.52116666873953,0.0428804149916992,0.377136949342241,0.280134279783942,0.132100516542621,1
0.041015511651435,0.629058505975387,0.303083487621601,0.814939246393404,0.222384499920882,0.973977531142427,0.60863305373048,0.648668805983816,0.739161442250217,0.440019147464396,0.0355803484736976,0.616820058165914,0.0162364643810046,0.932341072092927,0.32910498435007,0.956701108717739,0.135283125427583,0.294721243430544,1
0.160832333654502,0.548621125229038,0.152848413470849,0.655260533290879,0.139755394808675,0.798833498943413,0.403533511962158,0.663527154940573,0.0464773068591273,0.577937307659407,0.26456193728126,0.961365127333305,0.699448095603041,0.46611519572412,0.637350659971417,0.0103983775620437,0.147240289336989,0.213681455799171,1
0.415391916330913,0.899604591997288,0.933364468840207,0.918625412062242,0.399011170980036,0.00899961623035679,0.84645832949029,0.684701954148243,0.396477718142771,0.886951890765223,0.522258076429577,0.696000665571197,0.888581118881786,0.410277589205338,0.481134708829889,0.929024347448559,0.02623547414563,0.0925331519566265,1
0.166547118194603,0.352143974839155,0.989828092006227,0.286329234626204,0.563846714887784,0.40357780239707,0.378483838803519,0.479753978308204,0.0572813771374159,0.235092410209467,0.290203198940251,0.392005493131346,0.254597883291582,0.487213090697056,0.0530352265555085,0.864469505984806,0.415215046241751,0.487159271583993,1
0.656012661401489,0.413292842522363,0.806460845945082,0.162211135641493,0.862694961895799,0.950287052004281,0.545058604449376,0.426608663901058,0.416372109745432,0.945939597003715,0.325123663954632,0.667655568106153,0.374378061120646,0.0980486850190972,0.212893994144198,0.222776800298188,0.0070733130610938,0.420019940650702,1
0.59031438150111,0.292679759939559,0.423552787334089,0.329246904868332,0.45785589277843,0.832080746131063,0.495983898395101,0.15942998092052,0.973791046144662,0.491546204752797,0.0838900086226087,0.976534329766137,0.92863466567655,0.29371427859918,0.804749357374853,0.873115260573477,0.54657491660476,0.885146265553268,1
0.882592179306729,0.424312523665689,0.904681367864885,0.17207358938477,0.791662645424106,0.477299220200358,0.680437019346661,0.907171287583594,0.830214723337037,0.0819055724074981,0.520395991390014,0.0719774627572566,0.950387970183132,0.999820583493584,0.728876389188223,0.286034858131834,0.210862889352603,0.83383387776924,1
0.961769989841409,0.978023704556351,0.859255208577372,0.615646041598049,0.615836579478164,0.353472091552655,0.834090874672159,0.0949660631961798,0.229049361027252,0.955186221390729,0.577038119424809,0.785047468818498,0.531127329210544,0.173130867131659,0.544584962510676,0.0807947441263207,0.733465487798397,0.531429124974392,0
0.172325818070656,0.0116705494613072,0.624086660650265,0.519396850250191,0.254084430388907,0.367697658174031,0.0513964157681026,0.519134646717544,0.370269093147041,0.853885402519385,0.346786347405321,0.949453159146033,0.598238323748056,0.427457817197448,0.401270713381551,0.822537426614669,0.599912900533047,0.135500381871036,1
0.396583534940602,0.199940431504395,0.96975654688288,0.838071112066738,0.610286662799441,0.245023327856287,0.788141305353232,0.356358848157176,0.122565637959789,0.509350388389285,0.403739639116776,0.867433780663377,0.500100967097439,0.588737522564693,0.0142884846195318,0.895712014767335,0.562416832955846,0.0282032505275478,1
0.0512689184191761,0.309953573377643,0.910769324680494,0.720241992047624,0.433137951767416,1,0.228082533927922,0.772675744358109,0.593433984002963,0.107389942502162,0.214800967875239,0.0508079591381543,0.293326551066402,0.751375927193192,0.923204434179178,0.607886568001691,0.31828019767852,0.719027767676177,1
0.814936969573129,0.697017601837507,0.703755199207125,0.977867862470058,0.984511301593916,0.0307637801914309,0.939617297881452,0.745884921829807,0.753588531068452,0.411529369638756,0.586517299180285,0.943739289588513,0.247091487390621,0.549192595352034,0.229520691070349,0.6931007595628,1,0.647193794827748,1
0.59593738847977,0.792070344676347,0.795262626488732,0.430546262431471,0.917676665214697,0.9003113312844,0.729316607619361,0.560911846287402,0.659719199995676,0.835307699299633,0.644647500054517,0.444573866001559,0.82184471291182,0.877929347141683,0.238096705027991,0.414149485458141,0.378853105011333,0.973378268871188,1
0.453426815748275,0.226596201610438,0.870322665183631,0.841191315550845,0.132745185828926,0.954044619909284,0.175484069255291,0.0228978063690738,0.142479131144517,0.673924924856686,0.0828931563435428,0.437569718527894,0.230946105231424,0.423193193071175,0.578801711335472,0.139900858972224,0.539182119889464,0.620506366599626,1
0.358701237622148,0.539518317653306,0.408214655657633,0.391050933563266,0.6613922955935,0.732242342310915,0.413305978753603,0.678888705386093,0.0895544582929096,0.456812668643093,0.971093938326843,0.115882947418361,0.895509399535386,0.89520111947764,0.412027232236124,0.0668413493311517,0.254962879332228,0.146527604722318,1
0.79575546705289,0.128263004458794,0.883220985588432,0.531579672300392,0.547185919496127,0.628214750830072,0.689083361629884,0.94304274595807,0.46601125033909,0.0965377755742599,0.434931772065265,0.731716900903954,0.870257220264744,0.852624879954836,0.526075000979875,0.787384998852167,0.630959654732821,0.741110579237241,1
0.500880118447115,0.359642120309881,0.940673834239037,0.148661579597247,0.579290600378718,0.298008231379097,0.906147034721903,0.766307598703403,0.0237919004169647,0.60824096006949,0.315980681198587,0.844344401338765,0.38457847060051,0.600119740141483,0.942241902109187,0.984353487847028,0.225038910677001,0.692802169077796,1
0.0290751656229955,0.675902749516383,0.0238184764959851,0.112343165140856,0.834424695588659,0.268611023310754,0.937121181478617,0.578007287155507,0.729552340025845,0.846577344580866,0.419629724107622,0.286032512716978,0.78367457954811,0.454724487196431,0.450835590228036,0.911639178007484,0.827634615972489,0.125775222864172,1
0.294809493723394,0.818490757568658,0.548900996206554,0.985515217718498,0.475220778299931,0.674026123089088,0.194565806475192,0.270438060161539,0.45350146500973,0.725234061532704,0.653243430046494,0.0982457292009982,0.369143879977868,0.250227370891082,0.426022705037318,0.382202983511645,0.776310331076252,0.561916564597638,1
0.484097494829613,0.271747578263057,0.287671921847157,0.423925832160073,0.826590932180558,0.688548345888802,0.314189332880461,0.107071500386068,0.76244240349787,0.7207447697957,0.984889875283167,0.345249674428318,0.144281795928266,0.96179579934137,0.0208619289866435,0.127286028610783,0.978851190476288,0.877795117398027,1
0.774527845717107,0.0281602979263909,0.501226342768979,0.180242898371489,0.502009805244608,0.0167450908750919,0.683113647543153,0.239568774893231,0.695831276671696,0.762543653307515,0.11825709592055,0.69532290074045,0.489868794300781,0.352577079789197,0.527906306235258,0.779649755948021,0.30918017079017,0.262625133655381,1
0.420376409234654,0.371102891729919,0.743199525509763,0.0613367132696958,0.188662695554852,0.848492261319177,0.874593561074719,0.143780679436366,0.153997606337233,0.35269483970491,0.392889185480415,0.634858429349955,0.790056206606999,0.856099127271561,0.602236199271175,0.168350601714019,0.534790870209489,0.987850307692673,1
0.531585777371644,0.147322879022914,0.344915461212361,0.0835437181278564,0.737560675835175,0.345990414070472,0.168598175395026,0.691612273170205,0.0947440947340667,0.181840316364437,0.371331919869665,0.481182426256237,0.507607699144939,0.823694972213963,0.146206408641798,0.596803082275324,0.371711557417396,0.199704259639983,1
0.304996259395579,0.239492318850769,0.831985843567097,0.0201050752198554,0.999604958054873,0.29492608275593,0.71563009811368,0.415998250059015,0.923781156554859,0.137794753366726,0.0688696874261413,0.983672837307519,0.205342374699684,0.192231404160992,0.501191699605485,0.181525103238683,0.691496137438646,0.615902773726295,1
0.249992471927089,0.735134019057104,0.939252649687102,0.894844781607066,0.235153739414314,0.985229494592193,0.531319996151255,0.398869897634488,0.193571634841804,0.898490865173483,0.735963380719532,0.890966685398712,0.980893109238333,0.828386596036729,0.44257232987186,0.452794216184087,0.770367669624929,0.435867937895979,1
0.384137044604055,0.883973433859723,0.0281814753693267,0.359038388143404,0.3572071827659,0.527551485077901,0.0318682333736329,0.591517325357584,0.135093169615497,0.0462507793258312,0.662417947348629,0.337986550011877,0.305741260361484,0.0243188460905406,0.0302180393972257,0.339385225643366,0.576786556674015,0.759766062034368,1
0.715667923489982,0.328256237388832,0.576586048736062,0.0204167035368506,0.384219481475419,0.824968541971919,0.716394837489949,0.325484059793555,0.856643060186828,0.397609604564526,0.835652589573113,0.468421966779495,0.00352636644227741,0.681615488486737,0.113683496703697,0.56719388829136,0.55949588552715,0.802996390222336,1
0.679010871798136,0.114170798742424,0.529501193206404,0.187208218686688,0.418164322447263,0.333965495421301,0.134501168324477,0.120119695709542,0.532575882675804,0.967734276425627,0.158407980808574,0.475214608400719,0.142175020777201,0.162202513785764,0.80961248639001,0.770713645700574,0.936668834674365,0.40231711744286,1
0.743182050426685,0.420028491718322,0.432054658273867,0.687273375418773,0.0423002125112505,0.0414872906832986,0.987828951402825,0.869670418911281,0.413374917894569,0.529952523155977,0.422453048555737,0.18182576553297,0.899520364795719,0.72919692574139,0.157719813816454,0.877461038465432,0.619299476503663,0.218238264665076,1
0.0143016357823422,0.945582081455563,0.245290001269215,0.681558721850101,0.967995299965805,0.450816619143582,0.59183754886285,0.272681704748984,0.677357065506932,0.756317600799948,0.619746010806437,0.911224186367487,0.703462066817459,0.76316591866841,0.37680460891531,0.478001033615623,0.352676072963292,0.328038668199647,1
0.19831195128013,0.435480018839685,0.669032589406342,0.998274784682523,0.108437811027632,0.0345560672754007,0.261368358007595,0.994011639528999,0.701689915716525,0.40969687269277,0,0.309440692193681,0.733099282765759,0.698904599557739,0.142816512810892,0.249734905150481,0.129009159019059,0.823628072339807,1
0.493024724906461,0.235706771106345,0.637554628983982,0.54215856661654,0.0681361349375521,0.8627477098013,0.45532741715169,0.0589750633456059,0.381524655287728,0.347853356281056,0.333232771227879,0.29785628000406,0.765183454069383,0.0622011889940301,0,0.747003396314274,0.67149514725497,0.0054394815275218,1
0.943097645545093,0.759155144870701,0.476049640803873,0.834689181876719,0.0925686220141438,0.161082277483454,0.828698774272366,0.215089982569948,0.391724144522816,0.649801899458304,0.818031326775704,0.0156575475666374,0.394109407575254,0.622022128063736,0.0676039636956087,0.593514191557833,0.55582062986338,0.102612035376079,1
0.403651514098095,0.624198470105361,0.352113302398186,0.692978545188217,0.214325574650056,0.816831395701924,0.435764289036411,0.220343160781041,0.57508075038441,0.255468571328084,0.545395874770126,0.360067514745051,0.0514037241879515,0.920695476239792,0.677205908198242,0.830931082718254,0.299390319263293,0.121530844190029,1
0.122612963171212,0.604394302422647,0.492253996969859,0.115673549249787,0.403728412294369,0.592959479017565,0.656468634139662,0.182341067058122,0.655619247541691,0.558350855006437,0.600485744302996,0.0338598532910791,0.747471895378049,0.0528625601739399,0.951871379891962,0.744178818169014,0.386652894880332,0.784740006114931,1
0.809910575741394,0.251109321935045,0.554488257008348,0.0547621437605519,0.569480871281514,0.0535668298060147,0.474159239445197,0.0439259030741441,0.152285295823799,0.217151003150652,0.356740949746393,0.38304421900193,0.215221153970112,0.717142250945406,0.324419198593501,0.714946901638841,0.461236450070933,0.522178879093191,1
0.932503869133957,0.534225283375717,0.0713773957050935,0.508257038988157,0.79802008139328,0.857324326890759,0.532824969816998,0.500020221004608,0.867843553062475,0.514050041472407,0.500545939789474,0.410647467008038,0.549860025419615,0.115713856644142,0.901999032518548,0.274167565929968,0.644692779219403,0.0385501019296555,1
0.319967879222581,0.499816744279162,0.542944872893981,0.579451485310444,0.940068085629965,0.187714002754795,0.643024574535031,0.101654094890954,0.610795636272877,0.379836272136845,0.878105030405809,0.682851035963803,0.931460806189479,0.988415404044769,0.135823357653721,0.127658150521258,0.648465784449199,0.384503116678906,1
0.675987640669939,0.905763109027251,0.967107902933085,0.765222355467471,0.633914156402873,0.761367804974791,0.213447503088431,0.255502143741529,0.666007182059469,0.367260443798303,0.74783961875261,0.937007014953221,0.959202827951204,0.418923587126443,0.987823035967763,0.958261413111484,0.485332369445965,0.206336794666722,0
0.132643461428569,0.962658644762702,0.515104623801448,0.821089459551491,0.288337989160072,0.530223398090147,0.796602453291668,0.845158449244242,0.0341152028980843,0.46333050055695,0.776235952148481,0.776739043458827,0.123357500426357,0.739730412568755,0.884610137375759,0.20286510730898,0.032087688211124,0.688890102975888,1
0.366146679173908,0.160721926451678,0.559682385340679,0.88986207019868,0.334718884440986,0.0897394266157738,0.464333008438608,0.653626485451158,0.541260609952258,0.474775894671469,0.373305163779844,0.710901815794375,0.614082049414188,0.8845522942835,0.876301879828554,0.550461617786075,0.166397523802725,0.537829237783672,1
0.115522217303068,0.761658761084186,0.343925634886892,0.778410441484633,0.157902224798456,0.666444916567342,0.574801981890675,0.0444705184450558,0.775649963814159,0.496833064076056,0.394343866034394,0.0668889984126178,0.0566867581908192,0.150945032847852,0.614086056792846,0.271753163049765,0.0598056381562993,0.595361522342424,1
0.862773353207263,0.390180998983415,0.599829759838923,0.855795864394297,0.772080240736712,0.0604437687161657,0.302725392734345,0.72018633100237,0.489926671742733,0.604195310876658,0.530767198402101,0.0588349013865902,0.60746118360839,0.207119147618415,0.96206485234236,0.793836125762873,0.190442657909866,0.843833473887994,1
0.728764662216792,0.783768504479123,0.961580384489031,0.0532342531635816,0.422251921143743,0.189715837442014,0.76827116908523,0.899319403451135,0.942613046505251,0.695955158581633,0.0138419090983385,0.850485669146607,0.26890454163284,0.315682851624072,0.365230257492516,0.734238532635608,0.44606002453108,0.00292310658536576,0
0.892811570951076,0.834937237901506,0.733360179081404,0.374701032929064,0.720796707729787,0.941961543800785,0.221152547821389,0.86169216312636,0.868796592775317,0.830720348501224,0.989824074294497,0.576042556632519,0.442309559917872,0.324130960218683,0.00837805761699591,0.950047675945723,0.845626116002562,0.639419456717556,1
0.347211761856476,0.0212174528637021,0.66638950228803,0.969257228831809,0.377993124180495,0.337019100203849,0.821617228371133,0.912955917440516,0.790502387552632,0.827242513219239,0.492239914378048,0.567781274455494,0.635560142549602,0.0670807758282261,0.514137188078154,0.31956831270656,0.430188763370854,0.304765255236445,1
0.466714276093437,0.926587477929148,0.605108897898258,0.303391806191361,0.58620046850235,0.542994795369032,0.895421887510318,0.974506119422843,0.247860773529765,0.776716184824114,0.487292922801941,0.366778729266826,0.0933740103295468,0.440365507570651,0.355942596433299,0.696606329677993,0.890368993611974,0.180192975278479,1
0.602632361354098,0.822886522063245,0.916041114061089,0.263570898935035,0.0262854941008628,0.692955474591104,0.972733714633688,0.673160060461227,0.72522576091939,0.738514232844403,0.514661549694729,0.244093240465099,0.0374847844159853,0.256268411484407,0.818104885462252,0.668711705532216,0.0740334264767459,0.467105409558968,1
0.634936833154074,0.581528468023331,0.0525738378363288,0.293215809362233,0.299096075789502,0.535523247497139,0.152702264702415,0.639219547625428,0.55748234780622,0.534327881225633,0.269976447542446,0.756280256986683,0.935755632651162,0.709332790650472,0.589306608435383,0.80438387778584,0.424088886103482,0.25663694662384,1
0.685283006730236,0.46762661882905,0.710426141626591,0.966552807243649,0.674230306912684,0.130962775589381,0.708222072192154,0.619887494659034,0.524230785123098,0.224352264540279,0.0164585684631323,0.23706580145483,0.68489703047297,0.314065416593176,0.249676278168249,0.0458985224919797,0.745196641066639,0.763354421506492,1
0.897057541473389,0.194221352674611,0.461628214408993,0.710114495829639,0.88104394289981,0.323759622690442,0.296908800790854,0.949051703097642,0.98852504552219,0.164216278753674,0.677269863118023,0.199414957261029,0.0764270803801379,0.122025645440706,0.756601469715816,0.220501578236221,0.327968414551577,0.556396806166948,1
0.136947243547731,0.451015701050887,0.62971409277733,0.238870181289352,0.991199331450531,0.357474379498437,0.310393321166085,0.595546695059306,0.213784188167068,0.68606236561201,0.689860301635081,0.720970528004635,0.172493268031288,0.363332256006223,0.428398037134164,0.919420972455881,0.751162961798223,0.157533095375769,1
0.965417061089027,0.868090602530516,0.437047178469174,0.0683509526079244,0.144292650589,0.199468484527733,0.70055202608885,0.366771109537052,0.967280021478747,0.126237421831492,0.686935056541176,0.973679672461802,0.0247382185553467,0.342556487255456,0.0991707147675848,0.207100132834289,0.000245970351803375,0.949436526759277,0
0.440615511688077,0.28565518745625,0.75168628774105,0.883727124221687,0.925623746515252,0.779266919687175,0.978798864576172,0.304732887438932,0.204225757288455,0.712033020291172,0.00735669942068849,0.200886662087859,0.0858623846281777,0.487844471021083,0.932970933803769,0.727058728472774,0.85576418454228,0.0715650681544645,1
0.224331563089444,1,0.661700032646371,0.797249407097163,0.201187008833341,0.647544638011859,0.557201049930899,0.474172695540941,0.0139184623362671,0.05813135255577,0.167344867308364,0.554314907340561,0.265552520759978,0.181496869360309,0.277302461026879,0.655796696313785,0.529930602020616,0.29425860546235,1
0.258807746062307,0.718428224096383,0.237487795261741,0.255965223189284,0.29018865991908,0.279497253454526,0.383794540310431,0.0649527086157557,0.886167103972513,0.429780805187005,0.723341465397481,0.52358886397029,0.693360357171823,0.577628852489789,0.75130398814909,0.811244203434398,0.930674672033833,0.0544776781179923,1
0.522434274333026,0.56078812233886,0.0472794265501534,0.810702381528768,0.931896086390459,0.78891143103336,0.0647157491860494,0.731042092975171,0.783586938455333,0.200932758669364,0.278820072427003,0.37251398894313,0.412902855677781,0.646513433855279,0.679471748713496,0.902369904986645,0.804432152137821,0.0249233076254868,1
0.616808124652408,0.741979017214829,0.78275893096161,0.0315837928723653,0.239346437787992,0.149769190644257,0.402923320737749,0.939181723958686,0.0602047280366846,0.0321473288849453,0.633641765831815,0.319290206596508,0.99537566951293,0.407342899338158,0.385729800986407,0.555554018748231,0.455743992376176,0.2503659965796,0
0.10856773837397,0.806004183615857,0.388046430504679,0.251046245753952,0.392700488838162,0.0883776685343197,0.33719968039183,0.0173546147282739,0.600862919334409,0.539300046057401,0.0758389579596535,0.350735683952891,0.903874956563806,0.133669579522529,0.256510176122368,0.430946826844156,0.88677355851238,0.943618221536311,1
0.467182414323698,0.447116487344604,0.566041785888223,0.361174229911716,0.652406753420943,0.80383397308538,0.750303563587188,0.956540683866888,0.534239202001285,0.87570871663519,0.444018350969365,0.128124819196688,0.909753522208412,0.357219895780238,0.896157100151903,0.757380372130015,0.764724318881063,0.778842471254474,1
0.663434626426433,0.265551714374983,0.104168709593748,0.924151259841153,0.232244235488519,0.120111472347495,0.0177185891270109,0.367571393796558,0.939367685711003,0.59452106690502,0.593093226375945,0.418611458917552,0.33128383809535,0.480405162495807,0.194211458128561,0.76488279155723,0.219906519000484,0.233294412820053,1
0.165931223508044,0.279213809186568,0.0678348169928845,0.735522019748207,0.534290126676573,0.0134375098293009,0.141817854521144,0.579405564716022,0.897463473415871,0.865536280458639,0.550407217019519,0.505947689099577,0.753453805401841,0.333009711020352,0.768072514120599,0.107596181119645,0.602815645983082,0.903383517882965,1
0.543045613401138,0.215809528499539,0.26993918867971,0.610699677691951,0.321678721298878,0.573198214068316,0.208719281392673,0.147170588354551,0.952055489913495,0.0180662404440649,0.364966193676756,0.213007724561898,0.326024302446608,0.381377237474643,0.124781159829822,1,0.727232969037995,0.814859880119956,1
0.31031678552976,0.551143071108396,0.330015080454279,0.701040970651375,0.451206751378671,0.000741764284802202,0.513618685613887,0.247350717561365,0.0835579589991498,0.29321322120082,0.981780617740165,0.857340569565034,0.221382164635797,0.572468073637833,0.217379835355187,0.503344850332362,0.336803952070596,0.550368877393409,1
0.554491622998885,0.640384360279866,0.178539184753468,0.945910331175397,0.966426869144351,0.910538446911977,0.28537182153013,0.137170731113026,0.933624819777012,0.449823660287962,0.931273744581735,0.268417144358156,0.717867119272505,0.768752801104533,0.77670649776991,0.971997146864199,0.591914224471132,0.852576501473698,1
0.0601307699002444,0.0316493690602667,0.274190784910334,0.335485728725113,0.0586519553753445,0.878364927025256,0.699175740807366,0.404841521363925,0.862240535002604,0.154931019978233,0.888771453749731,0.21000864993274,0.576093215214124,0.651600769337169,0.209775213318662,0.577755843528048,0.653196583523634,0.191163804336343,1
0.837786815520709,0.348369320410218,0.1383476536128,0.912604058985217,0.724401942977855,0.437180085072184,0.44222654583108,0.893572762786139,0.27428553220628,0.572391159650423,0.569427195814852,0.594143629318478,0.68198238625709,0.51932229342518,0.0724493957790366,0.120180663836323,0.516560454058578,0.660153614480968,1
0.271335194211321,0.653216309739191,0.99452086868376,0.781223398894669,0.462768322653025,0.225939252206068,0.569461698620996,0.524092400151698,0.221238075284518,0.150283563637883,0.459689195767169,0.189055970609064,0.674586389971913,0.107333730295136,0.534845717095191,0.71182256343163,0.832000402419929,0.898477229568857,1
0.0235358913117512,0.789030089443401,0.392709904229722,0.863854062629625,0.816079897234228,0.632708771782082,0.468145907280659,0.529215286036485,0.982255022626857,0.64905829355551,0.384111795517291,0.175072560425195,0.344232971911751,0.700752071148938,0.30168003054396,0.941791925308392,0.316484834173084,0.701929928923422,1
0.273733124960977,0.60826112029211,0.1675913186761,0.677291578172273,0.0128818058728299,0.821443024512584,0.53995958900542,0.494056657732095,0.178257019236536,0.611612916244761,0.465334340594397,0.904209777876896,0.632672382862369,0.0968429755570435,0.542808082941216,0.163314080722795,0.816884947218813,0.712078888920832,1
0.498633074695782,0.517977600620985,0.0147061131281727,0.0375227203329683,0.804054021500651,0.743800152626248,0.905463365175214,0.0378483456213323,0.269316721031347,0.661279446569696,0.141610966052173,0.806014355257058,0.478744752021265,0.980094414594329,0.728062310276229,0.348030134016644,0.989537038965879,0.447946886143181,1
0.288282479126576,0.9445445005766,0.798723437841232,0.80534792659995,0.633054856692854,0.220815492055478,0.423875445670463,0.564298845560528,0.798965325671146,0.101932795117745,0.853740210341524,0.986336992710767,0.0656500614741675,0.394972805094283,0.693076736673573,0.188142219178039,0.906218141769296,0.350023837198048,1
0.907429762239706,0.846318952110644,0.0328042254429473,0.382621358571509,0.646013353559502,0.935434418645164,0.0357073930729674,0.550320491216904,0.215855663905729,0.92328197032068,0.353067342551325,0.830274114115281,0.867183416003,0.0817964195969011,0.36727977168355,0.538187220336026,0.087436270508126,0.272206230117686,0
0.79130876387981,0.094811025398659,0.376082444248445,0.322851117653587,0.271305643466582,0.918344492841381,0.0925106400729459,0.673117766932384,0.913503984812061,0.320568041702582,0.236464679829999,0.403221127605201,0.620818824964529,0.500915199414503,0.99932625013173,0.160530275304829,0.264873075456528,0.478692411999112,1
0.644631866351218,0.970114040989481,0.816835090365068,0.561652319279659,0.778738293190369,0.455389250339089,0.918972324815995,0.811073681083715,0.253003593802915,0.418335343661309,0.780855785025092,0.0141661975874798,0.432558171346608,0.772095469500262,0.522115233476568,0.076593587280581,0.172803160362094,0.847611724630321,1
0.24400220718093,0.175832892344447,0.291479172663754,0.397309667228269,0.493753696996638,0.314416980064294,0.853830710112289,0.505587055405202,0.77050682219692,0.869937733339543,0.955411720743271,0.816031468125827,0.334472501720142,0.504464050746777,0.38074339455283,0.702647912617627,0.342886521162737,0.709190161731832,1
0.805749437144811,0.0682554028186218,0.313768626400044,0.135861614898785,0.0291102309093532,0.378546764380137,0.887565404590269,0.164776619551608,0.431865319673163,0.0671601074573939,0.891449028786536,0.431880777794678,0.0776335208691328,0.732828958519161,0.493053500493758,0.567864334228349,0.0468746072229842,0.320119873792115,1
0.671992950769765,0.730552490179654,0.951484112267199,0.273315930571899,0.822079079554965,0.993286342447863,0.0415336267870188,0.115011086042776,0.166118802369527,0.00752376360890577,0.823777338224581,0.533493501917497,0.604458994238323,0.0741174831500157,0.240491872478796,0.438838266267145,0.866687385833396,0.108822318057413,1
0.579695223678359,0.509822632592969,0.221339633853463,0.555903891350669,0.689493726845925,0.0762388261979077,0.245889749077188,0.26530977214411,0.895668285031333,0.543872037076697,0.510533842810346,0.126775149204211,0.66773863365857,0.943944183599977,0.607043003477238,0.991835193027966,0.188151482287504,0.907500523606144,1
0.978084806794785,0.597151163210905,0.308798542307338,0.985780631194839,0.27917588767825,0.902869273308684,0.759868421823365,0.205021093760458,0.56452854304507,0.755338570737914,0.862389895950298,0.704425407758078,0.555338873997961,0.326308823072562,0.82979837329574,0.054294616887447,0.978382991543873,0.504800446688464,0
0.473262426439343,0.980319646787272,0.255909216925801,0.0100268071652129,0.553395958117602,0.55614076436849,0.581829501757856,0.92390842821473,0.467881492462722,0.768423611661464,0.9135059574041,0.183209163309905,0.841219185426956,0.284066643980732,0.90771898638537,0.46255180883796,0.635557661856156,0.0208242832024798,0
0.508284724631106,0.568797605320074,0.00983589575530404,0.351199653207166,0.896602812577471,0.684293956845875,0.999526192041812,0.438872268832981,0.298985136759239,0.3369118362262,0.179476076141549,0.228637905007403,0.188111784353657,0.84397468185359,0.390646747748503,0.283275444752616,0.500324146904705,0.306930446875298,1
0.483066758837429,0.918883981594865,0.570521988782599,0.466149222963997,0.112091087895849,0.929050634693347,0.254183673657114,0.125193713642906,0.426153866352377,0.995863190487271,0.0276665931880492,0.300466956603782,0.0100721421083109,0.605744689799488,0.697007052918187,0.445617071289397,0.521518807295148,0.732309561629702,1
0.550199333575114,0.989757282614509,0.381465972983223,0.60204078474964,0.130587256694598,0.209063906626881,0.809841649557128,0.93017070214207,0.690924520796924,0.667606036363672,0.204519955570456,0.626098077146991,0.0457116812645512,0.542043883377354,0.10328023647607,0.612523690551539,0.70359848939232,0.372298419969978,1
0.630281350480622,0.00709432123124294,0.580345552870677,0.755315613970358,0.324682898402438,0.365563289348993,0.0896991104104185,0.697416084799386,0.0714805260966294,0.81619210088077,0.844042120291663,0.579660387686156,0.0989160619247865,0.811991925161067,0.858902061993284,0.606122650254847,0.527658828258399,0.380358684309104,1
0.693490570682985,0.0565979880146438,0.697291746213432,0.474198140637377,0.869000234411922,0.812223441278331,0.890768813838095,0.986403671539094,0.349967266559898,0.434004880847407,0.131139525173793,0.1395703153547,0.7118497487108,0.110396215915723,0.633588050178313,0.443046243659686,0.966105673927088,0.950987985567863,1
0.918488007240899,0.311869217904162,0.620879586247508,0.38673775752262,0.443374593642564,0.896214195575253,0.498604377107528,0.555461061909346,0.163776004285234,0.912180940119261,0.409107632816007,0.56377996039487,0.321437119379517,0.475219779553144,0.0843854424391789,0.487070230030415,0.0671040350004946,0.863872002558004,1
0.97057012423766,0.691643031651626,0.526384107214733,0.080738762363016,0.104016774625452,0.79156581617102,0.805402058916791,0.631945227811244,0.597517986282479,0.290688459933996,0.413025882483412,0.655557511942092,0.875093571907306,0.0764477950505988,0.570692611742916,0.640862620517041,0.678407174463712,0.991380253594332,0
0.000841446776987667,0.936884318021848,0.770678496504607,0.794058941752825,0.353010258044628,0.669203760764202,0.816169275847159,0.965612124985617,0.712330477257565,0.583523348166239,0.164954362203986,0.810976192422915,0.287386099621468,0.992050475352007,0.890599734430928,0.531134512900549,0.898831165287207,0.880550807288573,1
0.768337990326627,0.863427208416024,0.0949240554050344,0.0938590747547559,0.510952679276457,0.203959961572879,0.78961450031634,0.795151351280313,0.117296748617439,0.944485718236814,0.259286814345501,0.275084517368579,0.773235703029978,0.746383543899122,0.408045124208201,0.940378547357493,0.179042871969036,0.775505027528184,0
0.843083180840607,0.124664433702427,0.589867005991603,0.644388191637011,0.712441684135075,0.546912444525355,0.359889020537453,0.375395920884826,0.627663974552255,0.25984794578044,0.145641701963779,0.292831839511035,0.193810062026909,0.956477276107701,0.0659255276737485,0.387939711951499,0.358593114666173,0.20331903982232,1
0.382044242854454,0.952772980738417,0.0912944318145296,0.926040465730716,0.198311884567295,0.642900476055008,0.113366493652751,0.877109944631059,0.632876777849414,0.446550215427804,0.753618369143417,0.259731769793365,0.563844042383814,0.61900021845892,0.0367521827470309,0.721859885783088,0.75831338941546,0.43184551589595,1
0.979608734663783,0.13989946381998,0.953147238598277,0.0885138862382079,0.0160466522099217,0.257122230456632,0.00324877402127366,0.296839489646035,0.740196674874278,0.975829139046613,0.472032023205404,0.132829830583198,0.469565783865694,0.0891220924789384,0.48796408784988,0.404965624740216,0.834329282957246,0.858693812372981,1
0.950792164840523,0.267965513468179,0.278185453360038,0.626993694008779,0.860452052668509,0.714599582833886,0.235490892594202,0.848300681980004,0.00210739540169512,0.358403826616995,0.273088218196234,0.651060758815591,0.107484691852654,0.901269678080889,0.165983733489093,0.586508296604396,0.624648590421659,0.441303585743055,1
0.559917134355796,0.210711750345948,0.694920563805871,0.149388116963978,0.125920320601107,0.162611827812183,0.251062112063407,0.814043286831053,0.928016537986598,0.901658769760609,0.613720050664479,0.265542811716344,0.407542313883927,0.726646919308501,0.871154278755563,0.230834596564127,0.662626103297935,0.17653843444845,1
0.0857218706941998,0.0760749115076635,0.0578837295238672,0.436249471068872,0.331285382091608,0.773833375677089,0.671459897676567,0.293574724218419,0.0482695168660985,0.642791528491432,0.174521949225351,0.83868945779393,0.395753588276322,0.560449007512647,0.279533383541897,0.633379640238571,0.195622707322316,0.999164607866508,1
0.586177397450603,0.532671026021364,0.74565968958513,0.947915629574562,0.410694613826462,0.656735332757593,0.517686070411474,0.0523942286489848,0.201442341268944,0.132586262145339,0.868653397939303,0.5207796450931,0.973739261705398,0.460924157558707,0.355154624040933,0.411531460120487,0.080257869336957,0.39806274280154,1
0.00823684330328653,0.431943122720175,1,0.108665177453608,0.671435620894881,0.170901837902375,0.204234703322552,0.704040272562729,0.611655179156798,0.632224712554378,0.94834170663703,0.670206615856216,0.922336227628877,0.269080015397985,0.0476024593681462,0.828307200108866,0.738259915531132,0.733602098672822,1
0.0490455536098272,0.0474955134033563,0.760253946699074,0.665408282451961,0.774685994698099,0.866391703005608,0.595573239621281,0.880699646724134,0.588206167351565,0.211363631499804,0.309429198397048,0.589047137934479,0.673092370524486,0.436596838117879,0.08240447164192,0.880479487790813,0.106571025938578,0.0853481883204979,1
0.0761533820520264,0.711243605442671,0.885189897561381,0.121547258673646,0.906154046952793,0.236506101700358,0.364506248913625,0.782695742053359,0.343414662802778,0.81736205266444,0.712602459999812,0.549745979445204,0.853111567325099,0.30518413502085,0.204989466205577,0.647200264510792,0.883873607384807,0.752443451470494,1
0.290531598775973,0.465611878898651,0.213820808954794,0.450590422776763,0.524517916846461,0.397091107044697,0.328188723438833,0.862775707769121,0.826246673355261,0.312128255441512,0.90288721992529,0.493879125053557,0.801101002577515,0.219313312512842,0.958393992865526,0.846619346855863,0.419118674876391,0.585386341173998,1
0.0691088068849841,0.115857943004152,0.19225945928758,0.192140918899337,0.119460430948695,0.574466824832111,0.320589184937797,0.706838412479172,0.809255914916938,0.699725187263956,0.845858472183621,0.535066062636528,0.462604413239151,0.628467541811423,0.50847354789557,0.626236954932692,0.289623200130131,0.664797520399776,1
0.375881149215068,0.378528206668663,0.414539561400606,0.902578566759195,0.703665980020983,0.413179678417715,0.488112474631071,0.129540120140489,0.317636492630959,0.933505652049447,0.718621869684907,0.170859625569726,0.810899811902061,0.261283513191385,0.913347711446422,0.544424232782679,0.939933773798823,0.312020724383407,1
0.915706960624941,0.890834346443194,0.810617137048435,0.762171642063911,0.688473534902275,0.263262236726086,0.449738485531333,0.287995078325654,0.621697980965188,0.269729136642869,0.761061744592262,0.73557948951802,0.791649328478433,0.165637004303702,0.333679404687053,0.674923962773418,0.239009353156176,0.0781583802268695,0
0.335990553847924,0.855364747583283,0.721559280964387,0.128878314848787,0.307146351733147,0.287456183420428,0.522509875355066,0.510381256852205,0.312053616069393,0.919055385129909,0.0890148384476126,0.0250835558862119,0.857674131982839,0.793043430562828,0.0591971882856788,0.816554381841789,0.16784812181602,0.371568894984234,1
0.524356038863128,0.0155787509369039,0.924448819748604,0.729031511085069,0.5949032803419,0.70635423929812,0.925719899048053,0.170799155606683,0.649661973982095,0,0.696559861019391,0.919205510349926,0.180399946493158,0.054419315198353,0.573117664009572,0.737540191454412,0.259864529277464,0.96704601340238,1
0.563587894938448,0.712195480667943,0.585252855758405,0.00353624221904415,0.950503854375172,0.78174073897174,0.124265055836423,0.349025356793009,0.261230360050472,0.341810086260111,0.217672732630033,0.038022931971177,0.515986872892734,0.371167022573217,0.120471100509646,0.173964636869535,0.362257607654281,0.749165573892838,1
0.430435325733365,0.254469270970809,0.764107228619336,0.207390294415555,0.960371540525547,0.467220951535769,0.273276731127075,0.17315444458146,0.578426752860265,0.023821475007472,0.432015508098317,0.250232349316279,0.650779280049216,0.805115037614435,0.419430722392578,0.241837923535433,0.616868762109521,0.830884980311405,1
0.324644049535664,0.809389407580584,0.439009612353545,0.0447448387441978,0.573795698962347,0.276082474360619,0.0206931336235867,0.788905262220818,0.806800866475447,0.362612831148985,0.794059165237893,0.153598883552096,0.504038922100949,0.755721370165092,0.586120517055331,0.659425971254566,0.235528067255703,0.960422767088413,1
0.868907651456086,0.910274772385071,0.774836820952126,0.703654788396646,0.340041253109266,0.1359174876382,0.0701708691205164,0.334601352777241,0.0755383783820973,0.192999482070426,0.0415051001312014,0.760133367344272,0.518059484890238,0.676943144781385,0.740201300709186,0.975351603623417,0.579443058475647,0.494985693967918,0
0.903005095254011,0.395502601319172,0.223845255157069,0.142411531294479,0.70698293198604,0.254526078763664,0.993383763458007,0.258590429043818,0.952571549393814,0.0525680357282032,0.222434311967028,0.508258979375241,0.879939735838091,0.391112502377615,0.8500452251275,0.4249478263235,0.390801169506395,0.269987242150673,1
0.99154348108662,0.611835488990529,0.201832586287779,0.230419280579788,0.0483292728717937,0.173650699747251,0.332032502320185,0.919981095528764,0.435214842426116,0.0101540820164673,0.6421059218221,0.540097580657415,0.625784100999597,0.276947561139827,0.687522813576664,0.0291634653679585,0.957180457963547,0.592857155600075,0
0.705211036985717,0.828906876954571,0.454768519852973,0.23486849947893,0.75334242015425,0.0999951546924677,0.200062852576516,0.512116507228253,0.409898613964264,0.569980868959586,0.96514240451914,0.278000160590059,0.535270664874732,0.671511224193657,0.86275797655351,0.00930554595190211,0.714360752433606,0.245783194076463,1
0.750167796075026,0.226190209784916,0,0.0706267942039823,0.499998474634999,0.141003226067986,0.66924164284778,1,0.0272299754377634,0.960940075259489,0.471996868364481,0.87495175703852,0.233069270822729,0.272596581603384,0.267545566842895,0.508309515110024,0.467599851667983,0.934999738166108,1
0.78241442066334,0.362465575530772,0.1179754319326,0.67075621172024,0.163426286986679,0.424321315991431,0.65090552794533,0.542937166545069,0.11362287218548,0.122522373158163,0.318586418729655,0.768266858447009,0.486171054216528,0.689839202811171,0.294563959763921,0.688239024996343,0.274872842111964,0.575102554892405,1
0.0980058980488804,0.915098454099778,0.840809101362778,0.277044157419022,0.0498815936539062,0.122809183062995,0.0766296202515255,0.585981563493284,0.386860497041384,0.479520406609374,0.895520662827984,0.466797062074496,0.447119431173191,0.137753238127822,0.320131911457123,0.310917437460094,0.22899076068661,0.454281445489569,1
0.247805574305438,0.248483721948124,0.642968629145004,0.512299126349634,0.532081149789521,0.585887544370551,0.302440681128724,0.308653715131162,0.9087568177527,0.30295344912435,0.499737537601841,0.082124899463486,0.659197742679253,0.83581107125118,0.152209370920442,0.337115395003141,0.811423879640866,0.0410179584045054,1
0.179167698065708,0.403423607042371,0.416815404078295,0.598372968057618,0.906454343689321,0.753253564494502,0.865887876722025,0.186370616465727,0.10778854240896,0.371216048720025,0.70173928155368,0.746226477061788,0.272138015790898,0.0304091067550938,0.827841348036531,0.261536236854437,0.322482744677623,0.920378460570742,1
0.371733778107067,0.304168709377333,0.609131516887926,0.403187754068937,0.182323685360587,0.959568932830772,0.929712634736953,0.222695434607527,0.847025093186733,0.777850924963304,0.0566525985502433,0.0487948526169284,0.990275394357864,0.782688643615573,0.285477297578811,0.101778347299217,0.302487742445979,0.229191841838005,1
0.759379731947748,0.75298149932568,0.0845315114557602,0.929991768599286,0.730246090682841,0.697379698775088,0.630056829533561,0.534860066402146,0.401323997303105,0.321264231144409,0.45051697507453,0.155452122361095,0.737200844037956,0.68768034045068,0.187930506598194,0.798322897358346,0.660933853081503,0.916580597522255,1
0.938042305989434,0.525511505524288,0.184702969084283,0.750390466819677,0.8512578132864,0.393858725736664,0.158228809857411,0.826227721033662,0.068447921012917,0.0796657010251219,0.284147690817449,0.00125134161950008,0.135516587880804,0.844742307124246,0.19204510076555,0.302734765458951,0.158304634234605,0.490390633566668,1
0.818269473948462,0.680762255833678,0.320029854696575,0.467787395806653,0.346452549092193,0.233098241345843,0.28859355785694,0.190292667739118,0.571278793018399,0.621990665465704,0.252284021477709,0.362696393932498,0.154722664289322,0.89223391596618,0.470194515510263,0.583693796911573,0.349910683356112,0.699195031141301,1
0.456925063877253,0.322146130410988,0.675044113015295,0.341417742635387,0.66232908755677,0.501505215465072,0.602186928230096,0.62492181885297,0.477765061939886,0.803219459659162,0.995315141554281,0.331889329213239,0.12808688352086,0.797321349303185,0.813024535430268,0.461118641819854,0.607849178556585,0.629603112336142,1
0.946631881599064,0.192729058338242,0.394991497557821,0.559818671703681,0.640935086052453,0.883189792721875,0.858366748054242,0.457911840650426,0.96218266414024,0.518010575910012,0.814557205486807,0.495472278203844,0.775634205184436,0.876740540885815,0.181674231582891,0.761667687457825,0.478842141827236,0.583120929515653,1
0.9260593711711,0.33772178177723,0.787869494777168,0.870822863070464,0.876496689788001,0.869205314339913,0.046739638190563,0.822394615639002,0.498873718054973,0.308608265170333,0.5616592956728,0.952712250908226,0.165591094720917,0.366287838418164,0.558558514206115,0.681467923280922,0.0198536283626186,0.465333263732027,1
0.445305650822221,0.991601826662265,0.819269280051041,0.587967203117613,0.541271291799144,0.433233209966827,0.135636106436484,0.381560964830603,0.875474795404714,0.388460386070442,0.632458637860482,0.115409630885925,0.40341489569272,0.86682729148649,0.879332631197295,0.154962324261052,0.12418899795377,0.568357829870632,1
0.0813821289450426,0.799892923306831,0.499539583754473,0.311327544637581,0.30437964511932,0.922525953182014,0.479355463766183,0.462415183051905,0.455367022892961,0.991820732060743,0.710666635359141,0.619596137035099,0.451587174596749,0.232959488402909,0.168365247814946,0.135245462364666,0.374618476658589,0.33382227684625,1
0.233098666222145,0.0877934220440082,0.921599374038717,0.959096088602796,0.48799236248512,0.498975419964961,0.106481461472184,0.603152452761844,0.548386273295133,0.891036984238877,0.535410350279206,0.399020248659651,0.838897238808209,0.195079850913011,0.66214791921427,0.0245503821394545,0.0939211564873394,0.112901814912719,1
0.699000690351223,0.750060459815795,0.134100189172384,0.898668568413871,0.368331477141216,0.604698969867709,0.505558961851374,0.776869070242352,0.672304068970042,0.63398330735588,0.305172123264056,0.790470534203429,0.942467616586838,0.240822486960206,0.994112700854063,0.526249081012124,0.0638140415791917,0.769469740176396,0
0.206983652814981,0.565338479225233,0.0178847388422137,0.571549721050413,0.683351547351632,0.408769496541269,0.766032996117493,0.441593163340684,0.190992127060369,0.249616109143229,0.623407129209666,0.674716204319804,0.559370271091787,0.449353555216018,0.83791214481478,0.398223044006363,0.84229291454317,0.0948551821152507,1
0.83058450911824,0.177385286736439,0.713129487979067,0.592942617541754,0.413516959073907,0.764437014588867,0.625639039088185,0.753400092721897,0.681782553670404,0.793864421269967,0.199546892442187,0.924455073881729,0.830825901325225,0.228488481105584,0.498869796269099,0.522781059407161,0.952552101999355,0.05589260661386,1
0.575125408156269,0.722989961998972,0.98097152946403,0.878045778787178,0,0.317809477609256,0.77679448461823,0.237717287121386,0.880832629481189,0.403999061354571,0.8598077254251,0.0857171403635076,0.56912265682711,0.949458314961473,0.244955329411981,0.0174224989470258,0.473241532020696,0.342190904065702,1
0.143478679568118,0.573226577562183,0.654822112891853,0.630066290797879,0.757179411065775,0.842904356594879,0.349203753787701,0.611221008818587,0.837540594865762,0.169032702623058,0.957234699211004,0.459130742210063,0.11993982532617,0.816881356558928,0.785634129273053,0.917628307124759,0.21485523228415,0.5274163901356,1
0.850498169870477,0.58435345048228,0.160390749524172,0.825228974662549,0.365084354242957,0.5205179813342,0.949975618851249,0.0837917416566215,0.522029053787018,0.731138095900048,0.577740385201387,0.862557544592482,0.346663070872392,0.655123332773586,0.671574541476845,0.483680503514414,0.51120525200185,0.625384763897869,1
0.621434056406548,0.6481488359537,0.723784442132115,0.211584914564662,0.154897261178587,0.636844586977048,0.83940342762439,0.983624846017101,0.764808465978544,0.692378865886505,0.383033975295011,0.423772419087855,0.438634244595524,0.58689795543625,0.747466419977949,0.471275786009218,0.676639713119329,0.162954912513904,1
0.512158420855667,0.6716406068558,0.538544507830731,0.268039271508943,0.262143530217218,0.309913443023977,0.723889234161706,0.354544324722052,0.483832493170387,0.425214293371386,0.446555755263805,1,0.355830027137695,0.952714999458697,0.598057373674172,0.213891654448741,0.948804309590368,0.45667761881149,1
0.649744965339036,0.166221769439988,0.128557207482322,0.407958963754328,0.065433096221908,0.661641953681662,0.741745494712029,0.407247553380753,0.551814601339259,0.784039420304903,0.788177207747822,0.341649487204196,0.0399623536598031,0.532656712165316,0.459885612935047,0.964565710254511,0.869590129940841,0.673807042296037,1
0.751674246734974,0.0534268985091075,0.877442649957191,0.0298640786395185,0.954665652503649,0.115284556811104,0.355751731025506,0.856449134571478,0.231830147243542,0.938890278428801,0.759870343133648,0.606437873619455,0.241925329446967,0.494139854554396,0.783013544014886,0.780011103430014,0.144007052577868,0.0129939349238305,1
0.423655404878233,0.408190562153288,0.850880832685735,0.489299198995529,0.0331398364543028,0.241199717307718,0.346852812795778,0.796393866108028,0.138462327968839,0.0376303619472445,0.808211125720947,0.930938218450395,0.304858213063651,0.90967975107246,0.796393364943907,0.331819534376581,0.920179507848468,0.505622477414796,1
0.191723816289063,0.484129721800666,0.335974240825126,0.412320148717817,0.183521910850608,0.108499564525793,0.825753510996755,0.232570743607248,0.256524503715156,0.116595130579944,0.194041375118916,0.685502219669149,0.156079169104189,0.514653326633679,0.644925410086663,0.363415544616758,0.788496605468033,0.223235334950726,1
0.205390807952528,0.321229845427465,0.616184603464481,0.00662415954801927,0.470799841495478,0.385229597561264,0.883003393325472,0.207234039420398,0.642693628884129,0.180483388586266,0.188137499097779,0.108026400999039,0.298445372415788,0,0.130150210302897,0.0978207444105563,0.707915154525842,0.154949044913704,1
0.0347710934861599,0.877404426019619,0.109743087122159,0.2239822627067,0.373528157329003,0.563512535204932,0.372850929225827,0.0789362647812753,0.449260614313935,0.0610369662518046,0.769408632180257,0.880803606153332,0.953129800690854,0.0440632895909416,0.706705647152433,0.931153664755747,0.0967813471357826,0.324615571439074,1
0.35056058942121,0.340867280759465,0.12385825873251,0.101846640134715,0.695997177890067,0.888600456936495,0.276629090561038,0.4553085780995,0.720488037096498,0.709934359927982,0.479503913063242,0.102692168907141,0.104411190756041,0.155379877675123,0.553175479779977,0.295912091564738,0.923717510441571,0.0642740787825308,1
0.720119859678276,0.589590517046891,0.738111391264955,0.485084763258528,0.258205916221677,0.598707558944409,0.239904431274311,0.445624117353183,0.51187390932044,0.173444563009794,0.20615171451328,0.900476227292085,0.591592076262759,0.788002288538457,0.445044885414857,0.905609519548894,0.789466640429314,0.82089671792889,1
0.341691943479595,0.387970217812424,0.892091679929604,0.320123726338792,0.435770754469267,0.561624906864589,0.485961884605253,0.0912763952760058,0.286866628289698,0.810927708480148,0.151422051489728,0.782595907145426,0.916614818311774,0.543863573791238,0.734047068866325,0.498959217415785,0.440222530302926,0.980421074379738,1
0.212474474067345,0.081943562772484,0.175612732603657,0.619396304413913,0.0940585236545654,0.181885637808532,0.0243659775217696,0.805893885963563,0.340751212481589,0.237780079659139,0.0460343324550594,0.325022363264067,0.419057499460226,0.52827467827625,0.791873667517077,0.419742873745822,0.995110924792613,0.424916812424076,1
0.26195126333966,0.0633067199755493,0.447238396659816,0.496408930491385,0.175199365219996,0.722958169391664,0.3894848552847,0.971132323489373,0.102477287379671,0.111566690714798,0.941303396376394,0.222344532727564,0.3791394394042,0.223383661931991,0.839992758950807,0.0572930972006093,0.465209038405087,0.278783783816132,1
0.572255983340204,0.888955440409756,0.209819160745619,0.203926401192626,0.786291018982273,0.623023394805687,0.0971028627108186,0.73710122183538,0.840856737412598,0.5023382696386,0.228790391185653,0.968644252529708,0.167913331693189,0.970241082045756,0.626979323838895,0.0616219755415862,0.742730527306195,0.789616972478531,1
0.874973539445481,0.960323945523906,0.511373239802738,0.170175948078995,0.448644750434618,0.472075308438453,0.167820643667772,0.388073329994813,0.820820350144826,0.143570301611206,0.0232439180341473,0.148751689721742,0.829413401644816,0.81066825892818,0.975525950892809,0.313197847066277,0.494043377053696,0.241762294397009,0
0.737382911704426,0.65961314210792,0.482287362547235,0.727116103938201,0.982891818800013,0.421327489649072,0.584304032511147,0.0670828786474983,0.441192122882692,0.286519279237344,0.560635273562371,0.515771653095058,0.582926567919511,0.0159079231671706,0.226095307139243,0.237940833120945,0.117530280738775,0.140916752442796,0
0.655872836155439,0.638482886336967,0.37096792114844,0.456700615246708,0.556082805202592,0.382509121068577,0.644011744700137,0.153316775047236,0.500626913614733,0.280427702412066,0.23894192482094,0.415000693807065,0.76181557966081,0.130179282816004,0.948096503939125,0.990351745309425,0.0432901068680234,0.406314243952143,1
0.315267954113143,0.777035125989529,0.486476015963054,0.745618483911314,0.313464259921922,0.513406787884999,0.0578047738874582,0.725351222485661,0.506343194198531,0.20876015937615,0.133098552121466,0.246688861898444,0.00734204765377464,0.300734203728386,0.562630463477341,0.852640421945275,0.782942037368851,0.671044048290965,1
0.144294534115817,0.620250232904672,0.975756319449828,0.243840415362247,0.93967237745406,0.0684421765151687,0.123585929655947,0.0162542092689984,0.241787141976233,0.910800436888035,0.910774577511778,0.218903470844001,0.0283581639489102,0.566323019197236,0.96925217609683,0.29438673813392,0.154784090709816,0.929638120499874,1
0.10126409711424,0.498631954293494,0.852772043412609,0.157907722200163,0.275886182839118,0.0626289106905065,0.18353510498927,0.837464573651725,0.980427950964996,0.272010890087738,0.610602967807759,0.888353568565536,0.196649261418804,0.348010993998594,0.659716291243061,0,0.97008435807358,0.345288088914038,1
0.710644387814299,0.0785360747330712,0.404240843428687,0.648174657567913,0.91660899122213,0.154479821148426,0.613549303155952,0.330021195362616,0.277958647327185,0.487976958746907,0.680136284918978,0.822216485926451,0.741645144276364,0.400735541828879,0.922133086801463,0.199532761821537,0.0155774021626211,0.0758579285859668,1
0.392597075732397,0.15450798524241,0.0391663136861358,0.535963537814603,0.0878996170014964,0.0474643029408386,0.96461998169115,0.0292897477475782,0.292235174115603,0.591192548960051,0.827923748449114,0.0271712601968788,0.459050727474797,0.595744842473813,0.938762855492486,0.621572628349231,0.0550873520347003,0.16874985217356,1
0.0902721919098795,0.688583398802257,0.147702562388515,0.34551259915726,0.520996792864462,0.964005174154276,0.0799218032180932,0.471336921362087,0.790194075849353,0.659023346455499,0.24865625818372,0.992350051981947,0.426299516181698,0.291289565582393,0.620068457662296,0.113063216858583,0.0358014975407906,0.0473217959972991,1
0.0626118845189566,0.204751963188705,0.114129519349115,0.574526709421214,0.482442544991999,0.343577037870907,0.551677654877609,0.7590251969683,0.00817921296911986,0.740633514078542,0.671896087814828,0.00778984742226756,0.974648466894324,0.244708281132779,0.704454048440229,0.352509426543953,0.688975062051789,0.965052174640088,1
0.854532578323949,0.481881700100695,0.681133026689512,0.660807985388926,0.604417572374599,0.614366172110171,0.419686708362629,0.0742249086401109,0.993196175375252,0.882001420953642,0.294932636207281,0.79657259434682,0.31397722523324,0.146585777881739,0.1729141740759,0.258020632816738,0.203441317412402,0.924741793293832,0
0.234073159326941,0.107118163379478,0.231942514790425,0.524528547361622,0.832570141714551,0.487029032151546,0.634356519640288,0.745048708601789,0.335175757503895,0.092573676623836,0.343446935045101,0.449995826368576,0.589694793132801,0.00698886825387219,0.263124642095904,0.19171867802812,0.497288020088627,0.891981523363405,1
0.538177142159979,0.47587088130156,0.470845578110808,0.197721328719176,0.00730986314110898,0.725616667249464,0.665657111041531,0.0013876385319645,0.041369296070799,0.327176477668996,0.659999941931878,0.628960853091031,0.726923449130523,0.934716627027136,0.718305298626358,0.493407695274809,0.817614955026906,0.286206446575389,1
0.331911895844406,0.18390780253083,0.828398327673647,0.43979716594357,0.079635253444594,0.988973340177486,0.264627441366421,0.961050591455624,0.638127382709981,0.797647296542993,0.873291666931694,0.596796692336588,0.354805209888686,0.661719705516106,0.463981395048637,0.634798284150815,0.401681489142038,0.389051433616364,1
0.987379977210613,0.664876688529171,0.867475033727785,0.715489702864813,0.216608334131155,0.976157093431876,0.867097663904121,0.715021998050731,0.331110129785683,0.856661257845021,0.798859148946233,0.455222255326554,0.224972839166317,0.0367054896580804,0.651688411329921,0.889424031610779,0.719423880277173,0.603665924696708,1
0.88853561294308,0.842033703822478,0.296203392011784,0.955395392735801,0.891512215396621,0.579809641932474,0.149422819659876,0.884990332194165,0.373599668441384,0.561022566888748,0.124498011486451,0.55938622979754,0.200835398763906,0.21378783861359,0.476262568816108,0.0828438370292213,0.247653994331153,0.412927104163694,0
0.281847339318343,0.151400463467458,0.837575976539089,0.770758327999236,0.975612657790801,0.45778204759241,0.778645606577973,0.42930277011637,0.175004540758691,0.988684195709784,0.0506617120689889,0.0601565362373988,0.11444488698752,0.643546916141169,0.764771287866841,0.323608305203644,0.877636918361266,0.540366312864595,1
0.0179488009559341,0.488642139068058,0.646554588236685,0.220321607445479,0.59388584020159,0.511013278372071,0.395479437253,0.340358568019195,0.361825812929512,0.229183561609649,0.0609404757968761,0.72414170031217,0.805157341696089,0.973910012536067,0.437773356845394,0.0435518916785828,0.112474176691984,0.638481942866893,1
0.438716130765914,0.856775777965691,0.0814473129011448,0.549836081855698,0.246775634124492,0.21510134005945,0.977955451622459,0.643323801829955,0.905431303280288,0.385040260117612,0.918741584369567,0.743487255735132,0.258569018440073,0.0349843974147158,0.71212427275632,0.368507106884056,0.398611569617294,0.606543124442148,1
0.823208954908168,0.297180023379966,0.68956486339472,0.996251274416943,0.210007623557803,0.0239824628214045,0.108241643136844,0.00966567579101806,0.308230719974395,0.74529607503634,0.539040258736869,0.606802485335429,0.525618738957287,0.383686932489491,0.642677109131835,0.561161871452258,0.914660043679857,0.547508628540592,1
0.22153293866878,0.768388230306013,0.365841756063066,0.861149378599504,0.746779489322784,0.749170959284709,0.960061247490034,0.659176534642561,0.127559180474601,0.0285446786414783,0.937675548687589,0.165307860218835,0.0623606600000683,0.0103290013704901,0.851931664958051,0.835514625407487,0.858412315402868,0.678530012763061,1
0.728221998049917,0.440387073688432,0.897042587107657,0.369018915938315,0.623770509594428,0.836402125626858,0.615754153028374,0.283141551333187,0.186090684738503,0.189414655935448,0.11097611740432,0.0901005691047215,0.476509450473631,0.611109663097723,0.396354814663287,0.144617339943109,0.408124781608607,0.188070291889567,1
0.764616593754806,0.137133332458412,0.455978186344191,0.848420959488552,0.81151578308064,0.710058744686504,0.914886679603632,0.318160912614389,0.323288568051793,0.839249532552103,0.926593036346281,0.386729522862015,0.965264647846436,0.712307306021078,0.293311972962469,0.667072105400248,0.901348382359085,0.797657377738287,1
0.626914248427169,0.81694916930686,0.161103499297497,0.481411826431931,0.762862268801997,0.0830423544733845,0.00801711283380944,0.419198007351191,0.685628664256132,0.98014193713502,0.0990777909790117,0.489207284989468,0.644666576703235,0.179829016362182,0.106275959006702,0.391585271210738,0.567626361651311,0.726809570215536,0
0.151081771551124,0.704972949014189,0.239063122126683,0.784765911255138,0.884993442394996,0.09888043238453,0.955246039851242,0.316633741722849,0.748431029464345,0.525910136078757,0.108414769954759,0.658916010575598,0.278960184326312,0.63483517229611,0.0892526874619064,0.093167353527121,0.27201317422543,0.35700589308121,1
0.187576310869187,0.0390150462811918,0.322549029899538,0.448606371635625,0.0740098940373659,0.302161015819694,0.735936146598436,0.906283562375378,0.707979577189824,0.965877205922073,0.731153918025479,0.829320644544252,0.540055261359349,0.202070005388896,0.0229437353906026,0.51374055055906,0.104682838268911,0.809529850498897,1
0.119667091970708,0.00118625643030191,0.263781882523094,0.938069852274525,0.511657189931327,0.480545978483515,0.561982485482885,0.615371707696803,0.998006304447377,0.0717290036688077,0.332282830784541,0.713332987363014,0.815855519667971,0.556836538665703,0.34263093454445,0.0368008889042183,0.588360861761409,0.653505039714571,1
0.347881377531301,0.246356777262351,0.826317274604529,0.102851653719158,0.644748487870406,0.34927032892165,0.817195042279446,0.573449455869134,0.740221593536037,0.230502666371343,0.134192308695012,0.471129689543361,0.272757028621522,0.693496298442094,0.853371715795796,0.292511604357923,0.772922956450443,0.148137800259691,1
0.160813561265523,0.313312841587514,0.0267141514497367,0.273195846204711,0.34630809139953,0.00384923833340228,0.88216804603061,0.216451690444087,0.450443020245489,0.0937050404299084,0.267363178741395,0.120888630434808,0.0794930980037928,0.588481796227088,0.176419912106034,0.472584458037897,0.764037334219515,0.319583817654567,1
0.668352830489721,0.961523882527487,0.375689217882472,0.889186256840421,0.405599656338551,0.16597763956684,0.695221400403065,0.267989150031718,0.351691293294379,0.481264091294629,0.631524104805452,0.180673220731936,0.357809406728277,0.933810644311156,0.980273557081628,0.548872882670171,0.69983474889923,0.53794373705218,1
0.904712029048646,0.871631516143923,0.674925840999461,0.205877108985195,0.470520549487822,0.95979350702942,0.251064059273319,0.593524579122517,0.873430828847315,0.0867175413571577,0.709843469299173,0.0371539600231217,0.35139919434081,0.251186124417951,0.76556597162689,0.264206136763143,0.951896356834713,0.978249842180832,0
0.102455290192113,0.752537920723864,0.669901537065895,0.704461302591827,0.24832228681613,0.282355170115575,0.602252815897145,0.730516057226205,0.677765870956464,0.274931353694704,0.661108093435469,0.76365786901155,0.07050827247747,0.110655562927205,0.927537588833855,0.155419821388451,0.730059478047605,0.110894073424604,1
0.294423177919283,0.591058765909285,0.134953917516552,0.124372407991131,0.29312652195504,0.191772009605707,0.482404253265055,0.876881698895604,0.0850385000467956,0.613352156684872,0.731311166218191,0.981820374758552,0.466297290163154,0.735186425148916,0.64468878969441,0.350420829411186,0.797355684479355,0.598143599771825,1
0.664839215252927,0.908967967360554,0.597960410869606,0.57326796649036,0.692692496499313,0.107443112762322,0.313493213378671,0.123889938258997,0.0645632063702834,0.121097382213565,0.253540456292158,0.96512594379601,0.189508989506052,0.351085903517957,0.360034042708433,0.222500184259432,0.748283484679835,0.680492041619462,1
0.181730735364324,0.493977060359175,0.712579581386882,1,0.844552555573773,0.409756035713155,0.658487695372915,0.542848360988303,0.831324705275457,0.0642341974368561,0.619887097815041,0.130526708505143,0.920944608221886,0.875794028086859,0.29605654125964,0.651356191248153,0.12460900596353,0.208245255899885,1
0.803938291880619,0.724155743112198,0.33651484581078,0.35636628822617,0.776004344141578,0.177831134615122,0.494624399556822,0.955842527966923,0.609549285470402,0.675986798510518,0.22218614835283,0.709836530482893,0.42147890767587,0.988020033495077,0.89909572215085,0.950047054632382,0.759196156476037,0.938926689374171,1
0.266311336375699,0.0810806077059504,0.484250324584067,0.230765174411477,0.825837943745753,0.527467429790313,0.948663916147643,0.706811636718674,0.0303644876851101,0.0992595134845051,0.412229203563198,0.232554399547136,0.231486483619815,0.658876163918074,0.197413351488831,0.988186098132944,0.476190542736729,0.880661046349843,1
0.203765494896711,0.901179039764982,0.851054664730598,0.824424378179961,0.0741671333357507,0.454409298382353,0.912038253833666,0.250048117604433,0.0399658073698538,0.175466926901143,0.172246199802008,0.796514291890147,0.708168928546897,0.796890578046165,0.139361448463569,0.0132656280974886,0.360298312688158,0.577734521001041,1
0.142003747747909,0.298494913352576,0.0684801177453131,0.768537233731872,0.35054517417877,0.392445826476299,0.348138391867913,0.997297956546176,0.928321021970123,0.108435667197894,0.292873238246237,0.16781796801692,0.689120582435382,0.483641947059154,0.865812906507054,0.50485273708099,0.189306870192008,0.190428815185762,1
0.822966643839017,0.930712353398867,0.637057646568758,0.775390698366866,0.0690602135675777,0.954909745898658,0.456385959062604,0.863855693462845,0.0177254525378445,0.0426204710452721,0.828675798191175,0.465588152598271,0.529255654741158,0.950215014780856,0.20496262846019,0.0302144198485315,0.641363515945474,0.0459078045013673,1
0.0187935034888563,0.861379130335799,0.875174677529555,0.783621767958475,0.464897798835727,0.912701070328916,0.19260678841214,0.845313827951139,0.267304796173216,0.0171146805636009,0.435750625551942,0.884487684091354,0.298355797479862,0.517101572613668,0.945010279839496,0.925195620669611,0.0296605731869581,0.1529897463426,1
0.642554700673792,0.652069725398396,0.74043615466894,0.898214243105732,0.42246206546544,0.423046484108328,0.958773049024218,0.177504970735416,0.379763678653704,0.598349095448737,0.995206483856182,0.0441416776827185,0.979805016221421,0.861285367596128,0.38329672250732,0.525038090992832,0.835398825670966,0.83622640037543,1
0.881620819102306,0.678401405717955,0.323740744262596,0.350001006255832,0.196410726394018,0.426353398071981,0.366858748087414,0.747478901943024,0.374042039919713,0.660400844113782,0.447496462080328,0.424336525249816,0.614904422603587,0.257800996923622,0.836242182908092,0.452876191998178,0.184481374839726,0.726409749458261,0
0.761877734646937,0.7025928045384,0.784425178817476,0.798716130424763,0.4375207051074,0.998457996562029,0.178498765804718,0.781633775554142,0.00536117493632712,0.734980587991116,0.188445878155744,0.0424382310775681,0.0912573495367775,0.123578928074765,0.246032858405909,0.932677410348498,0.367627346550932,0.753047281571646,1
0.984835549791234,0.420861040647163,0.259894766470132,0.441548843674214,0.193567393078881,0.57455044477034,0.638140991973632,0.115637291131564,0.153697970712229,0.0494282840874122,0.231513725586368,0.813096119950246,0.62588706130331,0.881793307634886,0.822099686459861,0.779441014345191,0.957187035973981,0.888003995826506,1
0.0571939223885369,0.371089677640069,0.239113462598719,0.236315074188075,0.845371124145249,0.773243842797987,0.302855223399122,0.679342507471869,0.21301504112417,0.914705049597316,0.773097318722042,0.786228091225495,0.918404518940331,0.0784346001246381,0.188731281497389,0.596246514011358,0.521490642813846,0.345517063435504,1
0.0468730812020518,0.670091131074998,0.962242015232463,0.450252834306887,0.187831623928845,0.841730958641644,0.165413479556233,0.618703202993848,0.852665420139411,0.114429122632429,0.887467696559033,0.636839957718503,0.198979787250043,0.6789786202221,0.826610987403243,0.749955581808282,0.322676209451167,0.845288215379112,1
0.331525120049736,0.51090995530268,0.23564408767671,0.63412104877071,0.615379665225639,0.62420108143499,0.906267464033171,0.933391871343273,0.248255522769073,0.325639559838219,0.214386102811039,0.752861249492498,0.732346315596502,0.635190683455041,0.486787861139013,0.276177718255008,0.150989594133629,0.874361966332746,1
0.629518772459984,0.937061432215176,0.9537716573087,0.296578836095019,0.544317849618615,0.797148762168974,0.848796999086657,0.297740483778046,0.567858460452316,0.407969426006979,0.0691002646910883,0.544690535954135,0.370380993300165,0.836530272657095,0.679248463848204,0.854448558002203,0.861427069674252,0.792277068815,1
0.597067764812697,0.0273851721468729,0.576875720150805,0.663240647379503,0.0504724308616059,0.20084567585069,0.0887195643185054,0.643184196010234,0.0558232427916523,0.202989148046758,0.0369588332558182,0.398028571146468,0.56646957264819,0.696158608782352,0.81118834907727,0.111336691565339,0.74289255550441,0.665433217794343,1
0.890528653183872,0.336136242708315,0.267265879427473,0.144944490653399,0.611338606079633,0.609536003416978,0.933577992439601,0.100731911981382,0.648691580977893,0.638969082851219,0.493657296476491,0.27865992547402,0.840529069591043,0.0461572001885592,0.576642179153884,0.132925746696612,0.727457459402984,0.0245313052352101,1
0.656033253254111,0.712297903677839,0.644004328644721,0.6028678368301,0.548523555313202,0.479720110896597,0.691123659230011,0.74269334046525,0.627449701114134,0.71517539769753,0.0984959000415815,0.450847091882948,0.0120642804809176,0.286232687256755,0.812034198014118,0.612846351568767,0.27374636559451,0.366579645299527,1
0.73949744042584,0.881997023910524,0.3918660528088,0.0541757709447535,0.11602623950348,0.0184768265787711,0.244927536887764,0.673487441960417,0.167279312222458,0.505963624730395,0.507906840995038,0.506459357207714,0.807219241075591,0.550612440218827,0.147583294284494,0.342384433645268,0.119695539399469,0.917457039637582,0
0.917342621767875,0.383565950554271,0.583720528561306,0.658445734384906,0.87010439507498,0.660917949563587,0.986263689851766,0.93912885650857,0.896537709681955,0.865677938193251,0.305998376550949,0.776492728906701,0.497071918422018,0.3577828680912,0.181352266932316,0.345910938005449,0.228946734601062,0.221220362814571,1
0.474846395588014,0.410888631381251,0.92522520754634,0.610754812399892,0.740335074614969,0.653109860031784,0.927753633537034,0.396956621204584,0.890642716301176,0.249913110532343,0.304872584822551,0.837035025088787,0.154516738907569,0.832241733028661,0.153855959465804,0.481290127601781,0.267460535233436,0.540348131696282,1
0.941569121097583,0.572517590216278,0.440675463512582,0.201715781344809,1,0.758197901962386,0.230970745434521,0.322437465942361,0.617318434784026,0.259050324875738,0.694861848734614,0.850927319696731,0.0427803837699271,0.784420659460656,0.631310685714022,0.372429370135839,0.175183423328353,0.186311930499406,1
0.563989961462054,0.0918304247346244,0.160218638340189,0.970585242471245,0.598737320167803,0.995347566854353,0.525390297599234,0.0377379338574066,0.914210392390062,0.0111178643293314,0.389368294888999,0.308527424929004,0.675118502323834,0.572531950082518,0.251804449449432,0.401093846389649,0.0462315095873318,0.796653012304951,1
0.384762088814961,0.0373032636250241,0.339408776787253,0.571131250698863,0.522863980556668,0.733465143985834,0.990067988049693,0.357435852866955,0.708308316345535,0.207677992193903,0.325802849435243,0.00757336938704919,0.891464419015219,0.661698250304339,0.380319371720908,0.513568110656945,0.610578310713129,0.958348284271715,1
0.746251712683148,0.810087213835821,0.291553167568275,0.962852759985812,0.897990172139421,0.0507363505762374,0.597040597233202,0.256494223589688,0.53268575502766,0.628906967434387,0.0884368420978748,0.0320678053272537,0.483447880569577,0.0527436233538966,0.560945669426025,0.489627417894592,0.412008314676008,0.856907519102338,1
0.471014127053473,0.761381399154898,0.230983128075178,0.387044302089926,0.581528290614432,0.71587813603879,0.437520251047695,0.923655018876766,0.275898095413547,0.952556935581674,0.370045815228985,0.40200298912876,0.769105497723306,0.866792128753167,0.933949802738402,0.321463442158727,0.179895409343904,0.472654320962843,1
0.555426038670926,0.347720709600072,0.351533192917366,0.618885575070956,0.864670263063528,0.103996308272342,0.787181767550321,0.855075992948969,0.829485789784885,0.0756794974083595,0.757992970296806,0.505343963200114,0.604048951930143,0.295953045660453,0.970346058473614,0.0200195905849412,0.557938350119365,0.526418630408858,1
0.558783062083392,0.30331864179802,0.206311221795802,0.939794397388087,0.171606838487996,0.0984515936077514,0.273722957019772,0.839439862951871,0.808723894104042,0.767083540968299,0.949897355376579,0.387900282895958,0.705810258367527,0.899222934299953,0.735851567522549,0.755474775003614,0.0086113602052628,0.687438610491722,1
0.280162699232091,0.616031914378017,0.904631559385288,0.0936012588939395,0.390240045131722,0.489991336513196,0.0954123008382214,0.535323377770961,0.748744205896313,0.195243334564775,0.990606238803638,0.266666182166996,0.744761954728174,0.991212274977865,0.0764532769755789,0.6934576686072,0.972132789294254,0.234452582715417,1
0.982460399877711,0.979013555540856,0.093477259315551,0.118607137469314,0.926352989291157,0.234229068364086,0.56763204573234,0.757187194754466,0.237247220225156,0.293643501564989,0.940642059286447,0.100735867957696,0.410175505371077,0.726624667564693,0.0350703868463505,0.205099093564044,0.13357416151438,0.824812042860116,0
0.0866126059784561,0.569959860828576,0.814562606544778,0.112507126752352,0.571351946250228,0.72385341005306,0.854968747186337,0.466132837568033,0.0698566355115289,0.215270087497468,0.580878068955145,0.0722436721164581,0.972137769097326,0.335497964991099,0.909417584755778,0.839205150188045,0.792926640222227,0.722229182724188,1
0.615711871108397,0.468608697914035,0.365873225988315,0.327760580033612,0.117258849168462,0.383786223509544,0.38821993851223,0.366031954826143,0.628681008966188,0.343381405647168,0.116128886734059,0.868438652356732,0.980299643417545,0.502869577414104,0.0900962231801227,0.892892512897934,0.0238741958890417,0.709379324094159,1
0.909298447963236,0.546398627141065,0.829705504702284,0.257469353713354,0.629968695271395,0.0733685405296093,0.332225560444943,0.0289610823169112,0.263013822020185,0.128416379502871,0.871148103846804,0.216353069197629,0.57928084954262,0.269443545794589,0.416848319385309,0.254087339413596,0.401435608227155,0.0395128342983446,0
0.0159728464526481,0.728373481549714,0.458220154726396,0.630596403056744,0.143212695759226,0.373271585117611,0.682001253430384,0.238782711841514,0.722021566139974,0.39808707429027,0.501041047355282,0.714160049432541,0.331149700892387,0.847799629960449,0.803555494852245,0.676310401689296,0.612715081579605,0.969795715910071,1
0.0636461788958513,0.598359573731605,0.530367690958271,0.457348056336098,0.36094828572648,0.830536822173017,0.533413202294228,0.4952253599959,0.518820056296589,0.77764539295772,0.45383106390402,0.660950913378833,0.402509235952776,0.670487846865418,0.960741128540019,0.0682685166404234,0.14951527851964,0.332270423727044,1
0.924072132896685,0.0240307427331596,0.419106631196848,0.430645467811578,0.528402944548,0.263859062206637,0.00309405054122005,0.303712193057648,0.903376846983855,0.115923067727399,0.297210545794457,0.734375260396283,0.344193863830635,0.906120115250737,0.132016415011476,0.884840212149478,0.600683093785471,0.582299817125595,1
0.170637851382189,0.474791618208161,0.490986996633379,0.134364111208307,0.662991405991531,0.0571594922028424,0.156439325434639,0.625195002685104,0.613016556960577,0.234780099106221,0.987382109377876,0.414974581107035,0.790025479246147,0.0199633830067192,0.495312616830968,0.212834623548053,0.349103005786425,0.785592906877778,1
0.590871744650982,0.214416368838256,0.70347647427366,0.839245849466794,0.0275314573479638,0.149612153427762,0.616722082768282,0.871635522387528,0.959371851668353,0.545159732852863,0.601166546591267,0.275624532120564,0.866061911411613,0.00430554584812652,0.104866967591854,0.425871862156196,0.827794181506705,0.398272763347089,1
0.7137230040931,0.360907354099459,0.360000654213134,0.902486864253351,0.770989158424896,0.573208339143987,0.938126351705668,0.427951567218001,0.235030726017013,0.885509338201553,0.840419053733415,0.688094178889024,0.635620421046017,0.556666885036405,0.755321094322334,0.0853944879693241,0.934652463270228,0.669680565173645,1
0.464594762211299,0.350276607222055,0.301335320440248,0.466403488519787,0.262765457473568,0.0664227212104167,0.143964391577522,0.773193793537917,0.30067187737001,0.0355054083723748,0.144824024108512,0.096800804927292,0.0602854053581665,0.33144413896941,0.566641254330108,0.434732662681715,0.101205439882473,0.0864234897028035,1
0.376025088676494,0.819380138016107,0.811406804974653,0.542308703696974,0.405080859515726,0.900602277166807,0.729007376237559,0.669182258769746,0.9421819867022,0.18526924481052,0.9132917953903,0.532295012035699,0.217258359875451,0.433556742389681,0.922402185432838,0.380514977159438,0.522515891210232,0.501686740422689,1
0.836218201299587,0.500377654314089,0.571721593302616,0.180196710034849,0.011206017655961,0.384445624927979,0.403593519744886,0.975138927836223,0.490127567694261,0.385886738479199,0.701997699791567,0.30260376080222,0.96446168731809,0.918063612915655,0.36286521897994,0.634104631690865,0.388723165200103,0.116405254142601,1
0.146300757631463,0.441514854899185,0.762320983330677,0.471923266869124,0.4929560694188,0.688590542093487,0.0829198511797451,0.778654037611794,0.819213118871278,0.813312847917813,0.119986450973016,0.832549039732778,0.907675125974574,0.403600013660584,0.0662973745281084,0.476921860679456,0.943326876340241,0.133829174250859,1
0.0695012029806995,0.154869656975762,0.0796939288819168,0.425316871714492,0.238755286406368,0.584114863199339,0.0743027229394366,0.949154108699582,0.0803487981857471,0.33759703795874,0.568994957594919,0.289995373230482,0.927472725811648,0.322063104930754,0.471857746423038,0.736526049325803,0.341658194180225,0.97336896980539,1
0.87122832839465,0.454163026421854,0.895703107347164,0.00992568855047339,0.282321822564957,0.945682436716147,0.553952253145762,0.411483641455055,0.877762320341914,0.483029100719682,0.207010534689991,0.0145281978966411,0.548127482336672,0.117605052528231,0.436393641785307,0.409381374048656,0.85432308436358,0.0205135869567653,1
0.407435248076703,0.261427235430775,0.547529362226597,0.5639555051118,0.969177904798477,0.495313237683102,0.978940159887197,0.58009046101563,0.921777091242125,0.579206755002086,0.925773863967449,0.977054124679739,0.64880527579612,0.00944077644102772,0.452599133320898,0.428745262663192,0.923358851699298,0.387424724418233,1
0.223468472463026,0.426308234354935,0.69297860217573,0.216627218034641,0.660220581616786,0.469418660404021,0.688050743710354,0.489379577932935,0.131402930993328,0.177321716593322,0.536631913997851,0.69535595128463,0.0451230967638482,0.469516354861996,0.710702225262549,0.996033025511357,0.453179206189633,0.649194402263273,1
0.950274862091754,0.530269624538694,0.465520754788297,0.669472288969393,0.376213805431092,0.355186188382223,0.886759677779768,0.468776789276407,0.637351974859413,0.26991778331315,0.19668828532245,0.810431254433397,0.987359720176997,0.578566619619268,0.354191958059391,0.718311035482639,0.820216017879818,0.50796727707866,1
0.522510092368564,0.287021093749455,0.983194240253156,0.334268552975115,0.793086778956931,0.293836473243412,0.778260119999906,0.632358578511238,0.28390698551723,0.401072301111119,0.169622634117742,0.855949371374248,0.128062333843879,0.183063605675429,0.627843242047475,0.821297784756747,0.0734912075043532,0.266278598977032,1
0.627877729601576,0.251993193994505,0.0380129204944173,0.766658638686988,0.255646160445527,0.94819683020704,0.412710163220804,0.343065323926464,0.797952797928339,0.341206509532249,0.576366912600918,0.123543576027573,0.176006260703351,0.128331476097246,0.594325368069726,0.766522434872885,0.828341540132034,0.953239953794715,1
0.885388873992521,0.624318753062944,0.112836728783849,0.978410035792127,0.874170431796352,0.510277299434124,0.326444067995095,0.636393063455808,0.554125635720418,0.882909987745014,0.790705903857102,0.720658685107088,0.117796867850572,0.627515304136954,0.475102993233137,0.563725594744971,0.977393328237816,0.324395884512114,1
0.500796307493161,0.276463027674939,0.521678856361434,0.371865879683096,0.561858017971775,0.704038789143887,0.37278970889107,0.752821054049815,0.446995226335888,0.53519627681947,0.0172430603702044,0.582758196906031,0.992437504369727,0.388973269373714,0.281377024727363,0.99881295555435,0.0175375266510055,0.961768411846947,1
0.416588792965624,0.837098108327297,0.736098187137326,0.0620446841576862,0.00564883289247894,0.763973073427984,0.185938803705474,0.525075762960323,0.777985552377161,0.947238638826786,0.645415333459667,0.600570276523202,0.510314217756371,0.273996158020759,0.744680861401958,0.867002405339956,0.704546514139717,0.922755112582854,1
0.511921226126308,0.662059025881169,0.469621880699136,0.806799470699978,0.80700658565957,0.973938666835202,0.811575354918888,0.0540330962077933,0.386614296420989,0.358738151111904,0.460289459474444,0.345407286836727,0.145939197774344,0.684235895969025,0.321824316756097,0.636412475863054,0.395170806621102,0.554753147200933,1
0.487239251577421,0.543314770971035,0.710807379231359,0.715748346958526,0.267146754648954,0.567028286142746,0.861054366379888,0.598357612777847,0.761777246720171,0.797239938026408,0.936376368283132,0.36865277504555,0.0971415565722856,0.212774469311606,0.275869325720662,0.572549328310813,0.362484557118998,0.275409132768238,1
0.796129111929071,0.581190808008571,0.314571544310928,0.475878934301316,0.101165186200964,0.597201919164778,0.430306655230656,0.311564883173211,0.670497018310912,0.984849542016475,0.480189724193037,0.75972111134231,0.114420330221113,0.741613163723977,0.0577470591938221,0.560531242538661,0.81396302321481,0.465729935785941,1
0.0292957803464828,0.7655256548426,0.504161739779816,0.646598672590128,0.0464726300607478,0.640605280382976,0.539291097020097,0.0798702285406731,0.475234806959356,0.570104461965439,0.337795393373188,0.744927003814427,0.753909738301688,0.100092454321486,0.654377321692678,0.0600894481169669,0.68601209368664,0.759610091803267,1
0.499592618717416,0.218996632420195,0.171217753428064,0.626608991676694,0.412689644915981,0.67455638473303,0.614383252469364,0.379867370194094,0.0505488151153445,0.0793036719202008,0.426693356001806,0.323226973520537,0.179859503491016,0.651316992409689,0.338505988306682,0.37455390191188,0.906153531132964,0.203793585512001,1
0.0232205338100535,0.233076441288989,0.139249972730679,0.785519236884232,0.751398195629505,0.27494205926732,0.792698072328002,0.311361568783619,0.951910983268453,0.187713218705746,0.738658963686255,0.200231518848236,0.841571759466233,0.625402763881864,0.522803519445479,0.611614223969612,0.496381028472268,0,1
0.453502851506876,0.0950995007832858,0.223304662613718,0.249874045596837,0.962899270342095,0.780426796281922,0.452297065077807,0.990073509564821,0.766775038594245,0.372796954811232,0.920905878261846,0.862589676804586,0.85832427280087,0.904184427892064,0.50749387607333,0.0247487824631604,0.590984834297182,0.655173599110025,1
0.229863006102292,0.899549120481298,0.695522003656347,0.318884298525691,0.787743796786476,0.648262967843602,0.182885079730955,0.433725967961502,0.702699432466364,0.780390663723837,0.0584720327760539,0.559121008020379,0.780248415104936,0.763235264769377,0.0504484255792694,0.30213580128477,0.897949103233743,0.930255979182314,1
0.507265584123841,0.123450727679069,0.397485096117725,0.942956975899341,0.819604271289423,0.402323530892154,0.725922926174792,0.510966850729827,0.54222769696992,0.764806171646248,0.466943787030385,0.499927024951496,0.571060379260909,0.0553520936325532,0.270337272818425,0.849893615857989,0.531994720292061,0.729297834032286,1
0.0960667952968576,0.40444697428549,0.38362225180948,0.729363930071877,0.557682086364761,0.226875726968544,0.571026761460786,0.0146114334645737,0.100614431978313,0.411299048737443,0.472512348985652,0.652689354640675,0.609907756243802,0.674134865094885,0.85888775047948,0.808330287614554,0.846289133847978,0.125642466088833,1
0.390972928008788,0.481023564969345,0.730392871868645,0.795571092299004,0.096647442318911,0.0793760231360316,0.060041479432188,0.0930418837256679,0.681077356588157,0.965822436007314,0.762540276447231,0.525521106219532,0.427892072440324,0.305517372374898,0.705297283044986,0.709543448152078,0.48859414655191,0.585125636792004,1
0.379750771468991,0.46266829410962,0.540847484281461,0.306565328027041,0.799628464584366,0.218787055081649,0.383883763537107,0.959443139367201,0.311801106815296,0.663421297876491,0.550334935214818,0.0586083229913527,0.457937520069205,0.372231984781115,0.206007851579657,0.0967699940139262,0.422279576784951,0.459708107646925,1
0.645519834723277,0.749366879129822,0.451753638640425,0.222912886846105,0.317314342462053,0.710188444339763,0.626430901988794,0.572500980652088,0.420902834370852,0.800509892780716,0.955233346499163,0.551433400508315,0.0331093908918154,0.0673710902696982,0.0266556644906938,0.533720715150813,0.245339832374036,0.429877108141742,1
0.206773745214775,0.855238237806648,0.275273812157069,0.852531560228694,0.717980073110924,0.088407446290914,0.975287660277539,0.223665848363411,0.255602508417535,0.553128154399595,0.2456776096215,0.828613943635649,0.683359995889296,0.703499777165438,0.167625956845397,0.786428371019953,0.00387723899588635,0.498685382658465,1
0.935540497124866,0.19542784405356,0.683112579861704,0.321753519853404,0.00103277631344973,0.756527770653868,0.503275439179427,0.736184986301448,0.161990481875037,0.0580820428568469,0.651281776651494,0.490819334142223,0.443817165944228,0.0256950068540167,0.106023870171328,0.871664830888318,0.464325966654361,0.175626533713766,1
0.0104265434713743,0.230882712924725,0.47399861986897,0,0.988747876405445,0.666477142310764,0.586986204783664,0.290774143200212,0.20339538648849,0.239533742155518,0.316713831335381,0.140878106082141,0.931671946354004,0.598529413993864,0.595424144500884,0.909317801009883,0.581004345959052,0.16090109703996,1
0.61060336497184,0.206158084288941,0.82119242793751,0.552639903200158,0.981227556553286,0.692340565206566,0.504190525746333,0.334399947086714,0.025755694519764,0.993289391658523,0.512337815010053,0.904877784336091,0.133543578059872,0.219170224134932,0.158113746966495,0.795946568500243,0.478340250665454,0.492120441601011,1
0.517177797060555,0.963896177020673,0.527623910846662,0.342811442312278,0.861629570700052,0.298209193925436,0.296921613942695,0.807088583458592,0.994264946279901,0.572078361944708,0.463653584619157,0.193397362085356,0.538426309050784,0.450482325979789,0.973514292385614,0.0907812119746277,0.0569456937260937,0.820159261232585,1
0.342487944476212,0.0043412330364867,0.68888757000152,0.438507045891219,0.51484277347882,0.308731043164598,0.589510712838487,0.588500351404261,0.356459659576485,0.503292858439413,0.893622649008703,0.390279677916611,0.523306744228719,0.177790842095459,0.658288575872889,0.590778194450911,0.755271029358697,0.5646559234155,1
0.25869710646746,0.952488609616471,0.173328255344136,0.947509085141986,0.298445834704195,0.940482245917599,0.510484302040659,0.545480544341165,0.50607960695561,0.136961780670868,0.805430895757899,0.784147658120891,0.880671714286494,0.36146050507439,0.23512956152692,0.507786349713284,0.676889095048173,0.593168338237375,1
0.928645971026378,0.621096819806423,0.49878596513969,0.302552883195355,0.161879272410734,0.433338226843837,0.0979279515398158,0.911569919715869,0.807046031278977,0.460273758621045,0.640365919161473,0.0187081622560137,0.335756463927078,0.465232653433892,0.243331254517676,0.970317209520933,0.0936987308192405,0.437400105977693,1
0.690238599225045,0.327783279372196,0.978796594433034,0.155594480504558,0.903414827838963,0.814711364344759,0.0699724670125226,0.418913170061484,0.725347045323932,0.683525477996989,0.968044129147654,0.665223398978994,0.849639689115592,0.639325924532989,0.582193149301768,0.42066009822305,0.094895228567528,0.51444710353164,1
0.24818572665153,0.740148822343462,0.659283372397941,0.996282606900443,0.151458747830228,0.196963799667346,0.102822847405948,0.797097669590043,0.331865553969058,0.0874085711844018,0.805828746429098,0.608833043215114,0.0559020287318259,0.750693892297588,0.601415509702085,0.936246977688975,0.693882858724192,0.168954729588666,1
0.0375235783084622,0.991678049779537,0.593123071902063,0.59434604369939,0.8563265236082,0.329799824583056,0.281527337373567,0.724086144653445,0.142718672663344,0.47248782674987,0.52286074412346,0.60143226620412,0.725492106437388,0.240070691261083,0.0414414070726058,0.537883871331156,0.709472676287635,0.446563545503521,1
0.575259515718721,0.150964170912125,0.0492693855881026,0.550376130383893,0.519418248915286,0.86578933361226,1,0.712843014156469,0.715311048017358,0.703968919692033,0.965482052295183,0.670155824055424,0.138381727702805,0.890945955149083,0.489896742332586,0.233468935111922,0.65478755303273,0.747145472447962,1
0.221849107067957,0.862580012490096,0.899828691378138,0.033171499032698,0.648935541526694,0.130705921760102,0.654442660163962,0.966327685399177,0.858542325674325,0.944451027206417,0.0399889206202252,0.621657875084275,0.372822543180153,0.800380333145456,0.775442352612427,0.817114426138081,0.769323596148499,0.0562121416564414,1
0.117607091624066,0.506011929369391,0.939631718840201,0.863796946969439,0.534734433917148,0.439408103991713,0.739464552801929,0.186173921980768,0.58141990767993,0.248597052089063,0.769299430780456,0.631603985612792,0.0157202546908779,0.81127376503166,0.798704089626731,0.542811986784765,0.168700861902491,0.774899830483379,1
0.794757926509836,0.0854447388409151,0.177363711491143,0.526897065738708,0.486705029518531,0.0353340306835215,0.480415616659835,0.823439880903472,0.1084507395595,0.722607368653726,0.558926390234242,0.578095167645111,0.669881057326393,0.538800735810653,0.552055486185914,0.770051093308939,0.663762193492028,0.632024891683921,1
0.442824791512502,0.179851649064114,0.786170618783858,0.67821944495859,0.839592981955421,0.159266724820537,0.0256715649414465,0.221981447504511,0.575818574952185,0.434208333821294,0.429745506352258,0.146412767252472,0.873213784347366,0.13741502000331,0.587001749982278,0.0410320291699757,0.627391933772186,0.382174981882521,1
0.604598233847883,0.011804300673861,0.0194262357283764,0.499479085581641,0.816057893441065,0.593953688083123,0.863978553334237,0.12898894330133,0.190974269513445,0.634804012061748,0.852175324271386,0.749819874083553,0.962212658684565,0.522954891522372,0.98794254522761,0.916737875594881,0.278008759456771,0.340731867008639,1
0.918635195109953,0.268279490914038,0.753265247371777,0.687784278499294,0.355878052807901,0.00973363443885315,0.0137000570474276,0.815980174813471,0.366011133943281,0.728908586937918,0.100593255213704,0.06053883499094,0.512405976765322,0.236442746578562,0.870785025565445,0.306878386764373,0.433257918386002,0.0709955817013895,1
0.957636995705402,0.736868356743397,0.151535009180648,0.489943319048317,0.312524635165336,0.0908858494819657,0.216842955630296,0.767399150618669,0.222553147779101,0.522779492121556,0.350515506634623,0.943373393471372,0.661834577136537,0.77746683315089,0.332424994584401,0.919565666062997,0.255041019587955,0.480830674368862,0
0.620263120795765,0.184501401584588,0.252483204690831,0.19802664120189,0.942017600812948,0.520040699305376,0.316672779004329,0.70308563561777,0.287919633902956,0.14330514070217,0.901484762026556,0.488193918007262,0.656219898849664,0.142491102611985,0.427526970962688,0.588924910808975,0.569970628623628,0.904259108264886,1
0.125237974982396,0.708007556008189,0.479842982188574,0.163805716999151,0.157852634667018,0.467106871676724,0.701324233612544,0.146701049551876,0.588886943341081,0.214197171991553,0.15702009331883,0.871864901108067,0.539684741004118,0.770788598164305,0.256384303244078,0.902273753547113,0.629367038165406,0.223054814307613,1
0.0386933136236529,0.790005006652146,0.0999795867771094,0.0751091674420365,0.99397537900418,0.986754785701706,0.200853868345017,0.4761169408051,0.128892629542433,0.893482128916055,0.221758983923774,9.42567928002366e-05,0.310203164281052,0.729285316605755,0.938699324142371,0.804532346264339,0.868626918949294,0.0331209783187975,1
0.478561217994388,0.0330650709151588,0.42855599702932,0.870135344537033,0.131092762859252,0.243360175180727,0.422980276334503,0.275811587153573,0.177235573141135,0.817991029737202,0.239383600867063,0.519902327739644,0.0310789330185277,0.565718048732088,0.500278912206675,0.294975326175908,0.448074853299812,0.693478355673296,1
0.270125065777562,0.813347679652549,0.587194230592118,0.0252975000980595,0.681618503966207,0.536377929401579,0.749581760496755,0.684693168918671,0.0966474207766625,0.836619620118388,0.81900021268408,0.0841056904291369,0.910336083604585,0.854581762757384,0.668937764534249,0.190360778629666,0.381956818554964,0.285802724495484,1
0.760893575056486,0.970622937838528,0.0453758184898577,0.368164755071261,0.0925885678184852,0.922108229557944,0.870137060086238,0.434857206884402,0.5655375517484,0.315033675595916,0.138893443567622,0.482122304214263,0.666532604806812,0.0380198810008313,0.69006952739422,0.44753729475539,0.712745414536863,0.127797636999448,0
0.00145797209568076,0.10666549030423,0.725486095829602,0.398351567902011,0.199962218913659,0.13474753542939,0.223812836032077,0.0773109035460244,0.784280639727521,0.592295459581616,0.150570571647072,0.898393457840007,0.503764986678357,0.965147384912011,0.845057203963892,0.582570839121058,0.638018838926436,0.0626793297897147,1
0.897114572001136,0.675245320075849,0.749669139369749,0.484834498576,0.929955501882583,0.0122235714107289,0.446417691388943,0.121528995330613,0.735692752923144,0.717394900411512,0.280122633667294,0.890438182365966,0.71470443702899,0.496287782725565,0.371883835569389,0.955060519115404,0.546403797812896,0.484914418252945,1
0.729354487949723,0.999555462539008,0.381304006241723,0.406443106083593,0.593811722988163,0.823035584222045,0.112316886509635,0.529099769401469,0.842422609709214,0.960911981963474,0.676643296385608,0.475890046184211,0.874492721335758,0.506225736603928,0.411296840315749,0.742621531385966,0.786921573575502,0.19571461702081,1
0.421772460910839,0.777491871868712,0.129096163222661,0.247409212020387,0.947250469252589,0.2725219321443,0.837078779827992,0.243937698310704,0.503526395095534,0.671136405563613,0.395665620060509,0.59385040663458,0.856815675152152,0.0926429063848304,0.699998470785093,0.22971742136187,0.206681231220271,0.232511807062129,1
0.698394684788225,0.566375366934849,0.60262277625934,0.152082132664732,0.370791535680982,0.918792457161979,0.606729836325426,0.180761883527438,0.88495403197065,0.832486494520262,0.0745912557866661,0.234833147243226,0.184171008728707,0.165545004931542,0.0824732387532205,0.80054740561466,0.50601149707653,0.259271192732995,1
0.397089192661008,0.0692671953429581,0.886768341361301,0.693263760953679,0.382649327084942,0.927451501861874,0.290340587280678,0.55514511964374,0.207406074872304,0.169769342266838,0.261475250959322,0.736976771974547,0.345365318156474,0.159483080758484,0.0951101276614609,0.0643915473521184,0.214958690388218,0.528433050874618,1
0.23581946481509,0.888406738821566,0.609937617781386,0.41700512434498,0.678103281687601,0.853247536858448,0.205563251095517,0.943127713428906,0.345290826412608,0.00500353193719771,0.0280923456092932,0.684164287301027,0.79777762786336,0.00118676143327105,0.134906506115832,0.1777863962247,0.806285204005628,0.841603313888155,1
0.967259965903762,0.257505882921655,0.969622645817075,0.727740330209627,0.440946513878187,0.635350647140742,0.276506078803301,0.0215649284921476,0.339786394645849,0.619452178557928,0.177714402946172,0.938546842253218,0.519152157417666,0.613161602772165,0.439213141884974,0.102386296007911,0.30071864411723,0.767397519765639,1
0.335517801552926,0.238755663911593,0.0645799963206837,0.741676449406247,0.309421792179142,0.805566271022088,0.465368838384995,0.085958740365487,0.173930181290387,0.995370356834214,0.375232431191997,0.0511928108687289,0.631089111681511,0.982880856760972,0.617454706418587,0.119741871076805,0.264810313497404,0.119073690806037,1
0.437087513695444,0.305518343756928,0.909632635053722,0.737373994328858,0.7047153974463,0.542862016350117,0.320022717242038,0.72268239883579,0.429239999687798,0.51266936744528,0.108734284701263,0.695684997706991,0.998086026814578,0.827007444169456,0.403335925560598,0.576036375928383,0.584876947315271,0.452369576601861,1
0.286978766294803,0.00159517274614576,0.405928205460929,0.850203769012931,0.909437708827488,0.0400536543334804,0.170945255748027,0.793577171541424,0.0465980570540433,0.605102082329682,0.837182112565295,0.240708723766649,0.248255405176686,0.0341405927208136,0.0286971022681743,0.138722798287354,0.979376382389953,0.359697827739706,1
0.432219972752043,0.378315320718769,0.0573042410749435,0.0698107582125211,0.180618057195497,0.872094027408922,0.921477890059171,0.511854874964506,0.653776793663897,0.8552982517017,0.63853708173239,0.845863349943773,0.387974012806288,0.386780138891569,0.548163083608611,0.356525825890106,0.438952749442263,0.742263809870953,1
0.154119149551132,0.495509667955667,0.851598332608748,0.557628505488727,0.399111980065082,0.315999207356729,0.474373308242984,0.662027916263229,0.117308321247167,0.565907889359703,0.161362251529441,0.314551045572007,0.382007458565224,0.810766954934488,0.534338472059246,0.0764017829988768,0.501869569740058,0.417313498744949,1
0.783877719315568,0.893216827258579,0.803285681649545,0.986689137128975,0.211740128368245,0.811103267756417,0.261113760470231,0.971257862933886,0.141780146671711,0.740888295739823,0.385376069241495,0.0707699726697221,0.938103085780428,0.225258634101117,0.567550468204149,0.048354842121849,0.375684965293077,0.104210425830453,0
0.360634369767124,0.556924849598136,0.945831245111782,0.478886296809862,0.732454658703546,0.514808713951921,0.962059487989782,0.918699057438658,0.0086746442526036,0.458560199684099,0.378313813524791,0.460946771118288,0.0263418683392775,0.246483815666567,0.786375775473208,0.87683441597211,0.963395402183869,0.247351551556953,1
0.353089802661484,0.978044896028612,0.0868913664589552,0.813220904514285,0.0599691174751619,0.616166778951192,0.968783534699839,0.351886758451411,0.440489150486588,0.600911464838652,0.332797147003391,0.18475601976624,0.250078810554731,0.582906970034128,0.284289678479042,0.492071605789245,0.165953951801606,0.622131682854407,1
0.0511393795222898,0.143897357491755,0.631039953354972,0.755258914164152,0.107917857145716,0.984621114892589,0.375699730085054,0.615210573828718,0.480830926695099,0.492443996556266,0.826407469332222,0.58861163623243,0.942384838063749,0.565497151312835,0.727120376848137,0.55571808263141,0.573050903753985,0.872254830913483,1
0.0795088676272473,0.202029340347263,0.773045343939196,0.138035038289649,0.0202873039484813,0.168690859867407,0.563174070674725,0.326740323012141,0.411969888253169,0.939034806943827,0.443777896423159,0.208443238100796,0.690304437505183,0.945974968330106,0.00330337892311091,0.0375173895549623,0.0659070738063447,0.73704899625607,0
0.13713101737535,0.658132893373707,0.033264895940333,0.0912377638861844,0.250893188131278,0.876357135081888,0.491872048771356,0.108676752337295,0.695056854481173,0.163162890273622,0.496400418275459,0.769972967862641,0.431291799137981,0.198958588300402,0.459185141829868,0.162046561694639,0.112627223748026,0.0530050786272377,1
0.540401429543203,0.410423969153125,0.834700143743509,0.2433946422896,0.30512720751343,0.121155862311811,0.64722068795398,0.414931894963356,0.405152385049948,0.823818647795223,0.565589393342785,0.970753395845991,0.486602245167941,0.0151463058435424,0.374380341357156,0.857956576853385,0.307059961985525,0.0118169103569483,1
0.317726188841216,0.609555353589828,0.319240108179267,0.210897075230294,0.668515375712537,0.785814279547362,0.14920760140599,0.822658641960992,0.986474907733003,0.85846193409236,0.0517323191952043,0.512993737839495,0.0991660166734039,0.714665502642967,0.183293933027734,0.832133156257843,0.990209456651093,0.244312384272942,1
0.324417128108791,0.72200486086717,0.194837331092918,0.926617864007067,0.882286359496673,0.111343263319215,0.338566605844766,0.231019848491477,0.644965018483982,0.751814376435989,0.608322199772276,0.261642912517708,0.618352856967042,0.749152132929852,0.124252020118562,0.705027532130033,0.0416638484539547,0.315451732659734,1
0.183743505491207,0.436775217445332,0.285196657992543,0.0807292921639523,0.552343845869507,0.258955785388718,0.11841820938182,0.0405007837129348,0.978484323275588,0.309113224578987,0.741924277285338,0.962510660678922,0.434822927638288,0.0918372719885747,0.390175337932363,0.731021245455703,0.318499754287104,0.142579746643727,1
0.65320763780714,0.432312634882376,0.425894909872653,0.513658075530728,0.125105383512441,0.555701080055444,0.547458058003512,0.879207322879201,0.421662733651062,0.430676696313247,0.406457118403564,0.917340353685722,0.414903835060044,0.343525324465266,0.893623195868219,0.147658292201398,0.298121281235295,0.942336716943315,1
0.532871433101038,0.823057192728353,0.247103175797675,0.312413612160244,0.620692690381569,0.216788023328738,0.877958842310199,0.13674570693242,0.251849075404042,0.6828895066976,0.203421768055534,0.288310062099612,0.834814554196242,0.603993043988214,0.886667736278322,0.696330108488777,0.90974640822269,0.413288318955962,1
0.0908585752432416,0.0731726164377014,0.164388401293235,0.34788149487943,0.75762299673443,0.882831328167104,0.0303630874302286,0.559772447150021,0.864132204768716,0.975606443406725,0.863304445283721,0.822204081718454,0.362930705699451,0.819983432536448,0.674857726624046,0.604953156314267,0.989179363581773,0.913587849198947,1
0.96799893381484,0.642890190733571,0.662691392155159,0.381231388254381,0.45708550085446,0.586540025054831,0.707888341222319,0.449285918156073,0.901252490223509,0.981784198538394,0.958891908649489,0.877328895296395,0.948831089504432,0.0835117405481687,0.878293356789797,0.644133873659757,0.224448922163461,0.298531614462442,0
0.70967371815001,0.772621473132527,0.998983789021255,0.192947464746821,0.496587593831956,0.0469172178131733,0.462093772204987,0.697732760304541,0.787978911618757,0.453736098998379,0.933096887745796,0.0797188593211508,0.222583887721055,0.42237218300329,0.756304790363985,0.398893097254035,0.734285764071869,0.660794542654001,1
0.49278421956011,0.374430614660761,0.0718110020471757,0.981260013068751,0.83328616308064,0.748777424442472,0.555349601996112,0.280630757373665,0.460123027708614,0.468687702335664,0.691266429121724,0.195212830490848,0.750324196042636,0.206786787907077,0.11994493943939,0.246486485818277,0.867181727318887,0.802713062039797,1
0.846812518799448,0.389070573207457,0.917537647202713,0.966643087874492,0.781614014385703,0.978428073813893,0.841414861268208,0.914571762605213,0.38899641814942,0.748447533608408,0.876915865624646,0.572425567656949,0.326596181187341,0.0726275668697833,0.994924961531614,0.843188382100111,0.078034604259992,0.0753264408442211,1
0.677626021256354,0.635621742026523,0.108930123348516,0.61604763962972,0.231644176320175,0.141931981148129,0.0661265615850952,0.805503498609667,0.194853797489867,0.530250301259662,0.192481525101787,0.429754099450412,0.810884524127179,0.229134517040417,0.517472368751457,0.622207292696817,0.996819905589817,0.302179642690627,1
0.831474034402837,0.874844550862638,0.219530781169406,0.810823585171557,0.935966179449552,0.745767851741496,0.773286962808748,0.995716286166031,0.396318268519984,0.150941239361257,0.798975054373666,0.999323939872834,0.0869571107622285,0.923806499332716,0.216486946689757,0.684345169257306,0.536346030162041,0.00745993957776138,1
0.0752077786561785,0.787357469399475,0.349529038681908,0.290697831160083,0.884275953672184,0.778898009972866,0.115997518187262,0.00956614248207035,0.185433818018578,0.495592801243438,0.78884424994235,0.339755208426599,0.448542126942028,0.393500781821767,0.428493074676313,0.284343009593415,0.467812167385517,0.161009441668403,1
0.537919805475966,0.447024172031455,0.845355275617421,0.175805743658561,0.0364912948652996,0.530454497662335,0.752673149993149,0.16186092093509,0.795449372312276,0.918813173775429,0.345987837496516,0.79170552695906,0.761135743410139,0.31833723168432,0.82965659134349,0.389168752441536,0.350453001514412,0.715845326217753,1
0.809248739473535,0.356226969446962,0.0116640493567173,0.600155598681852,0.177061512411424,0.126784146092896,0.762842508386293,0.60737846583742,0.465026320441154,0.691054617815159,0.0657111263238944,0.377379581096753,0.104692060312001,0.757057939449709,0.950412987892663,0.197452167055353,0.460018673673773,0.305855517842099,1
0.815698474383481,0.587846875793233,0.563080871399805,0.270915612058757,0.761960682692655,0.232717124801149,0.637053001122329,0.201086760772257,0.984951573217658,0.369702679970951,0.849542766388958,0.332208261163651,0.589990189733224,0.481881281487479,0.227199261215971,0.001865066791954,0.680377560011958,0.516918688462455,1
0.776334581317093,0.689033697988532,0.00195428218219286,0.707851806183394,0.448407692999854,0.697688409070723,0.415466189114303,0.89491908693305,0.68774388193796,0.783678755238286,0.519708279741087,0.136140951263555,0.239997444837606,0.25973826960444,0.444875853654471,0.522283559875752,0.237648063836685,0.549677916010561,1
0.637742019482214,0.628396593301015,0.125792297917457,0.680666800529202,0.0820165913578665,0.254532221566705,0.268966902234206,0.0615861812831562,0.110618203694198,0.877392519208185,0.978827767372898,0.910114506456135,0.815302829955868,0.535780155918349,0.541491726287474,0.625765425595805,0.891799845460166,0.625713219185691,0
0.782525315515376,0.0638792815952552,0.757474250329923,0.719738707217357,0.952722243898515,0.935454166830818,0.225579431065133,0.900170005208654,0.818226547625548,0.870894855809128,0.00286436202598194,0.550662934879595,0.777480168956162,0.97774095187521,0.0831301258285363,0.168942316245055,0.0707906427535743,0.291947390612114,1
0.736836619570563,0.129865050101887,0.621626081928773,0.832399971171233,0.913513935226516,0.629792027627003,6.87487396208086e-05,0.160462893040588,0,0.647448144345186,0.542021618598057,0.80269137908813,0.237772206547755,0.720995388811477,0.30432922936318,0.364663797040077,0.198807270349592,0.283101804890191,1
0.304674549696782,0.646401231121336,0.214273324467861,0.91573286664889,0.508856365468706,0.250294309941074,0.0504933230672795,0.0237072661467612,0.935148261308149,0.844100192580103,0.68309813135383,0.336386046457638,0.05378779951204,0.489854793945404,0.881805826291901,0.458871024292152,0.242481462242081,0.810692798391265,1
0.173471460225461,0.549990912909869,0.368623304390676,0.0822095050862899,0.722913303114684,0.061467134374712,0.671987861553829,0.494253101719123,0.227756251736919,0.971973706335937,0.314778741967755,0.226510702042507,0.201829185084419,0.186988964901302,0.532188152932274,0.78519282520689,0.289610385982798,0.607680298188155,1
0.276477280209049,0.142824483178367,0.866417344377453,0.581907184390617,0.421053178691877,0.739280575445275,0.528599504393031,0.458564885094765,0.0208233822130028,0.903189106344773,0.404686752375186,0.111328640399646,0.282009747852918,0.532027328819278,0.228571008745396,0.499477115271258,0.949455194901882,0.600192767670484,1
0.252068638524842,0.0504550809982481,0.883083895387007,0.366222859945154,0.205873677418559,0.179761986277263,0.897950589201186,0.850054355178359,0.657344050852515,0.651468267576165,0.671326738373615,0.728582759394309,0.213825930480953,0.405399941372176,0.263027579854578,0.890778334447116,0.0886791958139128,0.988143477601852,1
0.314145043741866,0.223921377886965,0.62721977535434,0.501794374258287,0.686944664372294,0.895493556387013,0.238024049988488,0.0573897831087618,0.499560678149614,0.44532628652973,0.339121954329459,0.417846328955069,0.827592096040356,0.772514775646902,0.74505532311181,0.279987100026271,0.20278474003514,0.637806665844031,1
0.853250761687447,0.601606326803962,0.0259104306399545,0.00688845472307605,0.146490595112813,0.96480464832089,0.0447508293323991,0.0682744998366245,0.215084874389337,0.159049381238433,0.419296653800634,0.380609806843607,0.157039302729256,0.789216860889795,0.952262323147884,0.685110625718075,0.0543014477992321,0.253634609548046,1
0.841838260087949,0.324018844972833,0.655982959478215,0.042183579309383,0.062058062165773,0.370996411500663,0.715473658767221,0.191212613594823,0.0909782786640829,0.349060717592878,0.85812835755396,0.356754593250194,0.317305637651639,0.617700399633156,0.463197236763985,0.0803876069395527,0.131867789728616,0.390378526933519,1
0.425722862223247,0.985167473066135,0.869761011297312,0.907677171134513,0.329858153062874,0.357097461215171,0.356943029817263,0.0484777917742361,0.335380729243276,0.260286253196668,0.724820519119742,0.157521196828199,0.262905266671434,0.883529213045002,0.309775221322547,0.904391778225474,0.880377119960298,0.612126169491668,1
0.994426356999634,0.522707250895773,0.800083230447627,0.843190811051929,0.746239236391255,0.0307258805250687,0.82828525994412,0.168739308495553,0.734192543740393,0.291070247720839,0.596660856617683,0.352611530766775,0.898528068316686,0.968389211623574,0.612087192683656,0.393402541297653,0.804732727444237,0.0314563484627886,1
0.99764400986878,0.457017689598907,0.791237812288207,0.92312066639135,0.625215465527916,0.890188005589802,0.13318681719445,0.654646217666512,0.063664119118902,0.555885235665846,0.74756563807129,0.927973524526518,0.952822913228794,0.94105320129927,0.768349238604326,0.726290694928398,0.840341259261216,0.179772353940357,1
0.875166584739974,0.692621493075645,0.53372474022653,0.263487383028287,0.387758123783792,0.150133544365813,0.664448956556238,0.601256447939558,1,0.025653655007076,0.364005795107885,0.153893812293396,0.79258310055113,0.958288745240056,0.730618547124693,0.976653285523902,0.913496588272496,0.674984370459343,1
0.54759814487597,0.941621246397011,0.920754338727054,0.0514811312382878,0.973744270251271,0.343545968969216,0.891363830636225,0.645485913653489,0.316882764063284,0.54001349683993,0.360143122980548,0.440158363086022,0.472199673106831,0.710014491537849,0.063219115465214,0.325301944677196,0.444558302181943,1,1
0.678341050583104,0.101978927862651,0.260891462963956,0.87773568390835,0.276229633654916,0.826613373400196,0.0554262606255691,0.392992506075126,0.850416706234568,0.900071955961407,0.590381922008889,0.0233738146187886,0.121728584153109,0.0602839008467516,0.917163424972038,0.962075237186411,0.671526191835577,0.559060711682954,1
0.755330928511548,0.341997512958742,0.99049002629073,0.53035554033928,0.504046322291784,0.67011117122629,0.139269182683982,0.283753408081096,0.483282019616567,0.304245692011697,0.720562118643642,0.706160464013341,0.82229841594193,0.107653384225553,0.113817474190515,0.968318907637373,0.658571428586164,0.763739788104404,1
0.858168641746596,0.394483582036637,0.777572265042678,0.858403513433612,0.223764550600473,0.905563719324479,0.668772554901777,0.374081174393375,0.555909432230301,0.847195904262916,0.129948793227457,0.435917699901367,0.451674716617827,0.513069160275644,0.610699850474376,0.312298747543345,0.15830902860533,0.369809777113937,1
0.160935765269746,0.92710802431676,0.309442302497466,0.822920649366689,0.588231114481918,0.0272956203749992,0.254767320199873,0.562967494949705,0.46834167632979,0.443008696868426,0.878535400227991,0.410463236646529,0.474167187397248,0.476308110614437,0.346985291917986,0.6515229698188,0.562985326707613,0.427222274222659,1
0.725187622410984,0.161354988084501,0.204293688582302,0.0267072306761815,0.429416751812576,0.550801900269493,0.394278542581352,0.83291835452767,0.837007070425826,0.809270851640247,0.27464148349723,0.893803079186879,0.00542470431904973,0.999894348943151,0.00881197877756111,0.00716447553919112,0.783397827992736,0.470515415878459,1
0.687284653113057,0.120287141166632,0.717698023264769,0.586723851360703,0.480725635886014,0.62258163673386,0.161541210945359,0.452143266224287,0.967448534116488,0.279523975818647,0.0150688433847789,0.105840588173098,0.551746618090571,0.455954226543862,0.718572440262509,0.0529027411085505,0.928953712867481,0.372302244225405,1
0.40202249214678,0.0469932333813531,0.995458115156227,0.653356872271666,0.336562142750307,0.288000011702857,0.955366660976585,0.658398687355915,0.51574612779769,0.932473208574434,0.0469704016176486,0.616606105347256,0.737022274897826,0.413099368997267,0.996845784661946,0.221619340903566,0.424137252223071,0.832238896024257,1
0.580674584672719,0.534856642112737,0.190394305080196,0.28675679768104,0.602861280789761,0.326504487294812,0.124446319735186,0.142328279796681,0.666734230993947,0.793794301922606,0.0220048135439044,0.641488071318931,0.762727049458958,0.28062702328299,0.687346836492368,0.2595737168368,0.0164278646591872,0.443896753693682,1
0.954642610917672,0.318092582129305,0.146432618072978,0.167304647802258,0.324331134716545,0.559923831853466,0.737825034521262,0.441356937438727,0.276608500377243,0.758382636945149,0.487762774791319,0.244306508631859,0.284195267269988,0.426675107027107,0.325118519067015,0.758575965969366,0.287503941208248,0.403326555954489,1
0.568109792911159,0.945845426149152,0.413135856443058,0.415503097676068,0.700320180992739,0.207193312831198,0.343658365624842,0.860492501375063,0.523613330895716,0.285527412852019,0.0786748628738557,0.935003713508431,0.642385928665658,0.131916147512575,0.965916837098702,0.123778168678787,0.552389554940379,0.991052033471233,0
0.449875464770784,0.189754294729204,0.860569306281732,0.896289885638332,0.636667026656926,0.414071045525719,0.905925296069526,0.206466039625021,0.939865893361398,0.705325542906182,0.259081730267978,0.317894444703114,0.00303139246028074,0.448523022016753,0.0492395054053582,0.442392102729443,0.311680594751817,0.780332697298637,1
0.196578852555774,0.915099749935379,0.00776118630682592,0.884450359489935,0.894424911620611,0.398392013215547,0.0196707059511778,0.904465487433121,0.593974176807751,0.378430465043015,0.123791336995027,0.989933155977287,0.312454979822293,0.17076968830615,0.71357183196887,0.466203464107318,0.515557782530436,0.704545652493988,1
0.128570026701232,0.114391111923625,0.506457005400497,0.750006603899149,0.652960180649355,0.860521833323027,0.0370595518315322,0.693220004396814,0.59857258417337,0.142050689782688,0.712642627870036,0.563305407817215,0.207625879836783,0.91123422555839,0.647930908856248,0.329815949989874,0.721601079859511,0.699918792784492,1
0.768642634752838,0.51642534035263,0.297789169751938,0.0435887094885635,0.960042309170397,0.680685311773717,0.208419039876872,0.50493139167192,0.123502626203274,0.0371456891143684,0.685362838362416,0.628268913356739,0.073430512383084,0.194397073638697,0.790573128286464,0.107834075013608,0.141100024482052,0.907760934922057,1
0.587826039857289,0.782766295950687,0.402646783879903,0.643555077278461,0.137617110369587,0.495772225571124,0.580161806551438,0.33148289391124,0.770416177595458,0.58619411411748,0.910168116123769,0.953279918424629,0.168892788990139,0.289146408264899,0.666427395445055,0.153096354476453,0.874696309542224,0.950178082917182,1
0.24333953718585,0.484591303333377,0.448305658149519,0.511067245869519,0.735966539805115,0.320870389988382,0.769168413304651,0.887753429926176,0.957421186509041,0.364258578550207,0.613539781957725,0.251065050215828,0.492540142929081,0.644050544079073,0.340562868946721,0.670047709106079,0.544458541816424,0.891833977655422,1
0.719293218775346,0.829874606470015,0.645481368355132,0.954285905596391,0.921284696406051,0.727018831318981,0.806185148108589,0.00310950110939973,0.54456440484558,0.425861341983269,0.00515511712690182,0.164355620594988,0.695947170873154,0.415974370645238,0.398937224452741,0.41434852355001,0.618742762772532,0.812047569917126,1
0.308237112634284,0.840037150834252,0.946520996424413,0.760451920167738,0.706054126436895,0.3021620505966,0.00743232772710798,0.369061765441683,0.699882785429328,0.393286661861687,0.753966307577139,0.295353172996967,0.165552097280284,0.368090300460743,0.480060010769142,0.183146839023102,0.330553948339092,0.855628225833538,1
0.192940452695227,0.795417405699388,0.185291473551854,0.40394267984312,0.233608451678459,0.334134432480719,0.63136471324809,0.517994549850023,0.603695856456916,0.328459447488054,0.285773708622182,0.173965370685516,0.559056454247313,0.337762201884299,0.161990220795672,0.208782580929077,0.261018054391387,0.643912100443304,1
0.292826384153757,0.289664480632822,0.560239054254955,0.391272551602831,0.341980285645573,0.185005037417858,0.82444294609088,0.785459045795142,0.298457194135258,0.319436354056775,0.815360106461234,0.0886375683498497,0.398277259432521,0.54644291033559,0.512254801167251,0.984492826462796,0.10920963790909,0.097707049106041,1
0.864225480916088,0.0148396460511245,0.55137455720926,0.131010025934966,0.0255911027114986,0.795441431714827,0.75824746169721,0.481201226608624,0.753439498983657,0.00287499846913748,0.532420771291589,0.950014752989728,0.574307342724744,0.155767511096267,0.313969631106775,0.334664601140367,0.65006234946376,0.091239718261766,1
0.212178971341878,0.6974839636112,0.0964838048456362,0.279649084940918,0.219944142043458,0.603050217192077,0.802233943244093,0.40222911349913,0.360072180591189,0.627069756690618,0.234378488841669,0.64917686376849,0.600185794699007,0.44240264535726,0.01163526863515,0.82803500791711,0.594957758439267,0.406399846461227,1
0.975157587386325,0.137197172318494,0.119245127534408,0.182433026282804,0.577340386834903,0.364083140119032,0.517928584225398,0.153235705070581,0.533518188104369,0.0652304908170864,0.0936640600453423,0.678828435556151,0.266994868299572,0.298988378944877,0.842769489688622,0.945462296166066,0.917627042555835,0.899827779767952,1
0.819314199277135,0.804637557184034,0.933837049359818,0.104640106332886,0.455319464344511,0.849087131967617,0.398658127003903,0.195902076055914,0.149260942038602,0.910307307971016,0.972273347338252,0.259677223074154,0.588056808018352,0.840335924306635,0.780516277267277,0.667901352372182,0.217782343279995,0.866780521212665,1
0.365567199648928,0.920639914952556,0.967691117651225,0.445087693791053,0.475070838131621,0.459242665038225,0.798128894277532,0.34735642335718,0.401094295786814,0.419991062938577,0.622172819651782,0.362739009428331,0.260665288891965,0.153444731382827,0.292020159501714,0.241596660756979,0.408428616902439,0.268101998979651,1
0.36936890341146,0.279991272268453,0.515654902500342,0.533660677360089,0.71494633899724,0.506444674875846,0.719698753034445,0.253524958465993,0.434190405705782,0.224781445776533,0.544645934112935,0.995927482132881,0.886282792561776,0.31256075227364,0.901332409894798,0.17579023464689,0.49123604185303,0.334094661488621,1
0.702646455891174,0.170938699317672,0.330895832259079,0.0157224510527418,0.288202077630315,0.448400402171468,0.361414256382326,0.0972350780619559,0.323350386589018,0.521069690655537,0.779430777875589,0.44588963055527,0.290656633699632,0.609790998357846,0.638576436722251,0.131531567721553,0.390620905891658,0.569907017824152,1
0.115529112310059,0.846538578651696,0.281362974700691,0.933595401129354,0.0849581383748876,0.83794310491845,0.301513653448476,0.263860506762077,0.972151481266469,0.698989905545754,0.584573018331487,0.922429167364249,0.722082421900148,0.380548799969836,0.016478296055107,0.722496320482674,0.338884265959783,0.0792968061660743,1
0.105696189803894,0.168567195590551,0.613726740675434,0.700873421095049,0.04024041778657,0.475353851850374,0.943115170406569,0.984377261288571,0.305561701087991,0.924570873492925,0.658839128525033,0.534602379703435,0.300251630434065,0.859330017595348,0.410682884172456,0.266960445339615,0.884807958288654,0.212129402678512,1
0.457595365616402,0.0592045074947906,0.437795233611651,0.522013740887878,0.802639189671708,0.443325020909629,0.433592351130836,0.388046669486014,0.911195193617585,0.0313075794246455,0.895892125799697,0.213372344688956,0.3892836745366,0.933214621535994,0.215314306606813,0.66166192694746,0.0336578276205499,0.355229537106285,1
0.810118020001,0.838193526120151,0.0724720496175081,0.590458519227521,0.869236821528629,0.351828187943202,0.387504396951748,0.188164506056444,0.536563388581747,0.732055778585828,0.00544807236639653,0.662175379659555,0.22374801137313,0.842730395774002,0.0477824283401999,0.330545397525042,0.255742332251366,0.565520560425827,1
0.369961031739154,0.988849362159026,0.169744642081206,0.983821032720315,0.0680133275206228,0.281081974592619,0.612859066572103,0.321515781341116,0.543297688605746,0.282336838322914,0.26153317546055,0.73859665936637,0.776894737981261,0.194848174984884,0.60647359441203,0.752092624460728,0.0940203942666384,0.666884713299382,1
0.714745788798642,0.792960159752731,0.791081084892553,0.908683115892965,0.863841344796566,0.387521217481325,0.592078305061658,0.882926508486699,0.622585129623341,0.836731328720262,0.256907555467019,0.459443021308012,0.401212032838731,0.0369048161075043,0.592085681229393,0.43312775471823,0.407574735667923,0.17568742661576,1
0.968331816628896,0.541692798355803,0.132352216715467,0.853339483226143,0.629345920904969,0.924391647838633,0.772051108023502,0.943561502702011,0.378456941490903,0.125306730610503,0.476599493116862,0.999589552163151,0.162639045755791,0.952224912059636,0.820464110266556,0.95489567344574,0.494324767892017,0.607567472762751,1
0.750137200026737,0.176763587853128,0.428099684965088,0.632205790020078,0.017137015561227,0.862002658754977,0.023942626720965,0.126116759608764,0.924753126769217,0.649121443354082,0.281355711311146,0.872543545257995,0.641582054815448,0.82718051926407,0.22347752448325,0.651943315722249,0.800457218594891,0.229465698454367,1
0.641946619254173,0.721479142407546,0.934441355556958,0.438083513557515,0.375728545280467,0.308149631628113,0.784150291604483,0.138490513169826,0.896923391856387,0.109769236054153,0.319883893773625,0.464156483072335,0.968286718104249,0.0174042018865519,0.249513327466364,0.25356016187926,0.621763865500019,0.89766403489032,0
0.772921564915369,0.0336335086703165,0.100918286659974,0.518955496583508,0.5134306605689,0.425154522091839,0.267770181399414,0.32321574797986,0.326569507081957,0.382745583998413,0.690891748206498,0.786986856115322,0.517520859310376,0.388498954534215,0.108835657721981,0.561651218232336,0.100836058647713,0.162424827571526,1
0.0487507029320048,0.137093931639435,0.976815579233847,0.784645741378015,0.494638774625194,0.94716541727824,0.00303679401190942,0.849112871781097,0.583543577826326,0.167632182140472,0.904824615217496,0.262577043220602,0.902229725816239,0.664950525226036,0.697731583011108,0.638039286186325,0.0297641893631447,0.745181463769247,1
0.591964651313057,0.051296766419907,0.0660214845998726,0.208702809641251,0.595905894490323,0.889846161397941,0.288537320187131,0.283849656752256,0.548304321177251,0.620121620516674,0.644394851101855,0.761189686128104,0.717230240664917,0.190604274510144,0.850201392649571,0.306073321698881,0.277090078594108,0.403959081736762,1
0.392336085057976,0.548496856726773,0.844913210006601,0.543109231412011,0.60597103142791,0.906918962391674,0.0923565333493379,0.104389221116857,0.442625144497115,0.265256820062222,0.545873400485048,0.96438704111122,0.286236203881647,0.0525582602392945,0.639279982825984,0.670443073389607,0.668483264936725,0.0326424664289079,1
0.649844800567917,0.147781751859708,0.686936768204202,0.979356774447029,0.253745151607279,0.686424207794494,0.435374676432237,0.447172071588107,0.715819428694341,0.599704446206579,0.0557653119816099,0.390728363209693,0.334854680544793,0.265273087047882,0.429199964666644,0.841277012137612,0.304070485756061,0.823177441159351,1
0.153895995172919,0.465694863222323,0.532259652778087,0.959747399319786,0.682738380046428,0.925169723886736,0.732302652421539,0.278002963493221,0.168251050360179,0.12870282984856,0.928367496858773,0.202927230193965,0.910279582613786,0.296796930468911,0.395303996062546,0.972506848582133,0.0541511788471183,0.638530150308552,1
0.37398688899972,0.654771529187477,0.356061636380882,0.0399507681347732,0.109984299252322,0.150144946869812,0.751793015919365,0.874565324691151,0.213871733400862,0.789345225790539,0.980885418503342,0.115141523448674,0.357973356149831,0.75464703449456,0.85066137889042,0.982446422035188,0.845588672505459,0.393468442351711,1
0.449462271665586,0.887029880786154,0.983050430436407,0.494515768453596,0.407992843636261,0.0471675190650927,0.802622281637766,0.2426407692802,0.495418454397107,0.97551236169292,0.360044495537886,0.528892441179205,0.962232289129914,0.907525395910572,0.775223380182843,0.687586481190033,0.766279228401173,0.0180058619007936,1
0.757254965336627,0.894175162493366,0.492193292272461,0.661059683212155,0.70286798438995,0.240965854941812,0.741004518073948,0.809874281999413,0.894072040055971,0.245584119387418,0.622337394550159,0.771619990998082,0.748272580487748,0.668567782439068,0.317373733718229,0.183686672532277,0.679191915498746,0.530428536303806,1
0.820953191261095,0.476992272412708,0.0131160684799298,0.989212964181881,0.304757614219877,0.482263030987732,0.0314785810930289,0.919909441000794,0.48518310493731,0.258942924506267,0.64135946129866,0.0172050991978114,0.419961843559898,0.605040536141315,0.561689783636682,0.116704478793156,0.0600805212001965,0.508081367605216,1
0.955268335256236,0.583949922880143,0.433582397600506,0.334258199646251,0.563452572234264,0.0517000448357392,0.418090471583961,0.116578665909143,0.461345349880734,0.686721005786178,0.846405292325531,0.685378487797244,0.54390005229748,0.448224550833648,0.283425886079666,0.139324610767358,0.707234887625744,0.375409726373628,0
1,0.73146617025971,0.110204458002742,0.176515103005087,0.875395924012773,0.44814109904585,0.536167676986311,0.225940512359745,0.0325271330431517,0.983678543719219,0.785641318129002,0.593100295084113,0.214521710625049,0.755570201409112,0.682234791801344,0.0142178817665318,0.221115992957151,0.34869176918417,1
0.118271741512625,0.256105955370367,0.780300342541519,0.509367964539971,0.809723136597533,0.736965035617462,0.793639089417942,0.627546822958362,0.0240994458144598,0.25122603886719,0.965711490554937,0.826429310505852,0.115354932414902,0.434397639620948,0.49210076070806,0.713869919682787,0.826911705324564,0.647390249961445,1
0.158521024761119,0.69922625227506,0.217624058064283,0.755832625111465,0.789064627843798,0.485035915986647,0.246300597543499,0.749243201950329,0.707421541947235,0.184898153136121,0.755934617181995,0.944291228873948,0.978533588138327,0.763586718416874,0.176985037277714,0.460578909876207,0.677233881881922,0.757774767866884,1
0.667765260273951,0.0220125435111777,0.342795481711153,0.38256577117262,0.763229484802001,0.263241509960873,0.595491117821242,0.71648791876561,0.00128104642359939,0.357137124017641,0.967546189898554,0.156299447307018,0.513562582500998,0.696586580729052,0.883833033330297,0.912042119066422,0.21548097911444,0.589549088382498,1
0.917658160833888,0.860587776765363,0.485336268319,0.950288810554868,0.161907428975828,0.96729213085053,0.567570328850314,0.483577518906813,0.831174704413533,0.156992388360748,0.777098503061619,0.274219890573822,0.307401034416345,0.590778686845713,0.421398477652486,0.525504518764712,0.802672544014081,0.767311224751878,1
0.335070068904637,0.757910265068262,0.176439259166981,0.946350349553959,0.673719216589417,0.369983308855077,0.679395148129147,0.257402805475739,0.552893863500362,0.872073894619672,0.737893741692038,0.77919047278582,0.318050857558983,0.724869132323277,0.932381586733287,0.494703130653202,0.790254681766997,0.598490809779621,1
0.186021303772861,0.592254270494406,0.551692476205618,0.2032699439059,0.987832304780146,0.725087264683471,0.505946477541912,0.204348974736842,0.880493155955312,0.697530165262541,0.155026579515448,0.517296659896638,0.623746603078741,0.476672786441139,0.372652103210523,0.825823702125293,0.660805906695376,0.110364137913181,1
0.510758732926546,0.872656802893401,0.913100929222091,0.716828052212269,0.290861568784979,0.609831476072789,0.0694386373185119,0.983013505678855,0.748284028793863,0.296460557985603,0.81994697876214,0.208642779564486,0.22108958608203,0.220148406005669,0.83617004283425,0.644022107653952,0.55123408392997,0.862150426778709,1
0.0775870474564467,0.851803301732519,0.124451121849881,0.459813011441025,0.271372849893067,0.0599898996833738,0.585472349122376,0.00972514487856545,0.067300962273949,0.634578195403419,0.926661245487044,0.423909424545503,0.530615669818864,0.0554770448600989,0.0867550417203674,0.803846814784605,0.517564198420648,0.297621276127318,1
0.625135855089839,0.94672983465904,0.557999734465497,0.65369141315538,0.481468358296702,0.934053056432019,0.600693966943067,0.664558241257897,0.246140784759577,0.164894319309751,0.503327389646757,0.404256069750051,0.681275646501224,0.368089934207211,0.377892073356578,0.518695760176099,0.628176612673936,0.601896271309865,0
0.488921077820218,0.927232898287957,0.756213246476304,0.872109326519831,0.9164823906133,0.476981485522755,0.384935380614019,0.905790289948579,0.133074088833766,0.0064431861055486,0.0194655600797655,0.0569707978407942,0.169383765874808,0.880593682790818,0.230449585919758,0.393986050020777,0.666147105860179,0.00997001038288805,1
0.884432981744112,0.656106683944264,0.665423549272417,0.48862880183163,0.687196783403793,0.0233315147279596,0.466779305880086,0.501328599297062,0.170547857769404,0.381530276509531,0.708992621902577,0.639926088465496,0.458894693725369,0.796971317899163,0.25632229393543,0.137305722581396,0.514974775636682,0.870370766355274,1
0.894246906392337,0.354391305972635,0.065141656083724,0.253753623147634,0.238764117827186,0.147238886320724,0.252251894053864,0.869270540583015,0.0732399167543443,0.612374656047137,0.581618091734496,0.434596683654675,0.552231897907678,0.160746402251228,0.658061776900469,0.854385364591447,0.963440918235694,0.560370264632176,1
0.721984690235625,0.764884658328137,0.848444176030126,0.0496470629250545,0.650126710327808,0.235410620685823,0.228475307986464,0.314700825403573,0.818404728728486,0.17520823998459,0.109305353947943,0.491221262067031,0.146136071913811,0.468217236802533,0.433875152548803,0.646970919906673,0.650998871614579,0.959889605912558,1
0.453952771929068,0.582398764526835,0.198767068031162,0.312106115263264,0.718259027750417,0.194556210566707,0.123991196994952,0.976068739526853,0.0113582169065478,0.360167476511135,0.445310405227168,0.802874519824788,0.797911695464005,0.271923878107938,0.988853652471301,0.445977779958167,0.454688547025042,0.10482800258159,1
0.0502986005916771,0.366323474510586,0.450887312112597,0.736986424895645,0.474402207536946,0.562005222192499,0.0805297607479508,0.603470461929529,0.805302435774318,0.346751812178418,0.712784470569033,0.557165266048509,0.984356898832684,0.530278667733039,0.964746790737003,0.938919577164887,0.046907891655984,0.876466383345706,1
0.882375977715683,0.270778361406171,0.442105447085565,0.000683100876041637,0.73156684714328,0.58662011511679,0.00686792745954411,0.359847911692011,0.5605175444063,0.273313269811802,0.0331997088210168,0.105007577948127,0.814509945960448,0.555075667880248,0.552864737679958,0.372044223397658,0.541284605496868,0.131365979620842,1
0,0.648669927333417,0.457318922294662,0.639672254308434,0.968977814860105,0.79578480494017,0.632700148040167,0.639202729736903,0.00479809428285176,0.451807507879092,0.86066767514439,0.138746881738782,0.228069475626781,0.166271752706255,0.251227869871049,0.733202235993118,0.480137409973114,0.0775407771032808,1
0.800253317304536,0.0447725088659336,0.652309925630366,0.596504150851663,0.0560911716551784,0.882060877825447,0.973924881379685,0.581901085592072,0.639040085540912,0.33516032775979,0.801470322435743,0.136384957180653,0.783259108888862,0.736085279687642,0.597840798184013,0.702159911470773,0.223401902052509,0.300346522799355,1
0.828557647493454,0.0618604560438665,0.937695258441015,0.287327481105322,0.349838876088745,0.312513740418845,0.16645946862781,0.764992712083063,0.127171271068509,0.133693967691249,0.145455242904899,0.958445873482445,0.396786509529475,0.354611281682414,0.687844466343903,0.550236872809306,0.717563644160837,0.630491021131998,1
0.384112582550621,0.276540564292458,0.208295521268625,0.91901165032025,0.591102168926818,0.653412285062852,0.158088869387197,0.455241522422856,0.195722711858193,0.874657379435775,0.891469333754303,0.236278940681805,0.452378481540367,0.747280786023473,0.0562428336091727,0.545091523016983,0.0782800823267985,0.753959144382339,1
0.242759397127835,0.774170488202635,0.261296754365265,0.0815502886904073,0.952378519845065,0.200833898968096,0.330315570899001,0.632407272744771,0.277771341454497,0.538113770521016,0.212555172397246,0.631442194075251,0.818523789528851,0.0635409456350892,0.614485044672207,0.112542585852486,0.148235974554697,0.089898140340958,1
0.475759548526676,0.968478027588283,0.881158639131531,0.745755642123461,0.359764654318352,0.51214589195614,0.0647848393758235,0.651252266854227,0.702469139799488,0.052377882947314,0.170519451971406,0.366327715660932,0.558920011996837,0.680111196026468,0.977412650313267,0.388559893748032,0.818974746850225,0.307974920553431,1
0.698168017231507,0.279334067066685,0.254439204837056,0.564523945604353,0.995699281297114,0.816199724721995,0.656555636005303,0.726851385328958,0.753905516814634,0.584601504924205,0.553925908012643,0.903388272185397,0.832635077091371,0.302290218144526,0.689288166388342,0.131716529520586,0.401608932766789,0.678622251041214,1
0.103648281208035,0.57338399694878,0.094108200140663,0.720998215509096,0.419360197068864,0.910311932165139,0.917453693643653,0.802365279920791,0.766430188779419,0.952893859836472,0.49649038688427,0.722669514342748,0.72518093790366,0.642469170512516,0.941034452464527,0.172372656475692,0.500972343004148,0.918143441357203,1
0.350741188597536,0.876198643407688,0.50459544224326,0.107804333051624,0.422808477618099,0.230733567564635,0.544516778456118,0.487672602321612,0.975262116696953,0.00205589217814759,0.63494450687471,0.447636761057395,0.242821305199111,0.618672394126618,0.651632352153161,0.774711915601919,0.953905767515299,0.619577736614301,1
0.84563176441148,0.610828160338207,0.836162939394006,0.446650537800225,0.97765174127532,0.283811961504692,0.867374377387982,0.109206898021379,0.419884801008395,0.570960455029618,0.956577679621068,0.565096682549259,0,0.201487077080211,0.409208133553701,0.533957556782545,0.253725738887527,0.18407120109592,0
0.688238786475382,0.343920968367934,0.826043112974755,0.417942404427664,0.859619530797962,0.748080608482717,0.874314223409989,0.709407481190486,0.680437130170401,0.753216785787889,0.239607899711057,0.430690506545843,0.371255229478191,0.484044805374228,0.331388538097616,0.439490100403883,0.269488391700215,0.340411370403086,1
0.128580035587695,0.955577214217105,0.689811931942232,0.617028688174897,0.44305862536703,0.259821609379736,0.832136088693564,0.389784586215257,0.967250589882279,1,0.950695761742752,0.702543398669536,0.744457691593566,0.473816307871615,0.499867874348913,0.278585497846359,0.536322536416469,0.33307367039832,1
0.965953226472119,0.0416525218723737,0.756675109348703,0.234089087079945,0.709473315187883,0.0740365886108034,0.668869728305477,0.292288875763903,0.388681579067228,0.985691835003197,0.941521869441599,0.817974852405074,0.609543976668894,0.20794081770401,0.133865327687998,0.325729470250223,0.60560433898201,0.983599066238766,1
0.133464197596314,0.980350471099854,0.0490271198641198,0.794654199455341,0.908618271142707,0.819581884182305,0.294810865579063,0.544811114587356,0.519835452281743,0.944171972385236,0.128690323209513,0.243040657256788,0.442591802211245,0.284342957978239,0.276296448334939,0.515762789320845,0.784880288236627,0.468906364015834,1
0.421275034509222,0.0183223837863929,0.363197065147377,0.323131680443378,0.601357077059295,0.773591263655987,0.559063619012917,0.160066913171891,0.607425466532338,0.654252304160849,0.781323817352028,0.979330941754152,0.862623052744333,0.507239373278254,0.0795612529048852,0.849535219427421,0.417343184065736,0.685813278458251,1
0.441789604939225,0.197336439512862,0.968869329391588,0.823950061678272,0.212088986331872,0.857462644600002,0.756813499265523,0.740478133331679,0.604617382356669,0.410065266855497,0.531945062253573,0.260013809843006,0.0803182253272466,0.0711101030152698,0.664389352872055,0.373563277992382,0.485496691012426,0.453227988685704,1
0.735941102098932,0.375461590673361,0.424757115363956,0.708089387665095,0.315099956452091,0.95844335254946,0.235095359002227,0.235888651085198,0.219540962845729,0.231147896447891,0.791252548032184,0.948287396580041,0.416241875978955,0.806971882499656,0.957458300866428,0.108423703537862,0.991138651125459,0.430876471309979,1
0.234069426484043,0.896529710758757,0.29952100501711,0.124082519583089,0.585339905855173,0.831967840191897,0.932785938493729,0.916832404943859,0.492772531018072,0.196633224906737,0.461219763134524,0.471873301689144,0.23449095054964,0.131732627109269,0.312042239098125,0.398461773143241,0.395030915071939,0.366942386506211,1
0.834129203012525,0.0877077653346494,0.886358591075125,0.32024014314258,0.131942004997824,0.319360813255056,0.152401334066864,0.816068773443023,0.139428534915925,0.700114950532387,0.875297392801109,0.376781981300389,0.676972001030475,0.977475621399318,0.0111065388502832,0.0602935196424379,0.842660459194386,0.284583613655376,1
0.143959870860298,0.914252127708097,0.0290148866591867,0.23875554804643,0.168480125913062,0.21893101699352,0.57644537020122,0.909135030054172,0.911621046837972,0.138554896844534,0.53998104216407,0.819429056153292,0.199980503899525,0.399106523012536,0.586330845226943,0.798115281278383,0.474414272864206,0.0498836372017786,1
0.93056743207036,0.469905560534836,0.390098450892094,0.822322202169426,0.435290982332034,0.875849089212855,0.238888745067055,0.0148257754465872,0.0965611362084566,0.424692567070939,0.511368927504732,0.27868385084815,0.865825650322114,0.821260004770154,0.918864013144788,0.284220941228847,0.832563339952188,0.14902137523039,1
0.34591252208716,0.0101946742543159,0.333389147450762,0.385519200877383,0.221982858441587,0.548762052087117,0.58194649154152,0.701467516036773,0.726863403521626,0.0351460838138204,0.189868304630985,0.38703721715436,0.811959313652677,0.246222465706895,0.703760881425526,0.835845658037523,0.873922556797454,0.95422281452757,1
0.245014999963021,0.379462671129638,0.273545111783955,0.0240538390046735,0.840725176667652,0.939282155655057,0.631187143773927,0.964343751398757,0.104819160587879,0.932875905916641,0.696543841659312,0.753211353396018,0.0116963844946892,0.332491825768143,0.832132744961858,0.621266305073137,0.69817760235961,0.774648143850668,1
0.911769433685223,0.536023888654627,0.566214044324932,0.376660674772375,0.208428969694863,0.542439111151873,0.941840854190262,0.246291820618114,0.657081191951268,0.39801548659143,0.415967386123335,0.91267993039037,0.259026719823092,0.327982834122261,0.469349802299821,0.898813864351816,0.383939968938536,0.290650184593918,1
0.489567477952279,0.806639147249988,0.606883356998749,0.0602801385490218,0.736069526675927,0.275889949196724,0.910653649364847,0.86125780756611,0.368613324814216,0.785842334514871,0.222071826600968,0.927104866785689,0.942318346451915,0.462865038362105,0.0160282758805395,0.823018127803619,0.977939226661703,0.689191332670799,1
0.5620497851164,0.960386220596553,0.0342966962097246,0.225157471422743,0.280452242720736,0.581978126250753,0.986687463404282,0.614552966174635,0.224791665897371,0.502388457310201,0.565425738189244,0.791121590037576,0.719035989558565,0.411569579634891,0.360598722339153,0.503145894044654,0.0417914857803671,0.844171420189995,0
0.11138687532724,0.692932620468191,0.402014794460956,0.860421448363831,0.886187603930794,0.554599504183609,0.367640368283457,0.698835795060391,0.646102819416148,0.862676059196054,0.975148868700248,0.859486746685392,0.689236526028686,0.872469340002803,0.187047684355947,0.4281412184055,0.132734064033208,0.523446655409944,1
0.692074294767683,0.482650330037962,0.631658697315496,0.398599532620202,0.82216334804861,0.0989578625187953,0.0161346049047496,0.672743128019984,0.990096615492186,0.490579470277503,0.314793571162149,0.192391103375602,0.328298961541337,0.926492950354001,0.871412963002045,0.676996183630258,0.314539814228973,0.0850055342017789,1
0.331347255198702,0.204250840751206,0.46620619329993,0.292509462609607,0.755827221659851,0.0136533185189839,0.522546230455519,0.534945020364038,0.431977205169137,0.758762247275516,0.0395950822460952,0.349763032240268,0.637115603970753,0.523797169505328,0.909168317694072,0.36064022781026,0.747885718740244,0.137428026846356,1
0.573522441136708,0.395856246154864,0.446463468303576,0.936090340505024,0.957649568748971,0.403302259124776,0.948567098798926,0.769448844677238,0.779688670365348,0.413305884945459,0.177159799466658,0.399177850151822,0.0172175338289044,0.899906956831085,0.33979276044443,0.536024784090717,0.192360653566535,0.199839617355748,1
0.960059365174962,0.34284163817898,0.890500302006447,0.262808720059835,0.930182088077929,0.599143587561737,0.299996311764012,0.989232988921012,0.627336555907791,0.205649419743038,0.322105810705495,0.0284623274673483,0.953532888571213,0.449266184176686,0.192549758351988,0.158023980987495,0.573560852199665,0.322798291443909,1
0.948544933076651,0.795648275995579,0.47765796486823,0.120727551433271,0.176491520898418,0.9925858129468,0.450908273741352,0.386671936179501,0.907488878765839,0.553167879480788,0.567394980464618,0.0910006736243563,0.0485135804022162,0.628100389488017,0.370900610987398,0.566384146415987,0.283168368688892,0.0462410954390459,1
0.110538392158932,0.333481216437002,0.906757943718438,0.101342681259126,0.0652015455236266,0.635982442302257,0.0506267160224373,0.330176489289068,0.458553634711949,0.0959923134063809,0.602965924840805,0.922737512277348,0.433337331178902,0.25999335181547,0.218803522888782,0.599575901266972,0.889798589066546,0.00419710760339537,1
0.5211999662441,0.43553897094241,0.235098338018796,0.130608074362718,0.124616875289621,0.291902729748189,0.765858912531216,0.659817087708101,0.942486649659198,0.0200823339652458,0.48402491741406,0.0149076713214523,0.711259321639832,0.891063094108906,0.103127820476462,0.0481390500084406,0.705595711081623,0.251458492553799,1
0.469630555422775,0.254206935057773,0.287120340001599,0.815619032009892,0.559223101351583,0.759521535238977,0.499204701126406,0.737998736794335,0.849547990834249,0.735411317219372,0.198750216247392,0.287534270197032,0.649033463828246,0.235166316051172,0.0507690678255833,0.145415204601402,0.887401947615892,0.541635948567392,1
0.284208264398581,0.15995841654098,0.180846378599939,0.245371080848408,0.220456886915488,0.864019560635876,0.529156987581058,0.374957282907784,0.154821116064017,0.589550630456869,0.0828226774204153,0.894613793201195,0.997636884837807,0.397913582989324,0.296410743031329,0.454830534489428,0.947448729774754,0.569658839130163,1
0.0305594892751951,0.990693737205395,0.605443243886543,0.0742934753662024,0.445139459919738,0.764379567201005,0.148274896347319,0.346957535822142,0.591627732311869,0.706299328148893,0.137460480166518,0.0499023855677975,0.690784362858358,0.108143216561027,0.385403991195898,0.477396791327545,0.424543359226234,0.814754347267896,1
0.0267134059776165,0.525853409242665,0.49799051844561,0.898394705005297,0.483911908403634,0.744008305431039,0.0739803828931411,0.92940519833429,0.343957855498387,0.292756825043211,0.947610197966079,0.746058198422071,0.789723134385442,0.943924338252637,0.154430020471104,0.680565874643496,0.858531481940743,0.933392816356625,1
0.781769729613609,0.827571176327248,0.406358735339571,0.835464465621448,0.365419122147423,0.26874029791034,0.969511613997898,0.563897373482718,0.292223044064681,0.370982999528144,0.0734953374924596,0.12999849243965,0.916239071576198,0.128425186333064,0.423066214090484,0.696980846838168,0.460486581374301,0.055420706041312,0
0.828248188509242,0.669986958337355,0.0843802712141738,0.686526129410606,0.285398152039436,0.783409893746079,0.396906560981059,0.440841328940836,0.100075700255567,0.818315846096099,0.181599625604164,0.0687302216991816,0.268271787469956,0.146926257431794,0.293128175491773,0.582134640407571,0.938159877803311,0.662068092615856,1
0.731262503421584,0.102863469857789,0.572338706757171,0.846124709230196,0.846991182211239,0.622290310112192,0.560951675424441,0.0406200510786348,0.395177112305977,0.88222656323308,0.122914164314409,0.407971276688835,0.0344424897358218,0.312290051383229,0.724597164827183,0.486142889483792,0.114593840712108,0.781463954595352,1
0.707463579109814,0.747057734015865,0.996482174056079,0.0859390211402495,0.0538389976479074,0.0296563665494844,0.843079880754724,0.208400381627031,0.0801416176215487,0.391615120940325,0.400615015647813,0.8516627301745,0.342285420956762,0.985090962659796,0.411323652972882,0.219690081839232,0.736107760510894,0.949169643343735,1
0.407528861673683,0.0973121092798293,0.257648064452733,0.496206557430459,0.0245230635091276,0.87171473647917,0.317526621923648,0.856340541427556,0.971096124660794,0.848836533167181,0.266486942878954,0.76784341753798,0.410754814314097,0.602292910618102,0.324520684603306,0.263237954112836,0.0238680867025962,0.69583651939632,1
0.396368492988574,0.185617071639103,0.912277310016642,0.994638072459197,0.101067750296003,0.897649228172352,0.965143909746993,0.546546197635213,0.35007371790198,0.7791850472043,0.418797425819112,0.671102550114701,0.073538591755833,0.70767725832231,0.234160284644719,0.442433113268199,0.638464087451636,0.612780239896797,1
0.860447487332968,0.123565525281213,0.536150154712282,0.189887191765574,0.453521809821157,0.103121659116294,0.518875530571448,0.0754637554727802,0.644398252213283,0.67766182600158,0.273502017536144,0.41895877500474,0.467786978606505,0.386148438065222,0.858099106256969,0.960054690107643,0.0380810901484375,0.315047896495933,1
0.282709776203147,0.399950161942731,0.63462370630743,0.15801739294127,0.347843029636889,0.802458354148626,0.797300020475817,0.950264340085058,0.424182530150611,0.851937926460961,0.0313182236826004,0.489270538706345,0.630835165949872,0.176953157757732,0.0610554650658541,0.207782784966679,0.121276293285714,0.42613417615262,1
0.897364880056562,0.850714048933752,0.623773485580498,0.903350590273781,0.712443188750064,0.918360431748685,0.332743270882887,0.166845775992677,0.772608784147472,0.841314955700168,0.160128724142257,0.843179502514573,0.0903887835098694,0.543827170535233,0.346124210434973,0.065765878645749,0.333194820334503,0.580050344437371,1
0.51544404243309,0.49672460715794,0.950195921604752,0.0186986792771995,0.383087611351645,0.335090895212067,0.430157950158999,0.953183677142811,0.199595457637298,0.45499650284241,0.854764677341037,0.954809408615941,0.160108334838978,0.360809834246383,0.500162782164268,0.787948092195332,0.16894612599004,0.357992195366065,1
0.255435084252989,0.521699308823223,0.322012035852774,0.467638491038153,0.247703561098347,0.301347624898935,0.652699912026055,0.592635281392912,0.916065065583628,0.0235393482978977,0.0614584018320618,0.939133650433406,0.668215560810581,0.614110773905349,0.767015725945707,0.915168279948724,0.175617502667148,0.462113728576422,1
0.54337583655668,0.21377234732638,0.3077053824014,0.482288424865501,0.427821344145413,0.207375631814118,0.551615826071626,0.370600748438274,0.307603816395321,0.200398241578578,0.0882486253998962,0.171887561248697,0.851663578442645,0.91824153492141,0.165876521291645,0.792362851329775,0.958085230547361,0.275050958379617,1
0.703513845165894,0.455786918958655,0.0481191498145754,0.212320198333923,0.236901875065953,0.198441564698834,0.281616595471272,0.895278934374936,0.40628437100807,0.486848745214528,0.116490935857059,0.44087277092602,0.186541822969389,1,0.0271774029157093,0.930879067902261,0.435334908393715,0.89333992626054,1
0.67343217487326,0.736007647887058,0.856656681827026,0.170573857142178,0.578470739911306,0.809571521594996,0.357937614228388,0.43463966753173,0.143082201544893,0.558873949700865,0.745380488123991,0.51091464898975,0.935485998324621,0.971170945480318,0.401300094692405,0.859736665478423,0.262371647749291,0.215068335000453,1
0.92320536025942,0.571702080004227,0.821464621693422,0.790021509251998,0.5381348325945,0.364558218175173,0.737610451074646,0.681919567255322,0.293649682345694,0.446514531261916,0.743735603166667,0.290291649234123,0.920522797094649,0.784393134533704,0.889687838323918,0.595602008541159,0.29462068001409,0.996964731166589,1
0.852011684575676,0.998940948027308,0.581075718874881,0.680072786114622,0.530383901924614,0.184271602663213,0.397970257250492,0.354500310700618,0.310347992274295,0.958868450045872,0.675168910699364,0.218071238606709,0.449237109947741,0.304990679638362,0.625443131553804,0.659173927878532,0.249824986664926,0.703922703301758,0
0.162512782707464,0.50428938444232,0.65676246403839,0.426441372821763,0.940750360927706,0.827438523943704,0.346544791725912,0.0788681695314819,0.34020253780996,0.240615453253552,0.762231232165705,0.535820182894315,0.43502150401375,0.633774639848022,0.783228158620593,0.0269229693370061,0.616930420829013,0.336662074717592,1
0.317606946058427,0.744359673059689,0.649827528317324,0.544861503827929,0.416442080853835,0.778205159480136,0.955117836240109,0.398531130455442,0.688862522988451,0.179743229593055,0.62175039362399,0.124688922120122,0.197203591874576,0.158182620042213,0.391942991964619,0.101033436626286,0.853553913321561,0.460680322253212,1
0.197751383289259,0.108191035965846,0.698984906149851,0.454232443926071,0.994781728226445,0.527054329102377,0.64595309774593,0.270247797360486,0.937290928261813,0.212152302215084,0.80947392372646,0.934015829830509,0.0939207807426698,0.499556831184808,0.767921720021871,0.237026757168596,0.568187399467245,0.739626472368304,1
0.724831765604183,0.629019337533318,0.897534667201146,0.328160971015433,0.19543571735621,0.246720832219805,0,0.45894512907589,0.437043969743257,0.88931260777779,0.937353201948498,0.183336413933071,0.109533066698685,0.288709636894875,0.0944253015214713,0.631768460800084,0.351122103320608,0.111447487577569,1
0.178055631116247,0.190990446089048,0.737291842729221,0.279805181342741,0.185809529078398,0.140266537202633,0.405571174546497,0.622598693170012,0.565334623394806,0.624735174157196,0.679598276805097,0.733745979833308,0.253809064114383,0.49357081322994,0.0102865673429076,0.925364264412282,0.712527343559948,0.27028629872106,1
0.504834863603671,0.386740822850314,0.367353310604305,0.887800455255743,0.331684147728861,0.325242335859276,0.472158038262922,0.219816115967756,0.471953626369337,0.0472571711521489,0.453548731285796,0.83692435048978,0.602141232564607,0.598640732141229,0.24062343450506,0.0162501134753925,0.125960608183434,0.0383098854293443,1
0.790825436044664,0.685651012749076,0.288612949944178,0.512029640959348,0.661665782132408,0.60437187690757,0.891732594693068,0.52971376010506,0.574729896147189,0.153676725223784,0.113360146603565,0.980214756857334,0.869010294759396,0.563515429743907,0.300269754916259,0.606782884132729,0.150960035922662,0.817104783855834,1
0.259261666134146,0.636200619582606,0.0379893849494247,0.410036435425735,0.670857214508706,0.227200100206057,0.540045481588325,0.476008961608655,0.845820685847364,0.46958849887699,0.367356526041844,0.27164250153693,0.0417203628500314,0.351550199311688,0.465529791406996,0.302396591183932,0.895752393019496,0.583916326200425,1
0.940089002245417,0.751502136793853,0.705112240123887,0.972761706552706,0.643269298954132,0.569072372772565,0.190334908442552,0.161612843949758,0.481906157137272,0.664415142452949,0.888707378694483,0.677875125996919,0.93562349920811,0.0356733537160676,0.529270452992811,0.0970488529274774,0.926765604215432,0.234093208812494,0
0.80516358608324,0.361568247545522,0.115053842415253,0.580851597871361,0.323432101029766,0.976770275349882,0.860710688336519,0.588829356914325,0.960770531785118,0.216872271433966,0.915933870067484,0.37957771094357,0.737689939204708,0.830387056551637,0.455924701802502,0.471098002858071,0.729468437384042,0.240704747938381,1
0.404105354299508,0.439620390049032,0.811980944199913,0.114244799392853,0.83051381498809,0.574052938414399,0.688048353547573,0.897585582200821,0.365527442789956,0.325501907701503,0.407955527823382,0.796646093183932,0.353298902764545,0.780619929202541,0.484130821820036,0.90495382829522,0.771935150196918,0.222100075578672,1
0.212596170871309,0.154435502268254,0.644077885559691,0.927201774413945,0.901036524210942,0.17173723485051,0.0897637806198711,0.0461662451336831,0.837599351141812,0.521998067014634,0.095752625704555,0.501473280827837,0.758123747818112,0.853697001050913,0.475649803778641,0.996361191750195,0.565685129509686,0.081204573649454,1
0.0187587480552473,0.604066695200722,0.0555604110771428,0.148590009725867,0.370865544969981,0.70921052782986,0.906042770133288,0.362710868829152,0.80766977672618,0.098692746476261,0.726668744622705,0.899203418833807,0.892486040487527,0.520457980225021,0.212062271193744,0.354509210958371,0.53268999442782,0.246929979640498,1
0.617412108870171,0.326931021201543,0.718561596973024,0.674843000948753,0.658301560789534,0.625049578314078,0.85067957291802,0.407038506646805,0.357112998995718,0.563175889274582,0.379725433334028,0.245665584492267,0.316252888195819,0.431758716148447,0.630551683068546,0.979705837132811,0.199862524526072,0.487120722007317,1
0.666974802092203,0.360285740966369,0.749688967630058,0.310465108548878,0.0308868553297493,0.785799121173322,0.182226983138109,0.640975680667019,0.875097735995869,0.776020313764135,0.608567214454559,0.369917356493529,0.365778430970843,0.0910281587829954,0.00434247725032162,0.277076804638747,0.205667432607624,0.436032212325237,1
0.0655880150575413,0.308052495960255,0.0197907595961514,0.555518542391835,0.748953547157338,0.631106503616024,0.822139466886207,0.431229834530984,0.786968621140014,0.972004144378004,0.524474415399091,0,0.889344891408078,0.318846125634124,0.801641224197321,0.831122536083173,0.808977487036071,0.500257937261204,1
0.764068358184081,0.566373304301257,0.806445704569548,0.502744626729403,0.0780039968234612,0.59118524985806,0.712017528394882,0.379651442000333,0.0298731796159858,0.417438664688173,7.89640626268571e-05,0.225972722859949,0.767382457159643,0.700659459891615,0.721208531034558,0.665466886146566,0.0614020388182183,0.318839622163712,1
0.261866577157515,0.804437115991911,0.214340977619839,0.81231715005145,0.545434374291295,0.133475103676923,0.102229282354082,0.494097485786104,0.933766175885086,0.656475297859855,0.683504964438342,0.582261415628357,0.874964657264708,0.248171478159707,0.729900785764949,0.124284736336509,0.0978298622350998,0.0220881754753752,1
0.307665980422302,0.00888468770420783,0.142131195482216,0.272855816924569,0.0983403576963671,0.843951455350197,0.959999131349946,0.418415901181174,0.410868351788259,0.59627856139211,0.394987495231232,0.569013963951144,0.347072552414803,0.0803866546607599,0.995217993629138,0.203744824779779,0.689399733376138,0.0942848408017647,1
0.0430290045893574,0,0.420141180862266,0.745101849359223,0.768217917589333,0.0203971081587259,0.271111309431201,0.600626334496305,0.0608080268281644,0.305742629246909,0.344328641548432,0.620270113349817,0.57543427333522,0.0471218952353909,0.6339146238566,0.338902921254856,0.468273032160281,0.181004924520013,1
0.545986442136036,0.206537059076881,0.353780949455916,0.47724322907518,0.928043062370545,0.394124537222566,0.813249585527993,0.760723289233005,0.385158438793489,0.0681018680030947,0.721054791704876,0.588494671004057,0.699470946095336,0.00772281116727889,0.131580601385552,0.00981385211780852,0.134008572261764,0.405769736951381,1
0.169079433095231,0.427726726161302,0.278638347650475,0.52980103577727,0.231462587560994,0.722830934360821,0.255537489200628,0.69464731783214,0.323228694791268,0.946035919982889,0.0460368175610637,0.697029272598794,0.0851827762220352,0.930165303291474,0.558934014603364,0.9477359614486,0.775009257631372,0.859018533568205,1
0.902867221344836,0.241635447448707,0.149845904752523,0.672162564017403,0.2012674406211,0.495409036162909,0.6993210681712,0.994188436436139,0.502269408811511,0.82365131481411,0.559731472583146,0.856497435994938,0.617482551767712,0.658388932392533,0.542941640535003,0.402605381653497,0.979114745045952,0.493418729270286,1
0.0773102019092784,0.287526302664318,0.469846888335709,0.364101121954879,0.695313902799692,0.17913815598157,0.896454192075811,0.935761907266714,0.700378083203351,0.638899491992909,0.507272814253421,0.666257119722738,0.382630489313495,0.622545293547116,0.897327088592318,0.34957412709304,0.724155795395688,0.279919361399732,1
0.976990964056288,0.560753291756063,0.478335351683131,0.526558199032803,0.758213488826569,0.970099509289014,0.0384492597988917,0.84144492775089,0.664796081384202,0.0563011672765617,0.672084233261085,0.311450425962162,0.593599385982664,0.137008374687941,0.865217574030844,0.768970048760324,0.580946183010044,0.482052098525807,1
0.341853996813412,0.39357910327686,0.19965317439408,0.867619356102746,0.275587900664258,0.0696079027772371,0.838769245985429,0.464654028882868,0.453350738178563,0.545967131839121,0.0221027452191585,0.11972164861072,0.792191785921368,0.212861761919919,0.823465974388794,0.409824562765709,0.441589760829806,0.25756887257425,1
0.0133238316474231,0.165466642981884,0.723676251180988,0.891825751803483,0.265223401443113,0.128545785164965,0.420458734376412,0.573065745702976,0.866624039426292,0.0631742522972586,0.139455227040876,0.831955765881806,0.00689769840523849,0.674121840015281,0.351280376623604,0.0548206056267141,0.3416615537795,0.514574961714506,1
0.869736145318712,0.295543160090504,0.186145596855781,0.00674266317980689,0.518920006874861,0.567092452833727,0.21107183879455,0.193814824627713,0.668416773495442,0.747873569212853,0.44344771567515,0.969049612019953,0.502328326087665,0.715884780535059,0.670488896012367,0.191154923388018,0.16441597318906,0.0614990761039411,1
0.601591510139981,0.820372681906821,0.386885856927683,0.349985412221346,0.936476773351037,0.691152559137241,0.221668391480699,0.128454218115132,0.857819069717729,0.580269506720298,0.75436017824218,0.614298939300226,0.0303687075336494,0.488197464094248,0.575213159259287,0.693537421505191,0.971600988155271,0.903701139209092,1
0.218345432610448,0.939531294971496,0.318620820506592,0.355608628655579,0.386761261298718,0.657585090783729,0.340867563176521,0.333760176991776,0.524445160504197,0.312887566215063,0.991566029934045,0.597734061248623,0.753789759957898,0.514308696065866,0.733890519167167,0.22247925196955,0.917565297265858,0.218455032252391,1
0.45778552845518,0.0804660417858996,0.524442401045524,0.184205145556988,0.634920421008619,0.716994797026042,0.880198687714912,0.719915313715838,0.760855577511502,0.938013050505529,0.227553928415955,0.45457874943636,0.325918668624437,0.727825898514415,0.756732661157541,0.195869421548202,0.380338179492018,0.729627911224649,1
0.74116720665648,0.621182148683089,0.963040862556659,0.0479842475409344,0.948190648173558,0.956071757845911,0.513579689875303,0.122136832911845,0.571776642341843,0.496894623033879,0.770772815489879,0.602425595436243,0.948995020233793,0.0687724270905476,0.362823836566464,0.0876445822938421,0.287225830845751,0.883360969430805,0
0.55641550998662,0.554727866847776,0.928537779689802,0.7340949267364,0.651156687924565,0.25215351389958,0.93500700696029,0.155300049155517,0.287243338024525,0.629070310703695,0.836585047973364,0.576252925257006,0.703808144496694,0.0939261124910079,0.520404698451784,0.864061039693636,0.783791578942196,0.855702286453492,1
0.815567836419955,0.302090846828076,0.711046727037531,0.0942953699026568,0.17999369559246,0.119755563556564,0.69299104544561,0.972268074999438,0.81483018649509,0.0845346304273066,0.470726945783377,0.610110319845291,0.060302259052115,0.000631779400038683,0.600330070825419,0.414843551482639,0.834241603008426,0.574464848818034,1
0.464164348161816,0.906072446035077,0.148849323329567,0.878117860890653,0.8351910451534,0.163455962757878,0.825013907062985,0.098549578966642,0.529480082203903,0.0105278203763835,0.861715036177014,0.413616825371539,0.192285509388387,0.791114888410033,0.877271557994559,0.322254167537379,0.546479915126657,0.784682525800021,1
0.207291546767772,0.0538058742390581,0.796971524023219,0.700625722021072,0.400382895129852,0.110164952803458,0.675096349775551,0.822568767636209,0.318596467363185,0.428215659792855,0.59384190733044,0.0384271810139449,0.4877798077688,0.965259653620753,0.482167077976952,0.00450651744653918,0.0127561492357811,0.923037344763228,1
0.0955465018039177,0.599593984406225,0.876101991261602,0.764233018533079,0.0919532989912026,0.0373979923009,0.722781096648224,0.0649244290305732,0.99786452708891,0.860309860064788,0.36525515256146,0.711868404599959,0.880555746816369,0.934291655551338,0.710987213044973,0.267183791870645,0.187078844089193,0.799484740564313,1
0.427754194870733,0.833595886168981,0.57703744070829,0.844494469456425,0.114696379886617,0.5211551232097,0.606406197366474,0.571136350104695,0.0478215525139154,0.920876103449086,0.425398699865566,0.724793947393424,0.667083617884056,0.849054946991212,0.0421804776541834,0.876298746770318,0.229383703047589,0.0161596515891487,1
0.876320762160741,0.311970433002048,0.815005295922181,0.02781360329257,0.82593391695824,0.341190840831804,0.846793329390408,0.14743036420176,0.982750667459108,0.351369312775362,1,0.00636406090221388,0.522961424453222,0.949410991531784,0.646405576350615,0.998308061038597,0.02020519932084,0.474308892787882,1
0.200298213892582,0.509796859894404,0.344337220967301,0.761433671694145,0.727782940243524,0.411922508307638,0.806531510263749,0.180802180185603,0.653626109886571,0.0707958380883302,0.585382414747099,0.634975186853095,0.245639151330852,0.91114221306035,0.713715257351388,0.232384160085545,0.178647252050752,0.726526403019373,1
0.274957092968995,0.405861760576068,0.777211301442967,0.967755294704801,0.611897426155978,0.454636057010957,0.766494886498917,0.401515805882377,0.0861946597674345,0.376166979223057,0.536436254431304,0.331520360982513,0.56249573064536,0.0848801189338323,0.452864140058705,0.988999119934205,0.306248276393709,0.152395106397921,1
0.124987521583568,0.722902690545768,0.7323870114191,0.137942702393474,0.506065152668053,0.461473994648668,0.440359948091515,0.340787495166238,0.448033696363308,0.913411142404965,0.102532578381468,0.19590235638406,0.802910084010155,0.654131345090249,0.841359084805563,0.555905635201087,0.903202078013476,0.966597639668145,1
0.224478672478993,0.0715258389775962,0.953211543125876,0.42858653581221,0.812652939366881,0.50441075083029,0.411015065210909,0.0602383720465537,0.109492526121214,0.0813842346763497,0.186865625579878,0.0975063382384729,0.657247770186843,0.220526153196264,0.14841982285015,0.766346896481535,0.813783068113431,0.908123546088838,1
0.538801595936867,0.411837077079104,0.766323069055893,0.777277416756904,0.456654256839689,0.516580222067609,0.111162630630709,0.648293248144472,0.61703635610339,0.992736657949224,0.164486749145123,0.913695600469008,0.0219068576439383,0.0139848548405892,0.911983955237776,0.942634727933478,0.23971106113777,0.411319843230822,1
0.986358118942182,0.233610636992254,0.2442291620107,0.601069383477153,0.618982435300727,0.329865402624168,0.702652818782821,0.862931602537106,0.719544507115879,0.105540776814258,0.338417350609157,0.624565567765728,0.294356842786698,0.419728298896616,0.0344997352641518,0.890551208668435,0.0696789729533764,0.915438107891743,1
0.3036315211575,0.613074736034916,0.54692564091887,0.570702492597761,0.0128685696162114,0.800305925923933,0.351891902092887,0.511625711517587,0.69049023061541,0.923615361370616,0.457780084472158,0.652600034749526,0.498045902855137,0.373287490051233,0.79881250550976,0.966075679221742,0.642571761124557,0.553743129477712,1
0.0568078574460995,0.151651272640675,0.671684917929174,0.648145575361192,0.341936573853515,0.662855927956687,0.0593128405858916,0.0357514161020733,0.0427077491354268,0.474207649679725,0.572869004225322,0.21399858453843,0.0683086809700828,0.538865347884336,0.203542404311791,0.163075662673593,0.644976367195831,0.941244768303639,1
0.678226290004772,0.643674526214149,0.860548373349658,0.694649947593535,0.502022360546765,0.0396857837139584,0.626341732528233,0.888074129378296,0.630731996537432,0.432812131842413,0.479645676023671,0.343766711976182,0.118635881178608,0.76832741545018,0.904890135294274,0.728964194696677,0.143205357828078,0.710511822822051,1
0.433727474816946,0.0687626398318752,0.396862764010388,0.535547256598208,0.00312145164399451,0.648988392138351,0.862338711148205,0.231876315536907,0.793044841374187,0.0890815807684556,0.988410413128219,0.081987604708661,0.492234166179042,0.231401951399061,0.677215722944716,0.078500644220448,0.321429308307853,0.117667662508153,1
0.0359309331505657,0.816327916470797,0.866096579369441,0.197359912860206,0.46799416830024,0.374704475104737,0.927989319115404,0.797946586525061,0.584718090526039,0.23347437903296,0.8121539079393,0.318741750966824,0.207843820827507,0.684290631271353,0.952356665330176,0.510909440547555,0.943528158177727,0.38518349506418,1
0.323419381620169,0.487590698616919,0.681410871905087,0.221132125252402,0.151844919183398,0.535867474491007,0.143973238984325,0.996862257243197,0.255629773105612,0.815227400546096,0.208932037544343,0.076002794189545,0.585059648321742,0.810986338747922,0.447553461357863,0.043665146145474,0.00782742774705794,0.194043007064122,1
0.631039398470643,0.220524849563116,0.7849177242837,0.834667079987007,0.793691690163948,0.174370394347402,0.720020102238002,0.686063390568419,0.956335983545227,0.895565930169397,0.285412953814442,0.475414417643227,0.153109167677642,0.647934400938041,1,0.0368120036106479,0.98573368949913,0.159209210661392,1
0.650726308800207,0.974941912025504,0.0895559030056583,0.163157318882582,0.0394901723190799,0.345133803865466,0.1163438618428,0.773832792542348,0.19212675325104,0.146621129074137,0.252430919517297,0.717565515686772,0.262451043676107,0.242422032238915,0.926304741578246,0.614553333215078,0.291598087164963,0.967515106011524,1
0.498850162240906,0.41636836161501,0.117730459841087,0.38973656408028,0.462515620477628,0.156921981093825,0.311267277410276,0.552138490373014,0.824721294095479,0.902661187630244,0.652718746194826,0.811679460961317,0.142012894446872,0.801879363119134,0.0265027922994394,0.343962496909525,0.913835759358361,0.790647334290406,1
0.09104614269335,0.128956729718754,0.165677272587648,0.402127967436436,0.804533191621856,0.839767442949731,0.662994245695812,0.827504649761359,0.253412122039748,0.726943514730121,0.297758738677956,0.0222693122673507,0.392573766006569,0.738582446546637,0.508170878019308,0.814935053877646,0.93092755885293,0.936374224104666,1
0.865519818788225,0.710720050532453,0.922310037346469,0.303344352805744,0.965121357192049,0.700355628799245,0.304449979600419,0.0189893489779285,0.300648438022747,0.0415032629859194,0.070700792464759,0.361165549479992,0.132275046038276,0.579551145574973,0.523917299749812,0.609889802072684,0.160863872947245,0.837883535057708,1
0.292897909949069,0.862478335871853,0.540833537237253,0.607965663946176,0.0336512880346201,0.299274647227766,0.486665301056526,0.787607534139857,0.235359548226045,0.909730656536084,0.842206919190103,0.33431450086841,0.175250133794007,0.182221838474644,0.142948793452068,0.212323588143032,0.394269561869379,0.495246063844549,1
0.596125620111165,0.967190114840977,0.509713726868914,0.663425318005272,0.121586435775282,0.987027320773567,0.489233049967773,0.0709006340620211,0.123621598494384,0.301064498597305,0.0893696111635534,0.547482392246153,0.278497579548606,0.441859166301011,0.0724936935318291,0.0321937119484176,0.561390989212265,0.804240454735091,1
0.14524951123579,0.316936836492006,0.379529280051397,0.153410109892002,0.572283572860139,0.213030460054393,0.455136881330437,0.0848782042882405,0.889223496605635,0.399780019467468,0.427768068912402,0.153464327448996,0.0515408280843852,0.0251137139481542,0.166802183273706,0.923099474209506,0.58686630887937,0.660630843782554,1
0.526467250378163,0.911182298492306,0.992643511074747,0.723905202114172,0.139238921445487,0.641693033281877,0.0204316535030649,0.95837249107999,0.185204525342638,0.769468953241893,0.703380203840893,0.991384116198429,0.898094177921072,0.554503946314835,0.939491720615443,0.379351045775951,0.360340963560642,0.644152735779735,0
0.37953554489884,0.111888423883904,0.586207278852399,0.256939473382148,0.921719172298391,0.671564083711061,0.616204373381437,0.274355545016731,0.730875505233025,0.670218877367506,0.300700603386737,0.0627063887788367,0.842152890907094,0.992608987310264,0.746927087658592,0.179811158346231,0.910214497812384,0.624507260801275,1
0.17650510850761,0.119293127593933,0.593424049492328,0.61844405456487,0.798432190882399,0.472582387932721,0.376089385149512,0.924242959318167,0.744138628748606,0.804010450786286,0.0161028325742379,0.782113970013258,0.96941953834329,0.102733273135908,0.180646280849814,0.255620247347718,0.34912068988285,0.548210388455242,1
0.991007949274207,0.293118364618585,0.315081226734056,0.996996160924824,0.778537781405066,0.122678937602046,0.177235867590788,0.782114665876215,0.598511343740309,0.712553221717503,0.879842767971379,0.253876943153325,0.423741234375971,0.537724548053938,0.127045879012191,0.722911532903304,0.997481447802427,0.418013556927135,1
0.066869566952953,0.789098190855997,0.612326873059722,0.268882758361816,0.742347145514406,0.442698227069245,0.0550539661938061,0.837152978723591,0.117339857775995,0.717005783407831,0.340747725566586,0.322675951628719,0.133439196187404,0.721560270665472,0.0687698297154988,0.316333062670864,0.744723996114583,0.441692488650524,1
0.356116981591931,0.515668875506253,0.00356912313445888,0.0666087234543064,0.259864412063229,0.0778996350427068,0.35896038470125,0.215666745309618,0.738758192773664,0.269686317640748,0.894928396262656,0.0342794158139767,0.600304225770478,0.902227542242549,0.579439834993125,0.0913427652138784,0.446277984293158,0.829241438991172,1
0.532489769211792,0.264065130704583,0.156122120939684,0.638964225342072,0.896711079371879,0.465226171494126,0.215967723004457,0.79017889132973,0.798853872379354,0.509491538705216,0.521557199298042,0.879953776604496,0.277097637587102,0.424380531416664,0.261147976682695,0.882637092478205,0.377088385423858,0.039301426065557,1
0.583093226098962,0.770558608699916,0.332843084689456,0.0329730574399051,0.307502140979714,0.682182233128365,0.170417572143766,0.264011282167795,0.373444490941749,0.328981431629185,0.910609376608181,0.553405325815728,0.48009693774255,0.404915577599593,0.743688697132097,0.242993800005953,0.0832856325399139,0.399180942996789,0
0.63498918764731,0.662183237696709,0.744792373743107,0.916432806098377,0.490933632243048,0.0857174825978377,0.259744075845502,0.732382712785623,0.226284744292844,0.573735009874279,0.332185091431218,0.478705077508928,0.506196027856115,0.175420327406733,0.548104319145932,0.586386594087338,0.334609389690217,0.991746540863048,1
0.551101912442254,0.0844693931340885,0.0771761760854331,0.578004073947708,0.0736005094067675,0.0635694372542698,0.888517017057503,0.0504667029139857,0.163294451670029,0.441165268497192,0.796220944019969,0.646953931911343,0.62230924295781,0.109631275399666,0.305680958076335,0.417800551540982,0.324748262858049,0.265160593230732,1
0.789043357291711,0.229783916287481,0.0213753921099781,0.466635915056525,0.622772659498976,0.53080062555568,0.0425948591124228,0.0264506456880637,0.920026752998253,0.741582375477389,0.374406196026682,0.305686568768433,0.302443843158275,0.565737403554173,0.442939993604169,0.750754691478069,0.688812074034096,0.719238205025811,1
0.754541639986294,0.929659792813987,0.191206577831882,0.227669989078335,0.778317157000151,0.49922755426839,0.916506540242576,0.516622322573727,0.0857347246282706,0.462881855223257,0.666168196072994,0.86814255903977,0.122536131892957,0.85724133365534,0.811827026979991,0.709365642575637,0,0.171785207140674,1
0.584512967959756,0.223912698704002,0.958653193187826,0.180277184435173,0.551614584207216,0.755759948753246,0.137800889924623,0.467570707911786,0.995052777860561,0.806589015923409,0.871472599881699,0.18275638527524,0.925966065976901,0.0293072991942035,0.26818021463406,0.891962880201624,0.624276362757203,0.809831580201324,1
0.612598891008696,0.528964749574688,0.515808298419188,0.768994188559843,0.539441488906538,0.702139401677863,0.323759301205368,0.197662215299485,0.178855692642917,0.0292915300216976,0.237456110167248,0.874133759820664,0.729799395562544,0.693232306219615,0.786944289893743,0.289158221450182,0.882851960094571,0.845974832726149,1
0.36163882842924,0.919831955575031,0.223718375431455,0.134435091972702,0.299605109068721,0.0942418051154994,0.122370659987352,0.298748758414864,0.469825425253587,0.53018426829702,0.490252335494456,0.166115160076583,0.18076960842283,0.115060590076267,0.155256746410121,0.570323237239446,0.235189707776232,0.984438736152071,1
0.269770514116362,0.322347504519366,0.986929652291354,0.884410638448364,0.0488744478744208,0.98112986398874,0.998580760426084,0.0927699127128931,0.149515149584054,0.693982480879579,0.291256013981719,0.0831970370817625,0.0583325342294728,0.775037402793028,0.278823342365821,0.152958031114818,0.862170799049323,0.123797789891335,1
0.771556061474264,0.682307487212789,0.943118547684536,0.345576182107319,0.575440489162332,0.415214666006585,0.993307858841377,0.414213425794965,0.776535113163258,0.512602094169375,0.204424461703667,0.988002330311742,0.854296350186463,0.885018695238664,0.090566365703246,0.628057995653629,0.509995518126576,0.448431663072188,1
0.231277181126997,0.140976392466889,0.712284297624455,0.297570429565201,0.396379618163479,0.396892909568469,0.375091943914445,0.303125450089189,0.947761166412956,0.832582175570911,0.245015335275964,0.512412063312841,0.1005102191419,0.575898356172735,0.790067492935693,0.499038377735035,0.110341898431842,0.516773689737245,1
0.843434950219551,0.878647597200232,0.266405400089144,0.584905907311628,0.160497910635191,0.67828173632205,0.782615405627081,0.306833632628992,0.67363807256348,0.885773903539729,0.220017528337812,0.304557594360012,0.656475340525403,0.15172696640714,0.94573670184069,0.738210063326446,0.59703007897098,0.714080720009166,0
0.411667523444764,0.243652826870973,0.00846693418762481,0.933030223149444,0.894558860167598,0.433142636341235,0.201988376969426,0.520566649302252,0.206280659376868,0.225893521893262,0.615967294186381,0.525524893819168,0.835989301747222,0.342227177115146,0.536171194884538,0.758931510931669,0.361627011077182,0.677885661252571,1
0.0836600864702359,0.701891102199652,0.413532678822607,0.342099408322064,0.319627541215643,0.733031275583545,0.192892079392506,0.559709771578299,0.336693234722736,0.31848556014109,0.824216215252323,0.543670293071264,0.38785036416951,0.837160941325011,0.117527706008366,0.479553111237947,0.524120417774417,0.355330047071324,1
0.298025373735089,0.426847824778198,0.675650931903739,0.441049324608081,0.00940693067416145,0.613039875466636,0.204378462848187,0.141411493763898,0.51539646514054,0.96272324641947,0.727833200657033,0.745471616355979,0.570409776022761,0.862703689860945,0.978702679662974,0.298925979348381,0.428471405858305,0.3822721179248,1
0.981248427724679,0.447463488273689,0.229870316058776,0.627924823246682,0.882011553770981,0.944135298863259,0.277804938135937,0.832327514621186,0.509314697655295,0.54004781351954,0.921198322421843,0.1471923205025,0.583568149105368,0.870684429704164,0.207654827048988,0.782150971380092,0.755567407209681,0.0681518368293361,1
0.430542408949587,0.175909520909084,0.239285973853781,0.560591884321201,0.134785921752344,0,0.444457906639372,0.250724181782561,0.0141715793831068,0.120174466013248,0.658362913965769,0.680624839698544,0.29064555605542,0.124188256278594,0.569558640080162,0.169246551034784,0.498058403843763,0.201880488590312,1
0.571494736508014,0.711422880630557,0.831977263842444,0.806262819385666,0.525079887190919,0.438169833438172,0.132853394255507,0.498858892918767,0.855158742087695,0.519724081201738,0.596598675203313,0.354794786821609,0.472830800597128,0.25507264598083,0.755960536869431,0.24812496115178,0.415497186040488,0.206646709575462,1
0.9378568916244,0.673552692218141,0.619871088099233,0.367138247370701,0.853617625678024,0.00845182495456676,0.494381016389388,0.754719573833123,0.240836585336345,0.672191972649032,0.631790861567972,0.165276411460569,0.988238830577892,0.323886912641079,0.807258920662756,0.0674756781366636,0.872058801773298,0.886836556454108,0
0.314118995987468,0.622489550366271,0.372731335352685,0.0557927204001428,0.389402983811437,0.848820504310034,0.0978009812490457,0,0.0403396769684243,0.338674008525855,0.0535168897172304,0.295817085713621,0.536503873068767,0.95894395814493,0.888969827311108,0.746058237828544,0.369235425955366,0.365330456640975,1
0.192522377407916,0.45186897083591,0.302351057127393,0.0131361590483729,0.694658621620546,0.998984259443111,0.641309883920236,0.610808171327576,0.271966686678368,0.605650180566849,0.389950538839383,0.499226840612421,0.375344217454223,0.281509980676549,0.621311066370786,0.0726914249431355,0.0727941009021524,0.976434870744694,1
0.657524449587346,0.488972276941989,0.132919704116558,0.411747714976356,0.0870880371730387,0.357003281598164,0.478321584168699,0.0294350784412409,0.399290034227382,0.279223627190873,0.383881076406314,0.887840952338662,0.770090839329155,0.458213927671513,0.334277246584606,0.57419292003489,0.610521495111654,0.737891628133872,1
0.916598390917371,0.843418682536216,0.519281093496816,0.0890323382820721,0.336767524802308,0.896087865969173,0.979657471266225,0.67578142815205,0.261753017791139,0.798071793793008,0.3532957516703,0.0437600915803818,0.993355923562984,0.345456275799238,0.512575280225259,0.812605331990907,0.593654579038439,0.142388491511575,0
0.478769831448142,0.942190360255033,0.770311681890988,0.952900844983501,0.188909724996262,0.112643463439278,0.745273155349872,0.527744972914151,0.873045355575691,0.191562587344994,0.82953982207429,0.1006676909293,0.549651035375282,0.380490054319745,0.198391843036011,0.869369894567247,0.461834200107673,0.652951426697834,1
0.00738755801557935,0.779788397597397,0.868822249676444,0.705882852787068,0.984308266942279,0.42123194712734,0.710041084982325,0.174763538848179,0.266066365541328,0.761005244494938,0.436503155295182,0.691342509549884,0.826958155346546,0.981812288783297,0.112638225598491,0.365232378863124,0.201433831711353,0.536598878358662,1
0.608403045712517,0.0297258058310755,0.598830293726926,0.796222393840528,0.145099895379509,0.378970418547117,0.459961729471444,0.425756650480303,0.0544956178336127,0.480113820191409,0.30754327787842,0.231252655944268,0.464602030352281,0.582630847060964,0.970162761253503,0.465127000921524,0.760819315421766,0.762640151326598,1
