"target","V2","V3","V5","V6","V7","V8","V9","V10","V11","V12","V13","V14","V15","V16","V17","V18","V19","V20"
1,0.549407114624506,0.475,0,0,0.00950570800213988,6.34887988364439e-05,0.0149068332356004,0.00022441365001257,0.0431190292213487,0.0534846045663258,0.0508100132488217,0.0249415427921577,0.89179104478865,0.178823536948097,0.444022784106089,0.0515463908575376,0.5456349,0.322724203204298
1,0.739130434782609,0.508333333333333,0,0,0.0114068448116931,0.000268893609314902,0.0111801235291849,5.61033785436253e-05,0.046475600587935,0.0607779632153806,0.0515463908575376,0.0272798114643862,0.9179104478865,0.167058828076125,0.436432658926507,0.0559646571725725,0.53858024,0.355796611034498
1,0.411067193675889,0.533333333333333,0,0,0.00950570526449718,0.000108304369466171,0.0186335373519542,0.000376694205018971,0.0426026341627462,0.0551053470429931,0.0478645067903939,0.0249415427921577,0.906716421105758,0.167058828076125,0.447817855234779,0.0500736356401058,0.5326279,0.348891967984383
1,0.130434782608696,0.525,0,0,0.0171102737194411,0.000168058523467952,0.0248447164692723,0.000341963651843399,0.0407952514576375,0.0567260938956734,0.042709868831297,0.0233826958415372,0.930970147756321,0.150588240525952,0.449715389945234,0.0515463908575376,0.57363313,0.386106508929382
1,0.150197628458498,0.416666666666667,0,0,0.0247148315660196,0.000377197962647461,0.0198757754114425,0.000309904397808001,0.0420862391041437,0.0510534850166409,0.0508100132488217,0.024162118966107,0.882462686059674,0.183529417743945,0.445920320524324,0.0522827691289929,0.56291884,0.313666385440622
1,0.0592885375494071,0.4875,0,0,0.0171102668753344,7.8427269273213e-05,0.0149068332356004,0.00022441365001257,0.0387296663432894,0.0502431130489717,0.0441826200722929,0.0218238502938784,0.901119403517626,0.167058828076125,0.453510449119465,0.0471281285189387,0.56150794,0.345557056304498
1,0.0988142292490119,0.233333333333333,0.333333323333334,0,0.0342205337506687,0.000896313207458892,0.0546583874125225,0.00229756735691498,0.139426805249475,0.142625604883514,0.171575852933904,0.102104435631974,0.811567165764229,0.318823526359862,0.29981025199385,0.171575852933904,0.4369392,0.238552137185036
1,0.0513833992094862,0.4125,0,0,0.0589353697653577,0.00539654250642118,0.0596273262343276,0.000737359435178061,0.124967729665925,0.137763380370854,0.142120768467446,0.0943102114010846,0.882462686059674,0.24352941033218,0.349146116894527,0.142120768467446,0.36884832,0.285240517938296
1,0.0395256916996047,0.404166666666667,0,0,0.0456273840376472,0.00080668085819523,0.0310558967046027,0.000686598598575043,0.123160339989476,0.138573745045168,0.139911626362948,0.0904130922708311,0.901119403517626,0.241176471522491,0.333965866535363,0.139911626362948,0.38875645,0.292453004878325
1,0.33201581027668,0.375,0,0,0.0456273806155939,0.00129965129214099,0.0285714250576755,0.000878952932593934,0.148463732717699,0.154781191691906,0.177466869827195,0.111457518738659,0.830223882886361,0.305882362906574,0.301707817444343,0.177466869827195,0.4047922,0.249397652760009
1,0.0671936758893281,0.558333333333333,0,0,0.0133079877809425,1.86731394718501e-05,0.0136645951761121,0.00026983065486198,0.0273689659912925,0.0405186370382385,0.0265095727061151,0.015588464595839,0.91604477815563,0.13411765212872,0.49146111771187,0.0368188492870482,0.6005291,0.415205327889115
1,0.0869565217391304,0.183333333333333,0,0,0.076045609264265,0.00370475399064896,0.0397515396427615,0.000566377174978043,0.163439203359851,0.158022686855937,0.206185558128236,0.123148862099802,0.744402986609629,0.375294121321799,0.277039876455105,0.206185558128236,0.43507022,0.213712527105185
1,0.770750988142292,0.491666666666667,0,0,0.0285171086071794,0.000436952001697256,0.0149068321175881,0.000128236320704011,0.0441518228242238,0.057536468051349,0.0486008843991098,0.0265003883398164,0.912313430298368,0.163529416685121,0.447817855234779,0.0544918979787047,0.54012346,0.354459394201998
1,0.312252964426877,0.4375,0,0,0.0513308006260031,0.00164697236634916,0.0347826097650553,0.000630495307957556,0.151303898568672,0.154781191691906,0.182621497182463,0.114575215445823,0.809701496033359,0.317647056955017,0.303605348739238,0.182621497182463,0.40736422,0.237034439879896
1,0.00395256916996047,0.1375,0,0,0.0741445080440669,0.00240883662136348,0.0534161616511701,0.00110336600850435,0.130648075310552,0.126418158236776,0.167157575352301,0.0958690562472625,0.763059704067582,0.337647068602076,0.318785599098402,0.167157575352301,0.45768142,0.216639958446481
1,0.470355731225296,0.520833333333333,0,0,0.0209125500761903,0.000422013648229175,0.0223602492943945,0.000320590820628663,0.0436354242799512,0.0567260938956734,0.0478645067903939,0.0265003883398164,0.910447757209289,0.16235294516263,0.45161291440901,0.0530191454122301,0.52954143,0.355831983232873
1,0.573122529644269,0.470833333333333,0,0,0.017110263453281,0.000168058432716384,0.00869564852822059,7.74761087722466e-05,0.0420862391041437,0.054294977992666,0.0486008843991098,0.0233826958415372,0.90485074801668,0.172941180394464,0.440227721516298,0.0508100132488217,0.56349206,0.339023299232262
1,0.0869565217391304,0.308333333333333,0,0,0.0494296617632178,0.00106063626529466,0.0397515552949345,0.000694613433723774,0.125225927195226,0.137763380370854,0.145066280227789,0.091971937117009,0.880597014649699,0.256470594961938,0.330170803945573,0.145066280227789,0.39975148,0.27822795862544
1,0.541501976284585,0.4375,0,0,0.0209125480229583,0.000153119958246212,0.00993788882373361,0.000149609058145926,0.0451846136385628,0.0551053470429931,0.0544918979787047,0.0257209659167275,0.888059703647806,0.187058829134948,0.434535110553813,0.0552282808893352,0.5591711,0.311098232892602
1,0.901185770750988,0.470833333333333,0,0,0.0304182560250982,7.4692558895751e-05,0.0198757754114425,0.000245786293681664,0.0410534489869388,0.05186385698431,0.0471281285189387,0.024162118966107,0.895522389287703,0.170588240525952,0.453510449119465,0.0500736356401058,0.5458554,0.336852198351911
1,0.08300395256917,0.4375,0,0,0.0133079805946304,0.000108304343249051,0.00745341382276933,9.61772686408425e-05,0.039246063493294,0.0494327388932961,0.0463917522357014,0.0218238502938784,0.89179104478865,0.175294121321799,0.449715389945234,0.0486008843991098,0.57539684,0.32645020347408
1,0.474308300395257,0.204166666666667,0,0,0.0779467789255307,0.00234908316715713,0.0645962717642067,0.00207315420887162,0.186418797410342,0.179902751863069,0.233431500490195,0.14263445073626,0.729477615329834,0.40117647999308,0.250474421248771,0.233431500490195,0.4223002,0.212881557444442
1,0.126482213438735,0.575,0,0,0.019011409160173,0.00025395480208898,0.0161490683882566,0.000109535113227675,0.0379550765439218,0.0299837919771782,0.0574374097390471,0.0249415427921577,0.766791048566635,0.234117655093426,0.481973452698494,0.0574374097390471,0.5783389,0.177695738825252
1,0.312252964426877,0.35,0,0,0.0418250994679699,0.00101582051921191,0.021118001172795,0.000398066646715835,0.149238325305603,0.155591578246285,0.176730480289172,0.113795793022734,0.830223882886361,0.298823535889273,0.313093005213715,0.176730480289172,0.39043593,0.247932384204525
1,0.375494071146245,0.304166666666667,0,0,0.0513308143142166,0.00128844770854307,0.036024833290383,0.00164837342809224,0.166279376182165,0.171799024893023,0.198821795295863,0.126266558806966,0.819029853083231,0.327058833370242,0.278937407750001,0.198821795295863,0.39879107,0.242637516975759
1,0.569169960474308,0.379166666666667,0,0,0.0304182443901167,0.000612480619498438,0.0583850870568269,0.00107130811056821,0.160857221095499,0.161264174726614,0.197349049356782,0.121590024268433,0.785447766024588,0.344705874442907,0.284630018712486,0.197349049356782,0.41776258,0.228103622913899
1,0.0671936758893281,0.529166666666667,0,0,0.0304182505498128,0.000567664066735073,0.0186335373519542,0.000216398728304311,0.0400206588697338,0.0534846045663258,0.043446242463577,0.0233826958415372,0.914179103387447,0.157647063307958,0.45540798382992,0.0486008843991098,0.5438712,0.366324256959295
1,0.541501976284585,0.508333333333333,0,0,0.0228136903077969,0.000448155776881825,0.0260869534107482,0.000152280530405154,0.0449264168063956,0.0567260938956734,0.0522827691289929,0.0257209659167275,0.901119403517626,0.177647065425605,0.436432658926507,0.0544918979787047,0.5582011,0.330137541108429
1,0.474308300395257,0.425,0,0,0.0589353560771442,0.00154240387190557,0.0658384952895344,0.00110336672983375,0.141234194925924,0.145867100047545,0.168630341173562,0.107560399608405,0.820895524493206,0.296470586491349,0.326375724277983,0.168630341173562,0.39658895,0.244863245826454
1,0.371541501976285,0.191666666666667,0,0,0.0627376235365546,0.00343959595788482,0.0472049568195679,0.00123961719617164,0.183320434030068,0.179902751863069,0.228276893017107,0.138737338620816,0.751865673928631,0.390588244761246,0.244781810286286,0.228276893017107,0.42569095,0.219109146063592
6,0.549407114624506,0.0583333333333333,0,0,0.0342204909750015,0.00147891750319446,0.0248447097611981,8.54902074436679e-05,0.89233155359664,0.85899516093189,0.943299006308549,0.869056843521221,0.319029876590693,0.587058825958477,0.368121463999078,0.943299006308549,0.17250364,0.115773574617501
6,0.557312252964427,0.0916666666666667,0,0,0.0171102230730512,0.000628816254694881,0.0111801514794937,0.000252178714760221,0.770978575398252,0.705834705881967,0.852724610804679,0.745908023510272,0.138059744785864,0.705882331141869,0.360531321741698,0.852724610804679,0.24777646,0.106797598081675
6,0.256916996047431,0.125,0,0,0.0209125767682066,0.000330467570229614,0.00869571784498647,0.000236403572752284,0.764781855609043,0.69367912636693,0.854197350116367,0.737334376856294,0.0988805796913293,0.741176487404844,0.343453523009841,0.854197350116367,0.26204562,0.107347168222168
6,0.648221343873518,0.366666666666667,0,0,0.0304183094091308,0.000478032796406722,0.0173913216527129,0.000341963182979294,0.651174838146393,0.576175045187804,0.782032394830395,0.583787963093127,0.108209012300901,0.912941200512111,0.0569260242358557,0.782032394830395,0.33041757,0.140417487632112
6,0.897233201581028,0.0375,0,0,0.036121645237027,0.000494752522490255,0.0186335384699666,0.000542997518833147,0.871417532809219,0.831442470271009,0.93151695926718,0.844894720346228,0.279850761869291,0.625882369259515,0.345351054304736,0.93151695926718,0.18889166,0.116872479867268
6,0.486166007905138,0.075,0,0,0.0342205782373626,0.000717045887219598,0.0236024348073022,0.000654546305368284,0.895429896062894,0.869529974631523,0.94698085458777,0.864380315997496,0.369403009697315,0.590588223584775,0.311195456841021,0.94698085458777,0.16561614,0.129778715589646
6,0.612648221343874,0.0875,0,0,0.0266158263603578,0.000164325054370273,0.0583850535164563,0.00075071484888484,0.950167883816201,0.946515493893967,0.969808579014664,0.931410812738556,0.505597034379176,0.450588226761246,0.398481998873002,0.969808579014664,0.113055356,0.128162540203979
6,0.0790513833992095,0.329166666666667,0,0,0.0228137327412588,4.48152892998658e-05,0.0173913216527129,0.000406081647770327,0.79111801056911,0.772285229110901,0.851988241148835,0.743569735196579,0.451492528228726,0.610588214055363,0.195445928307811,0.851988241148835,0.17969723,0.158874438852473
6,0.0276679841897233,0.116666666666667,0.333333323333334,0,0.0475285776532865,0.00113906225799582,0.040993787764361,0.000504929865061305,0.790343424952546,0.747974106547602,0.874815899301797,0.740452073563458,0.28917914410573,0.723529425155709,0.178368129575953,0.874815899301797,0.22295359,0.142028912029578
6,0.478260869565217,0,0,0,0.0342205337506687,0.000313713822391518,0.0645963053045773,0.00364404934689153,1,0.998379270651372,1,1,0.503731364648306,0.368235304892734,0.533206845478506,1,0.09277301,0.0877216082078274
6,0.1699604743083,0.283333333333333,0,0,0.0152091119288982,0.000347139732407909,0.0173913216527129,0.00029119087723893,0.751097358670716,0.684764969082374,0.838733454795777,0.720966477912191,0.136194024681861,0.72941175100346,0.324478192983088,0.838733454795777,0.2580791,0.111842946096178
6,0.0237154150197628,0.0291666666666667,0,0,0.0437262657071822,0.000735719434065154,0.0211180302411161,0.000269834290362119,0.966434251477436,0.972447382272669,0.977908711502881,0.946999191052247,0.567164185871018,0.415294134027682,0.392789387910517,0.977908711502881,0.096352234,0.139266674058958
6,0.739130434782609,0.129166666666667,0,0,0.0266159988318479,0.000548875467068071,0.0372671060082543,0.000912415403123638,0.759359721436397,0.697730942445145,0.836524279554313,0.735775475891645,0.166044757166825,0.681176484228374,0.371916526588869,0.836524279554313,0.24193405,0.106399858108296
6,0.596837944664032,0.0291666666666667,0,0,0.0266159577672074,0.000459225017908309,0.0124223973650685,0.000196320192845576,0.781564729870325,0.709076164579223,0.864506591572116,0.762275873350713,0.0839552218443696,0.714117648740484,0.402277061462793,0.864506591572116,0.2546684,0.098913744466169
6,0.470355731225296,0.2625,0,0,0.0114068879295657,8.96315123325331e-05,0.0111801514794937,5.61035401214093e-05,0.710043902712437,0.649918996352666,0.816642100024727,0.653936051319219,0.19216423414527,0.810588277584775,0.136622389854859,0.816642100024727,0.2767844,0.138269184779949
6,0.561264822134387,0.0541666666666667,0,0,0.0437262212204883,0.00091498312424172,0.019875756628835,0.000822855722783228,0.889749578303628,0.858184752497445,0.938880722099553,0.866718632370424,0.332089547915739,0.577647049543253,0.370018995293973,0.938880722099553,0.16939692,0.116663302082855
6,0.711462450592885,0.0666666666666667,0,0,0.0247148017941552,0.000466829979155373,0.0111801235291849,0.000184339221803626,0.962561393108022,0.96677475661892,0.971281318326353,0.947778606460527,0.555970167485798,0.40117647999308,0.426944985374232,0.971281318326353,0.09626316,0.130886065175332
6,0.41897233201581,0.0416666666666667,0,0,0.0228135144142535,0.000520710143121273,0.0260869534107482,0.00029448150979572,0.883811042101039,0.844408450927135,0.940353461411241,0.860483196867242,0.279850761869291,0.611764694048443,0.368121463999078,0.940353461411241,0.18402189,0.113117721849115
6,0.889328063241107,0.3,0,0,0.0304182662912583,0.000522848623157542,0.023602405738981,0.000366007125788561,0.631809988592099,0.543760166481039,0.774668598861056,0.564302367441859,0.0242537904565312,0.96588237667128,0.0569260242358557,0.774668598861056,0.36206177,0.135163482259466
6,0.363636363636364,0.075,0,0,0.0418251542208239,0.00123990469471979,0.0310559369530474,0.00113543155253206,0.895688114506216,0.867909245282895,0.946244418657994,0.867498005689852,0.356343287999137,0.585882367141868,0.332068318162669,0.946244418657994,0.16648434,0.125307666357405
6,0.233201581027668,0.170833333333333,0,0,0.0247148428587957,0.000601280665963241,0.0173912948204165,0.000534320142637175,0.778208134104048,0.736628855240104,0.856406525357831,0.734216638060276,0.298507459177991,0.690588260643598,0.222011383514145,0.856406525357831,0.21837935,0.136736176869722
6,0.703557312252964,0.375,0,0,0.0152092426513371,0.000388403704116007,0.013664558058102,0.000237773853346517,0.940614498547312,0.922204188996792,0.975699602535349,0.91971937117009,0.406716421105758,0.522352955750865,0.383301714358241,0.975699602535349,0.14110672,0.120107751740889
6,0.438735177865613,0.0791666666666667,0,0,0.0190114656240537,0.000274437178941119,0.0273292015323477,0.000519416683920614,0.789568839335983,0.735008125891476,0.862297482604584,0.763834711182082,0.20522392226136,0.667058840782007,0.354838727857012,0.862297482604584,0.22538376,0.110610308083118
6,0.403162055335968,0.220833333333333,0,0,0.0228136903077969,0.000705044294832081,0.0298136060985338,0.000662855522255491,0.758326917376512,0.70259321801129,0.836524279554313,0.7279812867348,0.20708959199223,0.68588234067128,0.322580661688192,0.836524279554313,0.2367968,0.11562404439874
6,0.683794466403162,0.1625,0,0,0.0342205782373626,0.000766462838644519,0.0211180302411161,0.00068712338734815,0.749031750550945,0.690437587442768,0.833578800930937,0.714731049423818,0.190298547623356,0.714117648740484,0.294117675186963,0.833578800930937,0.2473368,0.118670552628064
6,0.312252964426877,0.120833333333333,0,0,0.0209125343347448,0.000578926739687395,0.0161490757671382,0.000557012371870779,0.771753195871517,0.701782809576846,0.854933719772211,0.749805093536864,0.104477656048117,0.712941189923875,0.383301714358241,0.854933719772211,0.2540513,0.10231961542849
6,0.260869565217391,0.25,0,0,0.0570342206364123,0.000896314014139498,0.0335403415192334,0.000216397718443162,0.87813065462837,0.842787721578507,0.933726068234712,0.851909529168838,0.309701527936344,0.605882378788927,0.34724860267743,0.933726068234712,0.17967218,0.11825714950277
6,0.359683794466403,0.1875,0,0,0.015209068126615,2.9876833988358e-05,0.0186335384699666,0.000408754079397647,0.878388873071693,0.845218779134674,0.932253328923024,0.851909529168838,0.324626868992259,0.597647061190311,0.345351054304736,0.932253328923024,0.17606053,0.120435435623229
6,0.260869565217391,0.0875,0,0,0.0323193777776166,0.00107171763678076,0.0397515687110827,0.000945606221004032,0.879938044304819,0.839546226414475,0.942562636652705,0.851130155849411,0.274253769467726,0.640000002117647,0.328273255572879,0.942562636652705,0.19062504,0.119266440706534
6,0.490118577075099,0.145833333333333,0.333333323333334,0,0.0209124912168723,0.000616723295645215,0.0484472317734639,0.000563888588573053,0.868319190342965,0.822528385920003,0.934462437890556,0.840997608230784,0.240671680729978,0.654117634975779,0.33965846042005,0.934462437890556,0.20012376,0.115247071112305
3,0.395256916996047,0.458333333333333,0.333333323333334,0,0.0228136903077969,0.000850315976793412,0.0335403705875546,0.000640680421276844,0.023754197095405,0.00810372842871741,0.0397643590591726,0.0218238502938784,0.718283585190883,0.214117650858131,0.56356737693687,0.0397643590591726,0.8435185,0.088138436073733
3,0.0790513833992095,0.4625,0,0,0.0152091263015224,0.000407057789791941,0.00993788770572126,0.000291191093637748,0.00387296712232276,0,0.00810014706848198,0.00311769284901971,0.80597015321341,0.152941181453287,0.573055042974914,0.00810014706848198,0.5555556,0.100662594974646
3,0.173913043478261,0.325,0,0,0.0266159680333675,0.000343586344672036,0.017391302199298,0.00034196350757752,0.0160082635478935,0.000810372769938191,0.042709868831297,0.0023382696543018,0.723880606137224,0.263529421979239,0.478178381569804,0.042709868831297,0.9861111,0.154494481005322
3,0.0671936758893281,0.316666666666667,0,0,0.0532319394887883,0.00197900250716332,0.0422360179977629,0.00126013014504386,0.0203976257288188,0.00891410039638655,0.0375552268957642,0.0132501938191678,0.748134334466891,0.218823531653979,0.525616711760025,0.0375552268957642,0.86277056,0.136768308994871
3,0.201581027667984,0.379166666666667,0,0,0.0247148315660196,0.0005116444849667,0.0186335384699666,0.000408753430201193,0.0201394268052495,0.00486223691136335,0.0419734912225811,0.0116913475700281,0.722014933048145,0.241176471522491,0.516129046746649,0.0419734912225811,0.89973545,0.131358209317292
3,0.209486166007905,0.333333333333333,0,0,0.049429654919111,0.00155360735466842,0.0186335384699666,0.000184339863786785,0.022721404886798,0.00405186421435871,0.0530191454122301,0.00857365507174887,0.697761201360269,0.282352943044983,0.474383318980013,0.0530191454122301,0.94481075,0.143948579870029
3,0.312252964426877,0.316666666666667,0,0.5,0.83460086760688,0.577781354061798,1,1,0.470178140051995,0.428687215791631,0.523564060945773,0.45284491183648,0.397388072451409,0.498823546477509,0.430740047964022,0.523564060945773,0.30628127,0.104429054189889
3,0.549407114624506,0.470833333333333,0,0,0.0342205337506687,0.000448155988635484,0.0248447209413217,0.000758731487357053,0.017557448723701,0.00162074553987638,0.0405007353424099,0.00857365507174887,0.718283585190883,0.245882359730104,0.512333982449078,0.0405007353424099,0.97376543,0.130394161623079
3,0.268774703557312,0.533333333333333,0,0,0.0969581607092767,0.00178806685446191,0.0472049679996914,0.00120381732987766,0.12600051978313,0.116693680038036,0.149484531299819,0.109898673892481,0.729477615329834,0.274117657211073,0.45540798382992,0.158321066580846,0.38661182,0.225183695783649
3,0.0316205533596838,0.2875,0,0,0.100760458967167,0.0138666913914272,0.372670769399331,0.0515830583493983,0.164730191006358,0.126418158236776,0.209867446171816,0.153546378689123,0.516791035973352,0.387058815370242,0.489563581293635,0.209867446171816,0.5142537,0.102853287385849
3,0.0197628458498024,0.291666666666667,0,0.5,0.140684412728245,0.00881373684303931,0.127950320003086,0.0205632327556599,0.0870126580019414,0.0559157204693332,0.125184100698202,0.0763834746256126,0.591417909163372,0.335294108615917,0.497153716719896,0.125184100698202,0.6281558,0.110064129107349
3,0.288537549407115,0.491666666666667,0,0,0.00760456297965853,2.9877066917383e-05,0.0024844718705297,2.1372738087197e-05,0.0036147688958875,0,0.0103092785691511,0,0.80783582294428,0.164705888207612,0.552182177213039,0.0103092785691511,1,0.15944851939146
3,0.158102766798419,0.266666666666667,0,0.5,0.526615995409795,0.0192960592442371,0.595031061178195,0.0228759446281092,0.383423714436056,0.346029165689053,0.433726035097746,0.36554947418396,0.453358231541685,0.463529421979239,0.430740047964022,0.433726035097746,0.29780185,0.115403820147061
3,0.138339920948617,0.558333333333333,0,0,0.0095057045800865,0.000197935512742327,0.0285714272937002,0.00148807571525646,0.00593854944813476,0.00243111838274812,0.00957290096043519,0.0054559625734696,0.80783582294428,0.150588240525952,0.574952576319146,0.00957290096043519,0.25185186,0.0861598929130617
3,0.367588932806324,0.554166666666667,0,0,0.0152091252749064,0.000119508213218591,0.0111801228583775,0.000120221600967982,0.00800413177394676,0,0.0228276873134927,0,0.776119407295611,0.204705888207612,0.519924114459779,0.0228276873134927,1,0.15944851939146
3,0.0671936758893281,0.329166666666667,0,0,0.036121672613454,0.000377197962647461,0.0149068321175881,0.00016029546654,0.019623031746647,0.00405186421435871,0.0456553759524641,0.00701480882260923,0.720149259959066,0.261176472581315,0.485768511872725,0.0456553759524641,0.9261464,0.147709146516867
3,0.264822134387352,0.383333333333333,0,0,0.0228136920188236,0.000582602621873306,0.0248447164692723,0.000694613772748588,0.0149754706421525,0.000810372769938191,0.0375552268957642,0.00467653944889978,0.731343290098017,0.24352941033218,0.502846310604582,0.0375552268957642,0.9876543,0.14415963790419
3,0.173913043478261,0.404166666666667,0,0.5,0.872623610642052,0.0129022522925863,0.60993787764361,0.0114914848621178,0.347276032448522,0.304700180751217,0.405007353424099,0.326578331985087,0.429104508249331,0.490588250055363,0.41176471793727,0.405007353424099,0.35897508,0.114776454673264
3,0.229249011857708,0.366666666666667,0,0,0.0266159731664475,0.000836557736551021,0.0223602457167549,0.000256472716502326,0.0142008787513828,0.000810372769938191,0.0368188492870482,0.00311769284901971,0.73694030432794,0.24352941033218,0.497153716719896,0.0368188492870482,0.9861111,0.150156761625714
3,0.260869565217391,0.520833333333333,0,0,0.230038059051021,0.00373931632205271,0.0596273262343276,0.00230624971028376,0.108184869347324,0.0656401950213954,0.167893964890324,0.0857365507174887,0.505597034379176,0.443529420920415,0.409867186642374,0.167893964890324,0.66081303,0.123670774648626
3,0.889328063241107,0.4125,0,0,0.0114068448116931,8.96311594097679e-05,0.0111801228583775,0.000152280653031151,0.0116188999727002,0.000810372769938191,0.0294550824782395,0.00311769284901971,0.755597021785893,0.220000001058824,0.516129046746649,0.0294550824782395,0.9777778,0.149109076393624
3,0.909090909090909,0.470833333333333,0,0,0.117870736108662,0.0150879170942074,0.040993787764361,0.00464055385677573,0.0209140207874213,0.0105348457903958,0.0390279827759353,0.0116913475700281,0.755597021785893,0.223529419861592,0.510436447738623,0.0390279827759353,0.895369,0.155328455708073
3,0.403162055335968,0.475,0,0,0.0323193948878834,0.000834671566041328,0.0186335413767987,0.000498593419143626,0.012393493954872,0.00324149115268631,0.0257731950973992,0.00701480882260923,0.766791048566635,0.198823535889273,0.538899446194312,0.0257731950973992,0.9238095,0.13541380729505
3,0,0.291666666666667,0,0,0.416349838706647,0.269688996392524,0.206211162347133,0.148134339241747,0.148721930247,0.102106970033282,0.202503676712049,0.13639906433674,0.464552249926904,0.424705878678201,0.481973452698494,0.202503676712049,0.5952822,0.101695674695305
3,0.905138339920949,0.470833333333333,0,0,0.0095057045800865,0.000108304363416066,0.00621118023533042,0.000109535199787202,0.00464756040736051,0,0.0132547863530575,0,0.800373137304383,0.174117651916955,0.544592045202338,0.0132547863530575,1,0.15944851939146
3,0.225296442687747,0.408333333333333,0,0,0.0304182526030448,0.00025395480208898,0.063354032586706,0.00121022987604628,0.0299509412843049,0.0105348457903958,0.0559646571725725,0.0210444264678277,0.69029852243679,0.263529421979239,0.512333982449078,0.0559646571725725,0.8644824,0.127653479372779
3,0.229249011857708,0.454166666666667,0,0,0.0741444909338,0.0020026485341,0.0322981269380045,0.00134876948121206,0.132971860045604,0.0769854098621184,0.219440344481293,0.0950896268093647,0.404850768165933,0.577647049543253,0.296015206481858,0.219440344481293,0.6812664,0.136471598869533
3,0.549407114624506,0.475,0,0,0.0228136858591275,0.000224077994317742,0.0596273262343276,0.00272502239428504,0.0273689659912925,0.011345219216736,0.0515463908575376,0.0171473101434977,0.714552245729143,0.254117645564014,0.502846310604582,0.0515463908575376,0.85319865,0.135971318133137
3,0.49802371541502,0.55,0,0,0.0513308006260031,0.000123242787468701,0.0198757740698277,0.000438140858525961,0.0291763486964012,0.00648298230537263,0.0625920503491012,0.015588464595839,0.667910452084261,0.298823535889273,0.478178381569804,0.0625920503491012,0.915376,0.132081282860827
3,0.0869565217391304,0.491666666666667,0,0,0.0171102668753344,7.8427298515385e-05,0.00869565121145023,0.000109535221427084,0.0036147688958875,0,0.0103092785691511,0,0.80783582294428,0.164705888207612,0.552182177213039,0.0103092785691511,0.7777778,0.15944851939146
2,0.75098814229249,0.45,0,0,0.0380228012100791,0.00130466622379901,0.0211180436572644,0.000557012011206083,0.277820820381745,0.26418150943421,0.319587611785069,0.246297724199603,0.651119407715388,0.397647050602076,0.335863397830259,0.319587611785069,0.27171725,0.174288289796178
2,0.861660079051383,0.2875,0,0,0.0437262006881681,0.000332382156063657,0.0149068321175881,0.000673239671994121,0.27678803723588,0.264991917868654,0.319587611785069,0.242400626113776,0.664179112622521,0.402352938809689,0.314990519430812,0.319587611785069,0.28296396,0.181566434385873
2,0.533596837944664,0.141666666666667,0,0,0.0418250892018098,0.00155730285936008,0.0459627243501413,0.00110097451303563,0.369997428969711,0.350891404788423,0.422680423986153,0.332034274917092,0.583955230239892,0.471764697224914,0.284630018712486,0.422680423986153,0.25936732,0.167589043885449
2,0.256916996047431,0.620833333333333,0,0,0.10266162520638,0.00407822119666228,0.0621118023533042,0.000309904397808001,0.159308035919691,0.132901126684774,0.209131069888578,0.131722529798206,0.600746274608766,0.40823528583391,0.370018995293973,0.209131069888578,0.4260139,0.152006323011294
2,0.74703557312253,0.391666666666667,0,0,0.064638800041927,0.00231547413055964,0.0484471870529697,0.00121023182363564,0.318874262397344,0.300648284446096,0.37334314010793,0.278254092649911,0.60634330059242,0.468235310186851,0.267552219980628,0.37334314010793,0.29599184,0.175953318099393
2,0.142292490118577,0.279166666666667,0,0,0.034220554282989,0.00017926192556274,0.0571428747116227,0.00207315319901047,0.305447990873679,0.299837919771782,0.343888075523652,0.269680417936698,0.697761201360269,0.388235284775087,0.303605348739238,0.343888075523652,0.25891644,0.194421651545905
2,0.778656126482213,0.483333333333333,0,0,0.0836501920918331,0.00442180663381863,0.191304323521471,0.0429484930528852,0.284017561084975,0.277147490090336,0.319587611785069,0.252533117613932,0.695895531629399,0.369411774297578,0.335863397830259,0.319587611785069,0.24899939,0.190682053041342
2,0.75098814229249,0.375,0,0,0.038022845696773,0.000785871775697617,0.0248447231773464,0.000855743365919849,0.31396850934062,0.284440845092714,0.378497780717984,0.27357754408176,0.529850774462575,0.515294096968858,0.269449751275524,0.378497780717984,0.32273299,0.159464048239822
2,0.956521739130435,0.454166666666667,0,0,0.152091269859331,0.00439615620724593,0.0347825874048082,0.00132280176733892,0.333591542481535,0.326580245758349,0.37334314010793,0.297739653227135,0.679104487260526,0.40117647999308,0.301707817444343,0.37334314010793,0.2453213,0.190281308025955
2,0.905138339920949,0.441666666666667,0,0,0.11216733320852,0.000936715442609515,0.0322981090498069,0.000620821703737255,0.272140467765777,0.244732589503506,0.32989691951475,0.236944669152154,0.557835820425624,0.472941156041523,0.309297925546126,0.32989691951475,0.33502588,0.157460893952991
2,0.592885375494071,0.325,0,0,0.287072259155114,0.00461554106488293,0.0161490630217973,0.000281089365996262,0.22101730119341,0.199351708260549,0.27172312023768,0.18784100037908,0.6138059795159,0.42705883866436,0.326375724277983,0.27172312023768,0.35127252,0.167482171832835
2,0.691699604743083,0.370833333333333,0,0,0.0665399149503386,0.000780538911045716,0.0322981403541528,0.000470199585990903,0.386005689729069,0.367098858728516,0.443298973171583,0.342946216899572,0.580223890778152,0.497647077072664,0.246679324503383,0.443298973171583,0.26862052,0.174256359126359
2,0.462450592885375,0.479166666666667,0,0,0.0228136903077969,0.000403340040882573,0.0409937922364104,0.00153082140653911,0.143299768188994,0.11750404471235,0.189985266642229,0.118472334576077,0.61007464005416,0.389411775356401,0.390891856615622,0.189985266642229,0.437078,0.148635488488465
2,0.162055335968379,0.191666666666667,0,0,0.0475285776532865,0.000983774769128011,0.0223602191080609,0.000263392263461223,0.458042884060198,0.43354942571758,0.526509539569149,0.408417742527896,0.518656705704222,0.568235273128028,0.195445928307811,0.526509539569149,0.26677614,0.170141163946782
2,0.853754940711462,0.570833333333333,0,0,0.0703422097861761,0.00257316391427244,0.0236024772917716,0.000366008171716181,0.202685262670341,0.156401950213954,0.275405014908652,0.169914249573991,0.449626858497856,0.528235281598616,0.330170803945573,0.275405014908652,0.4837708,0.135345010299823
2,0.0513833992094862,0.5625,0.333333323333334,0,0.0304182560250982,0.000478032675404631,0.0248447209413217,0.000534318050781936,0.0738445630935573,0.0583468400190182,0.103829161974748,0.0568979000187716,0.703358215590193,0.292941178276817,0.45161291440901,0.103829161974748,0.48786426,0.157011648566885
2,0.08300395256917,0.316666666666667,0,0,0.0646388205742472,0.00126955625709879,0.0260869534107482,0.00044982876064893,0.446423995241642,0.406807150784499,0.532400602854193,0.392829294066117,0.417910439490978,0.649411778532872,0.16698295888438,0.532400602854193,0.30969977,0.157655936288409
2,0.509881422924901,0.0875,0,0,0.0380228217423994,0.00105578458562431,0.0186335534513321,0.00060350649462262,0.414665636395527,0.395461899477001,0.469808545877698,0.374123127852747,0.569029855601888,0.49411762650519,0.26375712323524,0.469808545877698,0.24900064,0.168173751193098
2,0.636363636363636,0.616666666666667,0,0,0.0741444909338,0.00096834323130437,0.0496894396466186,0.00104990417563006,0.182029432440881,0.183954611701415,0.195876283535521,0.165237715035457,0.789179107165432,0.241176471522491,0.447817855234779,0.195876283535521,0.20284556,0.208442623549406
2,0.588932806324111,0.6125,0,0,0.0741445011999601,0.00164697337469991,0.0310559011766521,0.000301889396753509,0.0588690994227451,0.0510534850166409,0.0810014706848198,0.0428682753587443,0.761194030978503,0.251764706754325,0.459203051543051,0.0810014706848198,0.50308645,0.184789333544638
2,0.640316205533597,0.2375,0,0,0.0627376680232485,0.00222957444371305,0.0347826142371047,0.000694613433723774,0.395817223727877,0.379254460123618,0.452135475315644,0.351519856538742,0.593283595685286,0.49529410649827,0.237191668028906,0.452135475315644,0.26505277,0.177929930646484
2,0.735177865612648,0.2875,0,0,0.0456273566612202,0.000717049718952477,0.0298136642351761,0.000512943546083008,0.282468389851848,0.275526760741708,0.315905750251062,0.253312533022212,0.695895531629399,0.358823539065744,0.352941196562116,0.315905750251062,0.24472968,0.184915360641555
2,0.549407114624506,0.258333333333333,0,0,0.0589353355448239,0.00083467222146932,0.0173912948204165,0.00072399522125269,0.322747225336862,0.333063221499702,0.338733421658811,0.295401385957868,0.802238810393462,0.284705892442907,0.364326401409287,0.338733421658811,0.1761556,0.228750210583775
2,0.928853754940711,0.441666666666667,0,0,0.0266159988318479,0.000407058152798214,0.0285714317657496,0.000535852368893374,0.319907066457229,0.288492719517769,0.387334302744225,0.278254092649911,0.514925383033526,0.53058825217301,0.259962077723248,0.387334302744225,0.33047688,0.158594852430193
2,0.438735177865613,0.329166666666667,0,0,0.252851759624979,0.0070035563522871,0.0285714161135766,0.000634635818018178,0.454428139564001,0.420583481528229,0.528718714810613,0.407638327119616,0.455223901272555,0.595294143557093,0.216318823785056,0.528718714810613,0.27834544,0.157028067176287
2,0.774703557312253,0.458333333333333,0,0,0.741444875117466,0.017507792534655,0.0211180092224839,0.000652601716738131,0.286083148290725,0.273095615665281,0.327687764155466,0.254091948430493,0.652985077446258,0.39882352000692,0.332068318162669,0.327687764155466,0.28057775,0.176044929910753
2,0.553359683794466,0.025,0.333333323333334,1,0.127376444110802,0.00448645774848989,0.111801235291849,0.00167276575857162,0.310870145960345,0.294165337878163,0.357879231532554,0.276695226759307,0.61940298870851,0.430588225702422,0.314990519430812,0.357879231532554,0.26818594,0.170251091405236
2,0.308300395256917,0.0708333333333333,0,0,0.146387812206334,0.00379331078257699,0.0186335384699666,0.000474837156922775,0.435063262124346,0.389789295703317,0.524300463738583,0.38347622498905,0.38246268102236,0.662352931397924,0.182163226321342,0.524300463738583,0.32455578,0.151035711230908
2,0.66403162055336,0.379166666666667,0,0,0.0342205337506687,0.000358524002378094,0.0198757843555413,0.000213726664554982,0.405886906456604,0.389789295703317,0.461708413389481,0.361652376098133,0.593283595685286,0.49529410649827,0.237191668028906,0.461708413389481,0.25975996,0.177715632539098
2,0.818181818181818,0.225,0,0,0.0475284681475785,0.00124710794919203,0.591304323521471,0.0184209327882597,0.395300821697934,0.384116706516343,0.427098641921218,0.371784867598289,0.630597023884774,0.377647049543253,0.388994325320726,0.427098641921218,0.19713038,0.180195665168147
7,0.743083003952569,0.554166666666667,0,0,0,0,0,1.14652226901213e-11,0,0,0,0,0.833955226042131,0.131764710989619,0.578747642666052,0,0,0.511054416358307
7,0.743083003952569,0.541666666666667,0,0,0,0,0,1.14652226901213e-11,0,0,0,0,0.833955226042131,0.131764710989619,0.578747642666052,0,0,0.511054416358307
7,0.826086956521739,0.591666666666667,0,0,0,0,0,1.14652226901213e-11,0,0,0,0,0.833955226042131,0.131764710989619,0.578747642666052,0,0,0.511054416358307
7,0.221343873517787,0.325,0,0,0.0589353629212509,0.00131759005378946,0.137888186466572,0.00339271972042474,0.118512784462054,0.0948136150309045,0.162739317652877,0.0943102114010846,0.632462693615644,0.371764702519031,0.396584450500308,0.162739317652877,0.47748852,0.153513779670488
7,0.956521739130435,0.345833333333333,0,0,0.0228136868857436,0.000313709133560495,0.00496894351745692,2.13727352018794e-05,0.008262329303248,0.00162074553987638,0.0213549340842788,0.000779423194717905,0.785447766024588,0.196470591785467,0.52371917875735,0.0213549340842788,0.9777778,0.163335532833819
7,0.901185770750988,0.3875,0,0,0.0171102617422543,0.0005522962365123,0.063354032586706,0.00147240793591534,0.137877627045008,0.119124803234399,0.173048592245592,0.118472334576077,0.660447773160782,0.332941180394464,0.430740047964022,0.173048592245592,0.37553233,0.15000657667713
7,0.889328063241107,0.5,0,0,0,0,0,1.14652226901213e-11,0,0,0,0,0.833955226042131,0.131764710989619,0.578747642666052,0,0,0.511054416358307
7,0.770750988142292,0.35,0,0,0.0589353560771442,0.00113320121921707,0.0298136664712008,0.000912417494978877,0.0531887440182415,0.0494327388932961,0.0714285723753419,0.0374123148897174,0.791044778575407,0.231764716283737,0.461100582837946,0.0714285723753419,0.51256585,0.217389892700694
7,0.16600790513834,0.5875,0,0,0.0665399286385521,0.00172166635206123,0.0273291903522242,0.000598436443440029,0.0105861098554953,0.00729335500237727,0.0191458019208704,0.00467653944889978,0.80783582294428,0.175294121321799,0.535104378481181,0.0191458019208704,0.64867723,0.186503349068953
7,0.209486166007905,0.508333333333333,0,0,0.0532319463328951,0.00101582001503653,0.0111801248707997,0.000248457809220655,0.0374386793939173,0.0267423019184952,0.0596465385887589,0.024162118966107,0.748134334466891,0.247058829134948,0.480075917988039,0.0596465385887589,0.6304714,0.167237269303219
7,0.616600790513834,0.308333333333333,0,0,0.0418250994679699,0.00125163120902063,0.00496894620068657,0.000124164344148994,0.131939069928399,0.106158829871627,0.178203246110433,0.107560399608405,0.6138059795159,0.384705897737024,0.394686919205412,0.178203246110433,0.45902446,0.148281632201157
7,0.375494071146245,0.345833333333333,0,0,0.0247148428587957,0.000287566883905754,0.00993789240137314,0.0003099048738854,0.140975983453942,0.116693680038036,0.190721656180253,0.111457518738659,0.62126865843938,0.403529408214533,0.356736259151907,0.190721656180253,0.45154575,0.161043743422798
7,0.596837944664032,0.6,0,0,0.0171102668753344,0.000616214280182762,0.240993778820262,0.0950765446002172,0.0508649620717262,0.0388978945615713,0.0729013249418165,0.0389711583329335,0.735074629559757,0.249411767944637,0.489563581293635,0.0729013249418165,0.5,0.15589420942675
7,0.818181818181818,0.0958333333333333,0,0,0.0589353697653577,0.00174543610363587,0.00993788882373361,0.000361997969810359,0.100697140997588,0.0786061610908117,0.139175256707104,0.0810600091641462,0.649253737984518,0.339999996823529,0.430740047964022,0.139175256707104,0.479958,0.14803483263385
7,0.873517786561265,0.2125,0,0,0.00950570526449718,0.000253019607178812,0.0149068321175881,0.000402338323313235,0.0446682164885582,0.0299837919771782,0.0758468367021588,0.0257209659167275,0.718283585190883,0.291764708871972,0.438330190221403,0.0758468367021588,0.68080807,0.169562063812487
7,0.482213438735178,0.5875,0,0,0,0,0,1.14652226901213e-11,0,0,0,0,0.833955226042131,0.131764710989619,0.578747642666052,0,0,0.511054416358307
7,0.075098814229249,0.5125,0,0,0.0228136903077969,8.96312854536126e-05,0.0136645965177269,0.000173653368833184,0.020655822560986,0.00810372842871741,0.042709868831297,0.00935307889779956,0.740671650506098,0.242352951515571,0.495256180301661,0.042709868831297,0.8292328,0.152951618571865
7,0.877470355731225,0.2125,0,0,0.0114068468649252,0.000300632145173469,0.00993788703491385,0.000361998056369886,0.0449264168063956,0.0299837919771782,0.0758468367021588,0.0265003883398164,0.716417915460013,0.290588239467128,0.442125252811194,0.0758468367021588,0.6703704,0.167116899743489
7,0.723320158102767,0.558333333333333,0,0,0.0247148315660196,0.000616723356146261,0.00496894374105939,0.000196320986307908,0.00387296712232276,0.00243111838274812,0.00810014706848198,0.000779423194717905,0.82276119590318,0.152941181453287,0.555977243218389,0.00810014706848198,0.5277778,0.188567477169025
7,0.885375494071146,0.195833333333333,0,0,0.0114068502869785,0.000425158048897752,0.00993788882373361,0.000248328633553002,0.0580944998635012,0.0405186370382385,0.09351988075464,0.0374123148897174,0.69402986189853,0.315294128733564,0.425047454079336,0.09351988075464,0.62222224,0.163785097190865
7,0.225296442687747,0.425,0,0,0.117870736108662,0.00123344671229252,0.016149069059064,0.000281088962051802,0.145365355394744,0.123176670366099,0.188512520703148,0.120810601845344,0.634328363346514,0.372941193100346,0.392789387910517,0.188512520703148,0.4148072,0.154194329351429
7,0.628458498023715,0.125,0,0,0.0285171103182061,0.000816425106159168,0.00496894441186681,0.00012416430086923,0.00490575793666175,0.00405186421435871,0.00810014706848198,0.0023382696543018,0.826492539562681,0.148235299598616,0.55977230922374,0.00810014706848198,0.537037,0.201296616868308
7,0.628458498023715,0.4125,0,0,0.028517100052046,0.0006969866647629,0.00993787093553597,0.000196320914174968,0.220500913106148,0.19854132170617,0.260677482616513,0.198752921317134,0.61194030978503,0.376470580138408,0.409867186642374,0.260677482616513,0.3074441,0.143861517591541
7,0.731225296442688,0.00416666666666667,0,0,0.0152091221950583,0.000274438267959937,0.0521739090575212,0.00141841051596693,0.0436354242799512,0.0283630465831689,0.0751104537915283,0.0249415427921577,0.714552245729143,0.292941178276817,0.440227721516298,0.0751104537915283,0.6873016,0.165562218597332
7,0.557312252964427,0.416666666666667,0,0,0.0380228217423994,0.000459222970956271,0.0124223546569966,0.000248328417154184,0.20036147793529,0.1790923798954,0.237849784699192,0.180826191556471,0.623134344961294,0.358823539065744,0.426944985374232,0.237849784699192,0.31548372,0.141271876474978
7,0.992094861660079,0.525,0,0,0.0304182505498128,0.000548876576253904,0.0136645951761121,0.00051382120919505,0.00516395546596299,0.00243111838274812,0.0117820324611043,0.000779423194717905,0.813432838853308,0.164705888207612,0.546489579912793,0.0117820324611043,0.75,0.174018591473017
7,0.810276679841897,0.208333333333333,0,0,0.0190114057381196,0.000407057820042464,0.0111801212931602,0.000331427878666413,0.0493157789873208,0.0340356591088789,0.0810014706848198,0.0303975060671082,0.71268657096096,0.29529412767474,0.438330190221403,0.0810014706848198,0.64589113,0.167116899743489
7,0.940711462450593,0.341666666666667,0,0,0.117870712154288,0.0136090053386123,0.023602481763821,0.00062248013378401,0.100438943468286,0.0721231780561036,0.151693673404318,0.0732657849332569,0.60634330059242,0.40117647999308,0.37571158917866,0.151693673404318,0.57700235,0.152213217635299
7,0.814229249011858,0.433333333333333,0,0,0.036121672613454,0.000332382156063657,0.00372670836480072,2.40443315297628e-05,0.00852052683254925,0.00324149115268631,0.0191458019208704,0.0023382696543018,0.79477612307446,0.184705887148789,0.533206845478506,0.0191458019208704,0.93333334,0.1642933354128
7,0.351778656126482,0.5125,0,0,0.0133079847010944,1.86731717390743e-05,0.0211180092224839,0.000109535538812017,0.0147172745071193,0.00729335500237727,0.030927837032932,0.00467653944889978,0.777985078705586,0.21294117933564,0.504743845315037,0.030927837032932,0.88148147,0.173089009428193
5,0.33596837944664,0.775,0.333333323333334,0.5,0.0551331125721074,0.00146381341719585,0.0285714451818978,0.000796250065195133,0.440743607768973,0.410048609481755,0.515463928457556,0.390491033811659,0.481343294295778,0.594117663564014,0.191650882795819,0.515463928457556,0.28533262,0.163876373243341
5,0.0118577075098814,0.741666666666667,0,0,0.0703422405846564,0.00391762943997006,0.26211175763281,0.0826617083551156,0.184353224147273,0.170988660218709,0.218703974825449,0.160561187511732,0.682835826722265,0.339999996823529,0.396584450500308,0.218703974825449,0.27147257,0.15833942385958
5,0.525691699604743,0.733333333333333,0,0,0.0646387795096068,0.00152800805147913,0.0472049724717408,0.00128736256574132,0.413891050778964,0.384116706516343,0.491163497855939,0.360093510207529,0.496268685724827,0.59999997882353,0.16698295888438,0.491163497855939,0.30745777,0.169674929161171
5,0.992094861660079,0.791666666666667,0,0,0.15779466933742,0.00554100337353829,0.124223589054435,0.00418030148670902,0.28091918376202,0.260940050736953,0.32474226564991,0.253312533022212,0.60634330059242,0.40823528583391,0.364326401409287,0.32474226564991,0.2753682,0.145778029298488
5,0.861660079051383,0.6875,0,0.5,0.0722433760253884,0.00187343201457188,0.114285704702751,0.00204965250379347,0.420345989011495,0.388978923735648,0.501472772448654,0.3639906433674,0.483208947235604,0.619999990470588,0.148007628857627,0.501472772448654,0.31446242,0.170150330164301
5,0.806324110671937,0.745833333333333,0,0,0.0437262212204883,0.00100648046864916,0.036024833290383,0.000810641380042841,0.34495223377079,0.326580245758349,0.402061861545936,0.301636779372197,0.597014935147026,0.48705884184083,0.246679324503383,0.402061861545936,0.29078844,0.177377422615761
5,0.794466403162055,0.758333333333333,0,0,0.038022845696773,0.000756573136083792,0.0757763751691692,0.00179555910375835,0.290730717760828,0.276337125416022,0.335787929780649,0.256430243758995,0.641791042269993,0.416470603432526,0.314990519430812,0.335787929780649,0.27838665,0.176471108661564
5,0.877470355731225,0.625,0,0,0.0475285331665926,0.00306612844936627,0.201242201165081,0.0223772492244547,0.293054488553199,0.262560780085582,0.346097184491184,0.265783319850871,0.529850774462575,0.455294114968858,0.366223915626384,0.346097184491184,0.30841646,0.127904005863693
5,0.339920948616601,0.770833333333333,0.333333323333334,0,0.0456273361289,0.000876486510686905,0.0496894329385445,0.00120381718561179,0.429382930422399,0.40113452513075,0.501472772448654,0.379579091829179,0.501865661335348,0.578823508359862,0.195445928307811,0.501472772448654,0.28752622,0.167113710034095
5,0.411067193675889,0.758333333333333,0,0,0.110266156703147,0.00192106922690957,0.0645962784722808,0.00157056889220079,0.419055001364988,0.387358179800309,0.497790891032468,0.36554947418396,0.481343294295778,0.608235296422145,0.168880473101477,0.497790891032468,0.30846536,0.167276603456419
5,0.300395256916996,0.725,0,0,0.100760479499488,0.00772695011003123,0.139130407755875,0.0231680347031039,0.226955865281359,0.213128031710924,0.262886604838832,0.201870618024299,0.666044782353391,0.3576470696609,0.385199262730935,0.262886604838832,0.27036038,0.160980184266154
5,0.343873517786561,0.704166666666667,0,0,0.0513307800936828,0.000944722040046852,0.0857142505767546,0.00208368619506929,0.351407178974661,0.329821704455605,0.413107499167102,0.306313327940348,0.572761211854672,0.510588261702422,0.233396622516914,0.413107499167102,0.3009182,0.1738317584423
5,0.841897233201581,0.625,0,0,0.127376433844642,0.00073572656310501,0.257142841171252,0.0136491635721715,0.281951973879225,0.257698562866277,0.32916053660412,0.254871405927626,0.576492551316412,0.424705878678201,0.368121463999078,0.32916053660412,0.29805613,0.141897764609687
5,0.778656126482213,0.716666666666667,0,0,0.036121645237027,0.00119151737025349,0.0757763751691692,0.00115228808271243,0.376710571702884,0.356564030442172,0.441089864204051,0.327357754408176,0.574626864794498,0.529411782768166,0.201138556348094,0.441089864204051,0.2986217,0.179499418759403
5,0.743083003952569,0.733333333333333,0,0,0.0418251131561834,0.0010120790337257,0.0683229714085111,0.00172326985240388,0.338239111951638,0.321717984778914,0.396907220935882,0.291504287872041,0.61194030978503,0.492941167688581,0.222011383514145,0.396907220935882,0.30575457,0.184113988126391
5,0.486166007905138,0.75,0,0,0.119771892081714,0.00276148309842794,0.0732919258824891,0.00201981810371048,0.416473026071976,0.385737450451681,0.495581748927969,0.361652376098133,0.488805990010303,0.609411755238754,0.159392816627,0.495581748927969,0.31361094,0.169339170277683
5,0.715415019762846,0.729166666666667,0.333333323333334,0,0.125475267605429,0.00206102942125507,0.0397515262266133,0.000895361733620227,0.337722695979015,0.319286890755972,0.396907220935882,0.29228371029513,0.598880604877896,0.49529410649827,0.231499057066421,0.396907220935882,0.30452195,0.179818960488818
5,0.592885375494071,0.633333333333333,0,0,0.0703422097861761,0.00230426933694081,0.406211139986886,0.0302878522759336,0.27885361049895,0.252025944505883,0.318114872473381,0.262665609114089,0.559701490156494,0.385882356553633,0.447817855234779,0.318851242129225,0.2638465,0.0884195837748213
5,0.438735177865613,0.775,0,0,0.14448673494051,0.00301882177440693,0.110559005058447,0.00225256354396832,0.350890783916058,0.325769866497325,0.412371116256472,0.309431003603086,0.548507471771274,0.509411781709343,0.259962077723248,0.412371116256472,0.29632849,0.163339007938263
5,0.537549407114625,0.7125,0,0,0.0627376474909282,0.00388775210785642,0.0807453274071225,0.006649590887784,0.243480514127979,0.229335500237727,0.284241536934893,0.213561961385442,0.658582086638867,0.384705897737024,0.349146116894527,0.284241536934893,0.28575617,0.175106735650568
5,0.0118577075098814,0.791666666666667,0,1,0.0931558898278129,0.00169286543438137,0.116770160697506,0.00225384722175566,0.374386800910513,0.343598049786046,0.445508082139116,0.328137183846074,0.501865661335348,0.561176488463668,0.223908914809041,0.445508082139116,0.30885938,0.162666550046414
5,0.924901185770751,0.770833333333333,0,0,0.0570342206364123,0.00134446834907974,0.0496894329385445,0.000828279614886138,0.329460382012715,0.304700180751217,0.388070698909641,0.290724844404525,0.557835820425624,0.490588250055363,0.280834921967097,0.388070698909641,0.29423782,0.16276912438532
5,0.656126482213439,0.741666666666667,0,0,0.129277559019214,0.00225640907741552,0.0844720359955257,0.00111402473227634,0.407177901074451,0.374392213730893,0.480117787333448,0.360872932630618,0.477611971625083,0.577647049543253,0.222011383514145,0.480117787333448,0.29552308,0.158285014132511
5,0.984189723320158,0.6875,0,0.5,0.0551331125721074,0.0010717154184091,0.0770186188187193,0.00122287636722586,0.374128603381212,0.343598049786046,0.448453627036424,0.324240036656585,0.503731364648306,0.576470590726644,0.197343459602706,0.448453627036424,0.3181372,0.166522438640274
5,0.960474308300395,0.7625,0,0,0.0589353560771442,0.00115296842329435,0.0509316788241193,0.00146978799542793,0.346759623447239,0.324149100681921,0.408689254722465,0.302416194780477,0.567164185871018,0.510588261702422,0.239089182246002,0.408689254722465,0.30085307,0.171629465561673
5,0.699604743083004,0.725,0,0,0.0893536429007227,0.00182145213802628,0.0695652195301106,0.00164253974876131,0.341853870390515,0.3209076201046,0.402061861545936,0.297739653227135,0.580223890778152,0.501176485287197,0.240986713540898,0.402061861545936,0.30003616,0.174257030644126
5,0.901185770750988,0.766666666666667,0,0,0.142585534480764,0.00229693751774697,0.0919254576443815,0.00162128462407688,0.33255875933567,0.309562390677167,0.390279827759353,0.293063139733028,0.569029855601888,0.48705884184083,0.275142311004613,0.390279827759353,0.29027814,0.166447514045424
5,0.0158102766798419,0.829166666666667,0,0.5,0.0741445080440669,0.00168394395021813,0.0993788658770891,0.00188509050798657,0.357603926649231,0.331442455684299,0.426362312029733,0.309431003603086,0.539179123116924,0.545882343847751,0.210626212822572,0.426362312029733,0.3175664,0.171787607995796
5,0.462450592885375,0.704166666666667,0,0,0.0665399354826589,0.00149436705016263,0.0695652195301106,0.000785284560032416,0.338497309480939,0.321717984778914,0.391016197415197,0.29851909669465,0.61007464005416,0.463529421979239,0.27134726549262,0.391016197415197,0.27882218,0.175959949337342
5,0.33596837944664,0.758333333333333,0,0,0.112167357162893,0.00166595608188776,0.0496894329385445,0.00130520205148519,0.428091921861872,0.39141006151872,0.507363795969339,0.378799676420899,0.444029882887335,0.612941163453287,0.199241025053199,0.507363795969339,0.29957896,0.156933752505915
4,0.802371541501976,0.604166666666667,0,0,0.0171102771414945,0.000281215171564831,0.0447204851726407,0.000402338236753708,0.16524657909362,0.126418158236776,0.168630341173562,0.198752921317134,0.513059730093701,0.187058829134948,0.815939293617159,0.187776144419911,0.38903406,0.992017366120972
4,0.276679841897233,0.704166666666667,0.333333323333334,0,0.0418250892018098,0.00056766366339477,0.0670807411751092,0.00134648005385241,0.155693270509474,0.133711513239153,0.142120768467446,0.190958676041818,0.632462693615644,0.103529416685121,0.829222029759226,0.180412361705358,0.3273826,0.923002144408049
4,0.233201581027668,0.708333333333333,0.333333323333334,0,0.0570342206364123,0.00121002141333669,0.0596273262343276,0.00150677596336471,0.136844829956463,0.124797399714728,0.118556707521674,0.167575996334341,0.70708956176835,0.0764705928442906,0.796963963590406,0.158321066580846,0.28569087,0.878565228423903
4,0.403162055335968,0.854166666666667,0,0,0.0304182505498128,0.000657295155560288,0.0484471937610439,0.000825521251288259,0.101471726614151,0.0794165330584808,0.0905743756216909,0.134060783037856,0.649253737984518,0.103529416685121,0.812144231027368,0.126656840009891,0.43169576,0.921947189996131
4,0.347826086956522,0.875,0,0,0.0475285160563258,0.00149758721830713,0.0322981358821034,0.00114344141050798,0.098115158733235,0.0777957891231425,0.0824742298786875,0.134060783037856,0.662313442891652,0.0800000042352941,0.836812154938807,0.126656840009891,0.44601154,0.900066656532344
4,0.0276679841897233,0.783333333333333,0,0,0.0570342377466791,0.000795397897225664,0.0310559078847262,0.00051382120919505,0.104570103937106,0.0972447309339119,0.0780559655518707,0.139516761043905,0.750000004197761,0.0294117668858131,0.829222029759226,0.131811493874731,0.40888458,0.830915553199274
4,0.786561264822134,0.995833333333333,0,0,0.0779467686593706,0.00143261030550608,0.0322981358821034,0.000739794571075048,0.0642912475380712,0.0478119920406158,0.0486008843991098,0.0966484786703514,0.699626871091139,0.0717647131072664,0.812144231027368,0.0913107519049282,0.5633903,0.879203203878418
4,0.640316205533597,0.645833333333333,0,0,0.0608364983619828,0.00110545201137742,0.0546583941205966,0.000758731703755871,0.118254586932752,0.0899513759315347,0.108247426301565,0.155884631928772,0.600746274608766,0.111764712048443,0.848197359785978,0.147275395822714,0.4462137,0.933409796823066
4,0.731225296442688,0.675,0,0,0.0494296617632178,0.000836558593649165,0.0472049724717408,0.0014319725184118,0.119545574579259,0.0988654748692502,0.103092779064118,0.156664068381479,0.652985077446258,0.081176476816609,0.844402280118389,0.148011785360738,0.39643326,0.902673337412244
4,0.00395256916996047,0.975,0,0,0.0646387829316601,0.00218102537978523,0.0708074497635124,0.0023643576979097,0.0446682164885582,0.0453808761376084,0.0397643590591726,0.0491036617582646,0.824626867313154,0.11882353483045,0.609108174124416,0.0478645067903939,0.19104938,0.805959015088249
4,0.241106719367589,0.883333333333333,0,0,0.0855513343766718,0.00577000789740313,0.0372670769399331,0.00176324946186414,0.046475600587935,0.0356564030442172,0.030927837032932,0.0732657849332569,0.744402986609629,0.0682352995986159,0.772296022601169,0.06921944352563,0.5931498,0.854634416913988
4,0.952569169960474,0.716666666666667,0,0,0.0513307972039497,0.000944721707291102,0.0484472027051427,0.00129705629505168,0.107152079230119,0.0923824991278971,0.0824742298786875,0.147310985274794,0.697761201360269,0.0388235327128027,0.86717270689053,0.139175256707104,0.42024404,0.859550917456952
4,0.786561264822134,0.85,0,0,0.0532319531770018,0.000966397366429825,0.105590050584469,0.0019079534037545,0.160599023566198,0.124797399714728,0.149484531299819,0.206547152562832,0.535447750073096,0.116470593903114,0.907020864083333,0.195139913879677,0.42076695,0.941001842392933
4,0.221343873517787,0.691666666666667,0,0,0.0323194102871236,0.000556460009212293,0.0322981314100539,0.00123961899949512,0.136586625455821,0.115072936102698,0.12223858893786,0.172252523858066,0.641791042269993,0.0952941234394463,0.833017092349016,0.162739317652877,0.3589904,0.916191493699778
4,0.245059288537549,0.870833333333333,0,0,0.104562757225058,0.0153904167755685,0.0819875732926973,0.00439209504915915,0.0570617097462962,0.0478119920406158,0.042709868831297,0.0810600091641462,0.751865673928631,0.0764705928442906,0.751423161279521,0.0765832063580029,0.48671728,0.862451219480462
4,0.458498023715415,0.8875,0,0,0.104562743536845,0.0025810335877604,0.0683229781165852,0.00217951646395382,0.141234194925924,0.112641820199691,0.117820331238436,0.193296950325894,0.591417909163372,0.0529411793356401,0.952561700549816,0.182621497182463,0.44151622,0.897874369266445
4,0.91699604743083,0.833333333333333,0.333333323333334,0,0.0912547578091343,0.00613973644131237,0.0372670769399331,0.00125030426818875,0.107668481260061,0.0907617551925588,0.100883650214406,0.130943107375117,0.682835826722265,0.124705887148789,0.743833036099939,0.123711348131728,0.33542147,0.939980430293476
4,0.91304347826087,0.683333333333333,0,0,0.039923964027238,0.000628817152127055,0.063354032586706,0.00156380549141554,0.107152079230119,0.0907617551925588,0.0898379927110604,0.141075591860465,0.686567166184005,0.0741176497993079,0.821631887501845,0.133284233186419,0.38741234,0.887472995542549
4,0.110671936758893,0.766666666666667,0,0,0.0152091221950583,0.000407057608288805,0.0136645900332553,0.000490802340372526,0.111799641728881,0.105348465197313,0.0883652401445859,0.14263445073626,0.753731348696814,0.0458823597301038,0.798861494885302,0.13475699900768,0.34230694,0.837250870056192
4,0.245059288537549,0.791666666666667,0,0,0.0494296617632178,0.000926188926211312,0.0211180065392543,0.000398066935247592,0.0542215348325805,0.0453808761376084,0.0368188492870482,0.0810600091641462,0.755597021785893,0.0611764778754325,0.772296022601169,0.0765832063580029,0.54320127,0.843957133327586
4,0.363636363636364,0.9375,0.333333323333334,0,0.0608365017840362,0.00271881261858205,0.0447204918807148,0.000673240782841386,0.0872708485599024,0.0696920548597411,0.0714285723753419,0.120810601845344,0.684701496453135,0.0764705928442906,0.81973435620695,0.114138443194857,0.44724658,0.89167025019325
4,0.280632411067194,0.75,0.333333323333334,0,0.0437262349087018,0.00051164473705439,0.0695652195301106,0.00332345781639869,0.105861091583612,0.0883306319961964,0.0986745213646942,0.130163670922411,0.679104487260526,0.122352946221453,0.751423161279521,0.122974958593704,0.3503698,0.938362827932554
4,0.201581027667984,0.6625,0,0,0.0190114105289944,0.000459223202876946,0.0211180092224839,0.000281089539115316,0.177381883884799,0.14667746472186,0.167893964890324,0.216679658092606,0.565298516140148,0.128235299175086,0.857685033338254,0.204712818816548,0.34911168,0.948214698667734
4,0.91699604743083,0.720833333333333,0,0,0.0171102737194411,7.8427269273213e-05,0.0173913015284906,0.000566377030712165,0.0826232860611398,0.0713128060884344,0.0655375554820504,0.111457518738659,0.729477615329834,0.0694117690034602,0.785578758743235,0.105301914541223,0.40555555,0.868410268144599
4,0.932806324110672,0.75,0,0,0.0342205337506687,0.000313709073059449,0.0335403705875546,0.000729344022965815,0.0511231630866975,0.0388978945615713,0.0360824756547682,0.0787217418948794,0.733208959828887,0.0717647131072664,0.777988633563654,0.074374077508291,0.5358197,0.867365520802739
4,0.138339920948617,0.966666666666667,0.333333323333334,0,0.0646387897757669,0.0018673156613813,0.0447204941167395,0.000512944844475915,0.0929512011758699,0.0721231780561036,0.0802650944015825,0.126266558806966,0.660447773160782,0.0929411814532872,0.817836824912054,0.119293077177518,0.4522286,0.908645060974233
4,0.731225296442688,0.8625,0,0,0.0399239537610779,0.000750660923504092,0.0260869511747235,0.000472871152022952,0.0955331834402226,0.0777957891231425,0.0839469824451621,0.124707720975597,0.680970156991395,0.0988235337716263,0.787476290038131,0.117820331238436,0.40134683,0.911057992190416
4,0.774703557312253,0.9375,0,0,0.0836501920918331,0.00688666056816128,0.0745341561158909,0.0054821019537116,0.112057839258182,0.0956239869985736,0.11045656177867,0.129384255514131,0.684701496453135,0.150588240525952,0.700189765083949,0.122974958593704,0.29272884,0.979404516510985
4,0.818181818181818,0.954166666666667,0.333333323333334,0,0.0361216794575607,0.000870169657031673,0.0546583807044484,0.00361198986203072,0.0986315607631777,0.0794165330584808,0.086156111294874,0.130163670922411,0.669776121815131,0.0952941234394463,0.804554088769988,0.122974958593704,0.42162097,0.912703848661384
4,0.877470355731225,0.725,0,0,0.0171102668753344,0.000352522570923359,0.053416139290923,0.00150092468359659,0.0903692258828575,0.0842787648644957,0.0648011791988131,0.123148862099802,0.763059704067582,0.0305882468788927,0.814041762322264,0.116347565417176,0.44541803,0.819759477445019
4,0.430830039525692,0.741666666666667,0,0,0.0342205474388822,0.00067223392245218,0.0273291925882489,0.000855743510185727,0.0901110283535563,0.0794165330584808,0.0611192911552335,0.130943107375117,0.731343290098017,0.014117654034602,0.872865266619619,0.123711348131728,0.50813884,0.831849231502476
4,0.33596837944664,0.733333333333333,0,0,0.0380228046321325,0.000726095734434291,0.0322981358821034,0.000541219946810592,0.0957913809695238,0.0850891441255198,0.0684830672423927,0.134840205460944,0.729477615329834,0.0235294198615916,0.859582564633149,0.127393216293128,0.46332908,0.836986459935445
4,0.885375494071146,0.970833333333333,0,0,0.115969576713556,0.00221344355413795,0.0670807367030598,0.00109658969592298,0.0854634658547937,0.0753646732201351,0.061855674065864,0.120031165392637,0.73694030432794,0.0388235327128027,0.827324481386531,0.113402053656833,0.48014903,0.844782327935534
4,0.181818181818182,0.920833333333333,0,0,0.0437262383307552,0.00126509803589406,0.0223602470583697,0.000645176712633852,0.0885618431777488,0.08022690502615,0.0596465385887589,0.127045974215246,0.748134334466891,0.014117654034602,0.855787467887761,0.120029446833362,0.50096595,0.8258891419858
4,0.379446640316206,0.729166666666667,0,0,0.0399239708713448,0.000696986866433052,0.0260869645908718,0.000725325857583498,0.108701264405926,0.101296598065613,0.0780559655518707,0.148090400683074,0.748134334466891,0.0105882352318339,0.861480078850246,0.139911626362948,0.44266057,0.823923575905976
4,0.616600790513834,0.875,0,0,0.036121672613454,0.000652332254801363,0.0273291903522242,0.000447680692210376,0.0844306757375887,0.074554293959111,0.0537555283228606,0.126266558806966,0.738805977417019,0.00470588820761242,0.880455408876999,0.119293077177518,0.5491797,0.826188622121927
4,0.241106719367589,0.8875,0,0,0.0323193948878834,0.00109259543838251,0.0521739135295706,0.00117792600478721,0.101988128644094,0.0964343589662428,0.0758468367021588,0.134840205460944,0.763059704067582,0.0305882468788927,0.814041762322264,0.127393216293128,0.40896538,0.823342226187161
4,0.102766798418972,0.9875,0.333333323333334,0,0.0551330783515736,0.00065233185146106,0.0708074497635124,0.00124241811820369,0.106635684171516,0.107779581100321,0.0854197350116367,0.127825396638335,0.80783582294428,0.0552941223806228,0.728652768662977,0.120765823116599,0.31222734,0.81046939847369
4,0.1699604743083,0.925,0,0,0.0760456195304252,0.0021644119943726,0.047204963527642,0.000957756437561403,0.100955338526889,0.0915721198668729,0.0751104537915283,0.13717847974502,0.73694030432794,0.0317647056955017,0.838709686233703,0.129602351770233,0.42217422,0.838487251780802
4,0.0632411067193676,0.908333333333333,0,0,0.0722433589151215,0.00200170764200805,0.0546583874125225,0.00116476441228826,0.0955331834402226,0.0818476489614882,0.0736377012250537,0.131722529798206,0.708955224782802,0.0494117711211072,0.838709686233703,0.124447724414965,0.4398524,0.863585211533553
4,0.122529644268775,0.954166666666667,0,0,0.0437262314866485,0.0015536698724154,0.0509316721160452,0.00122994777566182,0.0846888802382302,0.0713128060884344,0.061855674065864,0.121590024268433,0.714552245729143,0.0423529409273356,0.844402280118389,0.114874819478094,0.47067475,0.85417736513384
4,0.213438735177866,0.825,0.333333323333334,0,0.0627376372247681,0.00130610735870183,0.0310558967046027,0.000719992232640796,0.0872708485599024,0.0753646732201351,0.0684830672423927,0.118472334576077,0.723880606137224,0.0623529493979238,0.802656557475093,0.111929314345145,0.40790388,0.863470348419511
4,0.541501976284585,0.8,0,0,0.0570342343246258,0.0016602952007344,0.050931681060144,0.00135518375857122,0.0784921255923199,0.0640194510860571,0.0537555283228606,0.118472334576077,0.708955224782802,0.0317647056955017,0.86717270689053,0.111929314345145,0.53894526,0.850128415181976
4,0.351778656126482,0.741666666666667,0,0,0.0304182505498128,0.000785871775697617,0.023602481763821,0.000597087016478541,0.089852830824255,0.0761750451878043,0.0625920503491012,0.131722529798206,0.710820897871881,0.0223529504567474,0.880455408876999,0.124447724414965,0.49709514,0.844387727307715
4,0.964426877470356,0.945833333333333,0.333333323333334,0,0.0570342172143589,0.00255979025900901,0.0521739090575212,0.00176033283859749,0.0622256673036613,0.0461912495639485,0.043446242463577,0.0974279010934403,0.703358215590193,0.0564705949619377,0.833017092349016,0.0920471281881655,0.59701496,0.867976669122463
4,0.225296442687747,0.858333333333333,0,0,0.0475285160563258,0.00107171551924417,0.0372670747039084,0.000973720466884126,0.0831396880910825,0.0713128060884344,0.0596465385887589,0.119251749984357,0.725746269151676,0.0388235327128027,0.838709686233703,0.112665684000989,0.48659843,0.847928338309979
4,0.573122529644269,0.791666666666667,0,0,0.0209125401522355,0.000330467338308939,0.023602481763821,0.000577397140509913,0.0743609651235001,0.063209079118388,0.0463917522357014,0.114575215445823,0.733208959828887,0.0152941234394463,0.869070221107626,0.108247426301565,0.5708515,0.831579163844543
4,0.0711462450592885,0.720833333333333,0,0,0.0190114057381196,0.00034713985341,0.0186335384699666,0.000449827902266953,0.0991479488504399,0.0899513759315347,0.0729013249418165,0.135619641913651,0.738805977417019,0.0294117668858131,0.840607217528598,0.128129605831152,0.43115196,0.836386559538318
4,0.964426877470356,0.6875,0,0,0.034220554282989,0.000520710314540902,0.0223602470583697,0.000402338503645583,0.128840699576784,0.110210697003328,0.112665684000989,0.163678877204088,0.664179112622521,0.0847058850311418,0.827324481386531,0.154639178537267,0.35206997,0.902590069209139
4,0.897233201581028,0.7125,0.333333323333334,0,0.0304182402836526,0.000694280311830455,0.0173912970564412,0.000472803657231672,0.116963606257587,0.106158829871627,0.0846833587283994,0.161340602920012,0.722014933048145,0.00470588820761242,0.897533207608856,0.152430043060162,0.44435817,0.832781785013419
4,0.312252964426877,0.8,0,0,0.0475285126342724,0.000749070855194378,0.0434782549392388,0.00110097386383918,0.0864962629433389,0.0729335500237727,0.0596465385887589,0.127825396638335,0.71268657096096,0.0235294198615916,0.876660363365007,0.120765823116599,0.5144446,0.844588611847705
4,0.723320158102767,0.775,0,0,0.104562733270685,0.00328237844533287,0.101863341996066,0.0019808006755272,0.0833978856203838,0.0648298230537263,0.0633284200049454,0.122369446691522,0.679104487260526,0.0552941223806228,0.859582564633149,0.115611195761331,0.51518697,0.874389512705578
4,0.33201581027668,0.883333333333333,0.333333323333334,0,0.0608364983619828,0.00105578529146984,0.0434782594112882,0.00109042146401969,0.102762721231998,0.0923824991278971,0.0765832063580029,0.140296176452185,0.729477615329834,0.0305882468788927,0.848197359785978,0.132547863530575,0.42312294,0.841195365419404
4,0.636363636363636,0.941666666666667,0.333333323333334,0,0.0779467686593706,0.00115296771744882,0.0596273262343276,0.00185000648898196,0.0921766085879662,0.0794165330584808,0.0662739317652877,0.131722529798206,0.716417915460013,0.0294117668858131,0.863377610145141,0.124447724414965,0.47282594,0.845198400343951
4,0.454545454545455,0.975,0,0,0.0779467789255307,0.00117240024990965,0.0509316721160452,0.00107976591409703,0.114123419492592,0.0988654748692502,0.0949926333211146,0.148869823106163,0.692164175376615,0.0670588301937716,0.827324481386531,0.140648002646186,0.38490298,0.880061940798826
4,0.1699604743083,0.733333333333333,0,0,0.0494296720293779,0.00034713977274194,0.018633542942016,0.000741095560767813,0.106119289112914,0.0964343589662428,0.0846833587283994,0.137957916197727,0.733208959828887,0.0541176508581315,0.806451620064883,0.130338741308257,0.35552603,0.853273804402487
4,0.845849802371542,0.866666666666667,0,0,0.0874524766615104,0.00225641048910659,0.0720496867049884,0.00179716838963358,0.0921766085879662,0.0753646732201351,0.0677466843317623,0.134060783037856,0.688432835914875,0.0364705939031142,0.880455408876999,0.126656840009891,0.49459508,0.861267770143833
4,0.786561264822134,0.995833333333333,0,0,0.0779467686593706,0.00143261030550608,0.0322981358821034,0.000739794571075048,0.0642912475380712,0.0478119920406158,0.0486008843991098,0.0966484786703514,0.699626871091139,0.0717647131072664,0.812144231027368,0.0913107519049282,0.5633903,0.879203203878418
4,0.446640316205534,0.945833333333333,0,0,0.0570342343246258,0.0011447729516766,0.0322981358821034,0.000770419331773671,0.0950167883816201,0.0810372769938191,0.0706921960921046,0.134060783037856,0.70708956176835,0.0376470633079584,0.859582564633149,0.126656840009891,0.46145898,0.854650348673009
4,0.114624505928854,1,0,0,0.0836501784036196,0.00189739920122486,0.178881976466958,0.00115812500802563,0.144074360776897,0.156401950213954,0.117820331238436,0.159781765088643,0.873134329009802,0.040000002117647,0.686907037480782,0.15095729712108,0.23141664,0.72712539780083
4,0.130434782608696,0.6375,0,0,0.0304182560250982,0.000407057820042464,0.0285714272937002,0.000353922795457924,0.0790085206509224,0.0672609389567337,0.0684830672423927,0.101325020223694,0.727611942240755,0.100000005294118,0.738140425137454,0.0957290162317451,0.367923,0.895686027167426
4,0.399209486166008,0.8,0,0,0.0228136834636902,0.000766464552840806,0.029813657527102,0.000645176640500913,0.0681642174489301,0.054294977992666,0.042709868831297,0.108339829046303,0.716417915460013,0.0258823586712802,0.869070221107626,0.102356409408274,0.5918262,0.844259064503562
4,0.853754940711462,0.975,0.333333323333334,0.5,0.108365024684469,0.00304181247418622,0.0484472027051427,0.000896437235744818,0.0679060199196288,0.054294977992666,0.0471281285189387,0.102883865069872,0.718283585190883,0.0482352985397924,0.831119561054121,0.0972017687982197,0.57276654,0.858472913197683
4,0.640316205533597,0.829166666666667,0,0,0.0532319394887883,0.000548876273748677,0.0335403683515299,0.000692710155627944,0.0826232860611398,0.0680713182177579,0.0589101623055216,0.121590024268433,0.70708956176835,0.0376470633079584,0.859582564633149,0.114874819478094,0.48873982,0.854153945951717
4,0.0118577075098814,0.7375,0,0,0.0532319394887883,0.000694280311830455,0.0521739023494471,0.000548294168431177,0.109734061494471,0.0972447309339119,0.0927835044714028,0.139516761043905,0.71268657096096,0.0764705928442906,0.79127136970572,0.131811493874731,0.3424082,0.881173101247839
4,0.130434782608696,0.658333333333333,0,0,0.0285171103182061,0.000509746617588219,0.0360248444705066,0.000634636503281101,0.0893364357656525,0.0777957891231425,0.0648011791988131,0.126266558806966,0.725746269151676,0.0352941244982699,0.844402280118389,0.119293077177518,0.46356925,0.84566884890355
4,0.181818181818182,0.825,0,0,0.0589353629212509,0.00130032769382922,0.0310559011766521,0.000670084678216345,0.0810741078566726,0.0696920548597411,0.0611192911552335,0.113016356570028,0.729477615329834,0.0552941223806228,0.808349168437578,0.106774660480304,0.46432462,0.857046357641465
4,0.620553359683794,0.766666666666667,0,0,0.0836501852477264,0.00236399596901701,0.063354032586706,0.00124241855100132,0.0815905029152751,0.068881690185427,0.0567010268284166,0.120031165392637,0.720149259959066,0.0317647056955017,0.855787467887761,0.113402053656833,0.5177167,0.848698250217761
4,0.691699604743083,0.925,0.333333323333334,0,0.049429654919111,0.00115785650442706,0.0583850870568269,0.00137214163553127,0.0870126580019414,0.0753646732201351,0.0552282808893352,0.131722529798206,0.725746269151676,0,0.901328304354244,0.124447724414965,0.554881,0.830644092141975
4,0.877470355731225,0.725,0,0,0.0171102668753344,0.000352522570923359,0.053416139290923,0.00150092468359659,0.0903692258828575,0.0842787648644957,0.0648011791988131,0.123148862099802,0.763059704067582,0.0305882468788927,0.814041762322264,0.116347565417176,0.44541803,0.819759477445019
4,0.0355731225296443,0.883333333333333,0.333333323333334,0,0.0513308040480564,0.00107872063279253,0.0795031105898689,0.00212716331435619,0.104828301466407,0.100486226097943,0.0854197350116367,0.129384255514131,0.770522393065688,0.063529414567474,0.753320692574416,0.12223858893786,0.33066535,0.831862863313146
4,0.652173913043478,0.879166666666667,0,0,0.0532319394887883,0.000841411685010584,0.0260869511747235,0.000449827801280838,0.0730699774769939,0.063209079118388,0.0441826200722929,0.113016356570028,0.74253731352055,0.0105882352318339,0.86717270689053,0.106774660480304,0.58765954,0.825070679343467
4,0.687747035573123,0.8375,0.333333323333334,0,0.0342205371727221,0.000672234174539869,0.040993787764361,0.000970747074994268,0.0857216633840949,0.0729335500237727,0.0596465385887589,0.125487143398686,0.718283585190883,0.0270588280761245,0.865275175595634,0.118556707521674,0.4987573,0.842531501108298
4,0.343873517786561,0.833333333333333,0.666666646666667,0,0.0475285229004325,0.000887161859656935,0.0546583807044484,0.0010499046084277,0.075393755240705,0.0648298230537263,0.0508100132488217,0.111457518738659,0.73694030432794,0.0317647056955017,0.838709686233703,0.105301914541223,0.52432793,0.836880125097045
4,0.66798418972332,0.895833333333333,0,0,0.0532319326446816,0.00143654771354449,0.0534161437629724,0.000930197110383153,0.0828814905617813,0.0737439219914418,0.0530191454122301,0.123148862099802,0.744402986609629,0.00823529642214531,0.869070221107626,0.116347565417176,0.5483297,0.82540967830018
4,0.292490118577075,0.895833333333333,0,0,0.0760456434847988,0.000660934898455045,0.0360248399984571,0.000735876309813626,0.116447197256304,0.111831440938666,0.086156111294874,0.152766956266034,0.764925378835765,0.014117654034602,0.838709686233703,0.144329903944552,0.40474883,0.816987888589495
4,0.00395256916996047,0.779166666666667,0.333333323333334,0,0.0304182560250982,0.000625815453257699,0.0434782661193624,0.000978655658323447,0.0849470707961912,0.0705024341207653,0.0699558131814741,0.114575215445823,0.70708956176835,0.0800000042352941,0.79127136970572,0.108247426301565,0.4157716,0.883960957621269
4,0.33201581027668,0.891666666666667,0,0,0.0513308006260031,0.0010139371216668,0.0360248467065313,0.000930197110383153,0.112832424874746,0.105348465197313,0.0846833587283994,0.14964925955887,0.746268659698708,0.0235294198615916,0.842504765901292,0.141384392184209,0.40115124,0.828517042827137
5,0.648221343873518,0.729166666666667,0,0,0.0874524424409767,0.00158605376284236,0.0447204941167395,0.000846687796723257,0.345210452214112,0.329011339781291,0.405007353424099,0.296960258863281,0.61194030978503,0.500000026470588,0.210626212822572,0.405007353424099,0.3072572,0.185231796601297
5,0.24901185770751,0.6875,0,0,0.0798478938339423,0.00092661138484473,0.022360260474518,0.000662856683595813,0.353989182153034,0.335494330109354,0.413107499167102,0.308651588194806,0.593283595685286,0.498823546477509,0.231499057066421,0.413107499167102,0.29405567,0.178505438160726
5,0.786561264822134,0.741666666666667,0,0,0.0380228217423994,0.00109775305167273,0.0708074497635124,0.000725326146115255,0.346243242331317,0.329011339781291,0.403534614112411,0.301636779372197,0.604477614070506,0.488235311245675,0.237191668028906,0.403534614112411,0.2938097,0.17979126038093
5,0.529644268774704,0.725,0.333333323333334,0,0.0760456024201583,0.0028335011228994,0.0509317078924405,0.00093019638905376,0.334366135069439,0.321717984778914,0.379970533284459,0.297739653227135,0.639925389330168,0.429411756297578,0.296015206481858,0.379970533284459,0.2591888,0.178300776333296
5,0.719367588932806,0.725,0,0,0.0988592927279552,0.00143654640268851,0.129192521168166,0.00400802710916777,0.313452114282018,0.296596446487816,0.364506624709082,0.27513637489832,0.61753731897764,0.450588226761246,0.284630018712486,0.364506624709082,0.28574014,0.174458116639446
5,0.99604743083004,0.754166666666667,0,0,0.0741444909338,0.00202508655682904,0.0571428478793262,0.00111402343388343,0.331267771689164,0.308752047882918,0.392488936726886,0.287607161726979,0.572761211854672,0.503529402920415,0.244781810286286,0.392488936726886,0.3074729,0.171898660246509
5,0.209486166007905,0.6875,0,0,0.072243399979762,0.000694280311830455,0.0596273374144511,0.00194149500411858,0.35321458259379,0.335494330109354,0.415316647898994,0.303975039626655,0.598880604877896,0.51294117933564,0.203036070565191,0.415316647898994,0.30857325,0.183452845308915
5,0.33596837944664,0.7,0,0,0.0684410675013374,0.00129306756837425,0.0795031105898689,0.00221764528645817,0.352439990005887,0.333873600760726,0.411634746600628,0.307092757378246,0.593283595685286,0.498823546477509,0.231499057066421,0.411634746600628,0.29654688,0.178878617371778
5,0.984189723320158,0.770833333333333,0,0,0.0513307800936828,0.00151439219036372,0.0509316497557981,0.000879070509284952,0.333075161365613,0.31118315649257,0.389543458103509,0.293842555141308,0.576492551316412,0.481176473640138,0.277039876455105,0.389543458103509,0.28913772,0.167573800432138
5,0.932806324110672,0.754166666666667,0.333333323333334,0,0.0285171103182061,0.000552296952441338,0.0981366490598354,0.00254195923728229,0.323263627366805,0.299837919771782,0.38217968201635,0.282930641218063,0.569029855601888,0.490588250055363,0.269449751275524,0.38217968201635,0.3026748,0.167364404404451
5,0.841897233201581,0.7625,0,0,0.0418250892018098,0.00103416302450373,0.0720496934130625,0.00122287687215644,0.314226706869921,0.293354929443719,0.367452123214638,0.277474670226822,0.589552256223546,0.46117646199308,0.296015206481858,0.367452123214638,0.29197225,0.167405484503846
5,0.628458498023715,0.733333333333333,0.333333323333334,0,0.0893536429007227,0.0019531445620047,0.114285697994677,0.00255217217948955,0.34495223377079,0.325769866497325,0.403534614112411,0.300857363963917,0.591417909163372,0.49411762650519,0.240986713540898,0.403534614112411,0.2973408,0.17686911724205
5,0.790513833992095,0.75,0,0,0.034220554282989,0.000766464784761481,0.0658384952895344,0.000735876526212444,0.34288665353638,0.325769866497325,0.396170851280038,0.302416194780477,0.60634330059242,0.468235310186851,0.267552219980628,0.396170851280038,0.2788862,0.175464637832421
5,0.853754940711462,0.766666666666667,0,0,0.14448673494051,0.00331150556448282,0.053416154943096,0.00151625387092075,0.314226706869921,0.289303091485438,0.368188519380055,0.280592352904369,0.561567193469452,0.464705891384083,0.318785599098402,0.368188519380055,0.2929567,0.155389765280198
5,0.727272727272727,0.7375,0,0,0.0608364675635024,0.00113817430431865,0.0447204807005913,0.000899655302564696,0.349857993798853,0.328200975106977,0.411634746600628,0.304754462049744,0.572761211854672,0.510588261702422,0.233396622516914,0.411634746600628,0.3004298,0.174056549014795
5,0.25296442687747,0.6875,0,0,0.0988593098382221,0.00148298297177909,0.0335403705875546,0.000843266675679319,0.346759623447239,0.329821704455605,0.404270983768255,0.301636779372197,0.60634330059242,0.489411791238754,0.233396622516914,0.404270983768255,0.294787,0.181053277296295
5,0.988142292490119,0.766666666666667,0,0,0.100760445278954,0.00290243682077493,0.0857142952972487,0.00169848930244532,0.334107937540138,0.310372784524901,0.392488936726886,0.294621970549588,0.563432863200322,0.490588250055363,0.275142311004613,0.392488936726886,0.2918749,0.165771127774638
5,0.58498023715415,0.7125,0.333333323333334,0,0.106463933730431,0.00323557846662924,0.156521729408588,0.00407478369194691,0.277820820381745,0.271474864436587,0.313696601519171,0.245518308791323,0.701492540822009,0.369411774297578,0.330170803945573,0.313696601519171,0.24779001,0.19740908299968
5,0.671936758893281,0.733333333333333,0,0.5,0.100760493187701,0.00174543630530602,0.0596273374144511,0.00175375215054743,0.337206307891752,0.316045373711875,0.39837996024757,0.29228371029513,0.580223890778152,0.504705861737024,0.235294153811809,0.39837996024757,0.3067255,0.175539528851383
5,0.980237154150198,0.7875,0,0,0.0874524424409767,0.00264374110634632,0.0559006176459244,0.000870258172359596,0.315775885074388,0.296596446487816,0.369661278573923,0.276695226759307,0.600746274608766,0.464705891384083,0.278937407750001,0.369661278573923,0.29278436,0.172500994895542
5,0.0909090909090909,0.670833333333333,0,0,0.0399239674492914,0.000920493458626965,0.218633531761892,0.00393524497343923,0.293054488553199,0.277147490090336,0.333578781048757,0.265003904442591,0.630597023884774,0.395294132968858,0.360531321741698,0.333578781048757,0.24983571,0.151168235262221
5,0.505928853754941,0.720833333333333,0.333333323333334,0,0.0760456229524785,0.000918447081348899,0.0807453430592955,0.00131182919314815,0.315259483044446,0.304700180751217,0.360824730038109,0.276695226759307,0.660447773160782,0.424705878678201,0.282732453261993,0.360824730038109,0.2758183,0.18701420621018
5,0.300395256916996,0.691666666666667,0,0,0.0456273566612202,0.00134446875242004,0.0484472138852662,0.00142451180850258,0.337464498449713,0.322528349453228,0.393225319637516,0.29228371029513,0.623134344961294,0.47882355600692,0.233396622516914,0.393225319637516,0.29743084,0.185297269583578
5,0.743083003952569,0.733333333333333,0,0,0.0418251131561834,0.0010120790337257,0.0683229714085111,0.00172326985240388,0.338239111951638,0.321717984778914,0.396907220935882,0.291504287872041,0.61194030978503,0.492941167688581,0.222011383514145,0.396907220935882,0.30575457,0.184113988126391
5,0.205533596837945,0.6875,0,0,0.0665399560149791,0.000887162626003511,0.0347826142371047,0.00143998540597117,0.350632586386757,0.331442455684299,0.411634746600628,0.303975039626655,0.589552256223546,0.507058811134948,0.222011383514145,0.411634746600628,0.3024212,0.179061035173177
5,0.877470355731225,0.745833333333333,0,0,0.0684410469690172,0.00104142052824673,0.0459627400023143,0.00105813194721553,0.326878406719703,0.306320910099845,0.38291606492698,0.286827746318698,0.587686569701632,0.477647076013841,0.27134726549262,0.38291606492698,0.29222646,0.17107615170963
5,0.739130434782609,0.745833333333333,0,0,0.0665399354826589,0.000983775737144738,0.0459627400023143,0.000796250281593951,0.34082108724465,0.322528349453228,0.397643590591726,0.297739653227135,0.598880604877896,0.484705871266436,0.248576855798278,0.397643590591726,0.29230747,0.177594222126829
5,0.806324110671937,0.745833333333333,0,0,0.0437262212204883,0.00100648046864916,0.036024833290383,0.000810641380042841,0.34495223377079,0.326580245758349,0.402061861545936,0.301636779372197,0.597014935147026,0.48705884184083,0.246679324503383,0.402061861545936,0.29078844,0.177377422615761
5,0.841897233201581,0.766666666666667,0,0,0.0285171103182061,0.000663777338405741,0.0447204941167395,0.000696870062235937,0.324554628955992,0.299837919771782,0.379970533284459,0.289165992543539,0.559701490156494,0.474117636034602,0.305502862956335,0.379970533284459,0.2902986,0.158276385129205
5,0.577075098814229,0.7125,0,0,0.0779467994578509,0.00171935178373216,0.0658385109417074,0.00115228902044064,0.303898805697872,0.294165337878163,0.348306339850469,0.265783319850871,0.669776121815131,0.416470603432526,0.286527550007381,0.348306339850469,0.27866945,0.188865698209339
5,0.272727272727273,0.691666666666667,0,0,0.0741444669794264,0.00107872224615375,0.0372670635237849,0.000846687796723257,0.344694036241488,0.328200975106977,0.404270983768255,0.296960258863281,0.61007464005416,0.498823546477509,0.214421258334564,0.404270983768255,0.30596185,0.184921320361737
5,0.679841897233202,0.745833333333333,0.333333323333334,0,0.0798478938339423,0.0025861355400888,0.0347826142371047,0.000869150787475845,0.351665376503962,0.327390610432663,0.413107499167102,0.309431003603086,0.554104497754928,0.509411781709343,0.254269466760763,0.413107499167102,0.2921254,0.167120307696156
5,0.845849802371542,0.758333333333333,0,0,0.0684410469690172,0.000520711121221508,0.108074531175495,0.000934332131127096,0.315259483044446,0.298217190423154,0.366715746931401,0.276695226759307,0.61567164924677,0.452941186747405,0.282732453261993,0.366715746931401,0.28924206,0.175275756672515
5,0.660079051383399,0.720833333333333,0,0,0.159695818466365,0.00153292799649578,0.130434755873618,0.00130593997145398,0.336431722275189,0.320097255430286,0.388807075192879,0.296180801366148,0.6138059795159,0.462352931397924,0.269449751275524,0.388807075192879,0.2781955,0.177515604184261
5,0.893280632411067,0.770833333333333,0,0,0.0893536257904558,0.00238066471288624,0.0795031217699924,0.00122287651149174,0.328943973011432,0.307131274774159,0.385861543550357,0.289165992543539,0.578358221047282,0.482352932456747,0.273244779709717,0.385861543550357,0.2924689,0.168665738685072
5,0.794466403162055,0.758333333333333,0,0,0.038022845696773,0.000756573136083792,0.0757763751691692,0.00179555910375835,0.290730717760828,0.276337125416022,0.335787929780649,0.256430243758995,0.641791042269993,0.416470603432526,0.314990519430812,0.335787929780649,0.27838665,0.176471108661564
5,0.727272727272727,0.729166666666667,0,0,0.0741444909338,0.00187443602942126,0.0670807255229363,0.000973720683282943,0.336173503831867,0.3209076201046,0.390279827759353,0.293063139733028,0.62126865843938,0.470588238408304,0.248576855798278,0.390279827759353,0.29042712,0.182678383868263
5,0.976284584980237,0.7875,0,0,0.0475284886798988,0.000960533958026795,0.0397515552949345,0.000842123729256505,0.321456237690356,0.301458692880541,0.374815912556584,0.283710035581916,0.593283595685286,0.463529421979239,0.288425064224478,0.374815912556584,0.28666258,0.168913377649589
5,0.99604743083004,0.791666666666667,0,0,0.102661577297633,0.00271402628004079,0.0633540214065825,0.00168481873992685,0.306480774019544,0.286061574441342,0.357142861876709,0.2720187132652,0.595149265416156,0.447058839723183,0.313093005213715,0.357142861876709,0.2808298,0.163903166802243
5,0.992094861660079,0.791666666666667,0,0,0.15779466933742,0.00554100337353829,0.124223589054435,0.00418030148670902,0.28091918376202,0.260940050736953,0.32474226564991,0.253312533022212,0.60634330059242,0.40823528583391,0.364326401409287,0.32474226564991,0.2753682,0.145778029298488
5,0.897233201581028,0.75,0,0,0.0494296686073245,0.000625815251587548,0.0521738978773976,0.000860235300447325,0.343144844094341,0.3209076201046,0.401325485262699,0.302416194780477,0.570895525332758,0.491764708871972,0.265654654530135,0.401325485262699,0.28958246,0.168493897288504
5,0.399209486166008,0.7,0.333333323333334,0,0.0627376474909282,0.00154394453102816,0.0546583874125225,0.00135731456559741,0.34288665353638,0.327390610432663,0.396170851280038,0.300857363963917,0.61753731897764,0.468235310186851,0.25616698097786,0.396170851280038,0.28268683,0.180265100105252
5,0.924901185770751,0.770833333333333,0,0,0.0570342206364123,0.00134446834907974,0.0496894329385445,0.000828279614886138,0.329460382012715,0.304700180751217,0.388070698909641,0.290724844404525,0.557835820425624,0.490588250055363,0.280834921967097,0.388070698909641,0.29423782,0.16276912438532
5,0.430830039525692,0.7125,0,0,0.0817490669172614,0.00180900495543896,0.0571428635314992,0.00112435590037107,0.323263627366805,0.31118315649257,0.37334314010793,0.281371768312649,0.647388068253648,0.448235309128028,0.258064512272755,0.37334314010793,0.28764573,0.18703910273139
5,0.822134387351779,0.75,0,0.5,0.104562733270685,0.00232301982094917,0.127950297642839,0.00437954204226887,0.336173503831867,0.320097255430286,0.388807075192879,0.295401385957868,0.61567164924677,0.463529421979239,0.265654654530135,0.388807075192879,0.27976418,0.181187933396518
5,0.924901185770751,0.766666666666667,0,0,0.0646387795096068,0.00211156957458892,0.0670807143428128,0.00125399754681258,0.336948103391111,0.311993535753594,0.395434468369407,0.29851909669465,0.554104497754928,0.491764708871972,0.282732453261993,0.395434468369407,0.29058507,0.16168126560282
5,0.928853754940711,0.758333333333333,0,0,0.0912547099003871,0.00170063155024652,0.0906832184668808,0.00236279551484382,0.342370258477777,0.316045373711875,0.405743723079943,0.300077948555637,0.54291044578762,0.516470576961938,0.254269466760763,0.405743723079943,0.30314395,0.16431275906421
5,0.707509881422925,0.729166666666667,0.333333323333334,0,0.0513308451126969,0.00181316117559178,0.0434782504671894,0.0012851156246829,0.345985037830675,0.328200975106977,0.406480105990574,0.29851909669465,0.600746274608766,0.503529402920415,0.216318823785056,0.406480105990574,0.30616122,0.182332166095555
5,0.711462450592885,0.729166666666667,0.333333323333334,0,0.100760493187701,0.00273407108308165,0.0459627243501413,0.00121099967877422,0.340304692186048,0.321717984778914,0.400589089097282,0.293842555141308,0.597014935147026,0.501176485287197,0.223908914809041,0.400589089097282,0.30702683,0.180581905399767
5,0.517786561264822,0.7125,0,0,0.0304182662912583,0.000660935604300576,0.0472049724717408,0.00127834969924478,0.303382410639269,0.293354929443719,0.348306339850469,0.265003904442591,0.667910452084261,0.418823521065744,0.284630018712486,0.348306339850469,0.2807636,0.189170936610318
5,0.521739130434783,0.708333333333333,0,0,0.0817490669172614,0.00218260576792767,0.106832274109797,0.00206650535519394,0.287632340437873,0.275526760741708,0.328424160320882,0.255650800291479,0.658582086638867,0.395294132968858,0.332068318162669,0.328424160320882,0.2656194,0.175569495331734
5,0.893280632411067,0.766666666666667,0.333333323333334,0,0.0855513343766718,0.00225724621021451,0.0782608803564671,0.00208368706066456,0.332816942922291,0.311993535753594,0.388070698909641,0.293842555141308,0.583955230239892,0.475294105439446,0.278937407750001,0.388070698909641,0.28449497,0.168755621338182
5,0.557312252964427,0.716666666666667,0.333333323333334,0,0.0342205337506687,0.000876486208181677,0.0347826008209565,0.00107170448106953,0.301058611961537,0.293354929443719,0.344624445179496,0.261886214750235,0.684701496453135,0.411764715224913,0.278937407750001,0.344624445179496,0.28154,0.194143240279717
5,0.656126482213439,0.745833333333333,0,0,0.104562757225058,0.000861316629801363,0.113043481177424,0.00200833612670256,0.356054748444764,0.327390610432663,0.418998509433001,0.316445812425696,0.52238807874805,0.517647046366782,0.273244779709717,0.418998509433001,0.29895782,0.156377165004758
5,0.0869565217391304,0.670833333333333,0,0,0.0456274011479141,0.000901896344768838,0.204968938821805,0.00422455338589667,0.295120061816268,0.277147490090336,0.339469791314655,0.265003904442591,0.61567164924677,0.414117643446367,0.345351054304736,0.339469791314655,0.26545405,0.154048962542823
5,0.557312252964427,0.725,0.333333323333334,0,0.0779467994578509,0.00178385023409871,0.0695652195301106,0.000842123512857688,0.333333351923574,0.320097255430286,0.385861543550357,0.289945450040672,0.636194033077384,0.462352931397924,0.246679324503383,0.385861543550357,0.28914437,0.185716817096439
5,0.786561264822134,0.758333333333333,0,0,0.0874524903497239,0.00205737203222205,0.103105574465492,0.00259151189764551,0.28711593143659,0.273095615665281,0.331369658826438,0.253312533022212,0.645522398522778,0.411764715224913,0.318785599098402,0.331369658826438,0.27987626,0.176000408282802
5,0.699604743083004,0.725,0,0,0.0893536429007227,0.00182145213802628,0.0695652195301106,0.00164253974876131,0.341853870390515,0.3209076201046,0.402061861545936,0.297739653227135,0.580223890778152,0.501176485287197,0.240986713540898,0.402061861545936,0.30003616,0.174257030644126
5,0.91699604743083,0.775,0,0.5,0.13307980252425,0.00280947696442861,0.0447204941167395,0.000912418360574148,0.346759623447239,0.323338728714252,0.407216482273811,0.304754462049744,0.561567193469452,0.503529402920415,0.25616698097786,0.407216482273811,0.29465598,0.168009800130291
5,0.66403162055336,0.729166666666667,0,1,0.0798479348985828,0.0016738491491133,0.122981370001157,0.00181689775838646,0.344694036241488,0.325769866497325,0.405007353424099,0.29851909669465,0.593283595685286,0.502352944103806,0.225806480259533,0.405007353424099,0.30344796,0.179594253856044
5,0.462450592885375,0.704166666666667,0,0,0.0665399354826589,0.00149436705016263,0.0695652195301106,0.000785284560032416,0.338497309480939,0.321717984778914,0.391016197415197,0.29851909669465,0.61007464005416,0.463529421979239,0.27134726549262,0.391016197415197,0.27882218,0.175959949337342
5,0.920948616600791,0.7625,0,1,0.0494296891396448,0.00196755298681561,0.0857142796450758,0.00222848109659607,0.339013697568201,0.313614265102223,0.399852712814045,0.29851909669465,0.5503731247111,0.503529402920415,0.267552219980628,0.399852712814045,0.29836866,0.163229063691865
5,0.557312252964427,0.7125,0.333333323333334,0,0.0380228217423994,0.000841411937098273,0.062111788937156,0.00147958869788724,0.304156996255833,0.294165337878163,0.350515468700181,0.264224475004693,0.667910452084261,0.425882369259515,0.273244779709717,0.350515468700181,0.28686288,0.191247823547962
5,0.944664031620553,0.766666666666667,0,0,0.0646387795096068,0.00117720887300266,0.0409938145966575,0.00123307726323226,0.340562882744009,0.315234994450851,0.402061861545936,0.299298519117739,0.5503731247111,0.507058811134948,0.261859609018143,0.402061861545936,0.3003628,0.164711808497235
5,0.881422924901186,0.745833333333333,0,0,0.0988593098382221,0.0021539484393957,0.0670807568272822,0.00133440499981777,0.331009553245842,0.309562390677167,0.388807075192879,0.289945450040672,0.580223890778152,0.48705884184083,0.26375712323524,0.388807075192879,0.2956214,0.170940404393036
5,0.683794466403162,0.7375,0,0,0.0988593098382221,0.00290438203022148,0.0807453274071225,0.00161234432331725,0.351407178974661,0.331442455684299,0.410898376944784,0.307092757378246,0.583955230239892,0.500000026470588,0.239089182246002,0.410898376944784,0.29399088,0.176122926699387
5,0.992094861660079,0.766666666666667,0,0,0.0893536429007227,0.00210889300833785,0.0832298035260992,0.00159068554270464,0.332300561806369,0.309562390677167,0.389543458103509,0.293063139733028,0.570895525332758,0.484705871266436,0.277039876455105,0.389543458103509,0.28878826,0.166620950296689
5,0.58498023715415,0.725,0,0,0.0532319326446816,0.00107697366510493,0.0683229714085111,0.00138889285162031,0.343919443653585,0.330632083716629,0.39469809208617,0.302416194780477,0.632462693615644,0.456470584373702,0.259962077723248,0.39469809208617,0.2758892,0.1832245124802
5,0.462450592885375,0.7125,0.333333323333334,0,0.0608365120501963,0.00130466571962363,0.0559006623664185,0.00102857965905805,0.313710311811319,0.303889801490193,0.360088353754872,0.27357754408176,0.666044782353391,0.428235297480969,0.27134726549262,0.360088353754872,0.28187475,0.190291011457688
5,0.66798418972332,0.741666666666667,0,0,0.0779467789255307,0.00133462855988151,0.0546583874125225,0.00128736321493777,0.356312939002725,0.333873600760726,0.419734892343631,0.310210419011366,0.565298516140148,0.520000016941176,0.225806480259533,0.419734892343631,0.30134642,0.173796251940372
5,0.715415019762846,0.729166666666667,0.333333323333334,0,0.125475267605429,0.00206102942125507,0.0397515262266133,0.000895361733620227,0.337722695979015,0.319286890755972,0.396907220935882,0.29228371029513,0.598880604877896,0.49529410649827,0.231499057066421,0.396907220935882,0.30452195,0.179818960488818
5,0.0355731225296443,0.670833333333333,0,0,0.146387812206334,0.00442561114122719,0.149068289871535,0.0053093846799232,0.312161140578192,0.294165337878163,0.362297502486764,0.275915832395453,0.61007464005416,0.445882349141869,0.29981025199385,0.362297502486764,0.27804413,0.166489786088855
5,0.901185770750988,0.766666666666667,0,0,0.142585534480764,0.00229693751774697,0.0919254576443815,0.00162128462407688,0.33255875933567,0.309562390677167,0.390279827759353,0.293063139733028,0.569029855601888,0.48705884184083,0.275142311004613,0.390279827759353,0.29027814,0.166447514045424
5,0.695652173913043,0.745833333333333,0,0,0.0323194003631688,0.000834672281970366,0.0310559078847262,0.000687123531614029,0.365349859499608,0.345218793721384,0.427835077850994,0.318004657271873,0.578358221047282,0.517647046366782,0.216318823785056,0.427835077850994,0.29773334,0.177662851242614
5,0.944664031620553,0.754166666666667,0,0,0.0817490258526209,0.000652332859811817,0.0981366490598354,0.0017165469903305,0.320423454544491,0.295786074520146,0.385125173894513,0.27513637489832,0.561567193469452,0.517647046366782,0.233396622516914,0.385125173894513,0.32560807,0.172512360333748
5,0.928853754940711,0.7625,0,0,0.0912547338547607,0.00194831778859805,0.0546583605802261,0.00129631289297951,0.349341598740251,0.322528349453228,0.41384387545034,0.306313327940348,0.537313453386054,0.523529414567474,0.248576855798278,0.41384387545034,0.30066735,0.16450479635762
5,0.458498023715415,0.708333333333333,0.333333323333334,0,0.0627376474909282,0.00125313506334056,0.0670807568272822,0.00148219125433628,0.326878406719703,0.313614265102223,0.377025041406296,0.286048330910418,0.638059702808253,0.449411767944637,0.265654654530135,0.377025041406296,0.28328654,0.183842627796756
5,0.731225296442688,0.7375,0,0,0.0627376030042343,0.0012710369193513,0.0434782325789918,0.000904994871261594,0.348308815594386,0.329011339781291,0.407216482273811,0.303975039626655,0.589552256223546,0.496470575903114,0.239089182246002,0.407216482273811,0.29477406,0.176396872372424
5,0.0316205533596838,0.666666666666667,0,0,0.0513307800936828,0.00101393621415111,0.062111788937156,0.00118445172753755,0.32016525701519,0.299027555097468,0.379234150373828,0.277474670226822,0.585820899970762,0.490588250055363,0.252371952543666,0.379234150373828,0.30794257,0.173495428768711
5,0.74703557312253,0.7375,0,0,0.068441091455711,0.00157652787323498,0.0509316654079711,0.0012851159853476,0.346501439860618,0.325769866497325,0.409425637633095,0.299298519117739,0.580223890778152,0.515294096968858,0.218216355079952,0.409425637633095,0.30923617,0.1778868024179
5,0.960474308300395,0.7625,0,0,0.0589353560771442,0.00115296842329435,0.0509316788241193,0.00146978799542793,0.346759623447239,0.324149100681921,0.408689254722465,0.302416194780477,0.567164185871018,0.510588261702422,0.239089182246002,0.408689254722465,0.30085307,0.171629465561673
5,0.806324110671937,0.7625,0,0,0.0551330680854135,0.00121033279205065,0.120496889410131,0.0021953735201276,0.287890524024493,0.270664499762273,0.334315157331994,0.254871405927626,0.623134344961294,0.422352950456747,0.324478192983088,0.334315157331994,0.28055963,0.168988654791267
5,0.343873517786561,0.704166666666667,0,0,0.0513307800936828,0.000944722040046852,0.0857142505767546,0.00208368619506929,0.351407178974661,0.329821704455605,0.413107499167102,0.306313327940348,0.572761211854672,0.510588261702422,0.233396622516914,0.413107499167102,0.3009182,0.1738317584423
5,0.241106719367589,0.691666666666667,0,0,0.0437262657071822,0.000887161617652753,0.0372670925921061,0.000680075927048037,0.356054748444764,0.337925438719007,0.418262139777157,0.307092757378246,0.595149265416156,0.514117638152249,0.204933584782288,0.418262139777157,0.30621472,0.182681456062047
5,0.00395256916996047,0.666666666666667,0,0,0.0665399354826589,0.0012288578088296,0.0819875732926973,0.00225555561828945,0.319132480840666,0.299027555097468,0.37334314010793,0.280592352904369,0.593283595685286,0.467058819605536,0.282732453261993,0.37334314010793,0.28798285,0.169767514673293
5,0.66403162055336,0.745833333333333,0,0,0.10646389266579,0.00182455140491494,0.0645962784722808,0.00151052485648471,0.366382670530834,0.341977320437418,0.43078055647437,0.321122375023465,0.548507471771274,0.527058812193772,0.231499057066421,0.43078055647437,0.2970586,0.169448359066594
5,0.122529644268775,0.675,0,0,0.058935345810984,0.00179647085301634,0.201242223525328,0.00486860409188322,0.303898805697872,0.288492719517769,0.350515468700181,0.268901023572844,0.630597023884774,0.42705883866436,0.309297925546126,0.350515468700181,0.26691392,0.175487335132945
5,0.806324110671937,0.745833333333333,0,0,0.0437262212204883,0.00100648046864916,0.036024833290383,0.000810641380042841,0.34495223377079,0.326580245758349,0.402061861545936,0.301636779372197,0.597014935147026,0.48705884184083,0.246679324503383,0.402061861545936,0.29078844,0.177377422615761
5,0.802371541501976,0.7625,0,0,0.0893536257904558,0.00194154177234183,0.114285697994677,0.00246459016794525,0.286083148290725,0.269854135087959,0.32989691951475,0.254871405927626,0.630597023884774,0.409411755238754,0.337760929125154,0.32989691951475,0.27541482,0.167707247800381
7,0.735177865612648,0.104166666666667,0,0,0.0133079836744784,0.000253019708013888,0.0111801212931602,0.000201169257555403,0.0524141500360697,0.0348460288885416,0.086156111294874,0.0335151971624256,0.695895531629399,0.305882362906574,0.438330190221403,0.086156111294874,0.6486569,0.158962088709008
7,0.885375494071146,0.104166666666667,0,0,0.0152091304079864,0.000274438328460982,0.00869565255306506,0.000236401798281978,0.0552543249497854,0.0364667750118863,0.0905743756216909,0.0358534665361351,0.686567166184005,0.314117638152249,0.434535110553813,0.0905743756216909,0.63492066,0.157281497981543
7,0.873517786561265,0.558333333333333,0,0,0,0,0,1.14652226901213e-11,0,0,0,0,0.833955226042131,0.131764710989619,0.578747642666052,0,0,0.511054416358307
7,0.952569169960474,0.570833333333333,0,0,0,0,0,1.14652226901213e-11,0,0,0,0,0.833955226042131,0.131764710989619,0.578747642666052,0,0,0.511054416358307
7,0.490118577075099,0.575,0,0,0,0,0,1.14652226901213e-11,0,0,0,0,0.833955226042131,0.131764710989619,0.578747642666052,0,0,0.511054416358307
7,0.786561264822134,0.0833333333333333,0,0,0.072243345226908,0.00123344691396267,0.113043458817176,0.0019320425594901,0.0784921255923199,0.0607779632153806,0.109720172240647,0.0623538569803942,0.686567166184005,0.300000005294118,0.457305520248155,0.109720172240647,0.5009438,0.146428813954408
7,0.869565217391304,0.0791666666666667,0,0,0.0361216760355074,0.000861316781053977,0.0372670769399331,0.00117792622118603,0.0591272969520464,0.0445705019819328,0.0868924875781113,0.0436476998862759,0.714552245729143,0.27882353483045,0.462998119256181,0.0868924875781113,0.5185864,0.165227802749378
7,0.944664031620553,0.216666666666667,0,0,0.0190114105289944,0.000548876878759132,0.00869565769592188,0.000281088918772039,0.0624838648329625,0.0461912495639485,0.0927835044714028,0.0459859671555427,0.701492540822009,0.291764708871972,0.45540798382992,0.0927835044714028,0.54770046,0.154841588539072
7,0.537549407114625,0.541666666666667,0,0,0.0019011410186789,0.000137219174313999,0.0012422359576251,9.8160513313153e-05,0.00025819778724083,0,0.000736377012250537,0,0.832089554464246,0.13411765212872,0.576850109492599,0.000736377012250537,0.11111111,0.15944851939146
7,0.743083003952569,0.2375,0,0,0.0380228217423994,0.000588604587753943,0.0236024862358704,0.000385209599486507,0.0480247892494125,0.0413290104645787,0.0684830672423927,0.0327357768437794,0.772388062796558,0.241176471522491,0.464895653966636,0.0684830672423927,0.534151,0.212186200796739
7,0.873517786561265,0.2125,0,0,0.00950570526449718,0.000253019607178812,0.0149068321175881,0.000402338323313235,0.0446682164885582,0.0299837919771782,0.0758468367021588,0.0257209659167275,0.718283585190883,0.291764708871972,0.438330190221403,0.0758468367021588,0.68080807,0.169562063812487
7,0.50197628458498,0.554166666666667,0,0,0,0,0,1.14652226901213e-11,0,0,0,0,0.833955226042131,0.131764710989619,0.578747642666052,0,0,0.511054416358307
7,0.731225296442688,0.329166666666667,0,0,0.152091245904957,0.00146766763629676,0.0149068321175881,0.00034003793319016,0.0699716001540387,0.0551053470429931,0.0994108976479315,0.0530007759781519,0.708955224782802,0.289411770062284,0.45161291440901,0.0994108976479315,0.5339284,0.164043245408434
7,0.723320158102767,0.558333333333333,0,0,0.0247148315660196,0.000616723356146261,0.00496894374105939,0.000196320986307908,0.00387296712232276,0.00243111838274812,0.00810014706848198,0.000779423194717905,0.82276119590318,0.152941181453287,0.555977243218389,0.00810014706848198,0.5277778,0.188567477169025
7,0.810276679841897,0.00416666666666667,0,0,0.0893536189463491,0.00149436664682232,0.100621111762664,0.0024223976641739,0.0797831202101664,0.0615883351830497,0.117083954955199,0.0576773154270517,0.682835826722265,0.329411761591696,0.413662249232165,0.117083954955199,0.5437747,0.16447024676851
7,0.794466403162055,0.216666666666667,0,0,0.0133079915452012,0.000330467701315212,0.00993789240137314,0.000196321080080729,0.0423444387248471,0.0291734200095091,0.0699558131814741,0.0257209659167275,0.729477615329834,0.274117657211073,0.45540798382992,0.0699558131814741,0.65353537,0.167813146152233
7,0.770750988142292,0.35,0,0,0.0589353560771442,0.00113320121921707,0.0298136664712008,0.000912417494978877,0.0531887440182415,0.0494327388932961,0.0714285723753419,0.0374123148897174,0.791044778575407,0.231764716283737,0.461100582837946,0.0714285723753419,0.51256585,0.217389892700694
7,0.786561264822134,0.00833333333333333,0,0,0.0608365017840362,0.0018734311070562,0.0062111773284983,0.000180999033917554,0.0648076425966737,0.0445705019819328,0.105301914541223,0.0413094305125665,0.673507478067916,0.341176487404844,0.404174592757688,0.105301914541223,0.63273925,0.162850059064185
7,0.877470355731225,0.579166666666667,0,0,0,0,0,1.14652226901213e-11,0,0,0,0,0.833955226042131,0.131764710989619,0.578747642666052,0,0,0.511054416358307
7,0.790513833992095,0.0958333333333333,0,0,0.146387846426868,0.00308361728490668,0.00993789240137314,0.000291191237903627,0.0957913809695238,0.0713128060884344,0.13843888705126,0.074045200341537,0.634328363346514,0.358823539065744,0.415559797604859,0.13843888705126,0.5448579,0.147952739586837
7,0.909090909090909,0.333333333333333,0,0,0.017110263453281,0.000281215474070059,0.0124223559986114,0.000124164279229349,0.0418280415748425,0.0332252820358613,0.0648011791988131,0.0257209659167275,0.761194030978503,0.251764706754325,0.459203051543051,0.0648011791988131,0.62065095,0.186222856097688
7,0.671936758893281,0.325,0,0,0,0,0,1.14652226901213e-11,0,0,0,0,0.833955226042131,0.131764710989619,0.578747642666052,0,0,0.511054416358307
7,0.786561264822134,0.566666666666667,0,0,0.00760456297965853,0.00054887667708898,0.00993788882373361,0.000496657262854075,0.002065582325812,0.00162074553987638,0.00294550811527608,0.00155884638943581,0.830223882886361,0.136470593373702,0.574952576319146,0.00294550811527608,0.11111111,0.15944851939146
7,0.683794466403162,0.5875,0,0,0,0,0,1.14652226901213e-11,0,0,0,0,0.833955226042131,0.131764710989619,0.578747642666052,0,0,0.511054416358307
7,0.818181818181818,0.0958333333333333,0,0,0.0589353697653577,0.00174543610363587,0.00993788882373361,0.000361997969810359,0.100697140997588,0.0786061610908117,0.139175256707104,0.0810600091641462,0.649253737984518,0.339999996823529,0.430740047964022,0.139175256707104,0.479958,0.14803483263385
7,0.857707509881423,0.566666666666667,0,0,0,0,0,1.14652226901213e-11,0,0,0,0,0.833955226042131,0.131764710989619,0.578747642666052,0,0,0.511054416358307
7,0.735177865612648,0.3125,0,0,0.0361216760355074,0.00107171572091432,0.0683229714085111,0.00183378999437177,0.0467338016029063,0.0340356591088789,0.0721649486585792,0.0319563495103243,0.731343290098017,0.264705880795848,0.468690713140868,0.0721649486585792,0.5942257,0.166150333857649
7,0.99604743083004,0.579166666666667,0,0,0,0,0,1.14652226901213e-11,0,0,0,0,0.833955226042131,0.131764710989619,0.578747642666052,0,0,0.511054416358307
7,0.66798418972332,0.55,0,0,0,0,0,1.14652226901213e-11,0,0,0,0,0.833955226042131,0.131764710989619,0.578747642666052,0,0,0.511054416358307
7,0.612648221343874,0.595833333333333,0,0,0.0095057045800865,0.000330467499645061,0.017391302199298,0.000392641961150593,0.0121352964255708,0.00729335500237727,0.0235640649222087,0.00467653944889978,0.79664179280533,0.189411772179931,0.52371917875735,0.0235640649222087,0.8388889,0.17727619131239
7,0.695652173913043,0.0916666666666667,0,0,0.0570342206364123,0.00159079533060998,0.0968944076463101,0.00214520542152649,0.0609346796571551,0.0470016229902887,0.0868924875781113,0.0467653909815934,0.718283585190883,0.270588238408304,0.472485782561778,0.0868924875781113,0.547103,0.165874239327757
7,0.980237154150198,0.195833333333333,0,0,0.0456273806155939,0.000950682270289631,0.0062111773284983,0.000236401726149038,0.0617092652737185,0.0437601300142636,0.0964653858875892,0.0420888529356554,0.69029852243679,0.312941168747405,0.432637596336717,0.0964653858875892,0.6077675,0.160968415917288
7,0.715415019762846,0.116666666666667,0,0,0.188212952738945,0.00578570388529647,0.0136645929400874,0.000634636503281101,0.0663568277724811,0.0534846045663258,0.0949926333211146,0.0483242393351757,0.723880606137224,0.284705892442907,0.444022784106089,0.0949926333211146,0.5760211,0.169213646819092
7,0.608695652173913,0.120833333333333,0,0,0.0646387897757669,0.00209006004123751,0.00124223559986114,9.81604916732713e-05,0.00877872436185049,0.00891410039638655,0.0103092785691511,0.00701480882260923,0.832089554464246,0.141176475757785,0.565464909939545,0.0103092785691511,0.11666667,0.247349993633172
7,0.865612648221344,0.208333333333333,0,0,0.00950570321126515,0.000137219164230491,0.0124223604706608,0.00019632097188132,0.0480247892494125,0.0332252820358613,0.0795287181183452,0.0288386577135259,0.716417915460013,0.294117647681661,0.436432658926507,0.0795287181183452,0.65589225,0.168671177978985
7,0.810276679841897,0.220833333333333,0,0,0.00190113899966741,0.000137219023061385,0.00621117934092054,9.8160513313153e-05,0.0397624613404326,0.0267423019184952,0.0684830672423927,0.0218238502938784,0.731343290098017,0.27882353483045,0.445920320524324,0.0684830672423927,0.6979798,0.17270548884353
7,0.628458498023715,0.35,0,0,0.110266166969307,0.00357402565082991,0.00496894441186681,0.000291191093637748,0.0149754706421525,0.0153970834310947,0.0169366717456799,0.0124707713960788,0.832089554464246,0.144705887148789,0.55977230922374,0.0169366717456799,0.10119048,0.237594217090446
7,0.810276679841897,0.208333333333333,0,0,0.0190114057381196,0.000407057820042464,0.0111801212931602,0.000331427878666413,0.0493157789873208,0.0340356591088789,0.0810014706848198,0.0303975060671082,0.71268657096096,0.29529412767474,0.438330190221403,0.0810014706848198,0.64589113,0.167116899743489
7,0.707509881422925,0.545833333333333,0,0,0.00570342309025724,0.000281215615239165,0.0024844718705297,0.000124164322509112,0.00077459335475115,0,0.00220913110302554,0,0.828358211140566,0.13882353483045,0.573055042974914,0.00220913110302554,0.22222222,0.15944851939146
7,0.620553359683794,0.595833333333333,0,0,0.0323193914658301,0.00109259553921758,0.00496894329385445,0.000291191071997867,0.00438936218092524,0.00324149115268631,0.00810014706848198,0.00155884638943581,0.824626867313154,0.150588240525952,0.557874777928844,0.00810014706848198,0.2777778,0.198604905051165
7,0.909090909090909,0.0791666666666667,0,0.5,0.0247148274595555,0.000718273655102094,0.0670807367030598,0.00201743115261693,0.0490575793666175,0.0348460288885416,0.0773195892686334,0.0327357768437794,0.720149259959066,0.27882353483045,0.457305520248155,0.0773195892686334,0.6137184,0.167358864382874
7,0.952569169960474,0.225,0,0,0.0190113988940129,0.000274438570465164,0.0223602470583697,0.00030413904279715,0.0622256673036613,0.0445705019819328,0.0949926333211146,0.0444271237123266,0.692164175376615,0.303529402920415,0.445920320524324,0.0949926333211146,0.5834605,0.154834655118128
7,0.632411067193676,0.325,0,0,0.159695818466365,0.00515914870592297,0.00372671127163284,0.000201169293621872,0.021688614769593,0.0210696915807917,0.0250368181514225,0.0187061570941182,0.82276119590318,0.152941181453287,0.555977243218389,0.0250368181514225,0.0976431,0.193681034600708
7,0.952569169960474,0.570833333333333,0,0,0,0,0,1.14652226901213e-11,0,0,0,0,0.833955226042131,0.131764710989619,0.578747642666052,0,0,0.511054416358307
7,0.541501976284585,0.554166666666667,0,0,0.0304182526030448,0.000867850248618963,0.00621118023533042,0.000385209628339683,0.00464756040736051,0.00405186421435871,0.00662739317652877,0.00311769284901971,0.828358211140566,0.142352946221453,0.567362442942221,0.00662739317652877,0.37037036,0.191366715768605
7,0.889328063241107,0.329166666666667,0,0,0.0266159690599835,0.000625815523842252,0.00869565054064282,0.000180999084410612,0.0500903694838225,0.0372771469795555,0.0802650944015825,0.0303975060671082,0.729477615329834,0.288235300657439,0.432637596336717,0.0802650944015825,0.6410182,0.177050527766798
7,0.466403162055336,0.591666666666667,0,0,0.173003800772022,0.00558567936220605,0.00124223479489225,9.8160412327038e-05,0.0234959988689698,0.0218800650071318,0.0257731950973992,0.0226032734184482,0.815298508584178,0.148235299598616,0.571157509801461,0.0257731950973992,0.08501683,0.138073907413313
7,0.774703557312253,0.554166666666667,0,0,0.0323193914658301,0.000718273655102094,0.00869565121145023,0.000353922708898397,0.00490575793666175,0.00243111838274812,0.0110456548523884,0.000779423194717905,0.815298508584178,0.16235294516263,0.548387111207688,0.0110456548523884,0.8611111,0.177488306987033
7,0.509881422924901,0.558333333333333,0,0,0,0,0,1.14652226901213e-11,0,0,0,0,0.833955226042131,0.131764710989619,0.578747642666052,0,0,0.511054416358307
7,0.735177865612648,0.325,0,0,0.102661601252006,0.00161895332384677,0.0248447164692723,0.000770419259640731,0.0588690994227451,0.0461912495639485,0.086156111294874,0.0420888529356554,0.727611942240755,0.276470596020761,0.453510449119465,0.086156111294874,0.548545,0.167928227509548
7,0.699604743083004,0.1,0,0,0.0152091280125491,0.000347140155915228,0.00869564741020823,0.000180998839158618,0.0939839982644151,0.0753646732201351,0.127393216293128,0.0763834746256126,0.675373131007741,0.314117638152249,0.445920320524324,0.127393216293128,0.4592879,0.149554158369575
7,0.679841897233202,0.341666666666667,0,0,0,0,0,1.14652226901213e-11,0,0,0,0,0.833955226042131,0.131764710989619,0.578747642666052,0,0,0.511054416358307
7,0.877470355731225,0.2125,0,0,0.0114068468649252,0.000300632145173469,0.00993788703491385,0.000361998056369886,0.0449264168063956,0.0299837919771782,0.0758468367021588,0.0265003883398164,0.716417915460013,0.290588239467128,0.442125252811194,0.0758468367021588,0.6703704,0.167116899743489
7,0.660079051383399,0.120833333333333,0,0,0,0,0,1.14652226901213e-11,0,0,0,0,0.833955226042131,0.131764710989619,0.578747642666052,0,0,0.511054416358307
7,0.632411067193676,0.554166666666667,0,0,0,0,0,1.14652226901213e-11,0,0,0,0,0.833955226042131,0.131764710989619,0.578747642666052,0,0,0.511054416358307
7,0.885375494071146,0.329166666666667,0,0,0.0133079867543264,0.000253019506343736,0.0124223613650707,0.000328507879578207,0.0459592069236005,0.0340356591088789,0.074374077508291,0.0272798114643862,0.73694030432794,0.27882353483045,0.440227721516298,0.074374077508291,0.65115255,0.177399733793569
7,0.743083003952569,0.541666666666667,0,0,0,0,0,1.14652226901213e-11,0,0,0,0,0.833955226042131,0.131764710989619,0.578747642666052,0,0,0.511054416358307
7,0.525691699604743,0.570833333333333,0,0,0.00380228217423994,0.000173570047707091,0.0012422359576251,9.8160513313153e-05,0.00025819778724083,0,0.000736377012250537,0,0.832089554464246,0.13411765212872,0.576850109492599,0.000736377012250537,0.11111111,0.15944851939146
7,0.652173913043478,0.104166666666667,0,0,0,0,0,1.14652226901213e-11,0,0,0,0,0.833955226042131,0.131764710989619,0.578747642666052,0,0,0.511054416358307
7,0.948616600790514,0.558333333333333,0,0,0,0,0,1.14652226901213e-11,0,0,0,0,0.833955226042131,0.131764710989619,0.578747642666052,0,0,0.511054416358307
7,0.798418972332016,0.208333333333333,0,0,0.00570342514348926,0.00028121571607424,0.0161490645870146,0.000319587552429461,0.0487993818373163,0.0324149129855341,0.0817378469680571,0.0296180822410575,0.705223888679271,0.301176474698962,0.436432658926507,0.0817378469680571,0.66625965,0.163845533789893
7,0.91304347826087,0.575,0,0,0,0,0,1.14652226901213e-11,0,0,0,0,0.833955226042131,0.131764710989619,0.578747642666052,0,0,0.511054416358307
7,0.715415019762846,0.5875,0,0,0.0266159731664475,0.00098950138466726,0.0186335384699666,0.00078651002653776,0.00542215369239826,0.00243111838274812,0.0110456548523884,0.0023382696543018,0.811567165764229,0.160000005294118,0.555977243218389,0.0110456548523884,0.70555556,0.15944851939146
7,0.849802371541502,0.583333333333333,0,0,0.00570342240584656,0.000281215615239165,0.00248447231773464,0.000124164322509112,0.00077459335475115,0,0.00220913110302554,0,0.828358211140566,0.13882353483045,0.573055042974914,0.00220913110302554,0.22222222,0.15944851939146
7,0.865612648221344,0.575,0,0,0.00380228217423994,0.000173570047707091,0.00248447231773464,0.000124164322509112,0.00025819778724083,0,0.000736377012250537,0,0.832089554464246,0.13411765212872,0.576850109492599,0.000736377012250537,0.11111111,0.15944851939146
7,0.640316205533597,0.5875,0,0,0,0,0,1.14652226901213e-11,0,0,0,0,0.833955226042131,0.131764710989619,0.578747642666052,0,0,0.511054416358307
7,0.513833992094862,0.554166666666667,0,0,0,0,0,1.14652226901213e-11,0,0,0,0,0.833955226042131,0.131764710989619,0.578747642666052,0,0,0.511054416358307
7,0.707509881422925,0.541666666666667,0,0,0.0019011410186789,0.000137219174313999,0.0012422359576251,9.8160513313153e-05,0.00025819778724083,0,0.000736377012250537,0,0.832089554464246,0.13411765212872,0.576850109492599,0.000736377012250537,0.11111111,0.15944851939146
7,0.885375494071146,0.195833333333333,0,0,0.0114068502869785,0.000425158048897752,0.00993788882373361,0.000248328633553002,0.0580944998635012,0.0405186370382385,0.09351988075464,0.0374123148897174,0.69402986189853,0.315294128733564,0.425047454079336,0.09351988075464,0.62222224,0.163785097190865
7,0.66798418972332,0.595833333333333,0,0,0.00380228148982926,0.000173570047707091,0.0012422359576251,9.8160513313153e-05,0.000516395581453,0,0.00147275402450107,0,0.830223882886361,0.136470593373702,0.574952576319146,0.00147275402450107,0.22222222,0.15944851939146
7,0.936758893280632,0.208333333333333,0,0,0.0228136858591275,0.000475341084727277,0.0161490645870146,0.000353922687258515,0.0611928771864563,0.0429497580465945,0.0949926333211146,0.0428682753587443,0.688432835914875,0.308235291128028,0.442125252811194,0.0949926333211146,0.5888227,0.154841588539072
7,0.743083003952569,0.2125,0,0,0.0133079867543264,0.000253019506343736,0.00993788703491385,0.000248328546993475,0.0531887440182415,0.0364667750118863,0.0868924875781113,0.0335151971624256,0.701492540822009,0.305882362906574,0.432637596336717,0.0868924875781113,0.6359381,0.164055467031793
7,0.952569169960474,0.191666666666667,0,0.5,0.0836501784036196,0.00237353395883348,0.207453408232708,0.00199098865973748,0.107152079230119,0.0826580209291574,0.13843888705126,0.0974279010934403,0.630597023884774,0.307058821723183,0.502846310604582,0.13843888705126,0.46630767,0.113077178963934
7,0.889328063241107,0.554166666666667,0,0,0,0,0,1.14652226901213e-11,0,0,0,0,0.833955226042131,0.131764710989619,0.578747642666052,0,0,0.511054416358307
7,0.782608695652174,0.554166666666667,0,0,0.0114068448116931,0.000520710012035675,0.00745341583519156,0.000263392241821341,0.003098373488718,0.000810372769938191,0.00736377078524469,0.000779423194717905,0.817164181673257,0.152941181453287,0.561669843934195,0.00736377078524469,0.7407407,0.15944851939146
7,0.66798418972332,0.2125,0,0,0,0,0,1.14652226901213e-11,0,0,0,0,0.833955226042131,0.131764710989619,0.578747642666052,0,0,0.511054416358307
7,0.482213438735178,0.5875,0,0,0,0,0,1.14652226901213e-11,0,0,0,0,0.833955226042131,0.131764710989619,0.578747642666052,0,0,0.511054416358307
7,0.632411067193676,0.595833333333333,0,0,0,0,0,1.14652226901213e-11,0,0,0,0,0.833955226042131,0.131764710989619,0.578747642666052,0,0,0.511054416358307
7,0.632411067193676,0.566666666666667,0,0,0,0,0,1.14652226901213e-11,0,0,0,0,0.833955226042131,0.131764710989619,0.578747642666052,0,0,0.511054416358307
7,0.964426877470356,0.5375,0,0,0.00570342206364123,0.00028121559507215,0.0136645951761121,0.000535852102001499,0.00284017561084975,0.00162074553987638,0.00515463928457556,0.00155884638943581,0.824626867313154,0.143529417743945,0.569259975944896,0.00515463928457556,0.24074075,0.15944851939146
7,0.857707509881423,0.220833333333333,0,0,0.0513308143142166,0.00113982799956117,0.040993787764361,0.00141637153417245,0.05577072209979,0.0445705019819328,0.0832105995345317,0.0374123148897174,0.738805977417019,0.276470596020761,0.442125252811194,0.0832105995345317,0.5791423,0.181129981413228
7,0.683794466403162,0.558333333333333,0,0,0,0,0,1.14652226901213e-11,0,0,0,0,0.833955226042131,0.131764710989619,0.578747642666052,0,0,0.511054416358307
7,0.841897233201581,0.55,0,0,0.00380228217423994,0.000173570047707091,0.00993788703491385,0.000124164344148994,0.00464756040736051,0.00162074553987638,0.0117820324611043,0,0.811567165764229,0.167058828076125,0.544592045202338,0.0117820324611043,0.8888889,0.177488306987033
7,0.731225296442688,0.00416666666666667,0,0,0.0152091221950583,0.000274438267959937,0.0521739090575212,0.00141841051596693,0.0436354242799512,0.0283630465831689,0.0751104537915283,0.0249415427921577,0.714552245729143,0.292941178276817,0.440227721516298,0.0751104537915283,0.6873016,0.165562218597332
7,0.739130434782609,0.320833333333333,0,0,0.0228136903077969,0.000475341084727277,0.00745341382276933,0.000215058909450335,0.0511231630866975,0.0372771469795555,0.0810014706848198,0.0327357768437794,0.722014933048145,0.287058831252595,0.442125252811194,0.0810014706848198,0.61790985,0.16929073705874
7,0.719367588932806,0.333333333333333,0,0,0.0912547680752945,0.000901896344768838,0.0111801201751478,0.000395088320932931,0.100697140997588,0.08022690502615,0.139175256707104,0.0795011643179684,0.660447773160782,0.339999996823529,0.41935486019465,0.139175256707104,0.47678283,0.153728950750971
7,0.608695652173913,0.2375,0,0,0.117870736108662,0.00381854062604868,0.00372670791759578,0.000201169149355994,0.0160082635478935,0.0153970834310947,0.0191458019208704,0.0132501938191678,0.824626867313154,0.150588240525952,0.557874777928844,0.0191458019208704,0.11574074,0.198604905051165
7,0.628458498023715,0.125,0,0,0.0285171103182061,0.000816425106159168,0.00496894441186681,0.00012416430086923,0.00490575793666175,0.00405186421435871,0.00810014706848198,0.0023382696543018,0.826492539562681,0.148235299598616,0.55977230922374,0.00810014706848198,0.537037,0.201296616868308
7,0.743083003952569,0.545833333333333,0,0,0,0,0,1.14652226901213e-11,0,0,0,0,0.833955226042131,0.131764710989619,0.578747642666052,0,0,0.511054416358307
7,0.521739130434783,0.541666666666667,0,0,0.00380228148982926,0.000173570047707091,0.00248447231773464,0.000124164315295818,0.000516395581453,0,0.00147275402450107,0,0.830223882886361,0.136470593373702,0.574952576319146,0.00147275402450107,0.22222222,0.15944851939146
7,0.679841897233202,0.5875,0,0,0,0,0,1.14652226901213e-11,0,0,0,0,0.833955226042131,0.131764710989619,0.578747642666052,0,0,0.511054416358307
7,0.743083003952569,0.554166666666667,0,0,0,0,0,1.14652226901213e-11,0,0,0,0,0.833955226042131,0.131764710989619,0.578747642666052,0,0,0.511054416358307
7,0.778656126482213,0.570833333333333,0.333333323333334,0,0.0570342206364123,0.000850315916292367,0.0248447164692723,0.000707845572237332,0.012393493954872,0.00810372842871741,0.0213549340842788,0.00701480882260923,0.800373137304383,0.177647065425605,0.538899446194312,0.0213549340842788,0.61296296,0.167715725712189
7,0.928853754940711,0.1125,0.333333323333334,0,0.0456273806155939,0.00150316047377965,0.0658385109417074,0.00165481215851781,0.100697140997588,0.0737439219914418,0.145802649883633,0.0787217418948794,0.61567164924677,0.371764702519031,0.413662249232165,0.145802649883633,0.54723245,0.142878415580689
7,0.679841897233202,0.233333333333333,0,0,0.038022818320346,0.0012516313098557,0.00496894441186681,0.000248328633553002,0.00516395546596299,0.00567260960836799,0.00736377078524469,0.0023382696543018,0.835820897620016,0.143529417743945,0.557874777928844,0.00736377078524469,0.23148148,0.257105786963842
7,0.826086956521739,0.591666666666667,0,0,0,0,0,1.14652226901213e-11,0,0,0,0,0.833955226042131,0.131764710989619,0.578747642666052,0,0,0.511054416358307
2,0.189723320158103,0.129166666666667,0,0,0.0893536018360822,0.000936715442609515,0.0298136776513244,0.000645177073298549,0.410534489869388,0.369529996511588,0.494109009616281,0.360872932630618,0.419776142803937,0.629411766885813,0.197343459602706,0.494109009616281,0.3229307,0.154187127323378
2,0.739130434782609,0.258333333333333,0,0,0.0361216657693472,0.000936715402275485,0.0509316922402676,0.00143797614294766,0.280144591174116,0.260129671475929,0.32989691951475,0.246297724199603,0.60634330059242,0.436470604491349,0.318785599098402,0.32989691951475,0.2970959,0.166068240810636
2,0.545454545454545,0.35,0,0,0.123574135586751,0.00254577509099357,0.15776395964199,0.00412951268416545,0.326620202219061,0.312803900427908,0.37334314010793,0.289945450040672,0.634328363346514,0.432941185688581,0.296015206481858,0.37334314010793,0.2645714,0.180197343962564
2,0.359683794466403,0.245833333333333,0.333333323333334,0,0.0380228012100791,0.001372190432284,0.0173912791682435,0.000472803173940979,0.426026341627462,0.389789295703317,0.510309274592715,0.371005452190009,0.447761205558031,0.636470604491349,0.157495285332104,0.510309274592715,0.31436473,0.163404296253158
2,0.66403162055336,0.441666666666667,0,0,0.0418250892018098,0.000625815150752472,0.0248447164692723,0.000933299403835495,0.217918937813135,0.200162080228218,0.258468333884622,0.191738112494525,0.641791042269993,0.377647049543253,0.377609120473555,0.258468333884622,0.30714995,0.160368666611658
2,0.245059288537549,0.0333333333333333,0,0,0.0836502023579933,0.00119624714031725,0.0322981403541528,0.000639174458623834,0.315001292486485,0.277147490090336,0.389543458103509,0.2720187132652,0.472014945641429,0.563529437861592,0.250474421248771,0.389543458103509,0.35522667,0.152853996676491
2,0.268774703557312,0.2375,0,0,0.0285170678847443,0.000870016831390846,0.0173912948204165,0.000421061112965002,0.3924606279616,0.358995124465114,0.470544915533543,0.341387372053394,0.477611971625083,0.59882352000692,0.187855786050431,0.470544915533543,0.31602636,0.163621078976281
2,0.592885375494071,0.325,0,0,0.287072259155114,0.00461554106488293,0.0161490630217973,0.000281089365996262,0.22101730119341,0.199351708260549,0.27172312023768,0.18784100037908,0.6138059795159,0.42705883866436,0.326375724277983,0.27172312023768,0.35127252,0.167482171832835
2,0.66798418972332,0.616666666666667,0.333333323333334,0,0.0779467686593706,0.00143261030550608,0.0360248399984571,0.000852358816276124,0.143041570659692,0.148298223243908,0.148011785360738,0.132501952221295,0.824626867313154,0.189411772179931,0.495256180301661,0.148011785360738,0.15127982,0.243004803618406
2,0.707509881422925,0.4375,0,0,0.100760500031808,0.00162475860082862,0.0298136552910773,0.000588963101899038,0.2313452093368,0.212317659743255,0.27614139119189,0.201870618024299,0.628731354153904,0.40117647999308,0.352941196562116,0.27614139119189,0.30946052,0.163860760455259
2,0.225296442687747,0.408333333333333,0,0,0.0399239537610779,0.000628817414298252,0.0236024772917716,0.000353922795457924,0.291505310348732,0.263371144759896,0.355670109310235,0.250194857359474,0.546641818831448,0.508235312304498,0.26375712323524,0.355670109310235,0.3349617,0.163771616471693
2,0.75098814229249,0.375,0,0,0.038022845696773,0.000785871775697617,0.0248447231773464,0.000855743365919849,0.31396850934062,0.284440845092714,0.378497780717984,0.27357754408176,0.529850774462575,0.515294096968858,0.269449751275524,0.378497780717984,0.32273299,0.159464048239822
2,0.0909090909090909,0.0166666666666667,0,0,0.0285171548049,0.000696986261422597,0.0248447097611981,0.000392641066702146,0.488510185546404,0.444894655145013,0.579528684981379,0.433359316185212,0.376865705411839,0.683529401861592,0.153700188586716,0.579528684981379,0.30227023,0.154313725210397
2,0.596837944664032,0.3625,0,0,0.239543784163428,0.00391976331184336,0.0236024907079198,0.0005570122276049,0.200619689407272,0.181523510385118,0.245949917187409,0.170693686026697,0.638059702808253,0.396470591785467,0.351043665267221,0.245949917187409,0.34639803,0.168086722490498
2,0.1699604743083,0.1625,0,0,0.0399239777154515,0.000968342757379514,0.0236025220122657,0.000281089091891093,0.453911737534059,0.418152343745157,0.532400602854193,0.404520651456878,0.442164179574376,0.615294134027682,0.197343459602706,0.532400602854193,0.29016516,0.157200731182121
2,0.411067193675889,0.241666666666667,0,0,0.0855513754413123,0.00154394453102816,0.0409937721121881,0.00106176831295027,0.41518205236815,0.389789295703317,0.485272441198288,0.36477005877568,0.526119401418746,0.56588235549481,0.191650882795819,0.485272441198288,0.28965253,0.171457557013327
2,0.102766798418972,0.191666666666667,0.333333323333334,0,0.0247148428587957,0.000330464807348538,0.0161490757671382,0.000281087000035854,0.490575793666175,0.437601300142636,0.597201788680399,0.427903338179163,0.311567197667214,0.758823507301038,0.0986717639569506,0.597201788680399,0.33538663,0.153672492894712
2,0.201581027667984,0.0916666666666667,0,0,0.475285194783791,0.0131329568958285,0.00621118470737983,0.00018099930080943,0.249677268773889,0.228525128270058,0.301914587614767,0.214341376793722,0.608208953532245,0.441176460934256,0.309297925546126,0.301914587614767,0.33727008,0.170187230065596
2,0.173913043478261,0.233333333333333,0,0,0.0228137108401172,0.000300631005737112,0.0236024482234504,0.000466649101733669,0.451329727384345,0.416531599809818,0.533136932745678,0.397505842634268,0.449626858497856,0.630588225702422,0.165085427589484,0.533136932745678,0.29814535,0.162425508743959
2,0.280632411067194,0.0875,0.333333323333334,0.5,0.134981002983996,0.00272579645592943,0.0509316788241193,0.00142180343303162,0.392977029991542,0.354132914539165,0.482326962574912,0.335151992668683,0.440298509843506,0.652941154982699,0.138519921149754,0.482326962574912,0.3444093,0.165120863544988
2,0.557312252964427,0.45,0,0,0.180608380177537,0.000861317234811818,0.0236024772917716,0.000441176392943004,0.31809967678078,0.296596446487816,0.371134017885611,0.28215118372093,0.583955230239892,0.46117646199308,0.301707817444343,0.371134017885611,0.2807703,0.164544818816532
2,0.960474308300395,0.5125,0.333333323333334,0,0.072243399979762,0.00113817571600971,0.022360260474518,0.00052678427020523,0.311644738548249,0.270664499762273,0.385861543550357,0.2720187132652,0.451492528228726,0.561176488463668,0.275142311004613,0.385861543550357,0.36128438,0.145858007064535
2,0.462450592885375,0.416666666666667,0,0,0.0418251131561834,0.00105578478729446,0.0124223546569966,0.000196320885321793,0.434030485949821,0.411669360710449,0.499263636971549,0.385814485243508,0.54104477605675,0.54705880266436,0.206831116077183,0.499263636971549,0.2692176,0.17292406787668
2,0.304347826086957,0.308333333333333,0,0,0.188212918518411,0.00212313192938641,0.14534159469928,0.00331689516158345,0.34082108724465,0.309562390677167,0.407952878439228,0.299298519117739,0.509328357049872,0.534117649799308,0.259962077723248,0.407952878439228,0.31522787,0.158950253208365
2,0.00395256916996047,0.35,0.333333323333334,0,0.0703422405846564,0.00135145137974651,0.0198758125294526,0.000657015913596951,0.387813079405518,0.346029165689053,0.474963199742539,0.335151992668683,0.421641812534807,0.641176460934256,0.176470615358857,0.474963199742539,0.3377558,0.157188358467264
2,0.446640316205534,0.558333333333333,0.333333323333334,0,0.0741444669794264,0.00132329378985002,0.0223602323006067,0.000504357778719915,0.426026341627462,0.38249594070094,0.508836535281027,0.379579091829179,0.397388072451409,0.629411766885813,0.220113869297048,0.508836535281027,0.31713998,0.14740214538175
2,0.553359683794466,0.025,0.333333323333334,1,0.127376444110802,0.00448645774848989,0.111801235291849,0.00167276575857162,0.310870145960345,0.294165337878163,0.357879231532554,0.276695226759307,0.61940298870851,0.430588225702422,0.314990519430812,0.357879231532554,0.26818594,0.170251091405236
2,0.08300395256917,0.475,0,0,0.0779467789255307,0.00182145173468598,0.0546583874125225,0.000969754237218086,0.405886906456604,0.366288479467492,0.488954355751441,0.355416989698613,0.430970161189157,0.625882369259515,0.191650882795819,0.488954355751441,0.32390848,0.156371591407292
2,0.901185770750988,0.379166666666667,0,0,0.0304182443901167,0.00072609553276414,0.177639730581383,0.00391388568879049,0.298218460053244,0.269854135087959,0.360824730038109,0.258768511028262,0.54291044578762,0.502352944103806,0.277039876455105,0.360824730038109,0.31827116,0.160424906224642
2,0.905138339920949,0.441666666666667,0,0,0.11216733320852,0.000936715442609515,0.0322981090498069,0.000620821703737255,0.272140467765777,0.244732589503506,0.32989691951475,0.236944669152154,0.557835820425624,0.472941156041523,0.309297925546126,0.32989691951475,0.33502588,0.157460893952991
2,0.312252964426877,0.275,0,0,0.0475284886798988,0.0010717154184091,0.0149068321175881,0.000402338720044401,0.412083661102515,0.372771469795555,0.490427095063129,0.36632888959224,0.430970161189157,0.604705898795848,0.225806480259533,0.490427095063129,0.31068987,0.151280630548468
2,0.976284584980237,0.383333333333333,0,0,0.0323193572452963,0.000578928927808539,0.0248447231773464,0.00067438499880393,0.248386274156043,0.224473268431712,0.299705432255483,0.216679658092606,0.589552256223546,0.436470604491349,0.335863397830259,0.299705432255483,0.32391465,0.158069960567637
2,0.897233201581028,0.0458333333333333,0,0,0.0380228012100791,0.000867849986447766,0.031055894468578,0.000703750029851054,0.346243242331317,0.311993535753594,0.416789400465468,0.303975039626655,0.486940320279433,0.551764722636678,0.254269466760763,0.416789400465468,0.3194739,0.154556210276052
2,0.897233201581028,0.129166666666667,0.333333323333334,0,0.0703422234743896,0.00156814515088154,0.0968944188264336,0.00160935398018666,0.310611948431044,0.288492719517769,0.358615601188398,0.280592352904369,0.582089560509022,0.435294113910035,0.345351054304736,0.358615601188398,0.27157217,0.155128007654631
2,0.426877470355731,0.416666666666667,0,0,0.0494296686073245,0.00109775446336379,0.0335403840037029,0.00106176874574791,0.402788563990351,0.374392213730893,0.474963199742539,0.35307870138492,0.509328357049872,0.572941193100346,0.197343459602706,0.474963199742539,0.29889232,0.167713257884395
2,0.0711462450592885,0.2125,0,0,0.384030426708497,0.000893499202999561,0.0149068321175881,0.000263390755882792,0.43790345586068,0.392220440779744,0.530191454122302,0.38347622498905,0.378731375142709,0.677647076013841,0.161290330844096,0.530191454122302,0.32936445,0.15410798895454
2,0.304347826086957,0.4875,0,0,0.0399239777154515,0.000895611536500684,0.031055878816405,0.000810641740707538,0.348050618065085,0.31118315649257,0.425625902609529,0.300857363963917,0.4682835725976,0.585882367141868,0.218216355079952,0.425625902609529,0.34023675,0.158097711039358
2,0.66798418972332,0.458333333333333,0,0,0.0741445011999601,0.00185017087511939,0.0608695631758035,0.001388893212285,0.225664863692172,0.209076171872578,0.268777621732124,0.195635231624778,0.647388068253648,0.391764703577855,0.349146116894527,0.268777621732124,0.3134271,0.171221367426738
2,0.225296442687747,0.154166666666667,0,0,0.0779467789255307,0.000253020413859418,0.00621116994961677,0.000180999207036609,0.284792160644219,0.258508934833946,0.347569943685052,0.243180048536865,0.561567193469452,0.500000026470588,0.261859609018143,0.347569943685052,0.33911672,0.167114499067472
2,0.703557312252964,0.508333333333333,0,0,0.0817490429628877,0.00239957078541651,0.0198757843555413,0.000541219514012956,0.256390418478402,0.233387360076073,0.307069208342642,0.224473882323495,0.593283595685286,0.435294113910035,0.333965866535363,0.307069208342642,0.3133975,0.159922476631392
2,0.403162055335968,0.225,0,0,0.043726245174862,0.00109259412752652,0.0273291724640266,0.000657015488012609,0.41931320586563,0.392220440779744,0.489690692270319,0.370226036781729,0.513059730093701,0.568235273128028,0.201138556348094,0.489690692270319,0.2870454,0.168261283534023
2,0.446640316205534,0.491666666666667,0.333333323333334,0,0.0703422234743896,0.00115296580158238,0.0173912648576854,0.00063917492748794,0.435063262124346,0.395461899477001,0.516936667769244,0.385814485243508,0.421641812534807,0.627058849252595,0.199241025053199,0.516936667769244,0.30597952,0.153976673655208
2,0.0395256916996047,0.2125,0,0,0.0304183094091308,0.000506039718533003,0.0161491057298692,0.000281088659093457,0.465530626352614,0.418962715712826,0.561119311037413,0.408417742527896,0.363805983713661,0.700000015882353,0.140417486600247,0.561119311037413,0.3227603,0.154401425430764
2,0.158102766798419,0.375,0,0,0.0589353355448239,0.000936714998935182,0.0459626997538696,0.00112178097083777,0.448747752091332,0.41491087046119,0.526509539569149,0.398285272072166,0.45708955421238,0.610588214055363,0.189753317345326,0.526509539569149,0.28936154,0.160258604849651
2,0.474308300395257,0.379166666666667,0.333333323333334,0,0.100760428168687,0.0018704131132386,0.0273291858801748,0.000620821141100328,0.360185922856264,0.343598049786046,0.413107499167102,0.319563523162478,0.604477614070506,0.470588238408304,0.265654654530135,0.413107499167102,0.2694,0.176155025248648
2,0.865612648221344,0.416666666666667,0,0,0.0874524561291902,0.00166934262790728,0.0509316654079711,0.00115228923683946,0.206300028080559,0.185575370223463,0.253313680019781,0.176149635973511,0.624999997901119,0.405882368200692,0.349146116894527,0.253313680019781,0.34932512,0.16442987176277
2,0.861660079051383,0.504166666666667,0,0,0.0494296686073245,0.000660935271544826,0.0248447097611981,0.000541220523874106,0.245546080419708,0.215559154907286,0.302650963898005,0.213561961385442,0.548507471771274,0.463529421979239,0.333965866535363,0.302650963898005,0.35474625,0.150622492773
2,0.948616600790514,0.245833333333333,0,0,0.0361216863016675,0.000718274512200238,0.0919254509363074,0.00198662829569124,0.278595412969649,0.265802260662903,0.3203239946957,0.246297724199603,0.656716433699042,0.397647050602076,0.330170803945573,0.3203239946957,0.27405116,0.176905144170248
2,0.731225296442688,0.3625,0,0,0.0437262554410221,0.00119151827776917,0.132919236464644,0.00222155229498106,0.236767371394806,0.226094005073695,0.27172312023768,0.209664849269997,0.684701496453135,0.355294109674741,0.370018995293973,0.27172312023768,0.2656978,0.18195873506534
2,0.822134387351779,0.245833333333333,0,0.5,0.0760456571730123,0.00183689210566225,0.196273284703523,0.00249721668984169,0.25613220003508,0.245542961471175,0.294550798272822,0.225253297731776,0.679104487260526,0.376470580138408,0.341555991714945,0.294550798272822,0.27335805,0.181913021493353
2,0.209486166007905,0.508333333333333,0,0,0.150190134418599,0.00171934996870079,0.0285714161135766,0.000879070869949649,0.149496522834904,0.145056735373231,0.170839476650667,0.130943107375117,0.755597021785893,0.26941176900346,0.436432658926507,0.170839476650667,0.27027062,0.19144378922031
2,0.355731225296443,0.220833333333333,0,0,0.0323194003631688,0.000718273191260745,0.0236024907079198,0.000735876526212444,0.432223096273373,0.39141006151872,0.517673070562054,0.380358507237459,0.414179116820283,0.643529399743945,0.180265660870849,0.517673070562054,0.31425992,0.155471186809444
2,0.08300395256917,0.316666666666667,0,0,0.0646388205742472,0.00126955625709879,0.0260869534107482,0.00044982876064893,0.446423995241642,0.406807150784499,0.532400602854193,0.392829294066117,0.417910439490978,0.649411778532872,0.16698295888438,0.532400602854193,0.30969977,0.157655936288409
2,0.339920948616601,0.5625,0,0,0.0323193777776166,0.000616723356146261,0.114285704702751,0.00339924602023859,0.300800421403576,0.269043770413645,0.370397648229767,0.257209666182084,0.518656705704222,0.536470567432526,0.246679324503383,0.370397648229767,0.34745374,0.161555876447782
2,0.209486166007905,0.479166666666667,0.333333323333334,0,0.0950570252685448,0.00271957110002194,0.0757763863492928,0.00164077782958658,0.162406413242646,0.153160455049923,0.19145803246349,0.140296176452185,0.718283585190883,0.309411781709342,0.409867186642374,0.19145803246349,0.3057855,0.180543393855831
2,0.146245059288538,0.345833333333333,0.333333323333334,0,0.0475285776532865,0.00105042046209892,0.019875756628835,0.000562177378854631,0.47482575832148,0.445705019819328,0.547864524684355,0.424785655501616,0.481343294295778,0.594117663564014,0.191650882795819,0.547864524684355,0.26725835,0.16378966351168
2,0.577075098814229,0.0958333333333333,0,0,0.15779467960358,0.00418956832907406,0.0173913216527129,0.000562176801791117,0.331784166747767,0.299837919771782,0.397643590591726,0.29228371029513,0.507462687319002,0.525882332200692,0.275142311004613,0.397643590591726,0.3175422,0.154667396830319
2,0.438735177865613,0.1125,0,0,0.37832695878934,0.0111668080374429,0.0248447388295193,0.000770418898976035,0.450555141767781,0.42463531948651,0.51988214639262,0.401402933705287,0.511194060362831,0.570588222525952,0.199241025053199,0.51988214639262,0.27165923,0.168777815000381
2,0.592885375494071,0.375,0,0,0.328897348356923,0.00659137755233744,0.0111801235291849,0.000252179270183853,0.217402528811852,0.19854132170617,0.261413832390178,0.188620422802169,0.634328363346514,0.394117663564014,0.358633790446802,0.261413832390178,0.32728764,0.165493052267334
2,0.66403162055336,0.5,0,0,0.0817490429628877,0.00188245514049149,0.206211162347133,0.00152576041525369,0.248902676185985,0.223662881877333,0.303387346808635,0.215120799216811,0.580223890778152,0.45176469616609,0.320683130393297,0.303387346808635,0.33861881,0.160323120919113
2,0.272727272727273,0.1125,0,0,0.0418251131561834,0.000274438993972483,0.022360260474518,0.000548294269417291,0.404337735223477,0.364667750118863,0.49263624379502,0.348402180876004,0.430970161189157,0.650588237349481,0.151802674369619,0.49263624379502,0.33601543,0.162116392327876
2,0.181818181818182,0.354166666666667,0,0,0.0323194003631688,0.000578928252213532,0.0186335384699666,0.000542996819143637,0.43170670121477,0.397082650705694,0.510309274592715,0.381137936675357,0.45708955421238,0.610588214055363,0.189753317345326,0.510309274592715,0.29722086,0.160336618426229
2,0.426877470355731,0.370833333333333,0,0,0.0323193777776166,0.000494752401488164,0.00993789240137314,0.00029119135331633,0.398399185078209,0.376012979546296,0.461708413389481,0.352299271947022,0.55223879444197,0.529411782768166,0.223908914809041,0.461708413389481,0.27896288,0.171256185622956
2,0.533596837944664,0.141666666666667,0,0,0.0418250892018098,0.00155730285936008,0.0459627243501413,0.00110097451303563,0.369997428969711,0.350891404788423,0.422680423986153,0.332034274917092,0.583955230239892,0.471764697224914,0.284630018712486,0.422680423986153,0.25936732,0.167589043885449
2,0.363636363636364,0.233333333333333,0,0,0.0589353150125037,0.00140071032260771,0.0335403571714064,0.000856868784038418,0.42344436633445,0.386547815125995,0.502945478623376,0.374123127852747,0.444029882887335,0.612941163453287,0.199241025053199,0.502945478623376,0.303044,0.156861698649519
2,0.205533596837945,0.129166666666667,0,0,0.112167292143879,0.000718273907189783,0.0136645929400874,0.00038520938308769,0.197004917025714,0.178282015221086,0.240058893666724,0.169134827150902,0.641791042269993,0.384705897737024,0.366223915626384,0.240058893666724,0.33789337,0.16505391322362
2,0.75098814229249,0.4,0,0,0.0703421995200159,0.00153905826492682,0.231055878816405,0.00217198830974638,0.203718045816206,0.196110220389872,0.237849784699192,0.174590805156951,0.716417915460013,0.343529415626298,0.356736259151907,0.237849784699192,0.31155226,0.195918028161944
2,0.150197628458498,0.025,0,0,0.0380228012100791,0.00109775325334288,0.0198758125294526,0.000582382392209092,0.496256181138844,0.46191247375942,0.578792355089894,0.441153540416102,0.438432856903681,0.644705869148789,0.153700188586716,0.578792355089894,0.2848739,0.16267751257396
2,0.0711462450592885,0.379166666666667,0,0,0.133079891497638,0.00151314758302357,0.0260869534107482,0.000449827902266953,0.40691971051649,0.369529996511588,0.486745180509977,0.357755249953071,0.445895552618205,0.610588214055363,0.201138556348094,0.486745180509977,0.317014,0.158163872327349
2,0.359683794466403,0.325,0,0,0.0684410469690172,0.00127547366268489,0.0273291724640266,0.000691316518387974,0.410792680427349,0.371961105121241,0.493372573686505,0.360093510207529,0.434701483859852,0.624705899854671,0.189753317345326,0.493372573686505,0.31787068,0.157037502000913
2,0.308300395256917,0.0708333333333333,0,0,0.146387812206334,0.00379331078257699,0.0186335384699666,0.000474837156922775,0.435063262124346,0.389789295703317,0.524300463738583,0.38347622498905,0.38246268102236,0.662352931397924,0.182163226321342,0.524300463738583,0.32455578,0.151035711230908
2,0.454545454545455,0.475,0,0,0.0969581778195436,0.000728683868323911,0.0459627086979684,0.000414139236112166,0.424735360952296,0.383306334548674,0.506627360039563,0.377240845604338,0.412313463880457,0.624705899854671,0.212523727039668,0.506627360039563,0.3172057,0.150945408879194
2,0.426877470355731,0.270833333333333,0,0,0.0513308211583233,0.000696986604261855,0.00869564741020823,0.000236401812708566,0.360960522415508,0.347649931504456,0.407952878439228,0.323460621248305,0.626865684423034,0.442352951515571,0.288425064224478,0.407952878439228,0.25070548,0.176987371520814
2,0.122529644268775,0.320833333333333,0,0,0.0285170678847443,0.000352522207917086,0.0248447388295193,0.000519415926524751,0.46888718726219,0.422204225463568,0.563328420004945,0.413094305125665,0.361940330773835,0.695294095910035,0.149905160152523,0.563328420004945,0.32012162,0.153130897027703
2,0.442687747035573,0.466666666666667,0.333333323333334,0,0.0494296480750043,0.000625815856598002,0.0434782504671894,0.00123931337223141,0.413632846278322,0.378444095449304,0.488954355751441,0.367108319030138,0.45895522394325,0.590588223584775,0.220113869297048,0.488954355751441,0.29916364,0.15650288991868
2,0.462450592885375,0.0416666666666667,0,0,0.165399282963468,0.00461227844517153,0.0285714317657496,0.000766658680984565,0.459333836850003,0.432739053749911,0.525036800257461,0.414653135942225,0.503731364648306,0.555294120262976,0.231499057066421,0.525036800257461,0.2570597,0.163181688113405
2,0.936758893280632,0.258333333333333,0,0,0.0779467104844632,0.00141675005727432,0.0335403705875546,0.000563889309902446,0.303382410639269,0.282820115744085,0.351251838356025,0.2720187132652,0.595149265416156,0.432941185688581,0.335863397830259,0.351251838356025,0.27433428,0.159109503646803
2,0.699604743083004,0.0583333333333333,0,0,0.0247148017941552,0.000330468235741114,0.0347826142371047,0.000895360290961441,0.312419331136153,0.288492719517769,0.364506624709082,0.279812937496089,0.569029855601888,0.455294114968858,0.326375724277983,0.364506624709082,0.2845817,0.155349709245398
2,0.893280632411067,0.1375,0.333333323333334,0,0.0190114002628342,0.000407058092297168,0.0360248042220618,0.000719992319200324,0.333333351923574,0.312803900427908,0.384388804238669,0.29851909669465,0.585820899970762,0.455294114968858,0.309297925546126,0.384388804238669,0.27198678,0.163465807280612
2,0.0909090909090909,0.341666666666667,0,0,0.0551330235987196,0.000778651782602803,0.0459627243501413,0.00124860719652643,0.438161646418641,0.399513795782122,0.525036800257461,0.382696802565961,0.427238838518461,0.65176469616609,0.153700188586716,0.525036800257461,0.3155379,0.161241471829284
2,0.758893280632411,0.475,0,0,0.173003824726396,0.00257226446539663,0.0434782638833376,0.00135518419136886,0.261037953091803,0.235818497859145,0.315169373967825,0.227591593060278,0.576492551316412,0.452941186747405,0.322580661688192,0.315169373967825,0.3218254,0.158392171580176
2,0.881422924901186,0.470833333333333,0,0,0.0532319531770018,0.00130466450960273,0.0422360179977629,0.000855743365919849,0.303382410639269,0.268233405739331,0.37334314010793,0.262665609114089,0.494403015993957,0.53882351683045,0.267552219980628,0.37334314010793,0.3480217,0.153840456276177
2,0.470355731225296,0.404166666666667,0,0,0.15779467960358,0.00352789360366814,0.0372670635237849,0.001127779401802,0.40485413028208,0.384116706516343,0.460972043733637,0.36477005877568,0.561567193469452,0.496470575903114,0.267552219980628,0.460972043733637,0.25245842,0.166252068799346
2,0.620553359683794,0.270833333333333,0,0,0.028517100052046,0.000663777993833733,0.0732919258824891,0.0022111191309102,0.242964119069376,0.232576995401758,0.278350513414208,0.215120799216811,0.684701496453135,0.358823539065744,0.364326401409287,0.278350513414208,0.2703099,0.17840145363451
2,0.213438735177866,0.558333333333333,0,0,0.173003800772022,0.00300193351257776,0.0223602470583697,0.000304139677567016,0.186677008882324,0.176661256699038,0.220913123557341,0.159781765088643,0.705223888679271,0.339999996823529,0.373814057883764,0.220913123557341,0.31533822,0.186260410728806
2,0.292490118577075,0.329166666666667,0.333333323333334,0,0.142585585811564,0.00302691832681535,0.063354032586706,0.00199871683858553,0.336173503831867,0.300648284446096,0.407216482273811,0.294621970549588,0.481343294295778,0.551764722636678,0.259962077723248,0.407216482273811,0.32763156,0.1531587146512
2,0.407114624505929,0.420833333333333,0,0,0.0209125343347448,0.000253019153420971,0.0236024907079198,0.000513821086569053,0.412341865603156,0.380875189472246,0.486008850618492,0.3639906433674,0.485074616966474,0.582352958927336,0.206831116077183,0.486008850618492,0.29368052,0.162123241809099
2,0.565217391304348,0.1,0,0,0.0798478938339423,0.00205003718797594,0.0459627400023143,0.001248607701457,0.262070764123029,0.235818497859145,0.314432977802408,0.231488691146105,0.569029855601888,0.444705879737024,0.343453523009841,0.314432977802408,0.3197136,0.152000245775503
2,0.367588932806324,0.3875,0,0,0.226235736838757,0.00143261131385684,0.0223602761266909,0.000372493644286402,0.388587665022081,0.356564030442172,0.460972043733637,0.342166801491292,0.488805990010303,0.570588222525952,0.222011383514145,0.460972043733637,0.30307138,0.160943485820189
2,0.154150197628458,0.025,0,0,0.0437261801558478,0.000960535218465242,0.032298153770301,0.000799872148607892,0.49160859772606,0.455429490724712,0.573637727734626,0.438815273146835,0.427238838518461,0.641176460934256,0.170777987318573,0.573637727734626,0.28623843,0.158755882390714
2,0.411067193675889,0.416666666666667,0,0,0.0133079788836037,0.000392936079435453,0.0236024907079198,0.000319586932086184,0.419571396423591,0.388168544474624,0.496318085446848,0.367887741453227,0.483208947235604,0.59882352000692,0.182163226321342,0.496318085446848,0.29966387,0.165558474885781
2,0.549407114624506,0.4375,0.333333323333334,0,0.0608365120501963,0.00123344661145745,0.0124223546569966,0.000361997724558365,0.3263620116611,0.308752047882918,0.374815912556584,0.291504287872041,0.608208953532245,0.441176460934256,0.309297925546126,0.374815912556584,0.26456326,0.168811424464618
2,0.509881422924901,0.0875,0,0,0.0380228217423994,0.00105578458562431,0.0186335534513321,0.00060350649462262,0.414665636395527,0.395461899477001,0.469808545877698,0.374123127852747,0.569029855601888,0.49411762650519,0.26375712323524,0.469808545877698,0.24900064,0.168173751193098
2,0.399209486166008,0.6125,0.666666646666667,0,0.0779467583932104,0.00214079561294819,0.040993787764361,0.000756535616419641,0.274206041028847,0.25931929950826,0.314432977802408,0.245518308791323,0.643656728791908,0.389411775356401,0.356736259151907,0.314432977802408,0.26415184,0.167040564961328
2,0.928853754940711,0.441666666666667,0,0,0.0266159988318479,0.000407058152798214,0.0285714317657496,0.000535852368893374,0.319907066457229,0.288492719517769,0.387334302744225,0.278254092649911,0.514925383033526,0.53058825217301,0.259962077723248,0.387334302744225,0.33047688,0.158594852430193
2,0.0869565217391304,0.0583333333333333,0,0,0.0380227567233853,0.000756570816877049,0.0136645862320133,0.000466649534531305,0.491092160839416,0.442463546535361,0.58983799271106,0.432579886747315,0.341417913361133,0.721176486346021,0.129032264675277,0.58983799271106,0.3181906,0.153400746442362
2,0.324110671936759,0.55,0,0,0.0437262006881681,0.00111308381492166,0.0273291724640266,0.000392641925084123,0.3511489884167,0.313614265102223,0.429307817162682,0.303975039626655,0.462686596987079,0.589411743591696,0.218216355079952,0.429307817162682,0.3412286,0.156997479542001
2,0.288537549407115,0.220833333333333,0,0,0.0627376235365546,0.00121653949346911,0.0447204941167395,0.000804676635161247,0.39452622911003,0.362236641509211,0.470544915533543,0.344505047716132,0.485074616966474,0.589411743591696,0.195445928307811,0.470544915533543,0.3130033,0.164019490467428
2,0.185770750988142,0.533333333333333,0,0,0.0836502023579933,0.0016961974286249,0.0409938011805092,0.00075653677054667,0.336173503831867,0.310372784524901,0.400589089097282,0.29228371029513,0.548507471771274,0.520000016941176,0.242884278991391,0.400589089097282,0.3108182,0.167868898914836
2,0.600790513833992,0.4375,0,0,0.112167302410039,0.0024919536634593,0.0248447097611981,0.000601908851003792,0.205267244934694,0.182333875059432,0.254050089439985,0.175370220565231,0.61007464005416,0.414117643446367,0.351043665267221,0.254050089439985,0.35575584,0.160055235693923
2,0.260869565217391,0.0958333333333333,0,0,0.0380228217423994,0.00123344630895222,0.0124223694147597,0.000421062050693212,0.378259763850031,0.337115059457983,0.466126671088905,0.324240036656585,0.429104508249331,0.642352919750865,0.16698295888438,0.466126671088905,0.34747013,0.159427584825075
2,0.197628458498024,0.220833333333333,0,0,0.598859340636702,0.00121652981330184,0.0149068455337363,0.000504357490188158,0.27885361049895,0.256888154431833,0.332106028482283,0.243180048536865,0.593283595685286,0.452941186747405,0.305502862956335,0.332106028482283,0.31010145,0.17021399004861
2,0.379446640316206,0.145833333333333,0,0,0.0570342445907859,0.00163284970814296,0.0496894038702234,0.00101632874491745,0.434546867065743,0.388168544474624,0.524300463738583,0.38347622498905,0.375000002098881,0.664705870207613,0.185958271833334,0.524300463738583,0.32671866,0.149726872739241
2,0.296442687747036,0.5125,0.333333323333334,0,0.0874524424409767,0.00145219076302305,0.0322981269380045,0.000392642444441286,0.341079277802611,0.305510545425531,0.418262139777157,0.293063139733028,0.479477641355953,0.582352958927336,0.212523727039668,0.418262139777157,0.3411113,0.160704408707202
2,0.130434782608696,0.4375,0,0,0.197718647052871,0.00444217128571982,0.0111800949080686,0.000201170094297498,0.425251756010899,0.38249594070094,0.506627360039563,0.379579091829179,0.402985098435063,0.622352929280277,0.225806480259533,0.506627360039563,0.31323463,0.148133780776813
2,0.075098814229249,0.4625,0,0,0.0532319121123613,0.00119625016536952,0.0397515396427615,0.00107170549093068,0.42344436633445,0.376012979546296,0.518409407080932,0.367887741453227,0.371268679428185,0.687058810076125,0.153700188586716,0.518409407080932,0.34236288,0.153735917747803
2,0.367588932806324,0.2875,0,0,0.0741444430250527,0.00119782268837606,0.0186335534513321,0.00036465021864127,0.406661506015848,0.373581834469869,0.477908711502881,0.362431798521222,0.475746268312124,0.569411753121107,0.237191668028906,0.477908711502881,0.2908336,0.155762575156478
2,0.901185770750988,0.0541666666666667,0,0,0.0608365120501963,0.00111814765159142,0.027329214948496,0.000755262397908497,0.34288665353638,0.308752047882918,0.405743723079943,0.308651588194806,0.488805990010303,0.514117638152249,0.313093005213715,0.405743723079943,0.3086199,0.143936140003396
2,0.328063241106719,0.2125,0,0,0.0247148233530915,0.00049475054612277,0.0211179877566467,0.000557012104978904,0.4255099535402,0.389789295703317,0.505154620727875,0.374902550275836,0.451492528228726,0.614117664622837,0.189753317345326,0.505154620727875,0.3031787,0.159557876059812
2,0.201581027667984,0.325,0,0,0.178707234470645,0.00274438288126952,0.0161490757671382,0.000353922557419224,0.201652472553136,0.183954611701415,0.24447717787572,0.173031946281155,0.647388068253648,0.384705897737024,0.360531321741698,0.24447717787572,0.33112764,0.167159860092631
2,0.438735177865613,0.329166666666667,0,0,0.252851759624979,0.0070035563522871,0.0285714161135766,0.000634635818018178,0.454428139564001,0.420583481528229,0.528718714810613,0.407638327119616,0.455223901272555,0.595294143557093,0.216318823785056,0.528718714810613,0.27834544,0.157028067176287
2,0.545454545454545,0.433333333333333,0.333333323333334,0,0.0722433349607478,0.000966395440479878,0.0161490489348417,0.000466649130586845,0.325845602659817,0.309562390677167,0.37334314010793,0.290724844404525,0.61753731897764,0.436470604491349,0.30740039425123,0.37334314010793,0.2641149,0.171749029300083
2,0.972332015810277,0.433333333333333,0,0,0.121673024100393,0.00182455110240972,0.031055916828825,0.000942545620390591,0.201136077494534,0.181523510385118,0.243740808219876,0.174590805156951,0.634328363346514,0.38352942833218,0.37571158917866,0.243740808219876,0.33166277,0.159449056605674
2,0.442687747035573,0.0958333333333333,0,0,0.0684410230146435,0.00114477436336767,0.0186334825693489,0.000603507050046252,0.508133218687319,0.474068075154522,0.59057439550387,0.45284491183648,0.436567187172811,0.647058839723183,0.151802674369619,0.59057439550387,0.27917594,0.162175150132486
2,0.91699604743083,0.470833333333333,0.333333323333334,0,0.0722433589151215,0.00151314838970417,0.0459627243501413,0.00035392363220002,0.285308555702821,0.260940050736953,0.340942550508523,0.249415434936385,0.574626864794498,0.465882350200692,0.303605348739238,0.340942550508523,0.31709695,0.162374389453948
2,0.312252964426877,0.254166666666667,0,0,0.0418251131561834,0.00101207832788017,0.0322981269380045,0.000842124089921202,0.411309075485951,0.374392213730893,0.493372573686505,0.359314080769631,0.447761205558031,0.622352929280277,0.180265660870849,0.493372573686505,0.31460637,0.160149248181299
2,0.110671936758893,0.279166666666667,0,0,0.0228136458211031,0.000705045000677612,0.0583850803487528,0.00167564169886052,0.486186428696714,0.435170191532984,0.586156078157908,0.428682753587443,0.326492572305217,0.725882342788927,0.136622389854859,0.586156078157908,0.32548746,0.150862191039922
2,0.592885375494071,0.491666666666667,0,0,0.275665425978402,0.00820955726948295,0.0161490630217973,0.000597086547614436,0.223341085928461,0.200972444902532,0.272459489893524,0.192517534917614,0.608208953532245,0.419999990470588,0.343453523009841,0.272459489893524,0.3384073,0.162067203651445
2,0.577075098814229,0.316666666666667,0,0,0.233840319666325,0.00667426832052325,0.0347826321253023,0.00122287615082704,0.302091402078742,0.276337125416022,0.363770255053238,0.261106757253102,0.559701490156494,0.498823546477509,0.265654654530135,0.363770255053238,0.319706,0.166836423560167
2,0.600790513833992,0.279166666666667,0,0,0.321292792905782,0.00571761137032448,0.0658385042336333,0.00253740671108582,0.211205795079963,0.1977309497385,0.24815904603712,0.184723303671916,0.673507478067916,0.358823539065744,0.37571158917866,0.24815904603712,0.30020806,0.172310737124213
2,0.33596837944664,0.0375,0,0,0.032319465382183,0.00102868687320917,0.0434782504671894,0.000766658608851626,0.454428139564001,0.411669360710449,0.541237131507827,0.402961785566273,0.393656749780713,0.655294104380623,0.182163226321342,0.541237131507827,0.30955637,0.15296229570436
2,0.324110671936759,0.291666666666667,0,0,0.0152090893433459,0.000347139913911046,0.0161490489348417,0.000281089005331566,0.414407438866226,0.378444095449304,0.493372573686505,0.36477005877568,0.453358231541685,0.608235296422145,0.197343459602706,0.493372573686505,0.30741948,0.158700599690548
2,0.656126482213439,0.175,0,0,0.0437262212204883,0.000494751433471437,0.0211179877566467,0.000281089091891093,0.281951973879225,0.269043770413645,0.322533143427591,0.250974286797372,0.654850747177127,0.392941172982699,0.33965846042005,0.322533143427591,0.2645635,0.174530036192289
2,0.407114624505929,0.383333333333333,0.333333323333334,0,0.0323194003631688,0.000538486832552467,0.0149068455337363,0.000430117944488031,0.410534489869388,0.380875189472246,0.481590592919068,0.36321122795912,0.498134338664652,0.569411753121107,0.214421258334564,0.481590592919068,0.28739437,0.163353663813528
2,0.225296442687747,0.4625,0,0,0.0703422097861761,0.00223376585530731,0.136645945053047,0.00217553393224351,0.238316549599273,0.213128031710924,0.293814421989585,0.203429455855668,0.583955230239892,0.454117656152249,0.313093005213715,0.293814421989585,0.3496519,0.162731737633644
2,0.399209486166008,0.1625,0,0,0.0551331125721074,0.00107171602341955,0.0298136776513244,0.000626999284069474,0.424218965893694,0.386547815125995,0.502209142104498,0.377240845604338,0.438432856903681,0.605882378788927,0.216318823785056,0.502209142104498,0.30477422,0.153558603481433
2,0.110671936758893,0.0291666666666667,0.666666646666667,0,0.0266159577672074,0.000814114571233124,0.0385093250615326,0.000930198120244303,0.476116711111285,0.430307945140259,0.570692215974284,0.419329698539994,0.365671636653486,0.697647045307959,0.142315017895142,0.570692215974284,0.31715608,0.15453875081411
2,0.150197628458498,0.529166666666667,0,0,0.0380228012100791,0.00050603927485867,0.053416154943096,0.0011820085848843,0.380841739143044,0.3581847597908,0.442562603515739,0.336710823485243,0.555970167485798,0.517647046366782,0.239089182246002,0.442562603515739,0.28091076,0.170316832994623
2,0.308300395256917,0.1375,0,0,0.167300401293933,0.00322858968836315,0.0472049993040373,0.000814199265139645,0.40898530469358,0.365478114793178,0.50073640279281,0.35307870138492,0.402985098435063,0.668235310186851,0.151802674369619,0.50073640279281,0.33991683,0.158062439568647
2,0.173913043478261,0.458333333333333,0,0,0.0703422679610834,0.00126509783422391,0.147826068582232,0.00193204111683132,0.383165516906755,0.348460310765481,0.455081020212953,0.33982850616279,0.472014945641429,0.567058814311419,0.244781810286286,0.455081020212953,0.3071933,0.15398436253364
2,0.422924901185771,0.4875,0,0,0.24144486827336,0.00440514010832107,0.0372670635237849,0.000760347842260329,0.371288423587558,0.337925438719007,0.444771745620237,0.325019466094483,0.485074616966474,0.571764723695502,0.223908914809041,0.444771745620237,0.31292745,0.159862946581349
2,0.324110671936759,0.508333333333333,0.333333323333334,0,0.0798479588529565,0.00215743965222386,0.0260869399946,0.000771668385750158,0.339271902068843,0.303079429522524,0.414580271615756,0.293842555141308,0.475746268312124,0.572941193100346,0.231499057066421,0.414580271615756,0.33914515,0.15652850832149
2,0.130434782608696,0.00833333333333333,0,0,0.00760449077433231,0.000173568394011849,0.0347825583364871,0.0003926412398212,0.490575793666175,0.442463546535361,0.583947002327342,0.43725640725623,0.345149286404961,0.695294095910035,0.16698295888438,0.583947002327342,0.3114367,0.149276099650215
2,0.58102766798419,0.408333333333333,0,0,0.0342205111651164,0.00122117296603552,0.0273291858801748,0.00047280387363049,0.344435838712187,0.310372784524901,0.416789400465468,0.300077948555637,0.488805990010303,0.559999987294118,0.239089182246002,0.416789400465468,0.32513812,0.157587945114503
2,0.154150197628458,0.1,0,0,0.0247148428587957,0.000253018770247683,0.0236024638756234,0.000466648264991573,0.484120820576943,0.450567280798762,0.565537568736837,0.429462168995723,0.447761205558031,0.636470604491349,0.157495285332104,0.565537568736837,0.2874884,0.162838844717476
2,0.794466403162055,0.0416666666666667,0,0,0.0114068448116931,0.000368197605287953,0.116770151753407,0.00188509122931596,0.284017561084975,0.270664499762273,0.326951387872228,0.250974286797372,0.651119407715388,0.404705898795848,0.324478192983088,0.326951387872228,0.2745188,0.176839083609922
2,0.0474308300395257,0.0166666666666667,0.333333323333334,0,0.0418251131561834,0.000893507370640698,0.0273292015323477,0.000739795436670319,0.480764259667367,0.432739053749911,0.575846803565193,0.425565077924705,0.348880592284613,0.701176495875432,0.153700188586716,0.575846803565193,0.3169049,0.150898788758222
2,0.221343873517787,0.129166666666667,0,0,0.0798479348985828,0.000876484292315238,0.0223602191080609,0.000504358016758614,0.261037953091803,0.239059985729822,0.316642133161693,0.222915044492126,0.598880604877896,0.460000003176471,0.288425064224478,0.316642133161693,0.3346618,0.170334359608341
2,0.612648221343874,0.158333333333333,0,0,0.036121645237027,0.000578928806806448,0.0273291590478783,0.000392642357881759,0.265169127503304,0.260129671475929,0.29234166942311,0.240841788282407,0.714552245729143,0.324705873384083,0.388994325320726,0.29234166942311,0.22118697,0.183732314215586
2,0.162055335968379,0.191666666666667,0,0,0.0475285776532865,0.000983774769128011,0.0223602191080609,0.000263392263461223,0.458042884060198,0.43354942571758,0.526509539569149,0.408417742527896,0.518656705704222,0.568235273128028,0.195445928307811,0.526509539569149,0.26677614,0.170141163946782
2,0.893280632411067,0.504166666666667,0,0,0.228136937298503,0.00139397413620641,0.0298136642351761,0.000729299661208161,0.270333099003349,0.242301444427078,0.326215004961598,0.237724084560434,0.554104497754928,0.463529421979239,0.328273255572879,0.326215004961598,0.32576838,0.153551317513662
2,0.288537549407115,0.483333333333333,0,0,0.165399252164988,0.00368044235137717,0.0372670769399331,0.000899656673090543,0.315517701487768,0.287682325670035,0.379970533284459,0.27357754408176,0.54104477605675,0.515294096968858,0.258064512272755,0.379970533284459,0.31732458,0.165048843264479
2,0.300395256916996,0.516666666666667,0,0,0.100760445278954,0.00198754636396784,0.0397515262266133,0.00069131748496936,0.330234967629279,0.299027555097468,0.402061861545936,0.283710035581916,0.513059730093701,0.554117661446367,0.223908914809041,0.402061861545936,0.3346597,0.164641920285637
2,0.41501976284585,0.225,0.666666646666667,0,0.0760456229524785,0.00166934383792819,0.0509316922402676,0.000597087016478541,0.422669780717886,0.39141006151872,0.494109009616281,0.376461416166441,0.483208947235604,0.574117673093425,0.222011383514145,0.494109009616281,0.28732476,0.160012325708613
2,0.75098814229249,0.45,0,0,0.0380228012100791,0.00130466622379901,0.0211180436572644,0.000557012011206083,0.277820820381745,0.26418150943421,0.319587611785069,0.246297724199603,0.651119407715388,0.397647050602076,0.335863397830259,0.319587611785069,0.27171725,0.174288289796178
2,0.197628458498024,0.416666666666667,0,0,0.555133129682374,0.0165807087979814,0.0099378995566522,0.000248328633553002,0.237800154540671,0.221231773267681,0.279823252725897,0.208885426846908,0.643656728791908,0.389411775356401,0.356736259151907,0.279823252725897,0.29035455,0.174331518752427
2,0.715415019762846,0.516666666666667,0,0,0.144486690453816,0.00113817410264849,0.0248447008170993,0.000739793849745655,0.227988655398564,0.208265799904909,0.27172312023768,0.200311759148503,0.624999997901119,0.395294132968858,0.366223915626384,0.27172312023768,0.30882394,0.159648614898075
2,0.0237154150197628,0.595833333333333,0,0.5,0.104562709316311,0.00386412685294535,0.0857142684649523,0.00157118238284933,0.353472780123092,0.324959494529656,0.424153163297841,0.305533905517259,0.524253731687876,0.554117661446367,0.212523727039668,0.424153163297841,0.3213451,0.169742584576194
2,0.596837944664032,0.3,0,0,0.152091245904957,0.001338853549556,0.0211180092224839,0.000490802268239587,0.184869612234535,0.17017828825104,0.220176714137138,0.161340602920012,0.673507478067916,0.344705874442907,0.398481998873002,0.220176714137138,0.30741498,0.164678434064216
2,0.735177865612648,0.266666666666667,0,0,0.0532319531770018,0.000918446506588967,0.126708062937387,0.00346438372346158,0.27678803723588,0.260940050736953,0.319587611785069,0.246297724199603,0.636194033077384,0.402352938809689,0.343453523009841,0.319587611785069,0.27505925,0.169178845410818
2,0.577075098814229,0.475,0,0,0.218631191653776,0.00395657729048891,0.0298136485830032,0.000548294601228812,0.301316802519498,0.271474864436587,0.364506624709082,0.262665609114089,0.5317164274024,0.505882341730104,0.282732453261993,0.364506624709082,0.32463875,0.159099581971796
2,0.992094861660079,0.270833333333333,0,0,0.0589353355448239,0.00115296701160329,0.0124223403464385,0.000248329023070874,0.294861864286967,0.262560780085582,0.358615601188398,0.257989095619981,0.516791035973352,0.507058811134948,0.296015206481858,0.358615601188398,0.334876,0.151959988285373
2,0.743083003952569,0.154166666666667,0,0,0.0247148233530915,0.000392935867681794,0.104347815879018,0.00310534937577973,0.2933126860825,0.282820115744085,0.330633289170594,0.263445052581604,0.667910452084261,0.380000009529412,0.34724860267743,0.330633289170594,0.24524052,0.174748464133942
2,0.616600790513834,0.0375,0,0,0.0456273806155939,0.000766464351170655,0.110558989406274,0.00323095770892167,0.247353470096157,0.233387360076073,0.283505167279049,0.22213560803942,0.658582086638867,0.363529427273356,0.383301714358241,0.283505167279049,0.26195785,0.167706878465609
2,0.351778656126482,0.104166666666667,0,0,0.0323193350019494,0.000330468235741114,0.024844680692877,0.000882351692426697,0.46269043261628,0.412479754558183,0.561855680693257,0.405300080894775,0.339552243630263,0.716470566373702,0.138519921149754,0.561855680693257,0.33281505,0.152030699106235
2,0.292490118577075,0.225,0,0,0.0855513343766718,0.00111983038733576,0.0347826008209565,0.000674385431601566,0.402530345547029,0.367909230696185,0.481590592919068,0.351519856538742,0.46641790286673,0.605882378788927,0.187855786050431,0.481590592919068,0.31478265,0.162260197857674
2,0.407114624505929,0.566666666666667,0,0.5,0.10646389266579,0.0022057735341,0.104347815879018,0.00187483933532149,0.347017841890561,0.319286890755972,0.41384387545034,0.302416194780477,0.5317164274024,0.534117649799308,0.237191668028906,0.41384387545034,0.30910617,0.165830960007675
2,0.964426877470356,0.4125,0,0,0.167300425248307,0.00347140095414182,0.0397515620030086,0.00130520320561222,0.237800154540671,0.212317659743255,0.294550798272822,0.201870618024299,0.582089560509022,0.460000003176471,0.305502862956335,0.294550798272822,0.35354832,0.163770172708494
2,0.181818181818182,0.458333333333333,0,0,0.0304182443901167,0.00103416332700896,0.109316743520699,0.00231459022565332,0.374128603381212,0.341977320437418,0.443298973171583,0.331254845479194,0.492537312680998,0.551764722636678,0.248576855798278,0.443298973171583,0.30067223,0.156789628005178
2,0.636363636363636,0.616666666666667,0,0,0.0741444909338,0.00096834323130437,0.0496894396466186,0.00104990417563006,0.182029432440881,0.183954611701415,0.195876283535521,0.165237715035457,0.789179107165432,0.241176471522491,0.447817855234779,0.195876283535521,0.20284556,0.208442623549406
2,0.0671936758893281,0.133333333333333,0,0,0.064638800041927,0.00178701302708511,0.0347826321253023,0.000882354072813693,0.451071543797724,0.400324160456436,0.547128155028511,0.397505842634268,0.339552243630263,0.698823546477508,0.16698295888438,0.547128155028511,0.3351151,0.148342236679627
3,0.0237154150197628,0.329166666666667,0,0,0.0437262349087018,0.000861316680218901,0.0546583807044484,0.00145595549446079,0.0325329200629875,0.0186385742191132,0.0382916045044801,0.0397505821589842,0.727611942240755,0.167058828076125,0.629981038861624,0.0412371136138651,0.66534394,0
3,0.0711462450592885,0.508333333333333,0,0,0,0,0,1.14652226901213e-11,0,0,0,0,0.833955226042131,0.131764710989619,0.578747642666052,0,0,0.511054416358307
3,0.110671936758893,0.308333333333333,0,0,0.0969581675533834,0.00296660100286533,0.0534161437629724,0.0022006350409842,0.0284017581998996,0.0153970834310947,0.0449189976810088,0.0233826958415372,0.735074629559757,0.217647062249135,0.540796977489207,0.0449189976810088,0.76296294,0.113203054969353
3,0.142292490118577,0.3875,0,0,0.26806081919646,0.00979421779408348,0.494409859974543,0.0155941171949972,0.129873489693989,0.10858995306799,0.155375554820504,0.123148862099802,0.645522398522778,0.284705892442907,0.52371917875735,0.155375554820504,0.6076133,0.103935052144614
3,0.229249011857708,0.454166666666667,0,0,0.0741444909338,0.0020026485341,0.0322981269380045,0.00134876948121206,0.132971860045604,0.0769854098621184,0.219440344481293,0.0950896268093647,0.404850768165933,0.577647049543253,0.296015206481858,0.219440344481293,0.6812664,0.136471598869533
3,0.407114624505929,0.533333333333333,0,0,0.0114068448116931,0.000520710012035675,0.00745341583519156,0.00037249285082407,0.00464756040736051,0,0.0117820324611043,0.00155884638943581,0.800373137304383,0.167058828076125,0.555977243218389,0.0117820324611043,1,0.149990997464936
3,0.316205533596838,0.558333333333333,0,0.5,0.155893533896688,0.00457250899045536,0.167701852937773,0.00440936302562515,0.0937258007351139,0.0721231780561036,0.133284233186419,0.072486362510168,0.654850747177127,0.343529415626298,0.41935486019465,0.133284233186419,0.53272784,0.164833370001001
3,0.422924901185771,0.5625,0,0,0,0,0,1.14652226901213e-11,0,0,0,0,0.833955226042131,0.131764710989619,0.578747642666052,0,0,0.511054416358307
3,0.0671936758893281,0.229166666666667,0,0,0.296577902138239,0.00916558268960221,0.244720449396245,0.00381515012151077,0.278079024882387,0.235818497859145,0.328424160320882,0.265003904442591,0.453358231541685,0.438823532712803,0.470588247851323,0.328424160320882,0.3501687,0.10300160887263
3,0.126482213438735,0.345833333333333,0,0,0.0456273874597006,0.000212578600941558,0.0571428545874003,0.00118445179967049,0.0410534489869388,0.0235008111304766,0.0515463908575376,0.0467653909815934,0.699626871091139,0.191764708871972,0.618595839137792,0.0515463908575376,0.60978836,0.0292491482846372
3,0.0790513833992095,0.220833333333333,0,0,0.557034285655426,0.0130566005430574,0.452173902349447,0.0127163901731944,0.216111548136686,0.179902751863069,0.251840940708093,0.212782538962353,0.514925383033526,0.354117650858131,0.544592045202338,0.251840940708093,0.40074632,0.0756045233772542
3,0.276679841897233,0.475,0,0,0.0228136903077969,0.000475341135144815,0.016149069059064,0.000353922853164276,0.114381623993234,0.0907617551925588,0.156848300759585,0.091971937117009,0.634328363346514,0.362352957868512,0.409867186642374,0.167893964890324,0.56104016,0.209978972260524
3,0.225296442687747,0.475,0,0,0.0741444909338,0.00111982988316038,0.0236024907079198,0.000652601190167675,0.129357087664046,0.0810372769938191,0.203240052995287,0.0974279010934403,0.45895522394325,0.516470576961938,0.33965846042005,0.203240052995287,0.6384555,0.134676061088307
3,0.375494071146245,0.495833333333333,0,0,0.0190114057381196,0.000459223182709931,0.0273291903522242,0.000472803606738614,0.0167828568329313,0.00324149115268631,0.0331369658826438,0.0124707713960788,0.735074629559757,0.214117650858131,0.546489579912793,0.0331369658826438,0.93121696,0.113815479172834
3,0.126482213438735,0.3625,0,0,0.0209125480229583,0.000616723456981337,0.029813657527102,0.000662856135385475,0.0142008787513828,0.00405186421435871,0.0235640649222087,0.0140296176452185,0.759328357889424,0.180000002117647,0.576850109492599,0.0235640649222087,0.8833333,0.0831468934203094
3,0.126482213438735,0.504166666666667,0.333333323333334,0,0.036121672613454,0.00100648180975567,0.0385093138814091,0.000719992319200324,0.0136844829956463,0.00486223691136335,0.0279823272608076,0.00701480882260923,0.768656721655714,0.203529415626298,0.529411781180935,0.0279823272608076,0.6768879,0.149705384170698
3,0.142292490118577,0.383333333333333,0,0,0.0608365017840362,0.00214343144182865,0.0658385109417074,0.00246810715366548,0.02685257093269,0.0137763365784144,0.0412371136138651,0.024162118966107,0.735074629559757,0.207058827017301,0.557874777928844,0.0412371136138651,0.79907405,0.0917034903227155
3,0.0513833992094862,0.520833333333333,0,0,0,0,0,1.14652226901213e-11,0,0,0,0,0.833955226042131,0.131764710989619,0.578747642666052,0,0,0.511054416358307
3,0.181818181818182,0.483333333333333,0,0,0.0399239674492914,0.000968343332139446,0.0236024907079198,0.000353922427579934,0.122643944930874,0.0656401950213954,0.199558164951707,0.0958690562472625,0.401119395122104,0.529411782768166,0.377609120473555,0.199558164951707,0.70147634,0.120520668015802
3,0.462450592885375,0.475,0,0,0.0114068448116931,0.0003006320544219,0.0198757740698277,0.000248328676832765,0.00800413177394676,0,0.0206185571383022,0.0023382696543018,0.776119407295611,0.194117652975779,0.537001913191636,0.0206185571383022,1,0.145808046142672
3,0.383399209486166,0.479166666666667,0,0,0.036121672613454,0.000718273786187692,0.0211180101168938,0.000353922600698988,0.0193648335202117,0.00405186421435871,0.0346097204373364,0.0179267339695484,0.722014933048145,0.209411771121107,0.567362442942221,0.0346097204373364,0.90899473,0.0852258116991993
3,0.351778656126482,0.4625,0.333333323333334,0,0.0570342309025724,0.00141008979968507,0.0260869601188224,0.000498593606689268,0.112832424874746,0.074554293959111,0.167893964890324,0.09119251469392,0.533582080342226,0.422352950456747,0.415559797604859,0.167893964890324,0.584744,0.133784570888815
3,0.41501976284585,0.4,0,0,0.0380228114762393,0.000726095270592943,0.0149068321175881,0.000304139316902319,0.157242448713941,0.0948136150309045,0.238586154355036,0.130943107375117,0.352611965328441,0.558823517889273,0.37950665176845,0.238586154355036,0.6385408,0.115762561726123
3,0.486166007905138,0.425,0,0,0.0133079847010944,0.000392935897932316,0.00621118023533042,0.000236401798281978,0.00671314273317251,0,0.0184094249748938,0.000779423194717905,0.785447766024588,0.189411772179931,0.535104378481181,0.0184094249748938,1,0.154603720158065
3,0.221343873517787,0.45,0,0,0.0779467583932104,0.00204359755753246,0.0397515485868603,0.00124164304977118,0.143557965718295,0.0891410039638655,0.223122245779659,0.111457518738659,0.412313463880457,0.54705880266436,0.337760929125154,0.223122245779659,0.6356236,0.130278929174266
3,0.458498023715415,0.4125,0,0,0.0798479109442092,0.00293019913717442,0.0509316564638723,0.00137214221259479,0.120061962666521,0.0672609389567337,0.192194402119334,0.0943102114010846,0.430970161189157,0.505882341730104,0.385199262730935,0.192194402119334,0.6807869,0.121368291317166
3,0.260869565217391,0.520833333333333,0,0,0.230038059051021,0.00373931632205271,0.0596273262343276,0.00230624971028376,0.108184869347324,0.0656401950213954,0.167893964890324,0.0857365507174887,0.505597034379176,0.443529420920415,0.409867186642374,0.167893964890324,0.66081303,0.123670774648626
3,0.225296442687747,0.4875,0.333333323333334,0,0.100760469233328,0.00177113785526214,0.0546583807044484,0.00121338432161372,0.114898019051836,0.0737439219914418,0.171575852933904,0.0943102114010846,0.513059730093701,0.430588225702422,0.423149922784441,0.171575852933904,0.6133847,0.122195231871308
3,0.355731225296443,0.454166666666667,0,0,0.0475285331665926,0.000936715301440409,0.013664603225801,0.000557012191538431,0.117479994344849,0.0818476489614882,0.170839476650667,0.0950896268093647,0.5503731247111,0.415294134027682,0.409867186642374,0.170839476650667,0.5621582,0.136545482611845
3,0.0671936758893281,0.316666666666667,0,0,0.0532319394887883,0.00197900250716332,0.0422360179977629,0.00126013014504386,0.0203976257288188,0.00891410039638655,0.0375552268957642,0.0132501938191678,0.748134334466891,0.218823531653979,0.525616711760025,0.0375552268957642,0.86277056,0.136768308994871
3,0.383399209486166,0.508333333333333,0,0,0.0190114057381196,0.000173569987206046,0.00869565121145023,0.000236401798281978,0.00671314273317251,0,0.0184094249748938,0.000779423194717905,0.785447766024588,0.189411772179931,0.535104378481181,0.0184094249748938,1,0.154603720158065
3,0.264822134387352,0.483333333333333,0,0,0.0361216657693472,0.000983776271570639,0.0285714250576755,0.000597086836146193,0.114123419492592,0.0794165330584808,0.17525773435009,0.0826188610251329,0.557835820425624,0.45176469616609,0.343453523009841,0.17525773435009,0.6014436,0.169284172972568
3,0.474308300395257,0.454166666666667,0,0,0.0323193948878834,0.000253019405508661,0.016149065705027,0.000634636214749344,0.0245287889861747,0.00810372842871741,0.043446242463577,0.020265002641777,0.71268657096096,0.228235297480969,0.546489579912793,0.043446242463577,0.8399471,0.102470236863623
3,0.450592885375494,0.416666666666667,0,0,0.0190114105289944,0.000407057941044555,0.0434782415230906,0.000751424925539063,0.125742322253829,0.0705024341207653,0.199558164951707,0.100545590785796,0.412313463880457,0.515294096968858,0.388994325320726,0.199558164951707,0.67951304,0.119338259531712
3,0.351778656126482,0.4375,0,0,0.043726245174862,0.000861317113809727,0.0298136687072255,0.000818919861084623,0.130648075310552,0.085899516093189,0.195876283535521,0.10444270991605,0.483208947235604,0.475294105439446,0.381404200141145,0.195876283535521,0.5961039,0.131652485190725
3,0.387351778656126,0.495833333333333,0,0,0.0190114057381196,0.000459223243210976,0.0124223582346361,0.000392642033283532,0.00955331834402226,0.000810372769938191,0.0220913103675161,0.00467653944889978,0.770522393065688,0.194117652975779,0.542694510491882,0.0220913103675161,0.9777778,0.135167444214291
3,0.075098814229249,0.245833333333333,0,0,0.393536103912156,0.00884121843458788,0.17763975294163,0.00498921794030976,0.129615285193347,0.0996758541302744,0.158321066580846,0.127825396638335,0.585820899970762,0.300000005294118,0.55977230922374,0.158321066580846,0.47688422,0.0763959238535785
3,0.466403162055336,0.433333333333333,0,0.5,0.0836501920918331,0.00158605396451251,0.111801235291849,0.00211808459048609,0.0526723468682369,0.0259319292214905,0.0854197350116367,0.0436476998862759,0.632462693615644,0.301176474698962,0.510436447738623,0.0854197350116367,0.7672355,0.109655947032693
3,0.0355731225296443,0.420833333333333,0,0,0.0114068448116931,0.000425158048897752,0.0111801248707997,0.000131696076150224,0.003098373488718,0,0.00810014706848198,0.000779423194717905,0.811567165764229,0.156470592844291,0.561669843934195,0.00810014706848198,0.6666667,0.149792362509465
3,0.134387351778656,0.4,0,0,0.349809858737294,0.0150926099586334,0.21987575528722,0.0126572245724128,0.0663568277724811,0.0534846045663258,0.0810014706848198,0.0631332794034831,0.723880606137224,0.217647062249135,0.552182177213039,0.0810014706848198,0.6749559,0.0925368942353641
3,0.126482213438735,0.5,0,0,0.0152091263015224,0.000814115640084927,0.0223602470583697,0.000790176904505808,0.00516395546596299,0.00162074553987638,0.0117820324611043,0.00155884638943581,0.80783582294428,0.164705888207612,0.552182177213039,0.0117820324611043,0.4074074,0.15944851939146
3,0.0869565217391304,0.3375,0,0.5,0.140684412728245,0.00467512753620383,0.156521729408588,0.00410306297799206,0.0883036456484476,0.0640194510860571,0.123711348131728,0.074045200341537,0.638059702808253,0.32235294516263,0.470588247851323,0.123711348131728,0.56489813,0.128195159179509
3,0.0474308300395257,0.3,0,0,0.0285171086071794,0.000552296357514391,0.0149068298815634,0.000456208731582168,0.025819778026949,0.011345219216736,0.0397643590591726,0.0249415427921577,0.725746269151676,0.204705888207612,0.571157509801461,0.0397643590591726,0.7404762,0.0790366171083756
3,0.33201581027668,0.458333333333333,0,0,0.0551330783515736,0.00107171602341955,0.0211180224150297,0.000513821086569053,0.120061962666521,0.0648298230537263,0.193667148058416,0.0950896268093647,0.414179116820283,0.51294117933564,0.390891856615622,0.193667148058416,0.696178,0.11890966331694
3,0.395256916996047,0.525,0,0,0.0152091263015224,0.000506039153856579,0.0186335384699666,0.00058403430865143,0.00800413177394676,0.00162074553987638,0.0176730486916565,0.00389711632432997,0.787313437434562,0.180000002117647,0.548387111207688,0.0176730486916565,0.95,0.141620847470531
3,0.292490118577075,0.425,0,0.5,0.100760479499488,0.00415708360357134,0.137888186466572,0.00448991669209825,0.194422941732702,0.124797399714728,0.293078039078954,0.156664068381479,0.2910448138366,0.650588237349481,0.294117675186963,0.293078039078954,0.62207055,0.125494180417182
3,0.173913043478261,0.479166666666667,0,0,0.239543736254681,0.0039024323840316,0.0571428545874003,0.00129631325364421,0.0710043902712437,0.0356564030442172,0.114138443194857,0.0592361672880384,0.567164185871018,0.355294109674741,0.489563581293635,0.114138443194857,0.7364309,0.099776745524397
3,0.442687747035573,0.495833333333333,0,0,0.00950570321126515,0.000253019637429335,0.00745341449357674,0.000263392212968165,0.006196746977436,0,0.0169366717456799,0.000779423194717905,0.789179107165432,0.184705887148789,0.538899446194312,0.0169366717456799,1,0.154603720158065
3,0.24901185770751,0.429166666666667,0,0,0.176806102451966,0.00637294114942306,0.19751550822885,0.00625290877216983,0.207849227199047,0.133711513239153,0.31296021860854,0.167575996334341,0.255597055367982,0.684705860678201,0.275142311004613,0.31296021860854,0.62924504,0.125707202640811
3,0.126482213438735,0.370833333333333,0,0,0.0247148315660196,0.000538486993888588,0.0149068332356004,0.000263392140835226,0.00852052683254925,0.000810372769938191,0.0184094249748938,0.0054559625734696,0.777985078705586,0.181176473640138,0.555977243218389,0.0184094249748938,0.9777778,0.118704094940525
3,0.462450592885375,0.408333333333333,0,0.5,0.121673000146019,0.00267770810746276,0.089440972581306,0.00222458663920461,0.0926930036465687,0.0510534850166409,0.148011785360738,0.074045200341537,0.516791035973352,0.418823521065744,0.438330190221403,0.148011785360738,0.694627,0.1175294256987
3,0.0671936758893281,0.245833333333333,0,0.5,0.323193914658301,0.00594714790004905,0.222360224698123,0.00501234008186144,0.14665634304125,0.11831443126673,0.176730480289172,0.141855014283554,0.591417909163372,0.310588251114187,0.537001913191636,0.176730480289172,0.4158355,0.0889712859842238
3,0.363636363636364,0.483333333333333,0,0,0.038022818320346,0.000841411685010584,0.0223602470583697,0.000568992282558522,0.0265943720091207,0.00972447382272669,0.0449189976810088,0.0233826958415372,0.708955224782802,0.22588235867128,0.554079711923494,0.0449189976810088,0.8272487,0.0956263796017748
3,0.150197628458498,0.470833333333333,0,0.5,0.182509519040322,0.00481480932490513,0.145341617059527,0.00327832524615543,0.0529305471860743,0.0299837919771782,0.0854197350116367,0.0405300059850349,0.658582086638867,0.300000005294118,0.485768511872725,0.0854197350116367,0.7721516,0.130682024501837
3,0.363636363636364,0.566666666666667,0,0,0.104562733270685,0.00361644747137897,0.079503094937696,0.00231958074305706,0.0537051418653801,0.0470016229902887,0.0655375554820504,0.0475448148076441,0.770522393065688,0.201176472581315,0.53130931418361,0.0655375554820504,0.3494709,0.164465008929927
3,0.173913043478261,0.404166666666667,0,0.5,0.872623610642052,0.0129022522925863,0.60993787764361,0.0114914848621178,0.347276032448522,0.304700180751217,0.405007353424099,0.326578331985087,0.429104508249331,0.490588250055363,0.41176471793727,0.405007353424099,0.35897508,0.114776454673264
3,0.272727272727273,0.4625,0,0,0.125475291559803,0.00406687624228813,0.0919254576443815,0.00272737782328413,0.138652219632912,0.130470025368477,0.166421199069063,0.116913489729899,0.733208959828887,0.297647066484429,0.413662249232165,0.17525773435009,0.40249237,0.252484183448245
3,0.482213438735178,0.55,0,0,0.0095057045800865,0.000392935837431271,0.00621118023533042,9.81604916732713e-05,0.00284017561084975,0,0.00810014706848198,0,0.813432838853308,0.157647063307958,0.557874777928844,0.00810014706848198,0.7777778,0.15944851939146
3,0.0513833992094862,0.329166666666667,0.333333323333334,0,0.100760469233328,0.00245541778795271,0.0745341561158909,0.00231625505389179,0.0348567013123688,0.0186385742191132,0.0486008843991098,0.0358534665361351,0.710820897871881,0.205882357612457,0.58444024235719,0.0486008843991098,0.7252886,0.0679552141298082
3,0.0316205533596838,0.270833333333333,0,0,0.0437262383307552,0.00143261000300085,0.0372670769399331,0.0013430422700995,0.0170410536650985,0.00648298230537263,0.030927837032932,0.0124707713960788,0.755597021785893,0.202352944103806,0.544592045202338,0.030927837032932,0.87222224,0.11808208482092
3,0.0632411067193676,0.3625,0.333333323333334,0,0.0247148274595555,0.000718273786187692,0.0149068321175881,0.000526784508243929,0.0105861098554953,0.00243111838274812,0.0191458019208704,0.00935307889779956,0.774253734206533,0.175294121321799,0.569259975944896,0.0191458019208704,0.9166667,0.10414822545974
3,0.0948616600790514,0.529166666666667,0.333333323333334,0,0.0437262349087018,0.00115296771744882,0.016149065705027,0.000353922795457924,0.0361476889588749,0.0145867100047545,0.061855674065864,0.0296180822410575,0.673507478067916,0.263529421979239,0.529411781180935,0.061855674065864,0.7900112,0.107000681842353
3,0.264822134387352,0.4625,0,0,0.095057045800865,0.00204636084194868,0.0347826142371047,0.00143998461250884,0.14045959536668,0.10372771396862,0.206185558128236,0.106001554762227,0.535447750073096,0.480000014823529,0.320683130393297,0.206185558128236,0.54582953,0.165194159709253
3,0.209486166007905,0.5375,0.333333323333334,0,0.0247148274595555,0.000446753029892357,0.0397515485868603,0.000755262037243801,0.0580944998635012,0.0275526738861643,0.0927835044714028,0.0506625087088852,0.604477614070506,0.311764709930796,0.521821647462454,0.0927835044714028,0.73447025,0.101038560984432
3,0.343873517786561,0.520833333333333,0,0,0.0627376372247681,0.00115948136083792,0.0459627243501413,0.0015238610106967,0.05577072209979,0.0299837919771782,0.0876288638613486,0.0467653909815934,0.638059702808253,0.297647066484429,0.510436447738623,0.0876288638613486,0.6950877,0.106016555766906
3,0.324110671936759,0.479166666666667,0,0,0.0247148233530915,0.000538486630882315,0.0211180092224839,0.000414139596776863,0.0779757305337175,0.0380875211352311,0.132547863530575,0.0584567448649495,0.533582080342226,0.411764715224913,0.432637596336717,0.132547863530575,0.73926485,0.122659619983059
3,0.0197628458498024,0.445833333333333,0,0,0.0019011410186789,0.000137219174313999,0.00124223611414683,9.81605205264469e-05,0.00025819778724083,0,0.000736377012250537,0,0.832089554464246,0.13411765212872,0.576850109492599,0.000736377012250537,0.11111111,0.15944851939146
3,0.33596837944664,0.5375,0,0,0.186311779655626,0.00480854877755621,0.0683229781165852,0.00193204241522422,0.069197007566135,0.0437601300142636,0.100147273931169,0.0607950121342163,0.636194033077384,0.296470586491349,0.514231515451753,0.100147273931169,0.627944,0.105152480280251
3,0.288537549407115,0.4625,0,0,0.0418250960459166,0.0012516313098557,0.029813657527102,0.000504357778719915,0.112574234316785,0.0583468400190182,0.187776144419911,0.0849571282943997,0.423507465474632,0.518823547536332,0.371916526588869,0.187776144419911,0.71822083,0.123926270371016
3,0.395256916996047,0.458333333333333,0.333333323333334,0,0.0228136903077969,0.000850315976793412,0.0335403705875546,0.000640680421276844,0.023754197095405,0.00810372842871741,0.0397643590591726,0.0218238502938784,0.718283585190883,0.214117650858131,0.56356737693687,0.0397643590591726,0.8435185,0.088138436073733
3,0.426877470355731,0.5625,0,0,0.00190114077913517,0.000137219164230491,0.0012422359576251,9.8160513313153e-05,0.00025819778724083,0,0.000736377012250537,0,0.832089554464246,0.13411765212872,0.576850109492599,0.000736377012250537,0.11111111,0.15944851939146
3,0.0513833992094862,0.25,0,0,0.446768026290678,0.0104692027494902,0.489440876432244,0.0119281762338303,0.222050098281955,0.186385734897777,0.266568466372839,0.208885426846908,0.516791035973352,0.397647050602076,0.472485782561778,0.266568466372839,0.39567065,0.107837426555892
3,0.08300395256917,0.508333333333333,0,0,0,0,0,1.14652226901213e-11,0,0,0,0,0.833955226042131,0.131764710989619,0.578747642666052,0,0,0.511054416358307
3,0.0790513833992095,0.4625,0,0,0.0152091263015224,0.000407057789791941,0.00993788770572126,0.000291191093637748,0.00387296712232276,0,0.00810014706848198,0.00311769284901971,0.80597015321341,0.152941181453287,0.573055042974914,0.00810014706848198,0.5555556,0.100662594974646
3,0.407114624505929,0.5125,0,0,0.0171102668753344,0.000184098812727484,0.0186335384699666,0.000201169127716112,0.012393493954872,0.000810372769938191,0.0257731950973992,0.00935307889779956,0.750000004197761,0.198823535889273,0.555977243218389,0.0257731950973992,0.9777778,0.104365528609133
3,0.268774703557312,0.533333333333333,0,0,0.0969581607092767,0.00178806685446191,0.0472049679996914,0.00120381732987766,0.12600051978313,0.116693680038036,0.149484531299819,0.109898673892481,0.729477615329834,0.274117657211073,0.45540798382992,0.158321066580846,0.38661182,0.225183695783649
3,0.375494071146245,0.529166666666667,0,0,0.0247148315660196,0.000652332456471514,0.0211180092224839,0.000513821403953986,0.00800413177394676,0.000810372769938191,0.0184094249748938,0.00389711632432997,0.78171641984643,0.183529417743945,0.548387111207688,0.0184094249748938,0.9777778,0.138489308303964
3,0.102766798418972,0.420833333333333,0,0,0.00760456297965853,0.000347140095414182,0.00248447231773464,0.000196321036800965,0.001032791162906,0,0.00294550811527608,0,0.826492539562681,0.141176475757785,0.571157509801461,0.00294550811527608,0.22222222,0.15944851939146
3,0.126482213438735,0.545833333333333,0,0,0.0646387897757669,0.00138856020015359,0.0198757740698277,0.00101632867278452,0.02685257093269,0.0121555911844051,0.0478645067903939,0.0187061570941182,0.723880606137224,0.238823532712803,0.518026579749324,0.0478645067903939,0.8135803,0.128188141818844
3,0.296442687747036,0.529166666666667,0,1,0.110266177235467,0.00391206979723276,0.122981358821034,0.00175210247022621,0.115156209609797,0.0721231780561036,0.164212083474138,0.10444270991605,0.499999991604478,0.394117663564014,0.495256180301661,0.164212083474138,0.60921985,0.101506054865856
3,0.375494071146245,0.433333333333333,0,0,0.068441064079284,0.000974159095969178,0.0745341561158909,0.00102011327170946,0.103020918761299,0.0615883351830497,0.151693673404318,0.09119251469392,0.514925383033526,0.389411775356401,0.48766604658318,0.151693673404318,0.6183277,0.0982320867809125
3,0.0632411067193676,0.404166666666667,0,0,0.0437262383307552,0.000652332355636439,0.0260869534107482,0.000658480522435874,0.0129098890134745,0.00405186421435871,0.0220913103675161,0.0116913475700281,0.768656721655714,0.178823536948097,0.569259975944896,0.0220913103675161,0.8759259,0.0974243180590181
3,0.367588932806324,0.483333333333333,0,0,0.0266159731664475,0.000506039416027776,0.017391302199298,0.000496657298920544,0.0191066366880445,0.00405186421435871,0.0368188492870482,0.0148090414712692,0.723880606137224,0.221176481051903,0.546489579912793,0.0368188492870482,0.91534394,0.106643014691718
3,0.33596837944664,0.520833333333333,0,0,0.133079857277104,0.00422848764326648,0.047204963527642,0.00172494571698205,0.0849470707961912,0.048622365466956,0.13843888705126,0.0631332794034831,0.555970167485798,0.40823528583391,0.415559797604859,0.13843888705126,0.6957549,0.130137473956652
3,0.458498023715415,0.525,0,0,0.00950570321126515,0.000392935837431271,0.00869565121145023,0.000180998990637791,0.00542215369239826,0,0.0147275409077501,0.000779423194717905,0.79477612307446,0.177647065425605,0.544592045202338,0.0147275409077501,1,0.154603720158065
3,0.181818181818182,0.45,0.333333323333334,0,0.0779467686593706,0.00229365432768012,0.0298136642351761,0.000997187115353787,0.0304673391314435,0.0153970834310947,0.0449189976810088,0.0296180822410575,0.720149259959066,0.208235299598616,0.571157509801461,0.0449189976810088,0.7329263,0.0767120240544379
3,0.403162055335968,0.475,0,0,0.0323193948878834,0.000834671566041328,0.0186335413767987,0.000498593419143626,0.012393493954872,0.00324149115268631,0.0257731950973992,0.00701480882260923,0.766791048566635,0.198823535889273,0.538899446194312,0.0257731950973992,0.9238095,0.13541380729505
3,0.0632411067193676,0.308333333333333,0.333333323333334,0,0.0304182526030448,0.000726095391595033,0.0248447164692723,0.000519416683920614,0.012393493954872,0.00324149115268631,0.0228276873134927,0.0101325013208885,0.766791048566635,0.184705887148789,0.561669843934195,0.0228276873134927,0.912963,0.111900260137589
3,0.264822134387352,0.433333333333333,0,0,0.114068444694878,0.00313148399787682,0.0608695564677294,0.0020140849776969,0.181513044353619,0.134521885206822,0.258468333884622,0.144972725020336,0.451492528228726,0.543529426214533,0.303605348739238,0.258468333884622,0.5235376,0.160077412568177
3,0.0316205533596838,0.5,0,0,0,0,0,1.14652226901213e-11,0,0,0,0,0.833955226042131,0.131764710989619,0.578747642666052,0,0,0.511054416358307
3,0.229249011857708,0.541666666666667,0.333333323333334,0,0.0817490498069945,0.0015536698724154,0.0484472027051427,0.000921872680659053,0.0883036456484476,0.057536468051349,0.122974958593704,0.0810600091641462,0.593283595685286,0.318823526359862,0.521821647462454,0.122974958593704,0.58577543,0.0994860119071851
3,0.268774703557312,0.520833333333333,0,0,0.10646389266579,0.0028335007195591,0.0621118023533042,0.00228442047953564,0.135553842309956,0.123176670366099,0.170839476650667,0.109898673892481,0.705223888679271,0.332941180394464,0.385199262730935,0.176730480289172,0.42529303,0.239808194380219
3,0.33201581027668,0.470833333333333,0,0,0.0418251131561834,0.000942726644983092,0.053416154943096,0.00121099967877422,0.102246326173395,0.0551053470429931,0.159793805892535,0.0865159731405776,0.475746268312124,0.431764716283737,0.459203051543051,0.159793805892535,0.6911226,0.108700813736836
3,0.442687747035573,0.504166666666667,0,0,0.0152091252749064,0.000347140075247167,0.00869565121145023,0.000385209599486507,0.00903692189115173,0,0.0228276873134927,0.00311769284901971,0.768656721655714,0.200000007411765,0.535104378481181,0.0228276873134927,1,0.140905932867865
3,0.0513833992094862,0.35,0,0,0.0456273806155939,0.000705044899842536,0.0248447209413217,0.000447680800409785,0.0157500646243242,0.00486223691136335,0.0257731950973992,0.015588464595839,0.753731348696814,0.183529417743945,0.576850109492599,0.0257731950973992,0.8740741,0.0825046034641419
3,0.403162055335968,0.495833333333333,0,0,0.0114068448116931,0,0.00621117934092054,0.000281088897132157,0.00542215369239826,0,0.015463918516466,0,0.79477612307446,0.181176473640138,0.538899446194312,0.015463918516466,1,0.15944851939146
3,0.00790513833992095,0.395833333333333,0,0,0.00760456297965853,0.000173570047707091,0.0024844718705297,0.000124164322509112,0.00387296712232276,0,0.0110456548523884,0,0.80597015321341,0.167058828076125,0.550284645918143,0.0110456548523884,1,0.15944851939146
3,0.075098814229249,0.441666666666667,0,0,0,0,0,1.14652226901213e-11,0,0,0,0,0.833955226042131,0.131764710989619,0.578747642666052,0,0,0.511054416358307
3,0.359683794466403,0.458333333333333,0,0,0.0494296617632178,0.00183689260983763,0.0459627310582155,0.00148543774153424,0.104311906407805,0.0696920548597411,0.155375554820504,0.0833982834482219,0.561567193469452,0.40117647999308,0.421252391489545,0.155375554820504,0.5964221,0.135784199707369
3,0.102766798418972,0.5125,0,0,0.0380228114762393,0.000989501354416738,0.0360248467065313,0.000766657887522233,0.0606764821278538,0.0267423019184952,0.105301914541223,0.0459859671555427,0.580223890778152,0.359999997882353,0.468690713140868,0.105301914541223,0.772831,0.117712296774591
6,0.379446640316206,0.216666666666667,0,0,0.0247148017941552,0.000446751920706523,0.00745338721407533,0.000152068986134142,0.759359721436397,0.701782809576846,0.835787943035435,0.732657779184481,0.194029887085096,0.677647076013841,0.349146116894527,0.835787943035435,0.23688999,0.111092105292979
6,0.739130434782609,0.129166666666667,0,0,0.0266159988318479,0.000548875467068071,0.0372671060082543,0.000912415403123638,0.759359721436397,0.697730942445145,0.836524279554313,0.735775475891645,0.166044757166825,0.681176484228374,0.371916526588869,0.836524279554313,0.24193405,0.106399858108296
6,0.438735177865613,0.275,0,0,0.032319465382183,0.000578929411816903,0.0260869265784518,0.000584036566412429,0.750322773054153,0.684764969082374,0.829896886377784,0.7279812867348,0.141791101038649,0.690588260643598,0.381404200141145,0.829896886377784,0.2501428,0.104000525126894
6,0.324110671936759,0.0708333333333333,0,0,0.0133079994159239,0.000137217722288908,0.0198757273369113,0.000328508456641721,0.787503231216212,0.725283603932606,0.868924875781113,0.75993764115549,0.152985069050735,0.708235280539792,0.341555991714945,0.868924875781113,0.24151142,0.110177716337633
6,0.474308300395257,0.295833333333333,0,0,0.0190114228483865,0.000347141244934046,0.0136645862320133,0.000319587638988989,0.742576847175115,0.677471614079997,0.834315137449815,0.706936860266972,0.147388059858125,0.747058813252595,0.284630018712486,0.834315137449815,0.2620926,0.117398647613581
6,0.557312252964427,0.0916666666666667,0,0,0.0171102230730512,0.000628816254694881,0.0111801514794937,0.000252178714760221,0.770978575398252,0.705834705881967,0.852724610804679,0.745908023510272,0.138059744785864,0.705882331141869,0.360531321741698,0.852724610804679,0.24777646,0.106797598081675
6,0.256916996047431,0.408333333333333,0,0,0.0285170678847443,0.000816426880856501,0.0223602761266909,0.000608279487934687,0.714433267681898,0.652350053908833,0.810014706848198,0.671862816153926,0.177238842716222,0.758823507301038,0.235294153811809,0.810014706848198,0.26811782,0.125343609345882
6,0.74703557312253,0.141666666666667,0,0,0.0228136903077969,0.000672233619946953,0.0173913216527129,0.0003926412398212,0.759617870166317,0.699351679087129,0.840942530626344,0.730319568033684,0.175373189776397,0.701176495875432,0.330170803945573,0.840942530626344,0.24428888,0.112876730910492
6,0.355731225296443,0.179166666666667,0,0,0.0285171103182061,0.000411657482607966,0.0186335675382877,0.000474839104512136,0.766847428872113,0.713938389091883,0.842415336211964,0.736554926373969,0.223880636361104,0.675294105439446,0.322580661688192,0.842415336211964,0.22967392,0.117252223164492
6,0.205533596837945,0.0708333333333333,0,0,0.0152091119288982,0.000407057134363949,0.0397515687110827,0.000620820838141983,0.777949915660726,0.703403538925474,0.865979397157736,0.755261064528104,0.0708955673103687,0.73764703683737,0.377609120473555,0.865979397157736,0.26183844,0.101666195065335
6,0.300395256916996,0.104166666666667,0,0,0.0190114228483865,0.000173574343281319,0.0236024907079198,0.000466649779783298,0.780273742223819,0.716369519581601,0.863770288190204,0.752143374835748,0.143656753978474,0.716470566373702,0.337760929125154,0.863770288190204,0.24633974,0.110261723210281
6,0.343873517786561,0.333333333333333,0,0,0.0361216863016675,0.000834669902262578,0.0161490489348417,0.000557013057133702,0.731216107086479,0.675040556523829,0.818114839336415,0.692127785124621,0.212686584393796,0.721176486346021,0.259962077723248,0.818114839336415,0.2502041,0.124850110938932
6,0.924901185770751,0.145833333333333,0,0,0.0399239126964374,0.000628817152127055,0.029813635166855,0.000430115578527623,0.799122154891469,0.735818454099015,0.880706922822482,0.77240842096934,0.141791101038649,0.711764731107266,0.34724860267743,0.880706922822482,0.24072178,0.108978452757592
6,0.754940711462451,0.166666666666667,0,0,0.0247148887143109,0.000392936845782028,0.0211179732224861,0.000557012537776539,0.75806869893319,0.694489454574469,0.841678933419154,0.72954011755136,0.152985069050735,0.711764731107266,0.335863397830259,0.841678933419154,0.25013667,0.110924242639179
6,0.596837944664032,0.0291666666666667,0,0,0.0266159577672074,0.000459225017908309,0.0124223973650685,0.000196320192845576,0.781564729870325,0.709076164579223,0.864506591572116,0.762275873350713,0.0839552218443696,0.714117648740484,0.402277061462793,0.864506591572116,0.2546684,0.098913744466169
6,0.324110671936759,0.179166666666667,0,0,0.0266159119116921,0.000726094675665996,0.0149068321175881,0.00040233737837173,0.76658921042879,0.711507331535716,0.84462441204253,0.735775475891645,0.208955278514144,0.687058810076125,0.318785599098402,0.84462441204253,0.23450433,0.116339345124122
6,0.450592885375494,0.291666666666667,0,0,0.0247148887143109,0.000652334614342136,0.0161491057298692,0.000281089647314725,0.738445700648976,0.67017825907762,0.827687744273286,0.708495691083533,0.1268657096096,0.734117660387543,0.326375724277983,0.827687744273286,0.26421982,0.111121719226502
6,0.134387351778656,0.233333333333333,0.333333323333334,0,0.0912547099003871,0.00114477335501691,0.0857142505767546,0.00139994902788769,0.739478434995459,0.671799061359798,0.832106061619248,0.705378029450412,0.130597015489251,0.750588221467128,0.296015206481858,0.832106061619248,0.26643977,0.115305879280747
6,0.699604743083004,0.0208333333333333,0,0,0.0114068879295657,0.0003006327199334,0.0335403415192334,0.000870256441169053,0.787503231216212,0.72609404154047,0.868188506125269,0.75993764115549,0.158582145407523,0.704705872325259,0.341555991714945,0.868188506125269,0.23989888,0.110661830283789
6,0.359683794466403,0.3875,0,0,0.0589353800315178,0.00144829661323214,0.0409938145966575,0.000994284413744419,0.700748805600273,0.636142614555451,0.794550778390642,0.662509690958388,0.164179104226999,0.747058813252595,0.267552219980628,0.794550778390642,0.27240252,0.120533057518603
6,0.256916996047431,0.125,0,0,0.0209125767682066,0.000330467570229614,0.00869571784498647,0.000236403572752284,0.764781855609043,0.69367912636693,0.854197350116367,0.737334376856294,0.0988805796913293,0.741176487404844,0.343453523009841,0.854197350116367,0.26204562,0.107347168222168
6,0.142292490118577,0.208333333333333,0,0,0.0209125343347448,0.000494750667124861,0.0124223694147597,0.000196319875460643,0.76039245578288,0.69367912636693,0.850515501837146,0.7279812867348,0.130597015489251,0.743529436802768,0.30740039425123,0.850515501837146,0.25886914,0.1136173142798
6,0.205533596837945,0.279166666666667,0.333333323333334,0,0.0418251987075178,0.00103416332700896,0.0596272949299817,0.00165189935829694,0.744900604024806,0.679902744569714,0.832842391510733,0.713172211592448,0.147388059858125,0.72941175100346,0.313093005213715,0.832842391510733,0.25818166,0.113502048255099
6,0.873517786561265,0.1125,0.333333323333334,0,0.0190114228483865,0.000407058455303441,0.0472049568195679,0.000496656793989969,0.79111801056911,0.732576958934983,0.871133984748645,0.761496500031286,0.177238842716222,0.702352954692042,0.326375724277983,0.871133984748645,0.23576024,0.113179803666672
6,0.628458498023715,0.0791666666666667,0,0,0.00760453389220484,0.00027443729994321,0.013664558058102,0.000441176392943004,0.775367940367713,0.7123176524499,0.854933719772211,0.750584544019188,0.151119399319865,0.696470575903114,0.362428853036593,0.854933719772211,0.24285044,0.107254834529209
6,0.608695652173913,0.0375,0,0,0.0209125767682066,0.00033046612828803,0.0136646139587196,0.000236400817274004,0.77872453613399,0.717990248930229,0.858615634325364,0.751363994501512,0.166044757166825,0.698823546477508,0.343453523009841,0.858615634325364,0.24010754,0.110626172690363
6,0.905138339920949,0.00416666666666667,0,0,0.0304182238577964,0.000274436614264694,0.0360248623587042,0.000703747887502757,0.829847709677698,0.782009714602996,0.896907254072848,0.803585352966941,0.238806010999108,0.649411778532872,0.349146116894527,0.896907254072848,0.20767513,0.113370514712493
6,0.687747035573123,0.0125,0,0,0.0304182238577964,0.000814113603216397,0.0273292015323477,0.000562175755863497,0.7934417674188,0.730145901378816,0.875552268957642,0.766172992480967,0.143656753978474,0.712941189923875,0.343453523009841,0.875552268957642,0.24216007,0.109635650408186
6,0.308300395256917,0.195833333333333,0,0,0.0361216863016675,0.000538486933387542,0.0236025510805869,0.000490802297092763,0.76039245578288,0.70259321801129,0.837997018866001,0.732657779184481,0.19216423414527,0.683529401861592,0.341555991714945,0.837997018866001,0.23814337,0.112305957596507
6,0.328063241106719,0.3125,0,0,0.0285171548049,0.000696986261422597,0.0260870115473906,0.000498593303730923,0.737412896589091,0.677471614079997,0.822533156682377,0.703819170574617,0.184701488057613,0.714117648740484,0.29981025199385,0.822533156682377,0.25155202,0.117580494624878
6,0.865612648221344,0.116666666666667,0.333333323333334,0,0.0228137327412588,0.000736395260993443,0.0298136642351761,0.00096177265535436,0.787761449659534,0.725283603932606,0.868924875781113,0.760717014474918,0.151119399319865,0.707058811134948,0.345351054304736,0.868924875781113,0.24145858,0.109224228260305
6,0.225296442687747,0.0583333333333333,0,0,0.0266160433185417,0.000506038972353442,0.00869566082635647,0.000236401726149038,0.782339280630187,0.713128060884344,0.870397681366733,0.754481691208677,0.106343325778987,0.73882351683045,0.33965846042005,0.870397681366733,0.25541002,0.10866515614341
6,0.0711462450592885,0.0708333333333333,0,0,0.0399239537610779,0.00128869414946824,0.0248447388295193,0.000855744087249242,0.777433548487484,0.700972481369307,0.869661311710889,0.752143374835748,0.0578358791942791,0.757647048484429,0.358633790446802,0.869661311710889,0.26754448,0.103780183359605
6,0.727272727272727,0.1,0,0,0.0475284476152583,0.00105042197462505,0.0260869265784518,0.000584034633249657,0.760650709082904,0.703403538925474,0.831369625689473,0.73967258800709,0.195895540024922,0.650588237349481,0.390891856615622,0.831369625689473,0.23116584,0.104752054235804
6,0.99604743083004,0.0875,0,0,0.0171102230730512,0.000591793244937273,0.0298135792662373,0.000402337565917372,0.814097639476302,0.757698519106147,0.88365246771979,0.793452847437168,0.184701488057613,0.657647074955017,0.390891856615622,0.88365246771979,0.22074823,0.104585887164366
6,0.671936758893281,0.0166666666666667,0,0,0.0228137327412588,0.00056242998012339,0.0149068598442944,0.000504357418055218,0.792925400245559,0.730145901378816,0.874815899301797,0.765393612146731,0.147388059858125,0.711764731107266,0.341555991714945,0.874815899301797,0.24157602,0.109986165894603
6,0.936758893280632,0.183333333333333,0,0,0.0247148887143109,0.000494748811759467,0.0223602470583697,0.00040233879217734,0.792408991244276,0.736628855240104,0.876288704887417,0.756040522025237,0.195895540024922,0.721176486346021,0.277039876455105,0.876288704887417,0.23589359,0.121624911831816
6,0.909090909090909,0.00833333333333333,0,0,0.0437261801558478,0.000578929411816903,0.0223602470583697,0.000760347193063875,0.827265692556644,0.777147526557111,0.899852798970156,0.797349917463759,0.223880636361104,0.675294105439446,0.322580661688192,0.899852798970156,0.21508773,0.116219344899164
6,0.936758893280632,0.0583333333333333,0,0,0.0133079131801789,0.000253018850915744,0.0211180584150274,0.000597087196810889,0.810482860123404,0.756077782464164,0.886598012617099,0.780982067623318,0.199626845904573,0.688235311245675,0.326375724277983,0.886598012617099,0.22497466,0.114826130200076
6,0.438735177865613,0.0791666666666667,0,0,0.0190114656240537,0.000274437178941119,0.0273292015323477,0.000519416683920614,0.789568839335983,0.735008125891476,0.862297482604584,0.763834711182082,0.20522392226136,0.667058840782007,0.354838727857012,0.862297482604584,0.22538376,0.110610308083118
6,0.312252964426877,0.120833333333333,0,0,0.0209125343347448,0.000578926739687395,0.0161490757671382,0.000557012371870779,0.771753195871517,0.701782809576846,0.854933719772211,0.749805093536864,0.104477656048117,0.712941189923875,0.383301714358241,0.854933719772211,0.2540513,0.10231961542849
6,0.865612648221344,0.104166666666667,0,0,0.0323193350019494,0.000807146363322491,0.0236024907079198,0.000616146342358496,0.79499100836533,0.735008125891476,0.877761377925174,0.763834711182082,0.166044757166825,0.716470566373702,0.314990519430812,0.877761377925174,0.23908533,0.114483303592091
6,0.260869565217391,0.120833333333333,0,0,0.0228136458211031,0.000520709064185962,0.0149068321175881,0.000504356408194069,0.767105647315435,0.695299863008913,0.854933719772211,0.742010904380019,0.0932836208718526,0.734117660387543,0.360531321741698,0.854933719772211,0.2609661,0.104877409814954
6,0.454545454545455,0.179166666666667,0,0,0.0209125767682066,0.00044675376598841,0.0385093250615326,0.00067008450509729,0.758843284549753,0.705834705881967,0.835787943035435,0.727201829237667,0.225746322883018,0.680000025411765,0.313093005213715,0.835787943035435,0.23221897,0.118832690592901
6,0.482213438735178,0.2375,0,0,0.0323193777776166,0.000578929058894138,0.0161491057298692,0.000414139906948501,0.748515383377704,0.687196099572091,0.837260688974516,0.712392838273021,0.171641833523612,0.734117660387543,0.280834921967097,0.837260688974516,0.25415963,0.119356088328425
6,0.0395256916996047,0.1625,0.333333323333334,0,0.0608364880958227,0.00101207610950851,0.0248447388295193,0.000657015891957069,0.761683478286088,0.684764969082374,0.863770288190204,0.72642245591824,0.0597015321341047,0.801176448228374,0.286527550007381,0.863770288190204,0.27970007,0.112841056529121
6,0.403162055335968,0.220833333333333,0,0,0.0228136903077969,0.000705044294832081,0.0298136060985338,0.000662855522255491,0.758326917376512,0.70259321801129,0.836524279554313,0.7279812867348,0.20708959199223,0.68588234067128,0.322580661688192,0.836524279554313,0.2367968,0.11562404439874
6,0.296442687747036,0.0333333333333333,0,0,0.0323193777776166,0.000446751920706523,0.019875756628835,0.000421061762161455,0.796540179598456,0.736628855240104,0.877025074543262,0.767731823297527,0.166044757166825,0.705882331141869,0.332068318162669,0.877025074543262,0.23673333,0.112175431330551
6,0.837944664031621,0.0125,0,0,0.0361216863016675,0.000578928080793903,0.0372671350765755,0.000961771645493211,0.815646810709429,0.760129649595864,0.888807055310699,0.79033510864115,0.190298547623356,0.675294105439446,0.356736259151907,0.888807055310699,0.2228557,0.109758168824771
6,0.525691699604743,0.075,0,0,0.0266159577672074,0.000407057910794032,0.00993784969330126,0.000291190898878812,0.781306476570302,0.718800686538093,0.865243027501892,0.751363994501512,0.152985069050735,0.718823515771626,0.324478192983088,0.865243027501892,0.24509327,0.112641850783548
6,0.304347826086957,0.0791666666666667,0,0,0.0228136903077969,0.000672232712431271,0.021118001172795,0.000557011578408447,0.787503231216212,0.724473283018422,0.868924875781113,0.760717014474918,0.147388059858125,0.708235280539792,0.34724860267743,0.868924875781113,0.24233662,0.108972425885633
6,0.91304347826087,0.0833333333333333,0,0,0.0190113783616926,0.000347140639923591,0.0173912948204165,0.000248329066350637,0.801445911741159,0.743111809101392,0.87849781385495,0.774746632120136,0.175373189776397,0.690588260643598,0.34724860267743,0.87849781385495,0.23132005,0.110682596970733
6,0.221343873517787,0.325,0.333333323333334,0,0.0190113783616926,0.000274441686269005,0.0285714451818978,0.000557012624336067,0.739478434995459,0.679092416362175,0.831369625689473,0.69914259394723,0.180970148595873,0.747058813252595,0.250474421248771,0.831369625689473,0.25774616,0.12389020986693
6,0.438735177865613,0.0291666666666667,0,0,0.0285171103182061,0.000696988076453961,0.0111801235291849,0.000201170072657617,0.793183618688881,0.746353348025554,0.862297482604584,0.763834711182082,0.257462725098852,0.650588237349481,0.328273255572879,0.862297482604584,0.21325745,0.118075655038301
6,0.636363636363636,0.0125,0,0,0.0323194222643104,0.000538489252594285,0.0136646432506433,0.000513822341682196,0.785954059983085,0.72204214523535,0.865979397157736,0.761496500031286,0.141791101038649,0.701176495875432,0.364326401409287,0.865979397157736,0.24229442,0.106638297279404
6,0.407114624505929,0.125,0,0,0.0133079994159239,0.00033046745931103,0.0186335384699666,0.00042334551987208,0.781564729870325,0.72204214523535,0.857142895013675,0.757599352841797,0.173507503254482,0.678823545418685,0.368121463999078,0.857142895013675,0.23449263,0.107379333923206
6,0.703557312252964,0.216666666666667,0,0,0.0342204461461023,0.000520710143121273,0.139130443532271,0.00409365727550823,0.736121874085883,0.675850877438014,0.816642100024727,0.707716240601208,0.182835801535699,0.691764719460208,0.337760929125154,0.816642100024727,0.2481359,0.112293316274544
6,0.241106719367589,0.0625,0,0,0.0266159577672074,0.000274437904953664,0.0099378783144175,0.000291190624773643,0.782339280630187,0.717179928016045,0.867452136469425,0.753702205652308,0.134328354950991,0.724705883972318,0.333965866535363,0.867452136469425,0.24869815,0.110470565235811
6,0.814229249011858,0.195833333333333,0,0,0.0266159577672074,0.000347140700424637,0.019875756628835,0.00042106048540843,0.769429404165125,0.7123176524499,0.849042696251527,0.738893214687663,0.194029887085096,0.695294095910035,0.320683130393297,0.849042696251527,0.2375665,0.115317127203344
6,0.683794466403162,0.1625,0,0,0.0342205782373626,0.000766462838644519,0.0211180302411161,0.00068712338734815,0.749031750550945,0.690437587442768,0.833578800930937,0.714731049423818,0.190298547623356,0.714117648740484,0.294117675186963,0.833578800930937,0.2473368,0.118670552628064
6,0.1699604743083,0.283333333333333,0,0,0.0152091119288982,0.000347139732407909,0.0173913216527129,0.00029119087723893,0.751097358670716,0.684764969082374,0.838733454795777,0.720966477912191,0.136194024681861,0.72941175100346,0.324478192983088,0.838733454795777,0.2580791,0.111842946096178
4,0.181818181818182,0.85,0,0,0.10646389266579,0.0017996125714719,0.0757764020014657,0.00173663615818448,0.11980376513722,0.105348465197313,0.103829161974748,0.150428681981958,0.695895531629399,0.0835294198615917,0.796963963590406,0.142120768467446,0.34176603,0.891485079169007
4,0.612648221343874,0.708333333333333,0,0,0.0171102617422543,0.000352522419670745,0.0335403683515299,0.00036465021864127,0.0813323053859738,0.0656401950213954,0.0648011791988131,0.113795793022734,0.699626871091139,0.0717647131072664,0.812144231027368,0.107511050018328,0.44597858,0.881504277022567
4,0.221343873517787,0.908333333333333,0,0,0.0931559103601331,0.00207650246279589,0.0770186344708923,0.0010163277350563,0.101988128644094,0.0875202600285272,0.0898379927110604,0.128604833091042,0.701492540822009,0.0976470633079584,0.768500960011378,0.121502212654623,0.3476919,0.905644534924002
4,0.110671936758893,0.766666666666667,0,0,0.0152091221950583,0.000407057608288805,0.0136645900332553,0.000490802340372526,0.111799641728881,0.105348465197313,0.0883652401445859,0.14263445073626,0.753731348696814,0.0458823597301038,0.798861494885302,0.13475699900768,0.34230694,0.837250870056192
4,0.0276679841897233,0.783333333333333,0,0,0.0570342377466791,0.000795397897225664,0.0310559078847262,0.00051382120919505,0.104570103937106,0.0972447309339119,0.0780559655518707,0.139516761043905,0.750000004197761,0.0294117668858131,0.829222029759226,0.131811493874731,0.40888458,0.830915553199274
4,0.529644268774704,0.833333333333333,0,0,0.0646387726655,0.00133885334788585,0.0484471937610439,0.000829441460139042,0.125225927195226,0.105348465197313,0.108247426301565,0.162120018328292,0.656716433699042,0.0800000042352941,0.842504765901292,0.153166412716006,0.37555233,0.901801405167715
4,0.403162055335968,0.679166666666667,0.333333323333334,0,0.0494296686073245,0.00117720937717804,0.0372670769399331,0.000912417639244756,0.161631806712062,0.15072934644027,0.131811493874731,0.203429455855668,0.70708956176835,0.0270588280761245,0.876660363365007,0.192194402119334,0.32797024,0.852470467697855
4,0.130434782608696,0.9625,0,0,0.0551330783515736,0.00165233699404992,0.0546583874125225,0.000799872509272588,0.1032791162906,0.0826580209291574,0.103829161974748,0.122369446691522,0.658582086638867,0.15882353483045,0.713472501226015,0.115611195761331,0.35316142,0.987095711679146
4,0.774703557312253,0.604166666666667,0,0,0.0323193743555632,0.000494750818377475,0.0459627355302649,0.00122994741499712,0.117996389403451,0.0980551101949361,0.103092779064118,0.152766956266034,0.658582086638867,0.0882353006574394,0.827324481386531,0.144329903944552,0.38463837,0.907851024790673
4,0.134387351778656,0.65,0,0,0.0551330783515736,0.000936716108121015,0.0335403705875546,0.000815382101077877,0.132713662516303,0.12236629839843,0.103829161974748,0.173031946281155,0.720149259959066,0.024705889266436,0.86717270689053,0.163475693936114,0.36550307,0.842040806288025
4,0.505928853754941,0.6875,0,0,0.049429654919111,0.000660935271544826,0.0608695564677294,0.00111142614313895,0.158533436360447,0.1418152402092,0.131075117591494,0.203429455855668,0.667910452084261,0.0376470633079584,0.899430773059349,0.192194402119334,0.33502117,0.868117436034365
4,0.110671936758893,0.720833333333333,0,0,0.0551330680854135,0.00107171572091432,0.0596273262343276,0.00136862609246983,0.0950167883816201,0.0834684001901815,0.0751104537915283,0.127045974215246,0.723880606137224,0.0588235337716263,0.808349168437578,0.120029446833362,0.3876632,0.86031836153694
4,0.177865612648221,0.945833333333333,0,0,0.0361216794575607,0.000834671818129017,0.0484472094132168,0.00131476471524489,0.0924348061172674,0.0705024341207653,0.0839469824451621,0.122369446691522,0.652985077446258,0.112941181453287,0.793168883922817,0.115611195761331,0.44550914,0.932133946641702
4,0.814229249011858,0.670833333333333,0,0,0.0342205474388822,0.00030063238717765,0.0372670925921061,0.000662855918986657,0.132455464987001,0.119935175202068,0.108247426301565,0.169914249573991,0.705223888679271,0.0470588291349481,0.846299828491083,0.160530182175772,0.34374964,0.860890612190012
4,0.715415019762846,0.775,0.333333323333334,0,0.0741445011999601,0.000696986725263946,0.0534161437629724,0.00114221053403219,0.0895946263236135,0.0761750451878043,0.0846833587283994,0.107560399608405,0.71268657096096,0.129411769850519,0.705882370923094,0.101620026497643,0.322069,0.952276457821004
4,0.569169960474308,0.6625,0,0,0.043726245174862,0.000578928080793903,0.0273291858801748,0.000620821357499146,0.114381623993234,0.0931928710955662,0.111929314345145,0.13717847974502,0.651119407715388,0.147058828076125,0.740037973510148,0.129602351770233,0.34671864,0.970552821125882
4,0.41501976284585,0.758333333333333,0,0,0.0361216794575607,0.000960534159696946,0.0198757776474672,0.000447680908609194,0.100697140997588,0.0850891441255198,0.0832105995345317,0.134060783037856,0.69402986189853,0.0717647131072664,0.817836824912054,0.126656840009891,0.38886335,0.882077199193406
4,0.391304347826087,0.6,0,0,0.0171102555825582,0.000463305268915047,0.0186335384699666,0.000252178931159038,0.162664610771948,0.145867100047545,0.136966134484785,0.205767730139743,0.666044782353391,0.0470588291349481,0.886148019839484,0.194403537596439,0.31808975,0.875251556850988
4,0.355731225296443,0.983333333333333,0,0,0.0912547509650276,0.00125763432442113,0.0496894329385445,0.00102764243577805,0.0880454481191464,0.0696920548597411,0.0824742298786875,0.111457518738659,0.679104487260526,0.125882357612457,0.745730567394834,0.105301914541223,0.4018332,0.939665740279927
4,0.284584980237154,0.6375,0,0,0.0323193900970087,0.00057892734469785,0.042236024705837,0.000755261243781469,0.161373616154101,0.158833073410317,0.126656840009891,0.200311759148503,0.764925378835765,0.00352941880276813,0.855787467887761,0.189248890358992,0.330345,0.812952436144746
4,0.66798418972332,0.725,0,0,0.0209125446009049,0.000446753312230569,0.0322981403541528,0.000755261965110862,0.0748773601821026,0.0591572192800423,0.0648011791988131,0.100545590785796,0.701492540822009,0.101176476816609,0.762808366126692,0.0949926333211146,0.4351852,0.907721707256698
4,0.565217391304348,0.658333333333333,0,0,0.0380228012100791,0.000785871906783216,0.0310558877605039,0.000535852065935029,0.119287370078617,0.0980551101949361,0.119293077177518,0.139516761043905,0.649253737984518,0.160000005294118,0.721062626405597,0.131811493874731,0.32496518,0.986962700797452
4,0.0395256916996047,0.633333333333333,0,0,0.0361216657693472,0.00093671550311056,0.0559006221179738,0.000946626036499503,0.138135824574309,0.127228530204445,0.11045656177867,0.177708494849306,0.714552245729143,0.0317647056955017,0.861480078850246,0.167893964890324,0.34426668,0.847095488399489
4,0.644268774703557,0.795833333333333,0.333333323333334,0,0.0513307972039497,0.00183791729587754,0.0360248444705066,0.000597086583680905,0.10534469652501,0.0875202600285272,0.097938145081457,0.130163670922411,0.677238817529656,0.121176475757785,0.755218223869311,0.122974958593704,0.35402012,0.934571975834426
4,0.905138339920949,0.629166666666667,0,0,0.0570342206364123,0.00108394439389246,0.0211180056448444,0.000414139524643923,0.120836569197105,0.100486226097943,0.105301914541223,0.156664068381479,0.654850747177127,0.0858823565536332,0.834914623643912,0.148011785360738,0.38252184,0.905632800151024
4,0.980237154150198,0.816666666666667,0.666666646666667,0,0.0931559103601331,0.000936714898100106,0.0198757776474672,0.000196320885321793,0.0846888802382302,0.0696920548597411,0.0684830672423927,0.116134053277192,0.703358215590193,0.0741176497993079,0.804554088769988,0.109720172240647,0.43238926,0.883287324573328
4,0.379446640316206,0.6875,0,0,0.0266159772729116,0.000660934797619969,0.053416154943096,0.000942545620390591,0.154660466449588,0.138573745045168,0.131075117591494,0.194855809201689,0.673507478067916,0.0552941223806228,0.865275175595634,0.184094263003724,0.31604066,0.877005561258327
4,0.162055335968379,0.970833333333333,0.333333323333334,0,0.0380228114762393,0.00148298297177909,0.0248447209413217,0.000908183579975188,0.0893364357656525,0.0696920548597411,0.0773195892686334,0.120810601845344,0.669776121815131,0.0952941234394463,0.804554088769988,0.114138443194857,0.44603544,0.912577687260913
4,0.826086956521739,0.920833333333333,0,0,0.0627376509129816,0.00121653848511836,0.0335403683515299,0.00124241876740014,0.0614510747157575,0.0478119920406158,0.0478645067903939,0.0888542474246532,0.720149259959066,0.081176476816609,0.776091085190959,0.0839469824451621,0.49138823,0.880610419722947
4,0.0355731225296443,0.770833333333333,0,0,0.0418250789356497,0.00105578498896461,0.0223602403502956,0.000608277973142963,0.106893881700817,0.102917342000951,0.0758468367021588,0.143413873159349,0.772388062796558,0.00823529642214531,0.840607217528598,0.135493375290918,0.4405804,0.811418773504696
4,0.936758893280632,0.629166666666667,0.666666646666667,0,0.0323194003631688,0.000718274159277472,0.0596273329424017,0.000526785027601092,0.132455464987001,0.115072936102698,0.114874819478094,0.167575996334341,0.671641791546001,0.0788235348304498,0.829222029759226,0.158321066580846,0.34003016,0.895735920937513
4,0.450592885375494,0.7125,0,0,0.0190114160042798,0.00105578539230491,0.0161490802391876,0.000824782032926569,0.122643944930874,0.112641820199691,0.0927835044714028,0.163678877204088,0.725746269151676,0.0176470622491349,0.872865266619619,0.154639178537267,0.39944676,0.836336682556176
4,0.952569169960474,0.716666666666667,0,0,0.0513307972039497,0.000944721707291102,0.0484472027051427,0.00129705629505168,0.107152079230119,0.0923824991278971,0.0824742298786875,0.147310985274794,0.697761201360269,0.0388235327128027,0.86717270689053,0.139175256707104,0.42024404,0.859550917456952
4,0.280632411067194,0.933333333333333,0.333333323333334,0,0.0969581607092767,0.00176261194710111,0.118012419999229,0.00226280692627596,0.105086498995709,0.0875202600285272,0.0994108976479315,0.127825396638335,0.679104487260526,0.129411769850519,0.740037973510148,0.120765823116599,0.34748083,0.945193640961778
4,0.66403162055336,0.783333333333333,0,0,0.043726245174862,0.000446753231562508,0.0285714317657496,0.000751424709140246,0.10121352908485,0.0810372769938191,0.0964653858875892,0.125487143398686,0.662313442891652,0.13294118155917,0.751423161279521,0.118556707521674,0.37847343,0.953278328753442
4,0.296442687747036,0.779166666666667,0,0,0.0608365052060896,0.00121499026336508,0.0335403728235793,0.000498593303730923,0.101471726614151,0.0883306319961964,0.0780559655518707,0.138737338620816,0.710820897871881,0.0435294209204152,0.846299828491083,0.131075117591494,0.4115727,0.856159551278398
4,0.470355731225296,0.9,0,0,0.0494296514970577,0.00119624885451354,0.0422360179977629,0.000582382219090037,0.0880454481191464,0.068881690185427,0.0729013249418165,0.122369446691522,0.673507478067916,0.0800000042352941,0.825426967169435,0.115611195761331,0.45836443,0.895808377704569
4,0.83399209486166,0.95,0,0,0.0665399217944454,0.0014638140222063,0.0521739090575212,0.00203455248281738,0.0722953779177499,0.0559157204693332,0.0640648029155758,0.0966484786703514,0.697761201360269,0.10941176900346,0.753320692574416,0.0913107519049282,0.4459687,0.918393484397411
4,0.0118577075098814,0.820833333333333,0.333333323333334,0,0.0798479109442092,0.00177856355191151,0.0546583807044484,0.00122287701642232,0.103020918761299,0.0883306319961964,0.0810014706848198,0.140296176452185,0.699626871091139,0.0505882426435986,0.846299828491083,0.132547863530575,0.42939755,0.865719429300553
4,0.869565217391304,0.766666666666667,0,0,0.0418250994679699,0.00142073193358115,0.0658385109417074,0.00110097451303563,0.102762721231998,0.0850891441255198,0.0824742298786875,0.141075591860465,0.679104487260526,0.0588235337716263,0.853889936592866,0.133284233186419,0.43448815,0.879342359147679
4,0.992094861660079,0.708333333333333,0,0,0.0342205234845086,0.000637737083430135,0.0459627176420672,0.00146978727409854,0.11360703140533,0.0988654748692502,0.0920471281881655,0.150428681981958,0.695895531629399,0.0552941223806228,0.842504765901292,0.142120768467446,0.38555545,0.8705561535328
4,0.604743083003953,0.991666666666667,0,0,0.11977186812734,0.00232625914775807,0.101863341996066,0.0025521735500154,0.125484124724527,0.106969209132652,0.103829161974748,0.166017137458546,0.666044782353391,0.057647064366782,0.869070221107626,0.156848300759585,0.39839673,0.882906708303007
4,0.0869565217391304,0.866666666666667,0,0,0.0513307972039497,0.0010139371216668,0.0385093161174338,0.000670084360831412,0.0932093987051712,0.0794165330584808,0.0795287181183452,0.120810601845344,0.708955224782802,0.0882353006574394,0.776091085190959,0.114138443194857,0.37191358,0.889678377404905
4,0.770750988142292,0.958333333333333,0,0,0.0532319463328951,0.00113817480849402,0.0260869556467729,0.000870257955960778,0.0575781048048987,0.0429497580465945,0.0463917522357014,0.0833982834482219,0.714552245729143,0.0917647120484429,0.764705897421587,0.0787923418351079,0.5094597,0.893374847680884
4,0.845849802371542,0.933333333333333,0,0,0.0475285229004325,0.00107171551924417,0.0236024862358704,0.000353922795457924,0.06403305000877,0.0494327388932961,0.0530191454122301,0.0896336698477422,0.71268657096096,0.094117651916955,0.762808366126692,0.0846833587283994,0.48219234,0.898983112251498
4,0.197628458498024,0.941666666666667,0.333333323333334,0,0.0874524766615104,0.00255684597563179,0.0521739090575212,0.000886710541681211,0.0986315607631777,0.0810372769938191,0.086156111294874,0.128604833091042,0.680970156991395,0.0952941234394463,0.793168883922817,0.121502212654623,0.39798474,0.910343933772903
4,0.960474308300395,0.758333333333333,0,0,0.0703422097861761,0.00224385773219495,0.0869565098784776,0.00261924874398732,0.112832424874746,0.0972447309339119,0.0942562570378773,0.147310985274794,0.69029852243679,0.0694117690034602,0.825426967169435,0.139175256707104,0.37887058,0.884099760343703
4,0.91304347826087,0.683333333333333,0,0,0.039923964027238,0.000628817152127055,0.063354032586706,0.00156380549141554,0.107152079230119,0.0907617551925588,0.0898379927110604,0.141075591860465,0.686567166184005,0.0741176497993079,0.821631887501845,0.133284233186419,0.38741234,0.887472995542549
4,0.549407114624506,0.625,0,0,0.00950570013141711,0.000330467398809985,0.0173913015284906,0.000447680692210376,0.109734061494471,0.0907617551925588,0.0949926333211146,0.143413873159349,0.667910452084261,0.0870588280761245,0.81973435620695,0.135493375290918,0.39095718,0.90475396806144
4,0.146245059288538,0.958333333333333,0,0,0.0703422234743896,0.000578928151378456,0.0347826142371047,0.00102764258004393,0.0999225414383437,0.0794165330584808,0.0927835044714028,0.127045974215246,0.660447773160782,0.121176475757785,0.772296022601169,0.120029446833362,0.3999011,0.938163555035204
4,0.620553359683794,0.583333333333333,0,0,0.0133079884653531,0.00039293571642918,0.099378881529262,0.0029158785055153,0.132455464987001,0.111021068970997,0.121502212654623,0.164458299627177,0.643656728791908,0.110588240525952,0.806451620064883,0.155375554820504,0.352606,0.931634186331575
4,0.142292490118577,0.770833333333333,0,0,0.0437262349087018,0.00100648167867007,0.0298136642351761,0.000588963101899038,0.0932093987051712,0.0842787648644957,0.06921944352563,0.127045974215246,0.74253731352055,0.0388235327128027,0.821631887501845,0.120029446833362,0.4302431,0.839556224126106
4,0.719367588932806,0.608333333333333,0,0,0.0228136903077969,0.000425158593407161,0.0472049724717408,0.000447680800409785,0.137103020514424,0.119935175202068,0.123711348131728,0.167575996334341,0.671641791546001,0.100000005294118,0.795066432295511,0.158321066580846,0.31418663,0.914838418975212
4,0.517786561264822,0.883333333333333,0,0,0.0722433520710147,0.000726095270592943,0.0397515485868603,0.00067438499880393,0.115156209609797,0.0964343589662428,0.0891016230552163,0.160561187511732,0.667910452084261,0.0341176550934256,0.905123332788438,0.151693673404318,0.43312526,0.866882649164451
4,0.873517786561265,0.741666666666667,0,0,0.028517100052046,0.00101393732333695,0.022360260474518,0.000860235588979082,0.120578371667804,0.106158829871627,0.09351988075464,0.162899440751381,0.695895531629399,0.0305882468788927,0.882352974327492,0.153902788999243,0.41042024,0.856960386579348
4,0.185770750988142,0.675,0,0,0.0399239537610779,0.00107872093529776,0.0322981403541528,0.00118445223246812,0.134004643191468,0.119935175202068,0.108983802584803,0.173811382733862,0.69402986189853,0.0435294209204152,0.863377610145141,0.164212083474138,0.34965578,0.863526940579323
7,0.727272727272727,0.304166666666667,0,0,0.0209125562358864,0.000494750667124861,0.0111801094422292,0.000331427712760652,0.162148215713345,0.136142636435516,0.207658323949497,0.138737338620816,0.602611944339636,0.388235284775087,0.400379513090099,0.207658323949497,0.40409946,0.144261053874947
7,0.628458498023715,0.4125,0,0,0.028517100052046,0.0006969866647629,0.00993787093553597,0.000196320914174968,0.220500913106148,0.19854132170617,0.260677482616513,0.198752921317134,0.61194030978503,0.376470580138408,0.409867186642374,0.260677482616513,0.3074441,0.143861517591541
7,0.719367588932806,0.533333333333333,0,0,0.00570342240584656,0.000184098812727484,0.00496894351745692,0.000196321015161083,0.00955331834402226,0.00648298230537263,0.0213549340842788,0,0.809701496033359,0.190588237349481,0.508538916443727,0.0213549340842788,1,0.208355796302136
7,0.624505928853755,0.391666666666667,0,0,0.0190114105289944,0.000506039416027776,0.089440988233479,0.00131696087471406,0.186418797410342,0.164505669890646,0.225331368001978,0.166017137458546,0.623134344961294,0.362352957868512,0.421252391489545,0.225331368001978,0.3374935,0.142994521002599
7,0.845849802371542,0.325,0.666666646666667,0,0.0646387897757669,0.00160023641791863,0.0521738978773976,0.00124474339563416,0.125742322253829,0.105348465197313,0.166421199069063,0.102104435631974,0.652985077446258,0.356470579079585,0.400379513090099,0.166421199069063,0.43137968,0.158122305377573
7,0.675889328063241,0.5375,0,0,0.102661601252006,0.000425157201883115,0.0149068298815634,0.000304139150996559,0.0224632080546308,0.0194489469161179,0.0331369658826438,0.0140296176452185,0.80597015321341,0.188235300657439,0.516129046746649,0.0331369658826438,0.65608466,0.199946748641079
7,0.794466403162055,0.491666666666667,0,0,0.00760456400627454,0.000548876707339503,0.0770186344708923,0.00274428398092672,0.0160082635478935,0.0178282007927731,0.0169366717456799,0.0132501938191678,0.84141791252158,0.140000005294118,0.557874777928844,0.0176730486916565,0.09656084,0.326153073650138
7,0.960474308300395,0.404166666666667,0,0,0.222433469379347,0.00514489425627275,0.0385093161174338,0.000597086908279132,0.16524657909362,0.145867100047545,0.201767307056205,0.144972725020336,0.647388068253648,0.345882343847751,0.423149922784441,0.201767307056205,0.36533174,0.149376491556378
7,0.893280632411067,0.408333333333333,0,0,0.0399239537610779,0.000991401944342265,0.00869566082635647,0.000281089005331566,0.152336695657218,0.134521885206822,0.190721656180253,0.128604833091042,0.662313442891652,0.351764722636678,0.398481998873002,0.190721656180253,0.36714104,0.161401410573433
7,0.66798418972332,0.320833333333333,0,0,0.0247148233530915,0.000392935534926044,0.0186335384699666,0.000331427712760652,0.155693270509474,0.132901126684774,0.194403537596439,0.13639906433674,0.626865684423034,0.354117650858131,0.430740047964022,0.194403537596439,0.3786151,0.140327940737886
7,0.66798418972332,0.425,0,0,0.0969581675533834,0.000628816073191745,0.0273291858801748,0.000496657262854075,0.197521312084316,0.177471643253417,0.231222391522663,0.180826191556471,0.632462693615644,0.339999996823529,0.447817855234779,0.231222391522663,0.30207062,0.13563391403112
7,0.960474308300395,0.391666666666667,0,0,0.203422070485334,0.00496460346001446,0.0335403616434558,0.000584034200452021,0.158275238831146,0.139384109719482,0.195876283535521,0.13639906433674,0.652985077446258,0.349411762650519,0.41176471793727,0.195876283535521,0.36449948,0.154218671870482
7,0.557312252964427,0.420833333333333,0,0,0.0361216794575607,0.000494750183116498,0.0124223546569966,0.000248328417154184,0.201136077494534,0.1790923798954,0.240058893666724,0.180826191556471,0.61753731897764,0.365882344906574,0.421252391489545,0.240058893666724,0.32174963,0.141693505692918
7,0.632411067193676,0.529166666666667,0,0,0.00760456263745319,0.000173570017456568,0.00496894374105939,0.000196320986307908,0.00852052683254925,0.00324149115268631,0.0213549340842788,0,0.79477612307446,0.195294122380623,0.516129046746649,0.0213549340842788,1,0.183829432472635
7,0.624505928853755,0.4375,0.333333323333334,0,0.0152091006361221,0.000347140155915228,0.0459627243501413,0.000796250642258647,0.207849227199047,0.187196106865447,0.245949917187409,0.187061563926374,0.624999997901119,0.363529427273356,0.417457311821956,0.245949917187409,0.31028613,0.145495723229252
7,0.841897233201581,0.404166666666667,0,0,0.0228136903077969,0.000368197262448695,0.0149068321175881,0.000215059017649743,0.117996389403451,0.0988654748692502,0.155375554820504,0.0966484786703514,0.664179112622521,0.338823527418685,0.417457311821956,0.155375554820504,0.42167473,0.155544852308481
7,0.723320158102767,0.558333333333333,0,0,0.0323193948878834,0.000494750959546581,0.039751550822885,0.000674384825684876,0.023754197095405,0.0170178295544395,0.0382916045044801,0.0148090414712692,0.779850748436456,0.207058827017301,0.512333982449078,0.0382916045044801,0.65661377,0.169166976334287
7,0.640316205533597,0.508333333333333,0,0,0.00380228128450606,0.000173570017456568,0.00496894329385445,0.000196320986307908,0.0108443073847965,0.00729335500237727,0.0235640649222087,0.000779423194717905,0.80597015321341,0.195294122380623,0.504743845315037,0.0235640649222087,0.9722222,0.205083574163387
7,0.841897233201581,0.304166666666667,0,0,0.00760455613555178,0.000274438056206278,0.00993789240137314,0.000248328460433947,0.11980376513722,0.0948136150309045,0.164948459757375,0.0958690562472625,0.623134344961294,0.376470580138408,0.398481998873002,0.164948459757375,0.47722223,0.149634824441333
7,0.806324110671937,0.395833333333333,0,0,0.0266159680333675,0.000459223404547097,0.00869566082635647,9.81601021553992e-05,0.12186935931431,0.102917342000951,0.15905743623669,0.100545590785796,0.664179112622521,0.338823527418685,0.417457311821956,0.15905743623669,0.41640097,0.155540940717488
7,0.561264822134387,0.429166666666667,0,0,0.0513308006260031,0.000816424954906554,0.00869564741020823,0.000281089091891093,0.189517167761957,0.167747165054677,0.228276893017107,0.169134827150902,0.623134344961294,0.362352957868512,0.421252391489545,0.228276893017107,0.33188802,0.142320149285115
7,0.743083003952569,0.4,0,0,0.0912547578091343,0.000705045252765301,0.0186335384699666,0.000521268408604744,0.193648349144798,0.170988660218709,0.232695130834351,0.173811382733862,0.61567164924677,0.364705886089965,0.425047454079336,0.232695130834351,0.3324073,0.141468597604814
7,0.695652173913043,0.495833333333333,0,0,0.00190114064225303,0.000137219144063476,0.00496894441186681,0.000196321015161083,0.008262329303248,0.00486223691136335,0.0191458019208704,0,0.80783582294428,0.185882356553633,0.518026579749324,0.0191458019208704,1,0.198604905051165
7,0.857707509881423,0.433333333333333,0,0,0.0323193777776166,0.000538486630882315,0.00869565367107741,0.000281089048611329,0.160082628507595,0.1418152402092,0.195139913879677,0.140296176452185,0.656716433699042,0.337647068602076,0.426944985374232,0.195139913879677,0.33914888,0.150336946630538
7,0.699604743083004,0.529166666666667,0,0,0.00380228046321325,0.000173569987206046,0.00124223559986114,9.81604916732713e-05,0.00955331834402226,0.00729335500237727,0.0206185571383022,0,0.815298508584178,0.187058829134948,0.508538916443727,0.0206185571383022,1,0.216423142147468
7,0.545454545454545,0.425,0,0,0.0323193900970087,0.000983775737144738,0.0149068388256622,0.000304138718198923,0.20449265234679,0.181523510385118,0.245213547531564,0.18316444479612,0.61007464005416,0.375294121321799,0.413662249232165,0.245213547531564,0.32738453,0.14174897306047
7,0.545454545454545,0.408333333333333,0,0,0.0304182443901167,0.000841411836263197,0.00621118470737983,0.000281088918772039,0.205009047405393,0.180713138417448,0.245949917187409,0.184723303671916,0.600746274608766,0.376470580138408,0.421252391489545,0.245949917187409,0.33195418,0.137327750446538
7,0.893280632411067,0.3875,0,0.5,0.0171102617422543,0.000552296700353649,0.0695652038779376,0.00151815955104346,0.136844829956463,0.11831443126673,0.173048592245592,0.116134053277192,0.662313442891652,0.337647068602076,0.421252391489545,0.173048592245592,0.3802916,0.153768217752395
7,0.810276679841897,0.508333333333333,0,0,0.00190114077913517,0.000137219164230491,0.0012422359576251,9.8160513313153e-05,0.0025819778026949,0,0.00736377078524469,0,0.815298508584178,0.155294123439446,0.55977230922374,0.00736377078524469,1,0.15944851939146
7,0.699604743083004,0.5125,0,0,0.00380228046321325,0.000173569987206046,0.00496894374105939,0.000196320986307908,0.0129098890134745,0.00729335500237727,0.0257731950973992,0.00467653944889978,0.791044778575407,0.196470591785467,0.518026579749324,0.0257731950973992,0.8333333,0.175665539160356
7,0.91699604743083,0.391666666666667,0,0,0.214828879707672,0.00233272670951754,0.0211180123529185,0.000535851813469741,0.105861091583612,0.0923824991278971,0.131075117591494,0.091971937117009,0.70708956176835,0.277647065425605,0.472485782561778,0.131075117591494,0.35376814,0.148171033224936
7,0.612648221343874,0.3125,0,0,0.0779467686593706,0.000392935958433362,0.0062111773284983,0.000180998868011794,0.14252518257243,0.115883308070367,0.189248890358992,0.118472334576077,0.604477614070506,0.389411775356401,0.396584450500308,0.189248890358992,0.44469786,0.145365885269007
7,0.561264822134387,0.325,0,0,0.0912547509650276,0.00220918619640414,0.00745341181034709,1.14652226901213e-11,0.125484124724527,0.102106970033282,0.170839476650667,0.0997661683627071,0.632462693615644,0.378823540124567,0.385199262730935,0.170839476650667,0.45909294,0.156319733447738
7,0.837944664031621,0.3125,0,0,0.028517100052046,0.000184099175733757,0.00869564741020823,0.000236401798281978,0.119545574579259,0.0964343589662428,0.163475693936114,0.0950896268093647,0.636194033077384,0.370588233114187,0.394686919205412,0.163475693936114,0.46348011,0.154543787197363
7,0.612648221343874,0.283333333333333,0,0.5,0.0665399217944454,0.00247375353729446,0.10683228976197,0.00251566786291062,0.0988897513211387,0.0769854098621184,0.136229744946762,0.0802805937558661,0.651119407715388,0.334117639211073,0.438330190221403,0.136229744946762,0.4850439,0.145775074620313
7,0.616600790513834,0.308333333333333,0,0,0.0418250994679699,0.00125163120902063,0.00496894620068657,0.000124164344148994,0.131939069928399,0.106158829871627,0.178203246110433,0.107560399608405,0.6138059795159,0.384705897737024,0.394686919205412,0.178203246110433,0.45902446,0.148281632201157
7,0.802371541501976,0.5,0,0,0.00380228148982926,0.000173570047707091,0.0024844718705297,0.000124164322509112,0.0015491867095023,0,0.00441826233859895,0,0.82276119590318,0.14588235867128,0.567362442942221,0.00441826233859895,0.6666667,0.15944851939146
7,0.624505928853755,0.3,0,0,0.0133079788836037,0.000253019274423062,0.00621116994961677,0.000180998795878855,0.127033302928995,0.0972447309339119,0.178203246110433,0.101325020223694,0.587686569701632,0.407058827017301,0.385199262730935,0.178203246110433,0.50381,0.145359102939561
7,0.861660079051383,0.2875,0,0,0.0703422097861761,0.00292569826273265,0.0658385042336333,0.000781594743789678,0.100955338526889,0.0826580209291574,0.13475699900768,0.0826188610251329,0.675373131007741,0.317647056955017,0.440227721516298,0.13475699900768,0.43286037,0.151976944108989
7,0.798418972332016,0.508333333333333,0,0,0.00190114077913517,0.000137219164230491,0.0012422359576251,9.8160513313153e-05,0.002065582325812,0,0.00589101623055216,0,0.819029853083231,0.150588240525952,0.56356737693687,0.00589101623055216,0.8888889,0.15944851939146
7,0.640316205533597,0.5,0,0,0.00570342309025724,0.000184098842978007,0.00621117934092054,0.000180999033917554,0.0108443073847965,0.00648298230537263,0.0243004418681853,0.000779423194717905,0.800373137304383,0.198823535889273,0.504743845315037,0.0243004418681853,0.9722222,0.196943922642496
7,0.794466403162055,0.5375,0,0,0.0247148274595555,0.000494750818377475,0.00993788770572126,0.000248328676832765,0.00722953779177499,0.00567260960836799,0.0125184087443416,0.00311769284901971,0.820895524493206,0.15882353483045,0.548387111207688,0.0125184087443416,0.8148148,0.202344755374891
7,0.873517786561265,0.5,0,0,0,0,0,1.14652226901213e-11,0,0,0,0,0.833955226042131,0.131764710989619,0.578747642666052,0,0,0.511054416358307
7,0.853754940711462,0.2875,0,0,0.0190114057381196,0.00058860489025917,0.0621117956452301,0.000519416352109093,0.110508647111035,0.0867098880608581,0.153902788999243,0.0872954025784754,0.634328363346514,0.365882344906574,0.404174592757688,0.153902788999243,0.48998156,0.151411492573307
7,0.992094861660079,0.525,0,0,0.0304182505498128,0.000548876576253904,0.0136645951761121,0.00051382120919505,0.00516395546596299,0.00243111838274812,0.0117820324611043,0.000779423194717905,0.813432838853308,0.164705888207612,0.546489579912793,0.0117820324611043,0.75,0.174018591473017
7,0.905138339920949,0.425,0,0,0.0380228114762393,0.000506039516862851,0.0124223694147597,0.000392642141482941,0.150529305980769,0.132090754717105,0.184830639286961,0.131722529798206,0.658582086638867,0.331764721577855,0.434535110553813,0.184830639286961,0.3500821,0.147824865816061
7,0.806324110671937,0.295833333333333,0,0,0.0418250892018098,0.00115785640359199,0.0559006176459244,0.00156380477008615,0.106119289112914,0.0867098880608581,0.143593514406528,0.0849571282943997,0.666044782353391,0.336470599197232,0.41935486019465,0.143593514406528,0.45815158,0.158050553704172
7,0.83399209486166,0.5375,0,0,0.131178711570212,0.00423960571872015,0.0149068292107559,0.000480886297343322,0.0201394268052495,0.0194489469161179,0.0220913103675161,0.0187061570941182,0.82276119590318,0.14588235867128,0.567362442942221,0.0220913103675161,0.06888328,0.15944851939146
7,0.960474308300395,0.295833333333333,0,0,0.0209125446009049,0.00102868626819871,0.0608695564677294,0.0018274733850124,0.108184869347324,0.0850891441255198,0.148748161643975,0.0872954025784754,0.639925389330168,0.351764722636678,0.421252391489545,0.148748161643975,0.4816013,0.146649860815352
7,0.8300395256917,0.495833333333333,0,0,0,0,0,1.14652226901213e-11,0,0,0,0,0.833955226042131,0.131764710989619,0.578747642666052,0,0,0.511054416358307
7,0.798418972332016,0.3,0,0,0.0133079994159239,0.000137219597821317,0.00496894620068657,0.00029119111527763,0.119029179520656,0.0940032430632354,0.164948459757375,0.0943102114010846,0.623134344961294,0.380000009529412,0.392789387910517,0.164948459757375,0.48185185,0.151160982870337
7,0.66403162055336,0.3875,0,0,0.0532319394887883,0.00178701322875526,0.125465828231936,0.00162662260584912,0.129098890134745,0.116693680038036,0.154639178537267,0.113795793022734,0.70708956176835,0.284705892442907,0.461100582837946,0.154639178537267,0.31471258,0.156170992262353
7,0.557312252964427,0.416666666666667,0,0,0.0380228217423994,0.000459222970956271,0.0124223546569966,0.000248328417154184,0.20036147793529,0.1790923798954,0.237849784699192,0.180826191556471,0.623134344961294,0.358823539065744,0.426944985374232,0.237849784699192,0.31548372,0.141271876474978
7,0.652173913043478,0.516666666666667,0,0,0.0152091252749064,0.000274438288126952,0.00496894351745692,0.000291191093637748,0.0098115158733235,0.00567260960836799,0.0220913103675161,0.000779423194717905,0.802238810393462,0.192941180394464,0.512333982449078,0.0220913103675161,0.9722222,0.195319487588295
7,0.889328063241107,0.5,0,0,0,0,0,1.14652226901213e-11,0,0,0,0,0.833955226042131,0.131764710989619,0.578747642666052,0,0,0.511054416358307
7,0.901185770750988,0.3875,0,0,0.0171102617422543,0.0005522962365123,0.063354032586706,0.00147240793591534,0.137877627045008,0.119124803234399,0.173048592245592,0.118472334576077,0.660447773160782,0.332941180394464,0.430740047964022,0.173048592245592,0.37553233,0.15000657667713
7,0.897233201581028,0.329166666666667,0,0,0.0627376474909282,0.00222701252694313,0.0496894396466186,0.00177776203218277,0.117479994344849,0.0940032430632354,0.162002947997033,0.0927513595400979,0.634328363346514,0.372941193100346,0.392789387910517,0.162002947997033,0.47554862,0.154691638621706
7,0.632411067193676,0.516666666666667,0,0,0.0019011410186789,0.000137219174313999,0.00248447231773464,0.000124164322509112,0.00877872436185049,0.00567260960836799,0.0198821795295863,0,0.809701496033359,0.187058829134948,0.514231515451753,0.0198821795295863,1,0.205142113724724
7,0.984189723320158,0.5,0,0,0,0,0,1.14652226901213e-11,0,0,0,0,0.833955226042131,0.131764710989619,0.578747642666052,0,0,0.511054416358307
7,0.845849802371542,0.304166666666667,0,0,0.0114068448116931,0.000300632235925037,0.00869566082635647,0.000236401726149038,0.119287370078617,0.0948136150309045,0.164212083474138,0.0950896268093647,0.626865684423034,0.375294121321799,0.396584450500308,0.164212083474138,0.475,0.151138251993925
7,0.972332015810277,0.404166666666667,0.333333323333334,0,0.0247148274595555,0.000616723456981337,0.0472049724717408,0.00140749997610395,0.10121352908485,0.0826580209291574,0.136229744946762,0.081839438602044,0.673507478067916,0.323529403979239,0.432637596336717,0.136229744946762,0.4560301,0.153947899118893
2,0.557312252964427,0.366666666666667,0,0,0.0266159772729116,0.000459224866655696,0.0385093094093597,0.000966768438462673,0.361735108032072,0.378444095449304,0.371134017885611,0.335151992668683,0.833955226042131,0.262352941986159,0.368121463999078,0.371134017885611,0.14661072,0.24790951902456
2,0.743083003952569,0.2375,0,0,0.0570342206364123,0.00163284960730788,0.0248447231773464,0.000969754525749843,0.269042104385503,0.279578627873409,0.2805596621461,0.246297724199603,0.820895524493206,0.250588237349481,0.400379513090099,0.2805596621461,0.17044854,0.238276126594865
2,0.683794466403162,0.266666666666667,0,0,0.0513308006260031,0.000728682960808229,0.053416139290923,0.000781594383124982,0.286599536377987,0.294165337878163,0.302650963898005,0.261886214750235,0.79477612307446,0.276470596020761,0.385199262730935,0.302650963898005,0.18173215,0.221919380766606
2,0.940711462450593,0.525,0,0,0.0608364880958227,0.00137219194481014,0.0770186344708923,0.000785284560032416,0.284792160644219,0.290923835420777,0.300441815166113,0.261886214750235,0.785447766024588,0.274117657211073,0.398481998873002,0.300441815166113,0.1760659,0.215924070143053
2,0.794466403162055,0.25,0,0,0.0323193777776166,0.000578928554718759,0.0173912948204165,0.000328507641539507,0.267492905267015,0.276337125416022,0.279086883070052,0.246297724199603,0.809701496033359,0.250588237349481,0.41176471793727,0.279086883070052,0.16604693,0.22970212059435
2,0.782608695652174,0.454166666666667,0,0,0.197718612832337,0.00499296604761997,0.021118001172795,0.000319586513715136,0.356054748444764,0.351701769462737,0.392488936726886,0.321122375023465,0.69029852243679,0.390588244761246,0.30740039425123,0.392488936726886,0.2246171,0.192683696413197
2,0.549407114624506,0.258333333333333,0,0,0.0589353355448239,0.00083467222146932,0.0173912948204165,0.00072399522125269,0.322747225336862,0.333063221499702,0.338733421658811,0.295401385957868,0.802238810393462,0.284705892442907,0.364326401409287,0.338733421658811,0.1761556,0.228750210583775
2,0.719367588932806,0.229166666666667,0,0,0.043726245174862,0.000834672281970366,0.0571428635314992,0.00136580735360177,0.293570876640461,0.303079429522524,0.304123716464479,0.27279812867348,0.80597015321341,0.251764706754325,0.413662249232165,0.304123716464479,0.15200906,0.228370534438327
2,0.632411067193676,0.258333333333333,0,0,0.0285171103182061,0.000509745306732234,0.0136645712506477,0.000281088875492275,0.30570618143164,0.313614265102223,0.323269526338221,0.279033522087809,0.791044778575407,0.288235300657439,0.370018995293973,0.323269526338221,0.18437627,0.222227691361369
2,0.869565217391304,0.241666666666667,0,0,0.0532319326446816,0.000814114369562973,0.0161490757671382,0.000616148059122451,0.257681392182228,0.267423026478307,0.266568466372839,0.238503499968714,0.819029853083231,0.23529412449827,0.426944985374232,0.266568466372839,0.15409406,0.235709703205096
2,0.557312252964427,0.5375,0,0,0.144486700719976,0.0013046642070975,0.0335403705875546,0.000521268264338865,0.184353224147273,0.170988660218709,0.214285730380812,0.165237715035457,0.682835826722265,0.318823526359862,0.430740047964022,0.214285730380812,0.2850997,0.158425747468525
2,0.735177865612648,0.454166666666667,0,0,0.0760456024201583,0.00210084334423966,0.0285714451818978,0.000466648842055088,0.418538613277726,0.41491087046119,0.459499277912376,0.378020261012618,0.675373131007741,0.42705883866436,0.26375712323524,0.459499277912376,0.22280817,0.193262477576553
2,0.932806324110672,0.525,0,0,0.306083716224034,0.00872718001400397,0.0583850736406787,0.00112178183643304,0.257423194652926,0.25445706040889,0.2805596621461,0.235385817291167,0.731343290098017,0.303529402920415,0.406072124052584,0.2805596621461,0.2144562,0.1852047008594
2,0.703557312252964,0.241666666666667,0,0,0.0247148233530915,0.000494751030131134,0.021118001172795,0.000535851597070924,0.283501179969053,0.298217190423154,0.295287194438239,0.256430243758995,0.845149256181081,0.255294125557093,0.368121463999078,0.295287194438239,0.17869009,0.256085734687863
2,0.774703557312253,0.458333333333333,0,0,0.741444875117466,0.017507792534655,0.0211180092224839,0.000652601716738131,0.286083148290725,0.273095615665281,0.327687764155466,0.254091948430493,0.652985077446258,0.39882352000692,0.332068318162669,0.327687764155466,0.28057775,0.176044929910753
2,0.782608695652174,0.358333333333333,0.333333323333334,0,0.0931558898278129,0.00126509783422391,0.0111801235291849,0.000131696133856576,0.333333351923574,0.335494330109354,0.358615601188398,0.303975039626655,0.74253731352055,0.331764721577855,0.349146116894527,0.358615601188398,0.1993515,0.20269736935433
2,0.83399209486166,0.2375,0.333333323333334,0,0.0988593098382221,0.0021008423358889,0.040993787764361,0.000675811384398331,0.264652732444701,0.273906009513015,0.27614139119189,0.243180048536865,0.813432838853308,0.249411767944637,0.409867186642374,0.27614139119189,0.16790761,0.232434744631446
2,0.636363636363636,0.229166666666667,0,0,0.0703422234743896,0.000960534764707401,0.206211139986886,0.00510208110441119,0.296927465435398,0.299027555097468,0.316642133161693,0.27357754408176,0.753731348696814,0.296470586491349,0.394686919205412,0.316642133161693,0.18499897,0.202478656017626
2,0.50197628458498,0.5375,0,0,0.268060853416994,0.00709119040243682,0.0149068321175881,0.000215059017649743,0.192873742614214,0.181523510385118,0.222385869496422,0.172252523858066,0.69402986189853,0.318823526359862,0.41935486019465,0.222385869496422,0.26620623,0.166248476179292
2,0.956521739130435,0.454166666666667,0,0,0.152091269859331,0.00439615620724593,0.0347825874048082,0.00132280176733892,0.333591542481535,0.326580245758349,0.37334314010793,0.297739653227135,0.679104487260526,0.40117647999308,0.301707817444343,0.37334314010793,0.2453213,0.190281308025955
2,0.652173913043478,0.229166666666667,0,0,0.0266159338128337,0.000660934495114742,0.118012390930907,0.00357740860961286,0.290214315730885,0.295786074520146,0.307069208342642,0.266562735259151,0.779850748436456,0.281176473640138,0.392789387910517,0.307069208342642,0.17887476,0.217509506802937
2,0.517786561264822,0.304166666666667,0,0,0.102661601252006,0.00123953805838432,0.0198757805542993,0.000328507749738916,0.06196746977436,0.0534846045663258,0.0780559655518707,0.0530007759781519,0.755597021785893,0.223529419861592,0.510436447738623,0.0780559655518707,0.38048342,0.152306088542471
2,0.608695652173913,0.483333333333333,0,0,0.0741444909338,0.0017237259084837,0.344099337633581,0.00298930947703263,0.254583028801953,0.261750415411268,0.27172312023768,0.229150430891647,0.802238810393462,0.274117657211073,0.381404200141145,0.27172312023768,0.2045359,0.22955927197737
2,0.818181818181818,0.225,0,0,0.0475284681475785,0.00124710794919203,0.591304323521471,0.0184209327882597,0.395300821697934,0.384116706516343,0.427098641921218,0.371784867598289,0.630597023884774,0.377647049543253,0.388994325320726,0.427098641921218,0.19713038,0.180195665168147
2,0.928853754940711,0.275,0,0,0.758555141992801,0.0156021245547123,0.172670814119825,0.00603970255823694,0.228505057428507,0.220421386713301,0.249631818485775,0.213561961385442,0.705223888679271,0.287058831252595,0.459203051543051,0.249631818485775,0.22524333,0.154585891361352
2,0.49802371541502,0.445833333333333,0,0,0.395437225664675,0.0103153778330623,0.0186335474140654,0.000498593996207141,0.239349339716478,0.224473268431712,0.27614139119189,0.214341376793722,0.654850747177127,0.364705886089965,0.385199262730935,0.27614139119189,0.29394883,0.162256756329118
2,0.573122529644269,0.358333333333333,0,0,0.346007615232258,0.00463630099028111,0.0136645862320133,0.000414138803314531,0.334366135069439,0.335494330109354,0.360088353754872,0.305533905517259,0.735074629559757,0.334117639211073,0.352941196562116,0.360088353754872,0.19711515,0.202032818584187
2,0.790513833992095,0.475,0.333333323333334,0,0.0589353560771442,0.00135145258976742,0.191304301161224,0.00413021237367641,0.302349606579384,0.303889801490193,0.32474226564991,0.276695226759307,0.748134334466891,0.310588251114187,0.377609120473555,0.32474226564991,0.19248421,0.202059074928876
2,0.683794466403162,0.354166666666667,0.666666646666667,0,0.0760456434847988,0.000694279545483879,0.021118001172795,0.000634637008211676,0.384456504553261,0.394651534802687,0.404270983768255,0.35307870138492,0.78171641984643,0.317647056955017,0.332068318162669,0.404270983768255,0.17457852,0.222223242556163
2,0.826086956521739,0.258333333333333,0,0,0.0456273566612202,0.000974158329622602,0.0223602470583697,0.00058896211367777,0.294603680700346,0.295786074520146,0.313696601519171,0.27279812867348,0.748134334466891,0.292941178276817,0.406072124052584,0.313696601519171,0.17822558,0.193175583177506
2,0.695652173913043,0.270833333333333,0,0,0.0475285331665926,0.0013680686977271,0.335403705875546,0.00828186264544016,0.207849227199047,0.209076171872578,0.221649499840578,0.191738112494525,0.776119407295611,0.247058829134948,0.45161291440901,0.221649499840578,0.20066153,0.191475014796474
3,0.158102766798419,0.266666666666667,0,0.5,0.526615995409795,0.0192960592442371,0.595031061178195,0.0228759446281092,0.383423714436056,0.346029165689053,0.433726035097746,0.36554947418396,0.453358231541685,0.463529421979239,0.430740047964022,0.433726035097746,0.29780185,0.115403820147061
3,0.964426877470356,0.258333333333333,0,0,0.281368825456491,0.00632638317490126,0.239751532934687,0.00554046211809324,0.325329221543895,0.234197724750387,0.464653925149824,0.265003904442591,0.100746266213244,0.876470617197232,0.12333968786839,0.464653925149824,0.5490324,0.133115218766638
3,1,0.258333333333333,0,0,0.228136885967702,0.00793122120150236,0.211180123529185,0.00889401306396288,0.241931335923512,0.149918959885891,0.379970533284459,0.183943867219209,0.121268700416991,0.85058819499654,0.144212532112239,0.379970533284459,0.6511328,0.132392027707495
6,0.316205533596838,0.233333333333333,0,0,0.0285170678847443,0.000463308788059191,0.0198757843555413,0.00042106132936382,0.856700231811007,0.819286898049327,0.917525736984346,0.826967990585565,0.302238832221819,0.625882369259515,0.322580661688192,0.917525736984346,0.18855007,0.122046104563207
6,0.920948616600791,0.0666666666666667,0.333333323333334,0,0.0285171548049,0.000628816305112419,0.0459627690706355,0.000978655658323447,0.855151053606539,0.813614301568998,0.918998542569967,0.826188610251329,0.274253769467726,0.640000002117647,0.328273255572879,0.918998542569967,0.19541612,0.119137878630047
6,0.561264822134387,0.0375,0,0,0.0380229757348013,0.000756575858630837,0.028571474250219,0.00067008511101398,0.887684012011898,0.851701805929512,0.945508115276082,0.859703823547815,0.302238832221819,0.618823531653979,0.333965866535363,0.945508115276082,0.18147528,0.120412620807096
6,0.399209486166008,0.0791666666666667,0,0,0.032319465382183,0.000887162928508738,0.0136645862320133,0.00055701229973784,0.874257726545553,0.839546226414475,0.934462437890556,0.842556509195432,0.315298503546865,0.627058849252595,0.30740039425123,0.934462437890556,0.18356538,0.125605098364342
6,0.422924901185771,0.266666666666667,0.333333323333334,0,0.0228136903077969,0.000475339390698005,0.24844718705297,0.0072239717779729,0.813581237446359,0.772285229110901,0.881443292478326,0.780202610126185,0.28917914410573,0.649411778532872,0.297912720698955,0.881443292478326,0.20298976,0.125689189176712
6,0.454545454545455,0.1,0,0,0.0285171103182061,0.000788263180354423,0.019875756628835,0.000392643692341135,0.872708555312426,0.82982174092238,0.93667161313202,0.844894720346228,0.259328411620766,0.644705869148789,0.335863397830259,0.93667161313202,0.19485293,0.117102508278345
6,0.814229249011858,0.195833333333333,0,0,0.0285170247668718,0.000463305994927592,0.0223602761266909,0.000304139677567016,0.850503512021798,0.803079451402589,0.919734978499743,0.821512082727604,0.235074621164235,0.664705870207613,0.328273255572879,0.919734978499743,0.20650265,0.116660380980569
6,0.284584980237154,0.0833333333333333,0,0,0.0190114228483865,0.000459223303712021,0.0198757843555413,0.000248328720112529,0.884327409274281,0.842787721578507,0.948453593899458,0.855027225876002,0.264925370440243,0.648235319716263,0.324478192983088,0.948453593899458,0.19245563,0.119084257936354
6,0.146245059288538,0.25,0,0,0.0247148017941552,0.00049475216956749,0.019875756628835,0.000519415926524751,0.851794534525005,0.812803863961133,0.916789433602434,0.81917380142872,0.292910500358514,0.644705869148789,0.301707817444343,0.916789433602434,0.19431558,0.12472977495509
6,0.881422924901186,0.0958333333333333,0,0,0.0456273361289,0.000974158894299027,0.0223602761266909,0.000456208212225005,0.859024023517398,0.812803863961133,0.927835044714028,0.82930627188445,0.240671680729978,0.664705870207613,0.322580661688192,0.927835044714028,0.20392033,0.117648855133556
6,0.525691699604743,0.179166666666667,0,0,0.0209125767682066,0.000652333837912052,0.0273291724640266,0.00072399630324678,0.867028167839757,0.821717977485559,0.93667161313202,0.835541700372823,0.244403020191718,0.67058824899654,0.309297925546126,0.93667161313202,0.2027078,0.120120040516024
6,0.189723320158103,0.120833333333333,0,0,0.0342204909750015,0.000425156304450941,0.0186335384699666,0.000521268949601788,0.872192153282484,0.831442470271009,0.938144352443709,0.840218227896548,0.274253769467726,0.654117634975779,0.305502862956335,0.938144352443709,0.19453695,0.122634320551188
6,0.142292490118577,0.0583333333333333,0,0,0.0456273361289,0.000736395260993443,0.0223601620894309,0.000548294572375636,0.878647091515015,0.833873608054081,0.942562636652705,0.852689014725206,0.244403020191718,0.645882370318339,0.349146116894527,0.942562636652705,0.19609308,0.11398931833476
6,0.897233201581028,0.0375,0,0,0.036121645237027,0.000494752522490255,0.0186335384699666,0.000542997518833147,0.871417532809219,0.831442470271009,0.93151695926718,0.844894720346228,0.279850761869291,0.625882369259515,0.345351054304736,0.93151695926718,0.18889166,0.116872479867268
6,0.0592885375494071,0.166666666666667,0,0,0.0247148428587957,0.000446753886990501,0.0186335675382877,0.000521268192205926,0.857216633840949,0.807131267480804,0.9329897648528,0.823850293878401,0.214552237333621,0.697647045307959,0.296015206481858,0.9329897648528,0.21381323,0.119817286730784
6,0.743083003952569,0.116666666666667,0,0,0.036121645237027,0.000578930127745941,0.0173912648576854,0.00042106048540843,0.865737215049953,0.83063206912992,0.930044219955492,0.830085729381583,0.315298503546865,0.644705869148789,0.278937407750001,0.930044219955492,0.18839076,0.130284872106503
6,0.470355731225296,0.166666666666667,0,0,0.036121645237027,0.000718272243411033,0.0459626818656719,0.000535851813469741,0.867286386283079,0.82576984461726,0.935198807546401,0.833982799408175,0.270522379632853,0.662352931397924,0.296015206481858,0.935198807546401,0.19756877,0.124040294087848
6,0.541501976284585,0.0416666666666667,0,0,0.0228136458211031,0.000766464905763572,0.0223602470583697,0.000372491480298224,0.887425786597236,0.847649909624391,0.948453593899458,0.859703823547815,0.27611945598964,0.634117633916955,0.335863397830259,0.948453593899458,0.18785286,0.118321077994186
6,0.1699604743083,0.0916666666666667,0,0,0.0399238682097435,0.000944721102280648,0.0236024348073022,0.000616147027621419,0.877614252598428,0.836304687490314,0.939617158029329,0.850350698352277,0.268656709901983,0.636470604491349,0.33965846042005,0.939617158029329,0.19121477,0.116873084233258
6,0.272727272727273,0.1375,0,0.5,0.0836501784036196,0.00211156997792922,0.0521739090575212,0.00154333906828915,0.854634658547937,0.816855760266254,0.907216495528597,0.833982799408175,0.300373128908861,0.585882367141868,0.388994325320726,0.907216495528597,0.1818206,0.110719580811749
6,0.379446640316206,0.0416666666666667,0,0,0.0323193777776166,0.000616722246960427,0.029813635166855,0.000626998634873021,0.884069190830959,0.838735825273386,0.94698085458777,0.859703823547815,0.238806010999108,0.642352919750865,0.360531321741698,0.94698085458777,0.19512747,0.111868396619546
6,0,0.141666666666667,0,0,0.0304183094091308,0.000459223959140014,0.0248447656618158,0.000328506956276584,0.856442048224386,0.80632094656662,0.927835044714028,0.82774744106789,0.214552237333621,0.676470574844291,0.330170803945573,0.927835044714028,0.21017425,0.114966427049541
6,0.972332015810277,0.1625,0,0,0.015209068126615,0.000274439165392111,0.0173913216527129,0.000248327731891261,0.844823194262531,0.796596424607751,0.920471281881655,0.809820676233182,0.231343281702495,0.694117637093426,0.284630018712486,0.920471281881655,0.21353829,0.122865910241074
6,0.0276679841897233,0.0416666666666667,0.333333323333334,0,0.0209125767682066,0.00044675376598841,0.0459627400023143,0.000879073106070766,0.875548679335358,0.827390573965888,0.944035309690462,0.848012417053393,0.222014966630234,0.667058840782007,0.337760929125154,0.944035309690462,0.20358202,0.114434870373148
6,0.794466403162055,0.125,0,0,0.0323195078156448,0.000778650270076667,0.0248447388295193,0.000739793056283323,0.857733070727593,0.816045359125165,0.926362371676271,0.823850293878401,0.272388099736856,0.663529390214533,0.29222010973647,0.926362371676271,0.19934683,0.124945516825675
6,0.324110671936759,0.175,0,0,0.0190113783616926,0.000459221791185885,0.0161490757671382,0.000353921432145372,0.860573194750525,0.819286898049327,0.91605306394659,0.840218227896548,0.274253769467726,0.601176458816609,0.390891856615622,0.91605306394659,0.18721664,0.109273500876457
6,0.624505928853755,0.120833333333333,0,0,0.0304182662912583,0.000625813234886032,0.0124223694147597,0.000124163139528908,0.872450336869104,0.833063199619637,0.938880722099553,0.838659397079987,0.283582067748942,0.656470605550173,0.29222010973647,0.938880722099553,0.19366461,0.125787969440234
6,0.494071146245059,0.0375,0,0,0.0342204461461023,0.00120252724967087,0.0260869265784518,0.000829440161746135,0.882261870867912,0.843598042492691,0.943299006308549,0.853468388044633,0.285447754270857,0.632941164512111,0.328273255572879,0.943299006308549,0.18729347,0.120225334501886
6,0.683794466403162,0.2,0,0,0.0285171548049,0.000352522086914995,0.0298136642351761,0.00058896567704497,0.85076173046512,0.80632094656662,0.919734978499743,0.81917380142872,0.255597055367982,0.663529390214533,0.309297925546126,0.919734978499743,0.20332612,0.121041430044091
6,0.774703557312253,0.195833333333333,0,0,0.0285171548049,0.000628817152127055,0.0322981269380045,0.000723996086847962,0.852310901698246,0.805510508958756,0.919734978499743,0.824629779434769,0.238806010999108,0.656470605550173,0.337760929125154,0.919734978499743,0.20414667,0.115317076839512
6,0.50197628458498,0.0166666666666667,0,0,0.0266160433185417,0.000274440486331604,0.0124223694147597,0.000447679970880984,0.901110283535563,0.86304702806359,0.954344617420143,0.879968764459275,0.283582067748942,0.59999997882353,0.383301714358241,0.954344617420143,0.17818023,0.111091786322039
6,0.490118577075099,0.145833333333333,0.333333323333334,0,0.0209124912168723,0.000616723295645215,0.0484472317734639,0.000563888588573053,0.868319190342965,0.822528385920003,0.934462437890556,0.840997608230784,0.240671680729978,0.654117634975779,0.33965846042005,0.934462437890556,0.20012376,0.115247071112305
6,0.561264822134387,0.0958333333333333,0,0,0.036121645237027,0.000936713889749348,0.031055878816405,0.000634635421287012,0.874774093718795,0.829011332487936,0.941089831067085,0.847233036719157,0.238806010999108,0.656470605550173,0.337760929125154,0.941089831067085,0.19951604,0.115316959323902
6,0.260869565217391,0.0875,0,0,0.0323193777776166,0.00107171763678076,0.0397515687110827,0.000945606221004032,0.879938044304819,0.839546226414475,0.942562636652705,0.851130155849411,0.274253769467726,0.640000002117647,0.328273255572879,0.942562636652705,0.19062504,0.119266440706534
6,0.154150197628458,0.191666666666667,0,0,0.0399239126964374,0.000728686046361548,0.0310559369530474,0.000577398150371063,0.861347850080491,0.818476489614882,0.921207651537499,0.837879911523619,0.263059717500417,0.622352929280277,0.368121463999078,0.921207651537499,0.1924883,0.112163797285238
6,0.869565217391304,0.1625,0,0,0.0152091547045654,0.000548877685439738,0.0322981269380045,0.000496658813712269,0.851019879195039,0.80145864912041,0.926362371676271,0.81761497061216,0.220149246526231,0.694117637093426,0.296015206481858,0.926362371676271,0.21380861,0.120620757738969
6,0.359683794466403,0.1375,0.333333323333334,0,0.0247148428587957,0.000578929663904592,0.0260869265784518,0.00075653677054667,0.863155170043537,0.827390573965888,0.915316628016814,0.840997608230784,0.311567197667214,0.585882367141868,0.377609120473555,0.915316628016814,0.17842785,0.113636368596438
6,0.853754940711462,0.05,0,0,0.036121645237027,0.000616723295645215,0.0260869265784518,0.000395088667171039,0.867544535012999,0.816045359125165,0.938880722099553,0.840218227896548,0.201492532426487,0.678823545418685,0.33965846042005,0.938880722099553,0.2101616,0.113087738580819
6,0.411067193675889,0.225,0,0,0.0323193350019494,0.000616725514016882,0.0335403996558758,0.000883444578589653,0.857474852284271,0.814424622483182,0.927835044714028,0.823070920558974,0.263059717500417,0.671764707813149,0.288425064224478,0.927835044714028,0.20236506,0.124261643131788
6,0.193675889328063,0.1625,0,0,0.0266159577672074,0.000660935906805803,0.0173913507210341,0.000361999347549499,0.86522081302001,0.824959516409721,0.933726068234712,0.830085729381583,0.279850761869291,0.664705870207613,0.282732453261993,0.933726068234712,0.19716202,0.126899280980745
6,0.355731225296443,0.0333333333333333,0,0,0.0342205782373626,0.000766465561191564,0.0322981828386222,0.00056217846084872,0.883036414656434,0.841977283970643,0.944035309690462,0.856586126840651,0.268656709901983,0.632941164512111,0.345351054304736,0.944035309690462,0.18952668,0.116062008286361
6,0.569169960474308,0.0916666666666667,0,0,0.0304182662912583,0.000274435444577816,0.019875756628835,0.000447681269273891,0.868319190342965,0.82576984461726,0.933726068234712,0.838659397079987,0.263059717500417,0.650588237349481,0.322580661688192,0.933726068234712,0.19629721,0.119301477146026
6,0.49802371541502,0.191666666666667,0.333333323333334,0,0.0323193777776166,0.000718274865123003,0.0360248623587042,0.000796251075056283,0.866253582223194,0.824149115268631,0.930044219955492,0.837879911523619,0.266791023380068,0.642352919750865,0.332068318162669,0.930044219955492,0.19475445,0.118021211735344
6,0.541501976284585,0.158333333333333,0,0,0.0361217342104147,0.000936717015636697,0.0397515977794039,0.00077041940390661,0.864704410990067,0.824959516409721,0.930780523337404,0.831644588257378,0.283582067748942,0.652941154982699,0.297912720698955,0.930780523337404,0.19462235,0.12435889569239
6,0.964426877470356,0.05,0,0,0.0228136903077969,0.000368197635538475,0.0260869265784518,0.000883443135930868,0.857474852284271,0.809562405263877,0.926362371676271,0.82930627188445,0.229477628762669,0.664705870207613,0.333965866535363,0.926362371676271,0.20590083,0.115486400044454
6,0.849802371541502,0.025,0,0,0.0228136458211031,0.00052071206907122,0.0285714451818978,0.000735876309813626,0.879421677131578,0.838735825273386,0.940353461411241,0.852689014725206,0.272388099736856,0.631764684519031,0.343453523009841,0.940353461411241,0.18946369,0.11680380038765
6,0.905138339920949,0.125,0,0,0.0304183094091308,0.000694279242978652,0.0422360314139111,0.000895361877886105,0.8468887326689,0.803889779610128,0.920471281881655,0.809041302913755,0.266791023380068,0.684705860678201,0.26375712323524,0.920471281881655,0.2063918,0.128154448414887
6,0.225296442687747,0.195833333333333,0,0,0.0190114228483865,0.000407057134363949,0.0198758125294526,0.000620821747017018,0.857474852284271,0.820907656571375,0.910898343807818,0.834762249890499,0.307835824623385,0.590588223584775,0.373814057883764,0.910898343807818,0.1809723,0.113954936625091
6,0.936758893280632,0.2,0,0,0.0285171548049,0.00046330305054338,0.0236024907079198,0.000490801352151258,0.848437938758728,0.796596424607751,0.921207651537499,0.819953181762956,0.20522392226136,0.681176484228374,0.332068318162669,0.921207651537499,0.21420376,0.114151170904545
6,0.0632411067193676,0.0291666666666667,0,0,0.0418250686694896,0.00130466450960273,0.0285714161135766,0.000904994510596898,0.87580689777868,0.831442470271009,0.941089831067085,0.848012417053393,0.248134326071369,0.65176469616609,0.335863397830259,0.941089831067085,0.1971055,0.116171113135551
6,0.359683794466403,0.2125,0,0,0.0646387144905926,0.00132187110776608,0.0422359755132934,0.000519416568507911,0.860831413193847,0.819286898049327,0.923416826778963,0.833203419073939,0.272388099736856,0.635294135086505,0.337760929125154,0.923416826778963,0.19369136,0.117645094634061
6,0.320158102766798,0.166666666666667,0,0,0.0209125343347448,0.000446751275362038,0.0136645862320133,0.000535851849536211,0.858765874787479,0.815235030917626,0.920471281881655,0.833982799408175,0.259328411620766,0.630588225702422,0.358633790446802,0.920471281881655,0.19520037,0.113432294347054
6,0.810276679841897,0.0791666666666667,0,0,0.0266159577672074,0.00050603765141395,0.0186335107432602,0.000395088746517273,0.859798650962003,0.822528385920003,0.925625935746495,0.824629779434769,0.302238832221819,0.650588237349481,0.282732453261993,0.925625935746495,0.19250989,0.128371583684838
6,0.41897233201581,0.0416666666666667,0,0,0.0228135144142535,0.000520710143121273,0.0260869534107482,0.00029448150979572,0.883811042101039,0.844408450927135,0.940353461411241,0.860483196867242,0.279850761869291,0.611764694048443,0.368121463999078,0.940353461411241,0.18402189,0.113117721849115
6,0.462450592885375,0.1125,0,0,0.0266159577672074,0.000588604446584837,0.019875756628835,0.000770419620305428,0.870384728749333,0.826580253051704,0.938880722099553,0.838659397079987,0.253731335263979,0.665882339612457,0.30740039425123,0.938880722099553,0.19997217,0.121083399904527
6,0.731225296442688,0.0708333333333333,0,0,0.0323193350019494,0.000392937430625468,0.0322980665653375,0.000933299259569616,0.854118291374695,0.809562405263877,0.918998542569967,0.826967990585565,0.253731335263979,0.644705869148789,0.341555991714945,0.918998542569967,0.19951321,0.11586956808229
6,0.284584980237154,0.0333333333333333,0,0,0.0323194222643104,0.000392935292921862,0.0211179732224861,0.000490803977790248,0.888974992687064,0.850081076580884,0.948453593899458,0.862042034698612,0.281716414809117,0.627058849252595,0.341555991714945,0.948453593899458,0.1855386,0.117513443575846
4,0.533596837944664,0.854166666666667,0.333333323333334,0,0.0950570252685448,0.00133885516291722,0.0608695698838776,0.00215282778135262,0.105086498995709,0.0834684001901815,0.0876288638613486,0.144193288567629,0.651119407715388,0.0729411846297577,0.859582564633149,0.136229744946762,0.44167453,0.894586954038218
4,0.1699604743083,0.629166666666667,0,0,0.0304182341239566,0.000459223606217249,0.0434782638833376,0.000978655658323447,0.170926931709587,0.142625604883514,0.159793805892535,0.209664849269997,0.583955230239892,0.11882353483045,0.853889936592866,0.198085425640019,0.34703225,0.940387420424095
4,0.387351778656126,0.620833333333333,0,0,0.0684410675013374,0.000850316218797594,0.068322964700437,0.0017030209100894,0.195455724878566,0.153970819724237,0.196612659818758,0.233826979459798,0.485074616966474,0.183529417743945,0.850094891080874,0.220913123557341,0.36751375,0.985667309449069
4,0.264822134387352,0.670833333333333,0,0,0.0361216657693472,0.00107171511590387,0.05217391800162,0.00122602352736643,0.209914793490776,0.1790923798954,0.199558164951707,0.250194857359474,0.554104497754928,0.131764710989619,0.863377610145141,0.236377032132717,0.31229463,0.950529453986385
4,0.438735177865613,0.791666666666667,0,0,0.0969581675533834,0.00130610735870183,0.0695652105860118,0.00128736299853896,0.148463732717699,0.121555926430761,0.13475699900768,0.188620422802169,0.600746274608766,0.101176476816609,0.865275175595634,0.178203246110433,0.3819119,0.925370419692728
4,0.83399209486166,0.620833333333333,0,0,0.0494296480750043,0.00130466491294303,0.0322981314100539,0.00127834969924478,0.162148215713345,0.129659653400808,0.155375554820504,0.200311759148503,0.557835820425624,0.137647064366782,0.850094891080874,0.189248890358992,0.37821564,0.954692075108255
4,0.450592885375494,0.604166666666667,0,0,0.0133079788836037,0.000392935807180748,0.0236024772917716,0.000466649779783298,0.169119555975819,0.125607786269107,0.172312222589748,0.207326567971112,0.479477641355953,0.187058829134948,0.850094891080874,0.195876283535521,0.41732758,0.988406111449621
4,0.786561264822134,0.85,0,0,0.0532319531770018,0.000966397366429825,0.105590050584469,0.0019079534037545,0.160599023566198,0.124797399714728,0.149484531299819,0.206547152562832,0.535447750073096,0.116470593903114,0.907020864083333,0.195139913879677,0.42076695,0.941001842392933
4,0.992094861660079,0.7625,0,0,0.0741444909338,0.000788264289540257,0.0459627400023143,0.00146189939292293,0.129357087664046,0.109400325035659,0.101620026497643,0.177708494849306,0.654850747177127,0.0294117668858131,0.925996228265683,0.167893964890324,0.42249063,0.86805266814574
4,0.466403162055336,0.708333333333333,0.333333323333334,0,0.0266159577672074,0.000756574043599473,0.073291903522242,0.00116227993746081,0.149238325305603,0.120745539876382,0.130338741308257,0.196414647033059,0.589552256223546,0.0764705928442906,0.916508571791206,0.185567008942806,0.40955147,0.910413704468892
4,0.924901185770751,0.991666666666667,0,0.5,0.0551330886177337,0.00244619894115104,0.0596273329424017,0.0010859937999411,0.159308035919691,0.144246363405562,0.140648002646186,0.193296950325894,0.679104487260526,0.0800000042352941,0.81973435620695,0.182621497182463,0.28660962,0.894260982526184
4,0.869565217391304,0.791666666666667,0.333333323333334,0,0.049429654919111,0.00113817440515372,0.0546583874125225,0.000601908706737913,0.133488255104206,0.106969209132652,0.117083954955199,0.176149635973511,0.608208953532245,0.0847058850311418,0.884250505622387,0.166421199069063,0.41676173,0.912243808627173
4,0.806324110671937,0.804166666666667,0,0,0.0532319223785215,0.000966397215177212,0.0422360179977629,0.00127834969924478,0.132455464987001,0.104538085936289,0.113402053656833,0.179267332680675,0.598880604877896,0.0717647131072664,0.914611006340713,0.169366710829406,0.43934208,0.905357628958062
4,0.486166007905138,0.791666666666667,0,0,0.066539945748819,0.00197614615197217,0.0459627310582155,0.000942545259725895,0.124709539107964,0.102106970033282,0.0986745213646942,0.173811382733862,0.638059702808253,0.0364705939031142,0.931688805072571,0.164212083474138,0.43971756,0.876526735514585
4,0.367588932806324,0.979166666666667,0,0,0.0798479109442092,0.00163285011148326,0.0608695631758035,0.000557012104978904,0.15904984536173,0.137763380370854,0.130338741308257,0.209664849269997,0.636194033077384,0.0317647056955017,0.941176461547048,0.198085425640019,0.37479976,0.873491794178797
4,0.569169960474308,0.5875,0,0,0.0247148233530915,0.00115296771744882,0.062111788937156,0.000799872148607892,0.174541704091145,0.143435991437893,0.170839476650667,0.208105990394201,0.563432863200322,0.155294123439446,0.815939293617159,0.196612659818758,0.337989,0.969555701181645
4,0.276679841897233,0.733333333333333,0,0,0.0684410675013374,0.00164663023293709,0.0795030882296218,0.00134877049107321,0.13013168025195,0.106969209132652,0.107511050018328,0.176149635973511,0.632462693615644,0.0541176508581315,0.908918429533826,0.166421199069063,0.43121487,0.88950562945935
4,0.0118577075098814,0.9875,0,0,0.114068468649252,0.00182867364364723,0.0720496934130625,0.000908183147177552,0.13632842792652,0.113452184874005,0.11045656177867,0.185502726095005,0.632462693615644,0.040000002117647,0.931688805072571,0.17525773435009,0.42215064,0.881245205468068
4,0.106719367588933,0.629166666666667,0.333333323333334,0,0.0399239537610779,0.000628817414298252,0.0322981314100539,0.000957756798226099,0.175058092178407,0.143435991437893,0.173048592245592,0.207326567971112,0.559701490156494,0.163529416685121,0.806451620064883,0.195876283535521,0.33512673,0.975918969965612
4,0.245059288537549,0.6125,0.333333323333334,0,0.0342205111651164,0.00106289537433207,0.042236024705837,0.000933299259569616,0.154660466449588,0.119935175202068,0.147275395822714,0.195635231624778,0.544776149100578,0.13294118155917,0.870967735324723,0.184830639286961,0.41181073,0.951688711895459
4,0.0316205533596838,0.704166666666667,0,0,0.0399239674492914,0.000728683969158987,0.0260869690629212,0.000709205444048427,0.157242448713941,0.127228530204445,0.145802649883633,0.197973484864428,0.576492551316412,0.114117652975778,0.869070221107626,0.187039754881887,0.38142902,0.937747012564349
4,0.920948616600791,0.625,0,0,0.0304182560250982,0.000506039819368079,0.0360248467065313,0.00101348072007606,0.132713662516303,0.110210697003328,0.112665684000989,0.175370220565231,0.636194033077384,0.0670588301937716,0.884250505622387,0.165684829413219,0.39559862,0.895957656104168
4,0.201581027667984,0.6625,0,0,0.0190114105289944,0.000459223202876946,0.0211180092224839,0.000281089539115316,0.177381883884799,0.14667746472186,0.167893964890324,0.216679658092606,0.565298516140148,0.128235299175086,0.857685033338254,0.204712818816548,0.34911168,0.948214698667734
4,0.660079051383399,0.825,0,0,0.0456273806155939,0.000672233670364491,0.0161490556429158,0.000513821476086925,0.15698425118464,0.128849281433138,0.13843888705126,0.203429455855668,0.589552256223546,0.0800000042352941,0.910815960828721,0.192194402119334,0.39033788,0.912184077121801
4,0.600790513833992,0.804166666666667,0.333333323333334,0,0.0817490566511012,0.0017061592282648,0.0745341561158909,0.000997186754689091,0.135295644780655,0.111831440938666,0.111929314345145,0.18238502938784,0.628731354153904,0.0517647141660899,0.916508571791206,0.172312222589748,0.4203661,0.887844764566291
4,0.181818181818182,0.683333333333333,0,0,0.0456273566612202,0.000795397897225664,0.0260869399946,0.000640680421276844,0.165504776622921,0.136142636435516,0.157584690297609,0.201870618024299,0.578358221047282,0.13294118155917,0.836812154938807,0.190721656180253,0.35148725,0.952603705216795
4,0.936758893280632,0.833333333333333,0.333333323333334,0,0.0361216863016675,0.000494751080548672,0.0360248467065313,0.000904995376192169,0.143041570659692,0.11750404471235,0.127393216293128,0.183943867219209,0.61194030978503,0.090588241584775,0.870967735324723,0.173784968528829,0.38528243,0.916710610509538
4,0.841897233201581,0.979166666666667,0,0,0.0969581607092767,0.00193376839635122,0.0670807255229363,0.00143462102354316,0.122127549872271,0.10372771396862,0.102356409408274,0.160561187511732,0.667910452084261,0.0658823576124567,0.853889936592866,0.151693673404318,0.39154765,0.885903876764402
4,0.292490118577075,0.954166666666667,0,0,0.0836501920918331,0.00196755228097008,0.0472049724717408,0.00098160466927983,0.147430935629154,0.123987035040414,0.118556707521674,0.200311759148503,0.624999997901119,0.0282352974809688,0.958254260278905,0.189248890358992,0.41721755,0.876279818431669
4,0.628458498023715,0.654166666666667,0,0,0.0513308006260031,0.00115948126000284,0.0149068231734892,0.000340037586952052,0.175058092178407,0.152350090375609,0.152430043060162,0.220576770208051,0.62126865843938,0.0647058860899654,0.903225818571341,0.208394700232734,0.33538613,0.897533708303258
4,0.83399209486166,0.933333333333333,0,0,0.0494296686073245,0.00146766783796691,0.0434782705914118,0.00163371637549624,0.180480261207754,0.153970819724237,0.15905743623669,0.228371008468558,0.593283595685286,0.0717647131072664,0.920303617303198,0.215758476319893,0.35188085,0.90658237663736
4,0.845849802371542,0.745833333333333,0.333333323333334,0,0.0475285229004325,0.00105042147044968,0.0583850960009257,0.00132934141174653,0.138652219632912,0.116693680038036,0.113402053656833,0.186282141503285,0.638059702808253,0.0435294209204152,0.920303617303198,0.175994104005934,0.40352198,0.881129234349712
4,0.0276679841897233,0.895833333333333,0,0,0.0988593098382221,0.0020017074403379,0.0248447164692723,0.000328508059910555,0.125484124724527,0.102106970033282,0.104565538257986,0.169914249573991,0.632462693615644,0.0611764778754325,0.897533207608856,0.160530182175772,0.424404,0.892649507764886
4,0.802371541501976,0.604166666666667,0,0,0.0171102771414945,0.000281215171564831,0.0447204851726407,0.000402338236753708,0.16524657909362,0.126418158236776,0.168630341173562,0.198752921317134,0.513059730093701,0.187058829134948,0.815939293617159,0.187776144419911,0.38903406,0.992017366120972
4,0.458498023715415,0.8875,0,0,0.104562743536845,0.0025810335877604,0.0683229781165852,0.00217951646395382,0.141234194925924,0.112641820199691,0.117820331238436,0.193296950325894,0.591417909163372,0.0529411793356401,0.952561700549816,0.182621497182463,0.44151622,0.897874369266445
4,0.569169960474308,0.9875,0,0,0.0703421995200159,0.00173244209243269,0.047204963527642,0.000993314369977048,0.187451601470228,0.16936790169666,0.166421199069063,0.226812170637189,0.649253737984518,0.0752941213217993,0.857685033338254,0.214285730380812,0.2916751,0.894675443291961
4,0.466403162055336,0.658333333333333,0,0,0.0399239674492914,0.00099140267035481,0.0223602403502956,0.000662855738654309,0.180996649295016,0.152350090375609,0.165684829413219,0.224473882323495,0.578358221047282,0.101176476816609,0.88804553405658,0.212076581648921,0.34778315,0.927238380665123
4,0.434782608695652,0.979166666666667,0,0,0.108365034950629,0.00211246236834973,0.130434789413988,0.00296730604523616,0.180480261207754,0.153970819724237,0.148748161643975,0.239282915376994,0.593283595685286,0.0223529504567474,1,0.226067737657822,0.38897294,0.882741380628777
4,0.944664031620553,0.745833333333333,0,0,0.0532319326446816,0.000756574820029557,0.0298136642351761,0.000790176904505808,0.140201390866038,0.115883308070367,0.116347565417176,0.188620422802169,0.62126865843938,0.0505882426435986,0.925996228265683,0.178203246110433,0.4093088,0.889157699316336
4,0.814229249011858,0.85,0,0,0.110266156703147,0.0020573718305519,0.055900613173875,0.00116559156070293,0.166021185624204,0.132090754717105,0.150220907583057,0.215120799216811,0.546641818831448,0.0952941234394463,0.929791273777675,0.203240052995287,0.40983668,0.926011551280748
4,0.189723320158103,0.954166666666667,0,0.5,0.104562733270685,0.00165233800240068,0.0459627310582155,0.00125783393718792,0.14252518257243,0.111021068970997,0.124447724414965,0.191738112494525,0.570895525332758,0.0788235348304498,0.931688805072571,0.181148751243382,0.44580838,0.917455474804611
4,0.450592885375494,0.716666666666667,0,0,0.0361216555031871,0.000778650370911743,0.105590050584469,0.000735877247541837,0.13839401513227,0.106158829871627,0.125920470354047,0.18238502938784,0.567164185871018,0.104705887148789,0.893738162096864,0.172312222589748,0.44994184,0.931895708925923
4,0.873517786561265,0.7625,0,0,0.0779467583932104,0.00115296771744882,0.0509316721160452,0.00102482629369581,0.140717785924641,0.120745539876382,0.118556707521674,0.18316444479612,0.651119407715388,0.0588235337716263,0.882352974327492,0.173048592245592,0.3721296,0.884482424743214
4,0.0909090909090909,0.85,0.666666646666667,0,0.0285171103182061,0.000816425559917009,0.0571428545874003,0.000908184229171641,0.12600051978313,0.10372771396862,0.102356409408274,0.172252523858066,0.639925389330168,0.0482352985397924,0.910815960828721,0.162739317652877,0.42521268,0.884420527593043
4,0.446640316205534,0.9625,0,0,0.093155900093973,0.00247375424313999,0.104347838239265,0.00138541957846127,0.167828561357972,0.140194481687151,0.148748161643975,0.214341376793722,0.589552256223546,0.0800000042352941,0.910815960828721,0.202503676712049,0.3716949,0.91325628954033
4,0.810276679841897,0.925,0,0,0.0475285229004325,0.00155367007408555,0.0385093250615326,0.000597086800079723,0.186935206411625,0.159643445377986,0.166421199069063,0.234606401882887,0.585820899970762,0.0776470654256055,0.918406103086102,0.221649499840578,0.34575516,0.912177110124969
4,0.351778656126482,0.941666666666667,0,0,0.0836501920918331,0.00133885385206123,0.0608695475236306,0.00193204183816071,0.15491866397889,0.128038894878759,0.130338741308257,0.206547152562832,0.598880604877896,0.0505882426435986,0.948766603804428,0.195139913879677,0.41374576,0.893868094268671
4,0.928853754940711,0.954166666666667,0,0,0.0874524663953503,0.00168282387419655,0.0757763863492928,0.00176961331829875,0.156726060626679,0.142625604883514,0.131075117591494,0.197194062441339,0.686567166184005,0.0458823597301038,0.86717270689053,0.18630337859865,0.329382,0.870620518510765
4,0.454545454545455,0.8,0,0,0.104562733270685,0.00196467908632128,0.0658384885814603,0.00126699308928531,0.136070230397219,0.112641820199691,0.117083954955199,0.178487917272395,0.628731354153904,0.0729411846297577,0.882352974327492,0.168630341173562,0.39386794,0.900598851150616
4,0.952569169960474,0.6375,0.333333323333334,0,0.0133079884653531,0.000538486530047239,0.0720497023571613,0.000755262253642619,0.138135824574309,0.110210697003328,0.124447724414965,0.179267332680675,0.597014935147026,0.0988235337716263,0.872865266619619,0.169366710829406,0.40952933,0.924005341588077
5,0.565217391304348,0.733333333333333,0,0,0.0665399149503386,0.00206559311594904,0.139130421172024,0.00253398544577601,0.391427844815735,0.363857385444549,0.461708413389481,0.342946216899572,0.518656705704222,0.561176488463668,0.206831116077183,0.461708413389481,0.29995137,0.167929066906757
5,0.604743083003953,0.741666666666667,0,0,0.0532319326446816,0.00105578448478923,0.0322981269380045,0.000620821386352322,0.417764020689822,0.389789295703317,0.496318085446848,0.360872932630618,0.507462687319002,0.607058837605536,0.144212532112239,0.496318085446848,0.3128917,0.17429557576395
5,0.549407114624506,0.7375,0,0,0.0684410675013374,0.00212578974031338,0.0683229557563381,0.00180198701424303,0.429899325481002,0.397082650705694,0.507363795969339,0.378799676420899,0.470149275910559,0.604705898795848,0.185958271833334,0.507363795969339,0.29562417,0.162867753557344
5,0.276679841897233,0.775,0,0,0.0931559343145067,0.00187041371824905,0.101863357648239,0.00154832403145657,0.386522077816331,0.3581847597908,0.460972043733637,0.334372563230785,0.514925383033526,0.579999988352941,0.180265660870849,0.460972043733637,0.31473875,0.17121248660427
5,0.304347826086957,0.791666666666667,0,0,0.0969581778195436,0.00267841223879682,0.111801224111725,0.00293695250438921,0.393493418078805,0.375202585698562,0.455081020212953,0.345284463124413,0.582089560509022,0.520000016941176,0.208728681527676,0.455081020212953,0.28042978,0.180423276115263
5,0.146245059288538,0.795833333333333,0,0,0.0741444669794264,0.00107871982611193,0.186335407059913,0.00181211671503837,0.399690165753375,0.366288479467492,0.474226830086695,0.352299271947022,0.475746268312124,0.58352942833218,0.214421258334564,0.474226830086695,0.30251354,0.159557557088873
5,0.679841897233202,0.729166666666667,0,0.5,0.110266177235467,0.00213286453089909,0.122981358821034,0.00252979913851224,0.372579397291383,0.351701769462737,0.436671579995055,0.324240036656585,0.570895525332758,0.527058812193772,0.208728681527676,0.436671579995055,0.2983021,0.177268233826851
5,0.245059288537549,0.791666666666667,0,0,0.0722433760253884,0.00174866998535068,0.0559006332980973,0.00119498097268353,0.42964112098036,0.400324160456436,0.506627360039563,0.375681993743352,0.494403015993957,0.602352928221453,0.165085427589484,0.506627360039563,0.29921305,0.169567704561729
5,0.541501976284585,0.725,0,0,0.104562709316311,0.00300193482343375,0.0434782504671894,0.00155391498344684,0.397882790019606,0.365478114793178,0.471281318326353,0.350740441130462,0.483208947235604,0.577647049543253,0.216318823785056,0.471281318326353,0.29802468,0.160378672226386
5,0.233201581027668,0.770833333333333,0,0,0.0494296686073245,0.00105578640065567,0.0993788658770891,0.0014399838190465,0.356571143503366,0.330632083716629,0.419734892343631,0.314107566200855,0.54104477605675,0.518823547536332,0.252371952543666,0.419734892343631,0.2976887,0.165346661394133
5,0.411067193675889,0.741666666666667,0,0,0.0703421995200159,0.00152430639584785,0.099378881529262,0.00249258027303685,0.428091921861872,0.40113452513075,0.499999966863034,0.377240845604338,0.511194060362831,0.577647049543253,0.187855786050431,0.499999966863034,0.28551513,0.169269718552634
5,0.569169960474308,0.725,0.333333323333334,0,0.0950570013141711,0.00227634881030744,0.0496894195223963,0.00140749939904043,0.392202444374979,0.363857385444549,0.46318115270117,0.343725632307852,0.513059730093701,0.564705896678201,0.206831116077183,0.46318115270117,0.30228263,0.166724330456915
5,0.237154150197628,0.775,0,0,0.0494296480750043,0.00152800764813883,0.0583850803487528,0.00138889335655088,0.345726847272714,0.322528349453228,0.407952878439228,0.301636779372197,0.563432863200322,0.511764720519031,0.240986713540898,0.407952878439228,0.30292457,0.171556135821519
5,0.33596837944664,0.775,0.333333323333334,0.5,0.0551331125721074,0.00146381341719585,0.0285714451818978,0.000796250065195133,0.440743607768973,0.410048609481755,0.515463928457556,0.390491033811659,0.481343294295778,0.594117663564014,0.191650882795819,0.515463928457556,0.28533262,0.163876373243341
5,0.984189723320158,0.6875,0,0.5,0.0551331125721074,0.0010717154184091,0.0770186188187193,0.00122287636722586,0.374128603381212,0.343598049786046,0.448453627036424,0.324240036656585,0.503731364648306,0.576470590726644,0.197343459602706,0.448453627036424,0.3181372,0.166522438640274
5,0.656126482213439,0.741666666666667,0,0,0.129277559019214,0.00225640907741552,0.0844720359955257,0.00111402473227634,0.407177901074451,0.374392213730893,0.480117787333448,0.360872932630618,0.477611971625083,0.577647049543253,0.222011383514145,0.480117787333448,0.29552308,0.158285014132511
5,0.533596837944664,0.758333333333333,0,0,0.0817490429628877,0.00146381462721676,0.0571428635314992,0.00101632932198097,0.423186182747829,0.397082650705694,0.496318085446848,0.370226036781729,0.518656705704222,0.582352958927336,0.172675518613469,0.496318085446848,0.29530448,0.17223821320538
5,0.0909090909090909,0.808333333333333,0,0,0.0760456434847988,0.00160023762793954,0.053416154943096,0.00179556018575244,0.390911449757132,0.363047020770235,0.462444783045326,0.341387372053394,0.516791035973352,0.567058814311419,0.199241025053199,0.462444783045326,0.30391166,0.168871995367199
5,0.08300395256917,0.7875,0,0,0.0988592687735816,0.00242998093007047,0.108074508815248,0.0018917238530823,0.381358141172987,0.349270675439795,0.457290129180485,0.331254845479194,0.490671642950128,0.585882367141868,0.195445928307811,0.457290129180485,0.3173622,0.164272132239308
5,0.324110671936759,0.779166666666667,0,0,0.0817490429628877,0.00150940922342471,0.108074542355618,0.002170657168485,0.416731244515298,0.387358179800309,0.490427095063129,0.36632888959224,0.498134338664652,0.58352942833218,0.191650882795819,0.490427095063129,0.2963139,0.166805114044282
5,0.221343873517787,0.783333333333333,0,0,0.131178735524586,0.00266996256195307,0.142857143176575,0.00250068635635376,0.383165516906755,0.349270675439795,0.458762868492173,0.335151992668683,0.477611971625083,0.584705908325259,0.210626212822572,0.458762868492173,0.31700587,0.161067112241089
5,0.193675889328063,0.783333333333333,0,0,0.110266177235467,0.00300381590177212,0.125465828231936,0.0033296525210907,0.388071283906159,0.3581847597908,0.462444783045326,0.337490238893523,0.503731364648306,0.579999988352941,0.191650882795819,0.462444783045326,0.31241447,0.167668585164947
5,0.577075098814229,0.758333333333333,0,0,0.226235801857771,0.00363514249609567,0.157763975294163,0.0039020496833166,0.360702303972186,0.33954620453441,0.417525770121312,0.320342945585567,0.572761211854672,0.489411791238754,0.267552219980628,0.417525770121312,0.27526647,0.161835932932499
5,0.675889328063241,0.716666666666667,0,0,0.0988593337925957,0.0016961978319652,0.0906832184668808,0.00221634321477132,0.392718825490901,0.367909230696185,0.463917522357014,0.340607949630305,0.537313453386054,0.56588235549481,0.180265660870849,0.463917522357014,0.30547154,0.175702371909875
5,0.66403162055336,0.720833333333333,0.333333323333334,0,0.0418251131561834,0.00054887700984473,0.0559006019937514,0.00139166492047665,0.392202444374979,0.373581834469869,0.457290129180485,0.340607949630305,0.580223890778152,0.536470567432526,0.184060757616237,0.457290129180485,0.2956001,0.182344119111807
5,0.652173913043478,0.725,0,0,0.0665399354826589,0.000253019405508661,0.0447204941167395,0.000152069310732369,0.378001545406709,0.354132914539165,0.445508082139116,0.328916599254354,0.548507471771274,0.544705885031142,0.203036070565191,0.445508082139116,0.30253935,0.173951238240989
5,0.106719367588933,0.804166666666667,0,0,0.068441091455711,0.00177856314857121,0.0720496799969143,0.0015028498396129,0.389620469081967,0.363047020770235,0.458762868492173,0.341387372053394,0.526119401418746,0.555294120262976,0.208728681527676,0.458762868492173,0.29685017,0.169021844556899
5,0.466403162055336,0.770833333333333,0,0,0.0912547338547607,0.0021678892919603,0.0310559078847262,0.000978656451785779,0.37180480470348,0.345218793721384,0.435198840683366,0.329696014662634,0.5317164274024,0.523529414567474,0.254269466760763,0.435198840683366,0.2935857,0.16200203285216
5,0.0948616600790514,0.779166666666667,0,0,0.0969581607092767,0.00135701243417486,0.0919254509363074,0.0024124318494166,0.339530099598144,0.311993535753594,0.404270983768255,0.296960258863281,0.535447750073096,0.522352955750865,0.252371952543666,0.404270983768255,0.30964476,0.163423602388958
5,0.743083003952569,0.720833333333333,0,0.5,0.057034200104092,0.000850315916292367,0.062111788937156,0.0014479921622307,0.352698187535188,0.33468396543504,0.413107499167102,0.305533905517259,0.597014935147026,0.504705861737024,0.218216355079952,0.413107499167102,0.30094525,0.181258661005324
5,0.525691699604743,0.75,0,0,0.0475285331665926,0.00131759055796484,0.0322981403541528,0.00078528419936772,0.429899325481002,0.399513795782122,0.508100165625183,0.375681993743352,0.486940320279433,0.608235296422145,0.163187862138992,0.508100165625183,0.30299366,0.168366023517727
5,0.774703557312253,0.7125,0,0,0.0760456229524785,0.00126955635793387,0.0770186188187193,0.00203833823586936,0.389362264581325,0.365478114793178,0.458026531973295,0.339049083739701,0.544776149100578,0.552941202629758,0.193548414090714,0.458026531973295,0.30064347,0.175034043852293
5,0.284584980237154,0.7625,0,0,0.110266156703147,0.00235441855268592,0.103105603533813,0.00242080684433113,0.423702584777772,0.389789295703317,0.504418284208996,0.370226036781729,0.464552249926904,0.618823531653979,0.168880473101477,0.504418284208996,0.30925295,0.165130634128497
5,0.201581027667984,0.770833333333333,0,0,0.0494296686073245,0.00133885405373138,0.151552768226536,0.0030210476817819,0.321198047132395,0.294975680672412,0.378497780717984,0.285268901472521,0.5503731247111,0.482352932456747,0.301707817444343,0.378497780717984,0.29404518,0.157554469953819
5,0.739130434782609,0.7125,0,0,0.0551331125721074,0.000749071712292522,0.0931676811697092,0.00153394440214503,0.404337735223477,0.378444095449304,0.480117787333448,0.348402180876004,0.526119401418746,0.590588223584775,0.151802674369619,0.480117787333448,0.31428084,0.176707398975818
5,0.466403162055336,0.754166666666667,0.333333323333334,0,0.0855513104222981,0.00210173916305274,0.137888208826819,0.00167794252322457,0.41518205236815,0.383306334548674,0.495581748927969,0.360093510207529,0.481343294295778,0.615294134027682,0.157495285332104,0.495581748927969,0.31279564,0.168886483363021
5,0.296442687747036,0.7875,0,0,0.0950570663331853,0.000785871906783216,0.096894385286063,0.00207952037356028,0.392977029991542,0.367909230696185,0.461708413389481,0.343725632307852,0.535447750073096,0.554117661446367,0.201138556348094,0.461708413389481,0.29683578,0.17174125648193
5,0.446640316205534,0.758333333333333,0,0,0.108365000730095,0.00248590255056274,0.100621111762664,0.00180412388043612,0.403046754548312,0.372771469795555,0.480854223263224,0.349181610313901,0.496268685724827,0.59999997882353,0.16698295888438,0.480854223263224,0.3140923,0.169620536222046
5,0.683794466403162,0.708333333333333,0,0,0.11216733320852,0.00317744694461654,0.0931677147100798,0.00201025486288727,0.411825470544554,0.38168556873327,0.491899834374817,0.355416989698613,0.494403015993957,0.612941163453287,0.148007628857627,0.491899834374817,0.31734532,0.171792778682601
5,0.537549407114625,0.745833333333333,0,0,0.0703422234743896,0.000749071208117143,0.0509316788241193,0.00101348086434194,0.4213787791287,0.389789295703317,0.50073640279281,0.367108319030138,0.481343294295778,0.611764694048443,0.163187862138992,0.50073640279281,0.30879894,0.167973168836103
5,0.652173913043478,0.7125,0,0,0.104562733270685,0.00424847920538734,0.089440972581306,0.0017069766083463,0.407177901074451,0.383306334548674,0.480854223263224,0.351519856538742,0.539179123116924,0.581176457757786,0.153700188586716,0.480854223263224,0.3112005,0.178905847417229
5,0.794466403162055,0.7125,0,0,0.0874524424409767,0.00187343171206665,0.0670807411751092,0.0014821911100704,0.383940109494659,0.361426269541542,0.451399138796766,0.333593140807696,0.555970167485798,0.545882343847751,0.193548414090714,0.451399138796766,0.3016008,0.177105055009476
5,0.695652173913043,0.708333333333333,0,0,0.146387846426868,0.00174543781783216,0.0571428635314992,0.00107170325480956,0.422669780717886,0.39141006151872,0.501472772448654,0.368667184920742,0.483208947235604,0.609411755238754,0.165085427589484,0.501472772448654,0.3069927,0.167814270944492
5,0.699604743083004,0.716666666666667,0.333333323333334,0,0.0931558692954926,0.00241832963873616,0.104347815879018,0.00266881099803146,0.388587665022081,0.362236641509211,0.461708413389481,0.335931408076963,0.527985104731705,0.574117673093425,0.176470615358857,0.461708413389481,0.31236586,0.174423298443229
5,0.920948616600791,0.683333333333333,0,0,0.0665399149503386,0.00133462886238674,0.0770186501230652,0.00162839866307995,0.402788563990351,0.369529996511588,0.481590592919068,0.350740441130462,0.475746268312124,0.604705898795848,0.180265660870849,0.481590592919068,0.31203708,0.164588803230269
5,0.612648221343874,0.7375,0,0,0.146387846426868,0.00233272731452799,0.111801235291849,0.00270324856163428,0.427059145687348,0.401944889805064,0.501472772448654,0.371784867598289,0.524253731687876,0.589411743591696,0.155597719881611,0.501472772448654,0.3002418,0.175673949920387
5,0.466403162055336,0.75,0,0,0.106463844757043,0.00297357455503498,0.116770203181975,0.00247395626944542,0.415440249897452,0.38168556873327,0.498527227551346,0.359314080769631,0.4682835725976,0.628235308069204,0.149905160152523,0.498527227551346,0.31901047,0.167396301498383
5,0.0355731225296443,0.816666666666667,0,0,0.0893535778817086,0.00131759055796484,0.0695652307102341,0.00217021275744612,0.363284279265198,0.335494330109354,0.430044186818526,0.318784079694962,0.526119401418746,0.537647047425606,0.237191668028906,0.430044186818526,0.29928485,0.164659782658238
5,0.482213438735178,0.7625,0,0,0.0874524903497239,0.00179961146228607,0.203726648215736,0.00556389104103566,0.423960775335733,0.396272278738025,0.496318085446848,0.37334369841485,0.507462687319002,0.578823508359862,0.189753317345326,0.496318085446848,0.29238248,0.169653944230953
5,0.509881422924901,0.741666666666667,0.333333323333334,0,0.0855513104222981,0.00099140300311056,0.0472049724717408,0.00202696135655395,0.408727100192939,0.37763373077499,0.486008850618492,0.356196419136511,0.488805990010303,0.59882352000692,0.176470615358857,0.486008850618492,0.30798513,0.167227649811207
5,0.24901185770751,0.770833333333333,0,0,0.0912547578091343,0.0023956441667312,0.0770186344708923,0.00164253852250134,0.347792427507124,0.323338728714252,0.407216482273811,0.307872172786526,0.554104497754928,0.498823546477509,0.27134726549262,0.407216482273811,0.2899971,0.164574113779116
5,0.561264822134387,0.729166666666667,0,0,0.0798479109442092,0.00233836903701696,0.062111788937156,0.00182272198830235,0.383165516906755,0.3581847597908,0.449926366348112,0.335931408076963,0.539179123116924,0.542352967397924,0.216318823785056,0.449926366348112,0.2962514,0.170491226158706
5,0.691699604743083,0.733333333333333,0,0,0.0608364880958227,0.00161429413833604,0.0521739247096941,0.00145860017654637,0.381874543202929,0.357374395116486,0.450662736003956,0.332034274917092,0.54291044578762,0.551764722636678,0.197343459602706,0.450662736003956,0.30412614,0.173681422402219
5,0.272727272727273,0.775,0,0.5,0.0931559103601331,0.00203251225347841,0.118012419999229,0.00236279479351442,0.382390924318851,0.356564030442172,0.450662736003956,0.334372563230785,0.533582080342226,0.549411752062284,0.210626212822572,0.450662736003956,0.29870403,0.169670698599239
5,0.185770750988142,0.795833333333333,0,0.5,0.115969576713556,0.00163860648345337,0.108074508815248,0.00295167772261282,0.404337735223477,0.379254460123618,0.470544915533543,0.357755249953071,0.5317164274024,0.544705885031142,0.220113869297048,0.470544915533543,0.2845155,0.167582597314886
5,0.0158102766798419,0.829166666666667,0,0.5,0.0741445080440669,0.00168394395021813,0.0993788658770891,0.00188509050798657,0.357603926649231,0.331442455684299,0.426362312029733,0.309431003603086,0.539179123116924,0.545882343847751,0.210626212822572,0.426362312029733,0.3175664,0.171787607995796
5,0.205533596837945,0.779166666666667,0,0,0.058935400563838,0.00187041442409458,0.114285704702751,0.00115479491875106,0.360185922856264,0.332252849532033,0.425625902609529,0.317225227833976,0.526119401418746,0.53058825217301,0.248576855798278,0.425625902609529,0.29970714,0.163104816117031
5,0.877470355731225,0.683333333333333,0,0,0.129277600083854,0.00315066676185498,0.160248467065313,0.00338247943983349,0.403304945106273,0.370340375772612,0.482326962574912,0.350740441130462,0.477611971625083,0.605882378788927,0.176470615358857,0.482326962574912,0.31283396,0.16533188800326
5,0.58102766798419,0.754166666666667,0.333333323333334,0,0.136882152112942,0.00219893389091097,0.110559011766521,0.00278920981816602,0.405112320840041,0.37763373077499,0.477172308710071,0.354637567275524,0.514925383033526,0.572941193100346,0.191650882795819,0.477172308710071,0.2993077,0.169579640790037
5,0.980237154150198,0.695833333333333,0,0,0.0779467789255307,0.00178384872157258,0.116770160697506,0.00355877378608054,0.334366135069439,0.31118315649257,0.390279827759353,0.296960258863281,0.567164185871018,0.47882355600692,0.290322578441574,0.390279827759353,0.2898632,0.158081846432113
5,0.790513833992095,0.716666666666667,0,0,0.0646387555552331,0.0019327949345298,0.0521739247096941,0.00129035420726481,0.366899058618096,0.346029165689053,0.43151695926718,0.318004657271873,0.572761211854672,0.528235281598616,0.204933584782288,0.43151695926718,0.3037197,0.178332337668344
5,0.525691699604743,0.7625,0,0,0.0893536018360822,0.00122885891801544,0.116770174113654,0.00319948971416293,0.41105087795665,0.385737450451681,0.474226830086695,0.367887741453227,0.527985104731705,0.53176473216609,0.244781810286286,0.474226830086695,0.27344358,0.16154766714308
5,0.992094861660079,0.6875,0,0.5,0.0646387795096068,0.0011578576136129,0.113043465525251,0.00205950002053036,0.368964638852506,0.337925438719007,0.444035342827428,0.318784079694962,0.501865661335348,0.578823508359862,0.195445928307811,0.444035342827428,0.32042044,0.166626993956592
5,0.363636363636364,0.745833333333333,0,0,0.188212983537425,0.00183791810255815,0.0583850960009257,0.0023332488530556,0.373612208322609,0.345218793721384,0.443298973171583,0.326578331985087,0.518656705704222,0.554117661446367,0.218216355079952,0.443298973171583,0.3036015,0.166474139724884
5,0.778656126482213,0.725,0,0,0.0456274216802344,0.00123953705003356,0.0559006176459244,0.00119498097268353,0.350116184356814,0.331442455684299,0.406480105990574,0.307872172786526,0.593283595685286,0.484705871266436,0.254269466760763,0.406480105990574,0.28555444,0.174090964300353
5,0.241106719367589,0.7875,0,0,0.0779467583932104,0.0021513231981982,0.0844720784799951,0.0012873627100072,0.4255099535402,0.394651534802687,0.506627360039563,0.368667184920742,0.485074616966474,0.621176449287197,0.144212532112239,0.506627360039563,0.31254068,0.17083223966872
5,0.375494071146245,0.770833333333333,0,0,0.1197718270627,0.00127103782686698,0.165217390234945,0.00265324002109485,0.442809215888744,0.408427880133127,0.524300463738583,0.388932167921055,0.455223901272555,0.627058849252595,0.165085427589484,0.524300463738583,0.30158615,0.163469970690768
5,0.438735177865613,0.775,0,0,0.14448673494051,0.00301882177440693,0.110559005058447,0.00225256354396832,0.350890783916058,0.325769866497325,0.412371116256472,0.309431003603086,0.548507471771274,0.509411781709343,0.259962077723248,0.412371116256472,0.29632849,0.163339007938263
5,0.363636363636364,0.745833333333333,0,0,0.188212983537425,0.00183791810255815,0.0583850960009257,0.0023332488530556,0.373612208322609,0.345218793721384,0.443298973171583,0.326578331985087,0.518656705704222,0.554117661446367,0.218216355079952,0.443298973171583,0.3036015,0.166474139724884
5,0.762845849802372,0.716666666666667,0,0,0.0266159772729116,0.000588605192764398,0.0658384952895344,0.00117218696387261,0.381616324759607,0.358995124465114,0.449189996692268,0.331254845479194,0.555970167485798,0.545882343847751,0.193548414090714,0.449189996692268,0.30312124,0.176688797933673
5,0.474308300395257,0.741666666666667,0,0,0.0779467789255307,0.00221344405831333,0.110559011766521,0.00289098939548314,0.432739491331975,0.399513795782122,0.513991189145867,0.378020261012618,0.46641790286673,0.623529398685121,0.159392816627,0.513991189145867,0.30540445,0.166215941143482
5,0.474308300395257,0.754166666666667,0.333333323333334,0,0.115969576713556,0.00207650377365188,0.132919252116817,0.00179555982508775,0.423960775335733,0.389789295703317,0.506627360039563,0.368667184920742,0.462686596987079,0.628235308069204,0.155597719881611,0.506627360039563,0.3126096,0.165985442669968
5,0.980237154150198,0.675,0.333333323333334,0,0.0570341795717718,0.00166029358737319,0.0807453274071225,0.00152386007296849,0.384714695111222,0.354132914539165,0.460972043733637,0.332813697340181,0.499999991604478,0.588235284775087,0.182163226321342,0.460972043733637,0.32108474,0.168291568985314
5,0.241106719367589,0.795833333333333,0,0,0.0874524903497239,0.00172263305793257,0.0335403571714064,0.000815382028944938,0.421636976658001,0.39141006151872,0.496318085446848,0.371005452190009,0.490671642950128,0.589411743591696,0.189753317345326,0.496318085446848,0.2978795,0.165119755540672
5,0.387351778656126,0.779166666666667,0,0,0.173003756285328,0.00648772393453626,0.126708062937387,0.00417845531626122,0.406661506015848,0.378444095449304,0.479381457441963,0.356196419136511,0.509328357049872,0.576470590726644,0.191650882795819,0.479381457441963,0.29965425,0.169273008989692
5,0.264822134387352,0.779166666666667,0,0.5,0.0988593098382221,0.00290438253439686,0.0683229714085111,0.00207069750522579,0.40485413028208,0.375202585698562,0.476435905917261,0.356975834544791,0.499999991604478,0.570588222525952,0.210626212822572,0.476435905917261,0.29130092,0.164402138078994
5,0.454545454545455,0.754166666666667,0.333333323333334,0,0.207224358477064,0.00284742130427347,0.0968944076463101,0.00220893855215591,0.397882790019606,0.367098858728516,0.477908711502881,0.342166801491292,0.494403015993957,0.609411755238754,0.153700188586716,0.477908711502881,0.32401717,0.171140852446478
5,0.237154150197628,0.795833333333333,0,0,0.0779467583932104,0.0018944193230659,0.0422360179977629,0.000723995942582083,0.42964112098036,0.40113452513075,0.503681881416186,0.378020261012618,0.499999991604478,0.588235284775087,0.182163226321342,0.503681881416186,0.29352704,0.167986414524056
5,0.0237154150197628,0.8,0.333333323333334,0.5,0.133079826478624,0.00288094866445959,0.121739128587632,0.00198080031486251,0.376452374173583,0.347649931504456,0.448453627036424,0.327357754408176,0.514925383033526,0.56588235549481,0.203036070565191,0.448453627036424,0.31489635,0.168578206344147
5,0.300395256916996,0.783333333333333,0,0,0.0912548022958282,0.00187744585559772,0.104347804698894,0.00218260930799112,0.397366394961004,0.368719624543919,0.470544915533543,0.346843314985399,0.509328357049872,0.576470590726644,0.191650882795819,0.470544915533543,0.30349702,0.168434904452675
5,0.162055335968379,0.791666666666667,0,0,0.0722433349607478,0.00203528904979478,0.0968943741059395,0.00340717306960022,0.413632846278322,0.383306334548674,0.490427095063129,0.360872932630618,0.492537312680998,0.597647061190311,0.174573084063961,0.490427095063129,0.3066086,0.168158306284458
5,0.0671936758893281,0.825,0,0.5,0.0893536429007227,0.000718274764287927,0.101863357648239,0.00192754896590502,0.340046501628087,0.313614265102223,0.402798244456567,0.29851909669465,0.54291044578762,0.51294117933564,0.259962077723248,0.402798244456567,0.30298224,0.164050900710978
5,0.41501976284585,0.75,0,0,0.108365069171163,0.00305663059190996,0.0633539878662119,0.00208922816879379,0.439194436535846,0.401944889805064,0.527245975498925,0.381137936675357,0.436567187172811,0.657647074955017,0.134724875637762,0.527245975498925,0.31752294,0.164839044326132
5,0.284584980237154,0.791666666666667,0,0.5,0.0247148428587957,0.000652332355636439,0.0993788658770891,0.00177124640804393,0.409243502222882,0.385737450451681,0.47864504802176,0.357755249953071,0.54104477605675,0.561176488463668,0.184060757616237,0.47864504802176,0.29418743,0.175675578350972
5,0.347826086956522,0.766666666666667,0.333333323333334,0,0.0931559103601331,0.00188245503965642,0.0708074497635124,0.00131476485951077,0.430415706596924,0.401944889805064,0.507363795969339,0.375681993743352,0.499999991604478,0.602352928221453,0.159392816627,0.507363795969339,0.30023456,0.171780473119521
5,0.972332015810277,0.679166666666667,0.333333323333334,0,0.106463868711417,0.00270290437285423,0.0708074497635124,0.00111488960621824,0.391686035373696,0.360615875693808,0.469808545877698,0.338269654301803,0.494403015993957,0.59882352000692,0.170777987318573,0.469808545877698,0.3230207,0.169025118206013
5,0.719367588932806,0.7125,0,0,0.0969581607092767,0.00211246166250419,0.079503094937696,0.0018479225683663,0.41105087795665,0.385737450451681,0.486008850618492,0.355416989698613,0.527985104731705,0.588235284775087,0.153700188586716,0.486008850618492,0.30882537,0.176629838673732
5,0.660079051383399,0.733333333333333,0,0,0.11977186812734,0.00218605220998219,0.063354032586706,0.00115562884766202,0.404337735223477,0.383306334548674,0.473490394156919,0.350740441130462,0.559701490156494,0.558823517889273,0.168880473101477,0.473490394156919,0.29964966,0.180890769996687
5,0.411067193675889,0.758333333333333,0,0,0.110266156703147,0.00192106922690957,0.0645962784722808,0.00157056889220079,0.419055001364988,0.387358179800309,0.497790891032468,0.36554947418396,0.481343294295778,0.608235296422145,0.168880473101477,0.497790891032468,0.30846536,0.167276603456419
5,0.505928853754941,0.7375,0,0,0.125475291559803,0.00202787575585973,0.103105574465492,0.00173663788937503,0.425768151069501,0.392220440779744,0.503681881416186,0.374902550275836,0.46641790286673,0.605882378788927,0.187855786050431,0.503681881416186,0.30013013,0.162017041274252
5,0.363636363636364,0.766666666666667,0,0,0.0627376680232485,0.00121653848511836,0.0906832184668808,0.00153142934295132,0.429382930422399,0.398703416521097,0.508100165625183,0.374902550275836,0.485074616966474,0.610588214055363,0.161290330844096,0.508100165625183,0.30559286,0.169064586662767
5,0.632411067193676,0.745833333333333,0,0,0.129277559019214,0.00211157189379566,0.101863341996066,0.00268895303932993,0.405112320840041,0.376823351513966,0.471281318326353,0.361652376098133,0.509328357049872,0.544705885031142,0.242884278991391,0.471281318326353,0.28591606,0.158021074074201
5,0.988142292490119,0.675,0.333333323333334,0,0.0741445080440669,0.00185016986676863,0.0534161281107995,0.000892126138496104,0.395817223727877,0.363857385444549,0.474226830086695,0.342946216899572,0.486940320279433,0.601176458816609,0.174573084063961,0.474226830086695,0.3183665,0.167203911658144
5,0.940711462450593,0.679166666666667,0,0,0.068441091455711,0.00145736813998813,0.031055894468578,0.000616147633538109,0.403304945106273,0.367909230696185,0.485272441198288,0.349961025722182,0.460820927256209,0.619999990470588,0.170777987318573,0.485272441198288,0.32026085,0.163704296815554
5,0.217391304347826,0.770833333333333,0,0,0.081749090871635,0.00143261010383593,0.0993788882373361,0.00316679863328583,0.34908340818229,0.323338728714252,0.412371116256472,0.306313327940348,0.544776149100578,0.517647046366782,0.250474421248771,0.412371116256472,0.2979628,0.166103579433123
5,0.339920948616601,0.770833333333333,0.333333323333334,0,0.0456273361289,0.000876486510686905,0.0496894329385445,0.00120381718561179,0.429382930422399,0.40113452513075,0.501472772448654,0.379579091829179,0.501865661335348,0.578823508359862,0.195445928307811,0.501472772448654,0.28752622,0.167113710034095
5,0.122529644268775,0.8125,0,0.5,0.0969581607092767,0.0017880648377604,0.125465828231936,0.00202553362928688,0.401755759930465,0.367909230696185,0.477908711502881,0.35307870138492,0.472014945641429,0.591764692989619,0.204933584782288,0.477908711502881,0.30568013,0.160868947348055
5,0.162055335968379,0.8,0,0,0.0323194003631688,0.000652331952296136,0.135403728235793,0.001776135578668,0.38006715352648,0.354943286506834,0.444771745620237,0.335151992668683,0.539179123116924,0.53176473216609,0.233396622516914,0.444771745620237,0.28979304,0.167483212685374
5,0.545454545454545,0.725,0,0,0.0684410469690172,0.000637736226331991,0.0273291858801748,0.00137424705176284,0.412341865603156,0.380875189472246,0.486745180509977,0.36321122795912,0.485074616966474,0.585882367141868,0.201138556348094,0.486745180509977,0.29643956,0.162894362448861
5,0.407114624505929,0.75,0,0,0.110266156703147,0.00199038890475361,0.084472049411674,0.00209429637337314,0.439710831594449,0.403565633740402,0.525036800257461,0.38347622498905,0.444029882887335,0.644705869148789,0.148007628857627,0.525036800257461,0.31158692,0.164224253022522
5,0.0632411067193676,0.804166666666667,0,0,0.068441091455711,0.00129306696336379,0.0484472027051427,0.000542997518833147,0.399173784637453,0.371150740446927,0.472017654845231,0.348402180876004,0.513059730093701,0.575294131910035,0.189753317345326,0.472017654845231,0.3026711,0.169021475222128
5,0.636363636363636,0.745833333333333,0,0,0.104562733270685,0.00107171733427554,0.136645945053047,0.00376404220284385,0.399690165753375,0.371961105121241,0.463917522357014,0.357755249953071,0.514925383033526,0.534117649799308,0.254269466760763,0.463917522357014,0.27956137,0.156478513823739
5,0.375494071146245,0.758333333333333,0,0,0.0456273566612202,0.00112486266262681,0.0409937721121881,0.00133223718859373,0.437128863272777,0.399513795782122,0.522091321634085,0.382696802565961,0.434701483859852,0.642352919750865,0.161290330844096,0.522091321634085,0.310288,0.161036625334468
5,0.861660079051383,0.6875,0,0.5,0.0722433760253884,0.00187343201457188,0.114285704702751,0.00204965250379347,0.420345989011495,0.388978923735648,0.501472772448654,0.3639906433674,0.483208947235604,0.619999990470588,0.148007628857627,0.501472772448654,0.31446242,0.170150330164301
5,0.138339920948617,0.816666666666667,0,0,0.0931558898278129,0.00320576334975735,0.144099359993829,0.00202124770643397,0.396075414285838,0.367909230696185,0.464653925149824,0.349961025722182,0.513059730093701,0.554117661446367,0.223908914809041,0.464653925149824,0.2906682,0.164765395615039
5,0.75098814229249,0.704166666666667,0.333333323333334,0,0.121673024100393,0.0011962498628643,0.0496894329385445,0.000799873014203163,0.418796810807028,0.388168544474624,0.499999966863034,0.361652376098133,0.488805990010303,0.619999990470588,0.142315017895142,0.499999966863034,0.31801003,0.171577271843235
5,0.74703557312253,0.729166666666667,0,0.5,0.0931558898278129,0.00226390787949482,0.13540371258362,0.00203123415121191,0.34908340818229,0.333063221499702,0.399116329903414,0.310989848449264,0.61194030978503,0.454117656152249,0.284630018712486,0.399116329903414,0.26619545,0.170458674334952
5,0.33201581027668,0.7875,0,0,0.153992384767742,0.00436046099376597,0.13540371258362,0.00312175132417679,0.408468909634978,0.380875189472246,0.481590592919068,0.356975834544791,0.513059730093701,0.578823508359862,0.184060757616237,0.481590592919068,0.30018097,0.170452210976445
5,0.525691699604743,0.733333333333333,0,0,0.0646387795096068,0.00152800805147913,0.0472049724717408,0.00128736256574132,0.413891050778964,0.384116706516343,0.491163497855939,0.360093510207529,0.496268685724827,0.59999997882353,0.16698295888438,0.491163497855939,0.30745777,0.169674929161171
5,0.545454545454545,0.733333333333333,0,0,0.0703422234743896,0.00113320101754692,0.040993787764361,0.00077166917921249,0.4213787791287,0.39141006151872,0.495581748927969,0.371005452190009,0.492537312680998,0.587058825958477,0.191650882795819,0.495581748927969,0.29269224,0.165523169839182
5,0.430830039525692,0.770833333333333,0,0.5,0.125475267605429,0.00187744605726787,0.154037237637439,0.00350640426230569,0.365866254558211,0.341977320437418,0.43078055647437,0.319563523162478,0.55223879444197,0.529411782768166,0.223908914809041,0.43078055647437,0.29762968,0.171501675730618
5,0.857707509881423,0.695833333333333,0.333333323333334,0,0.0285170897858859,0.0005522962365123,0.024844680692877,0.000392641744751775,0.415698440455413,0.38249594070094,0.498527227551346,0.359314080769631,0.472014945641429,0.627058849252595,0.148007628857627,0.498527227551346,0.31899637,0.168487266050555
5,0.371541501976285,0.75,0,0.5,0.108365024684469,0.00281014650933168,0.134161513654564,0.00374041859309832,0.420087805424874,0.38249594070094,0.505154620727875,0.36554947418396,0.440298509843506,0.638823543301038,0.161290330844096,0.505154620727875,0.3208649,0.162259559915795
5,0.391304347826087,0.7625,0,0,0.0589353560771442,0.00261581654630992,0.0720497090652355,0.00108243865589599,0.429124732893098,0.399513795782122,0.505154620727875,0.376461416166441,0.492537312680998,0.597647061190311,0.174573084063961,0.505154620727875,0.29590768,0.168124109242175
5,0.328063241106719,0.7875,0,0,0.161596923108617,0.00272579454006299,0.0559006176459244,0.00110446906541175,0.395042624168633,0.369529996511588,0.465390261668702,0.344505047716132,0.5317164274024,0.562352957868512,0.191650882795819,0.465390261668702,0.30081734,0.172714604697216
5,0.146245059288538,0.7875,0,0,0.117870736108662,0.0021434320468391,0.0770186501230652,0.000869150643209967,0.390136857169229,0.357374395116486,0.465390261668702,0.341387372053394,0.483208947235604,0.584705908325259,0.204933584782288,0.465390261668702,0.3098264,0.161830594366251
5,0.845849802371542,0.7125,0,0,0.0874524663953503,0.00148298277010893,0.0608695698838776,0.00142991261806492,0.377743354848748,0.354132914539165,0.445508082139116,0.328137183846074,0.5503731247111,0.545882343847751,0.199241025053199,0.445508082139116,0.30405003,0.174610299353387
5,0.0948616600790514,0.820833333333333,0,0,0.195817535566513,0.00488199472753556,0.141614921887272,0.00256272306451732,0.387813079405518,0.351701769462737,0.466126671088905,0.339049083739701,0.460820927256209,0.59882352000692,0.204933584782288,0.466126671088905,0.32059526,0.15941670623725
5,0.778656126482213,0.716666666666667,0,0,0.036121645237027,0.00119151737025349,0.0757763751691692,0.00115228808271243,0.376710571702884,0.356564030442172,0.441089864204051,0.327357754408176,0.574626864794498,0.529411782768166,0.201138556348094,0.441089864204051,0.2986217,0.179499418759403
5,0.450592885375494,0.766666666666667,0,0,0.131178735524586,0.00298179463041121,0.0881987580000771,0.00122994712646536,0.398140980577567,0.374392213730893,0.464653925149824,0.349961025722182,0.54291044578762,0.544705885031142,0.208728681527676,0.464653925149824,0.28835976,0.172677452976759
5,0.0395256916996047,0.7875,0,0,0.108365024684469,0.00305663200360102,0.0881987580000771,0.00178910825499898,0.373354010793308,0.338735810686676,0.446244491559319,0.328916599254354,0.475746268312124,0.569411753121107,0.237191668028906,0.446244491559319,0.31303197,0.155698529149453
5,0.486166007905138,0.75,0,0,0.119771892081714,0.00276148309842794,0.0732919258824891,0.00201981810371048,0.416473026071976,0.385737450451681,0.495581748927969,0.361652376098133,0.488805990010303,0.609411755238754,0.159392816627,0.495581748927969,0.31361094,0.169339170277683
5,0.245059288537549,0.8,0,0,0.146387846426868,0.00382297474767031,0.0770186344708923,0.00291190989546227,0.407694296133053,0.38249594070094,0.474963199742539,0.360093510207529,0.529850774462575,0.550588253231834,0.212523727039668,0.474963199742539,0.28710723,0.169479937189586
5,0.885375494071146,0.708333333333333,0,0,0.0399239537610779,0.000870017174230104,0.0409937721121881,0.000958762331399594,0.385747485228427,0.357374395116486,0.455817389868797,0.338269654301803,0.514925383033526,0.558823517889273,0.214421258334564,0.455817389868797,0.30000642,0.16636626039562
5,0.41897233201581,0.75,0,0,0.127376423578482,0.00302442911213506,0.0645962359878114,0.00200977467391052,0.432481293802674,0.397082650705694,0.517673070562054,0.375681993743352,0.451492528228726,0.642352919750865,0.144212532112239,0.517673070562054,0.3146827,0.165875750242733
5,0.541501976284585,0.7375,0,0,0.0703422405846564,0.0013680686977271,0.0248447231773464,0.000541219896317535,0.420604186540796,0.390599689551051,0.496318085446848,0.368667184920742,0.492537312680998,0.594117663564014,0.180265660870849,0.496318085446848,0.29951125,0.167369776546587
5,0.482213438735178,0.733333333333333,0,0,0.0912547578091343,0.00186537256947133,0.0770186188187193,0.00119417402149186,0.40898530469358,0.383306334548674,0.480854223263224,0.356975834544791,0.526119401418746,0.572941193100346,0.180265660870849,0.480854223263224,0.29855335,0.173025047360889
5,0.0671936758893281,0.804166666666667,0,0,0.0874524663953503,0.00121498975918971,0.062111788937156,0.00082827939848732,0.403563149606914,0.375202585698562,0.477172308710071,0.352299271947022,0.509328357049872,0.579999988352941,0.185958271833334,0.477172308710071,0.30252522,0.168824871607901
5,0.260869565217391,0.7625,0,0,0.127376379091788,0.00150940972760009,0.144099375646002,0.00285982399840465,0.410018094810785,0.37763373077499,0.480854223263224,0.36554947418396,0.479477641355953,0.568235273128028,0.235294153811809,0.480854223263224,0.28679082,0.156335060840769
5,0.33596837944664,0.758333333333333,0,0,0.112167357162893,0.00166595608188776,0.0496894329385445,0.00130520205148519,0.428091921861872,0.39141006151872,0.507363795969339,0.378799676420899,0.444029882887335,0.612941163453287,0.199241025053199,0.507363795969339,0.29957896,0.156933752505915
5,0.735177865612648,0.704166666666667,0,0,0.138783290975727,0.00300945066664085,0.0745341561158909,0.00230624877255555,0.432739491331975,0.400324160456436,0.513991189145867,0.377240845604338,0.472014945641429,0.623529398685121,0.153700188586716,0.513991189145867,0.30690557,0.167878837377787
5,0.0118577075098814,0.791666666666667,0,1,0.0931558898278129,0.00169286543438137,0.116770160697506,0.00225384722175566,0.374386800910513,0.343598049786046,0.445508082139116,0.328137183846074,0.501865661335348,0.561176488463668,0.223908914809041,0.445508082139116,0.30885938,0.162666550046414
5,0.687747035573123,0.7375,0,0,0.102661577297633,0.00259485807664756,0.0521738978773976,0.000937419853725705,0.388845883465403,0.362236641509211,0.458026531973295,0.340607949630305,0.526119401418746,0.555294120262976,0.208728681527676,0.458026531973295,0.29629385,0.168636309418935
5,0.889328063241107,0.6875,0,0,0.104562709316311,0.00330296574108134,0.053416154943096,0.00207069721669403,0.396849999902401,0.367909230696185,0.473490394156919,0.342946216899572,0.507462687319002,0.592941194159169,0.16698295888438,0.473490394156919,0.3158616,0.171638396747974
5,0.0118577075098814,0.829166666666667,0,0,0.161597001815844,0.00405249816883502,0.127950297642839,0.0015760802094261,0.346759623447239,0.322528349453228,0.412371116256472,0.300077948555637,0.555970167485798,0.528235281598616,0.222011383514145,0.412371116256472,0.3142778,0.172872310644791
5,0.482213438735178,0.729166666666667,0,0,0.123574159541125,0.00305416759434936,0.211180101168938,0.00572167016016371,0.360960522415508,0.33954620453441,0.421944041075523,0.316445812425696,0.570895525332758,0.509411781709343,0.237191668028906,0.421944041075523,0.2901475,0.172928180923003
5,0.600790513833992,0.754166666666667,0,0,0.11596960066793,0.00179647024800589,0.166459607052198,0.00298252797087962,0.372579397291383,0.345218793721384,0.43078055647437,0.336710823485243,0.526119401418746,0.498823546477509,0.29981025199385,0.43078055647437,0.27272084,0.147730483993912
5,0.798418972332016,0.7125,0,0,0.127376423578482,0.00259848360179664,0.0807453430592955,0.00122994741499712,0.382907319377454,0.360615875693808,0.451399138796766,0.331254845479194,0.557835820425624,0.550588253231834,0.184060757616237,0.451399138796766,0.3067216,0.17859473323579
5,0.173913043478261,0.808333333333333,0,0,0.0665399560149791,0.00221344264662227,0.0745341717680639,0.00182483555555605,0.350374402800136,0.327390610432663,0.409425637633095,0.309431003603086,0.563432863200322,0.497647077072664,0.26375712323524,0.409425637633095,0.28757253,0.167799296098289
7,0.126482213438735,0.329166666666667,0.333333323333334,0,0.0171102617422543,0.000411657280937815,0.0409937900003857,0.000395088566184924,0.116188999727002,0.0867098880608581,0.170839476650667,0.0865159731405776,0.593283595685286,0.421176481051903,0.356736259151907,0.170839476650667,0.53911555,0.154146819469415
7,0.474308300395257,0.420833333333333,0,0,0.0817490429628877,0.00178384872157258,0.011180130237259,0.000201169185422464,0.16524657909362,0.1418152402092,0.214285730380812,0.135619641913651,0.61940298870851,0.405882368200692,0.354838727857012,0.214285730380812,0.40954432,0.160984112645091
7,0.130434782608696,0.341666666666667,0,0,0.0190114105289944,0.000274438086456801,0.00869564741020823,0.000281088853852393,0.1032791162906,0.0761750451878043,0.155375554820504,0.074045200341537,0.6138059795159,0.405882368200692,0.360531321741698,0.155375554820504,0.55917877,0.158053139047575
7,0.766798418972332,0.45,0,0.5,0.123574145852911,0.00141675005727432,0.0273291925882489,0.00065701578375766,0.0601600870692513,0.0429497580465945,0.0905743756216909,0.0444271237123266,0.695895531629399,0.291764708871972,0.461100582837946,0.0905743756216909,0.58956474,0.15133782707427
7,0.08300395256917,0.429166666666667,0.333333323333334,0,0.0323193900970087,0.00117240095575518,0.0260869489386988,0.000294481387169723,0.212496782726469,0.178282015221086,0.270250380925991,0.183943867219209,0.529850774462575,0.458823544359862,0.360531321741698,0.270250380925991,0.4005362,0.14051798026594
7,0.237154150197628,0.3375,0,0,0.0437262349087018,0.0010717162250897,0.0124223546569966,0.000447680475811559,0.120320174138503,0.0940032430632354,0.170839476650667,0.091971937117009,0.6138059795159,0.402352938809689,0.366223915626384,0.170839476650667,0.49969473,0.156519896106129
7,0.173913043478261,0.416666666666667,0,0,0.0171102555825582,0.000352522268418132,0.0223602425863203,0.000568992138292643,0.112316029816143,0.0891410039638655,0.157584690297609,0.0865159731405776,0.638059702808253,0.375294121321799,0.385199262730935,0.157584690297609,0.4898966,0.158395008742742
7,0.154150197628458,0.545833333333333,0,0,0.00950570526449718,0.000137219194481014,0.00496894441186681,0.000124164322509112,0.00852052683254925,0.000810372769938191,0.0235640649222087,0,0.777985078705586,0.205882357612457,0.516129046746649,0.0235640649222087,1,0.165868229243743
7,0.486166007905138,0.3625,0,0,0.0342205234845086,0.00101949353768166,0.0273291791721007,0.000933299475968434,0.150012910922166,0.123176670366099,0.201767307056205,0.120810601845344,0.600746274608766,0.415294134027682,0.358633790446802,0.201767307056205,0.4486757,0.155446172772624
7,0.221343873517787,0.325,0,0,0.0589353629212509,0.00131759005378946,0.137888186466572,0.00339271972042474,0.118512784462054,0.0948136150309045,0.162739317652877,0.0943102114010846,0.632462693615644,0.371764702519031,0.396584450500308,0.162739317652877,0.47748852,0.153513779670488
7,0.735177865612648,0.325,0,0,0.0608365017840362,0.00176154329696817,0.0211180101168938,0.000577397385761907,0.03511489884167,0.0210696915807917,0.0633284200049454,0.0187061570941182,0.725746269151676,0.275294116027682,0.457305520248155,0.0633284200049454,0.74090356,0.164325920812442
7,0.229249011857708,0.4375,0,0,0.10266162520638,0.00283615721963009,0.0173913015284906,0.000328508110403612,0.153111288245121,0.130470025368477,0.195876283535521,0.129384255514131,0.628731354153904,0.372941193100346,0.398481998873002,0.195876283535521,0.39566323,0.150990283053972
7,0.225296442687747,0.425,0,0,0.117870736108662,0.00123344671229252,0.016149069059064,0.000281088962051802,0.145365355394744,0.123176670366099,0.188512520703148,0.120810601845344,0.634328363346514,0.372941193100346,0.392789387910517,0.188512520703148,0.4148072,0.154194329351429
7,0.822134387351779,0.345833333333333,0,0,0.0342205405947755,0.000766464351170655,0.0136645951761121,0.000353922687258515,0.0635166549501675,0.0429497580465945,0.100883650214406,0.0436476998862759,0.671641791546001,0.325882363965398,0.430740047964022,0.100883650214406,0.6197129,0.153581972299724
7,0.126482213438735,0.366666666666667,0,0,0.0532319463328951,0.00126955504707788,0.0546583807044484,0.000814199842203159,0.107926678789363,0.0818476489614882,0.157584690297609,0.0802805937558661,0.61940298870851,0.395294132968858,0.371916526588869,0.157584690297609,0.54147977,0.156408592036253
7,0.146245059288538,0.5125,0,0,0.00570342240584656,0.000184098842978007,0.00745341583519156,0.000152069664183771,0.00722953779177499,0,0.0206185571383022,0,0.78171641984643,0.197647064366782,0.525616711760025,0.0206185571383022,1,0.15944851939146
7,0.16600790513834,0.541666666666667,0,0,0.0152091252749064,0.000173570108208136,0.00372670791759578,0.000131696133856576,0.00542215369239826,0,0.015463918516466,0,0.79477612307446,0.181176473640138,0.538899446194312,0.015463918516466,1,0.15944851939146
7,0.233201581027668,0.4375,0,0,0.0247148428587957,0.000392935776930225,0.0173912948204165,0.000248329066350637,0.16318100583055,0.141004868241531,0.208394700232734,0.13639906433674,0.628731354153904,0.387058815370242,0.37571158917866,0.208394700232734,0.39214933,0.157671834471542
7,0.209486166007905,0.545833333333333,0,0,0.0247148325926356,0.000834671566041328,0.0447204941167395,0.00152069567305544,0.0126516914841732,0.00648298230537263,0.0243004418681853,0.00623538569803942,0.787313437434562,0.190588237349481,0.53130931418361,0.0243004418681853,0.76944447,0.15944851939146
7,0.0276679841897233,0.341666666666667,0,0,0.0285171103182061,0.000463304885741759,0.0236024907079198,0.000670085082160804,0.138652219632912,0.110210697003328,0.19145803246349,0.109898673892481,0.593283595685286,0.417647062249135,0.362428853036593,0.19145803246349,0.48024568,0.152427885077457
7,0.229249011857708,0.516666666666667,0,0,0.00570342240584656,0.000184098842978007,0.0012422359576251,9.8160513313153e-05,0.00335657136658625,0,0.00957290096043519,0,0.809701496033359,0.16235294516263,0.554079711923494,0.00957290096043519,1,0.15944851939146
7,0.296442687747036,0.325,0,0,0.0361216828796141,0.000960533756356643,0.0732919348265879,0.00176961317403287,0.117221803786888,0.0940032430632354,0.162002947997033,0.091971937117009,0.636194033077384,0.37411766250519,0.388994325320726,0.162002947997033,0.47304532,0.156519896106129
7,0.371541501976285,0.358333333333333,0,0,0.0209125446009049,0.000538486530047239,0.0173912948204165,0.000328507684819271,0.136586625455821,0.111831440938666,0.184094263003724,0.109898673892481,0.61940298870851,0.391764703577855,0.377609120473555,0.184094263003724,0.4474942,0.154924034132912
7,0.221343873517787,0.341666666666667,0,0,0.0133079884653531,0.00039293571642918,0.00496893926900998,0.000124164192669821,0.124967729665925,0.0964343589662428,0.179675985422121,0.0943102114010846,0.597014935147026,0.423529409273356,0.349146116894527,0.179675985422121,0.5119048,0.156752039798172
7,0.181818181818182,0.325,0,0,0.0190114105289944,0.000173569987206046,0.0807453341151966,0.00276840451449091,0.0991479488504399,0.074554293959111,0.146539019539477,0.072486362510168,0.632462693615644,0.382352937750865,0.37950665176845,0.146539019539477,0.5488248,0.157280188521898
7,0.324110671936759,0.354166666666667,0,0,0.0171102555825582,0.000463304946242804,0.0149068231734892,0.000372493283621706,0.136586625455821,0.111021068970997,0.188512520703148,0.106001554762227,0.6138059795159,0.412941174041522,0.349146116894527,0.188512520703148,0.4727645,0.160843899735346
7,0.537549407114625,0.3375,0,0,0.252851735670605,0.00744152916795736,0.01739130600054,0.000248328460433947,0.0694552050954363,0.05186385698431,0.103092779064118,0.0506625087088852,0.69029852243679,0.309411781709342,0.438330190221403,0.103092779064118,0.6084366,0.159060801820753
7,0.162055335968379,0.508333333333333,0,0,0.0399239571831313,0.00192204793215493,0.0608695631758035,0.0022780848270803,0.0188484377644752,0.00891410039638655,0.0331369658826438,0.0132501938191678,0.759328357889424,0.204705888207612,0.537001913191636,0.0331369658826438,0.8606061,0.140306267501956
7,0.324110671936759,0.441666666666667,0,0,0.0627376474909282,0.001389915625242,0.016149069059064,0.000353922427579934,0.119287370078617,0.106158829871627,0.152430043060162,0.0966484786703514,0.705223888679271,0.318823526359862,0.407969655347479,0.152430043060162,0.40220302,0.174432800419631
7,0.525691699604743,0.341666666666667,0,0,0.0133079884653531,0.000253019758431426,0.0198757700449832,0.000392641744751775,0.145881750453346,0.121555926430761,0.195876283535521,0.116134053277192,0.61940298870851,0.405882368200692,0.354838727857012,0.195876283535521,0.44337976,0.160843899735346
7,0.438735177865613,0.454166666666667,0.333333323333334,0,0.0456273806155939,0.00104141931822582,0.0496894329385445,0.00123229541430346,0.150271108451467,0.128038894878759,0.189985266642229,0.129384255514131,0.632462693615644,0.3576470696609,0.41935486019465,0.189985266642229,0.38675025,0.145510782015176
7,0.217391304347826,0.541666666666667,0,0,0.00570342309025724,0.000184098812727484,0.00745341650599897,0,0.00129098890134745,0,0.00368188539262235,0,0.824626867313154,0.143529417743945,0.569259975944896,0.00368188539262235,0.5555556,0.15944851939146
7,0.209486166007905,0.5125,0,0,0.00760456297965853,2.9877066917383e-05,0.0012422359576251,1.3357964251464e-05,0.0036147688958875,0,0.0103092785691511,0,0.80783582294428,0.164705888207612,0.552182177213039,0.0103092785691511,1,0.15944851939146
7,0.221343873517787,0.445833333333333,0,0,0.0969582017739172,0.00554592916698934,0.0273291925882489,0.000630494752533923,0.135295644780655,0.113452184874005,0.175994104005934,0.113016356570028,0.639925389330168,0.358823539065744,0.409867186642374,0.175994104005934,0.4187123,0.150587036634904
7,0.442687747035573,0.429166666666667,0,0,0.0323194003631688,0.000511645140394693,0.00745342254326568,6.41184185499042e-05,0.179963866149152,0.153160455049923,0.229749638956188,0.152766956266034,0.591417909163372,0.412941174041522,0.371916526588869,0.229749638956188,0.39392713,0.149653660514697
7,0.197628458498024,0.541666666666667,0,0,0.019011409160173,0.000119508168851158,0.00496894441186681,5.3431819003541e-05,0.00490575793666175,0.00243111838274812,0.0117820324611043,0,0.815298508584178,0.16588235867128,0.542694510491882,0.0117820324611043,0.8888889,0.188521562141709
7,0.379446640316206,0.329166666666667,0,0,0.0646387966198736,0.00258436588450915,0.0807453430592955,0.00613664417931689,0.14045959536668,0.114262564135029,0.192194402119334,0.11067809631557,0.608208953532245,0.412941174041522,0.354838727857012,0.192194402119334,0.465278,0.158253251342133
7,0.225296442687747,0.5375,0,0,0.00190114077913517,1.86731636722683e-05,0.00496894441186681,2.13727323165618e-05,0.00180738444794375,0,0.00515463928457556,0,0.820895524493206,0.148235299598616,0.565464909939545,0.00515463928457556,0.7777778,0.15944851939146
7,0.367588932806324,0.516666666666667,0,0,0.0779467789255307,0.00127350899206872,0.0124223582346361,0.00027784536017142,0.0152336695657218,0.00567260960836799,0.0324005895994066,0.00623538569803942,0.763059704067582,0.217647062249135,0.512333982449078,0.0324005895994066,0.88800704,0.156665229338846
7,0.533596837944664,0.3375,0,0,0.275665357537334,0.0451479795070859,0.0223602470583697,0.000128236133158369,0.10741028373076,0.0850891441255198,0.150220907583057,0.0833982834482219,0.645522398522778,0.362352957868512,0.398481998873002,0.150220907583057,0.53354967,0.156279257714333
7,0.0632411067193676,0.345833333333333,0,0,0.0589353663433043,0.00320057891433697,0.0236024862358704,0.000686599990740771,0.139685002778776,0.115072936102698,0.189985266642229,0.109898673892481,0.61940298870851,0.405882368200692,0.354838727857012,0.189985266642229,0.45777184,0.161150900870463
7,0.375494071146245,0.541666666666667,0,0,0.0532319394887883,0.000746926446055655,0.00993788770572126,8.54908746733562e-05,0.0345985037830675,0.0226904384334719,0.0581737860222843,0.0210444264678277,0.740671650506098,0.252941186747405,0.478178381569804,0.0581737860222843,0.6652397,0.162692722451382
7,0.0513833992094862,0.516666666666667,0,0,0.00950570321126515,6.3488752452309e-05,0.00621117934092054,4.54170235279262e-05,0.0201394268052495,0.0121555911844051,0.0397643590591726,0.00701480882260923,0.772388062796558,0.230588236290657,0.481973452698494,0.0397643590591726,0.83227515,0.182254807248799
7,0.300395256916996,0.516666666666667,0,0,0.00760456263745319,2.98770538088232e-05,0.00496894351745692,2.13727301525736e-05,0.00542215369239826,0,0.015463918516466,0,0.79477612307446,0.181176473640138,0.538899446194312,0.015463918516466,1,0.15944851939146
7,0.956521739130435,0.345833333333333,0,0,0.0228136868857436,0.000313709133560495,0.00496894351745692,2.13727352018794e-05,0.008262329303248,0.00162074553987638,0.0213549340842788,0.000779423194717905,0.785447766024588,0.196470591785467,0.52371917875735,0.0213549340842788,0.9777778,0.163335532833819
7,0.150197628458498,0.525,0,0,0.00760456229524785,2.98770568338754e-05,0.00621117934092054,7.7476126084152e-05,0.00955331834402226,0,0.0272459489893524,0,0.764925378835765,0.218823531653979,0.508538916443727,0.0272459489893524,1,0.15944851939146
7,0.814229249011858,0.433333333333333,0,0,0.036121672613454,0.000332382156063657,0.00372670836480072,2.40443315297628e-05,0.00852052683254925,0.00324149115268631,0.0191458019208704,0.0023382696543018,0.79477612307446,0.184705887148789,0.533206845478506,0.0191458019208704,0.93333334,0.1642933354128
7,0.296442687747036,0.4375,0,0,0.028517100052046,0.000436952384870544,0.00372670791759578,5.61033453624733e-05,0.117479994344849,0.0988654748692502,0.153902788999243,0.0966484786703514,0.667910452084261,0.334117639211073,0.421252391489545,0.153902788999243,0.42083883,0.154952691153618
7,0.482213438735178,0.345833333333333,0,0,0.0171102894608866,7.842746489326e-05,0.0186335384699666,2.40443257591276e-05,0.149496522834904,0.123176670366099,0.201767307056205,0.119251749984357,0.604477614070506,0.417647062249135,0.351043665267221,0.201767307056205,0.4521822,0.158345467519483
7,0.375494071146245,0.345833333333333,0,0,0.0247148428587957,0.000287566883905754,0.00993789240137314,0.0003099048738854,0.140975983453942,0.116693680038036,0.190721656180253,0.111457518738659,0.62126865843938,0.403529408214533,0.356736259151907,0.190721656180253,0.45154575,0.161043743422798
7,0.075098814229249,0.5125,0,0,0.0228136903077969,8.96312854536126e-05,0.0136645965177269,0.000173653368833184,0.020655822560986,0.00810372842871741,0.042709868831297,0.00935307889779956,0.740671650506098,0.242352951515571,0.495256180301661,0.042709868831297,0.8292328,0.152951618571865
7,0.158102766798419,0.533333333333333,0,0,0.0019011410186789,1.86731677056713e-05,0.00248447231773464,2.13727395298557e-05,0.00903692189115173,0,0.0257731950973992,0,0.768656721655714,0.214117650858131,0.512333982449078,0.0257731950973992,1,0.15944851939146
7,0.134387351778656,0.420833333333333,0.333333323333334,0,0.0304182604737675,0.00029877100192958,0.0124223613650707,0.000117549970016288,0.112832424874746,0.0883306319961964,0.158321066580846,0.0880748179867555,0.628731354153904,0.376470580138408,0.392789387910517,0.158321066580846,0.492526,0.152915104793285
7,0.818181818181818,0.329166666666667,0,0,0.0988593098382221,0.0025843686070562,0.016149065705027,4.54170595943959e-05,0.0358894914295737,0.020259318883787,0.0662739317652877,0.0187061570941182,0.714552245729143,0.285882351259516,0.45161291440901,0.0662739317652877,0.79721206,0.162968313342949
7,0.0197628458498024,0.35,0,0,0.0266159680333675,0.000612479913652908,0.00869566082635647,4.54170812342776e-05,0.140717785924641,0.113452184874005,0.190721656180253,0.113795793022734,0.600746274608766,0.404705898795848,0.37571158917866,0.190721656180253,0.45946908,0.150754009527662
7,0.739130434782609,0.4125,0,0,0.0266159690599835,0.00052284842148739,0.0173913048825276,0.000694613743895413,0.0294345483171045,0.020259318883787,0.0493372620078258,0.0171473101434977,0.761194030978503,0.234117655093426,0.48766604658318,0.0493372620078258,0.67526454,0.171731788081416
7,0.126482213438735,0.429166666666667,0,0,0.0190113941031382,7.46926849395958e-05,0.0111801201751478,0.000152280566471623,0.112316029816143,0.085899516093189,0.159793805892535,0.0872954025784754,0.61567164924677,0.385882356553633,0.390891856615622,0.159793805892535,0.51092404,0.150269173699906
7,0.873517786561265,0.341666666666667,0,0,0.0589353663433043,6.34883854126333e-05,0.00372670836480072,2.40443315297628e-05,0.0170410536650985,0.00729335500237727,0.0360824756547682,0.00623538569803942,0.761194030978503,0.227058828076125,0.499051251430351,0.0360824756547682,0.8783951,0.162692722451382
7,0.351778656126482,0.5125,0,0,0.019011409160173,0.000343586213586437,0.023602481763821,0.000269830698141743,0.018590240932308,0.00729335500237727,0.0405007353424099,0.00623538569803942,0.750000004197761,0.241176471522491,0.48766604658318,0.0405007353424099,0.87610227,0.163335532833819
7,0.952569169960474,0.325,0,0,0.0171102668753344,0.000481767677195462,0.0211180123529185,0.000398067007380531,0.0126516914841732,0.00567260960836799,0.0272459489893524,0.00389711632432997,0.78171641984643,0.204705888207612,0.514231515451753,0.0272459489893524,0.8962963,0.168201081966214
7,0.225296442687747,0.416666666666667,0,0,0.110266166969307,0.00348067697443145,0.0459627310582155,0.00068659804315141,0.134779249722053,0.113452184874005,0.173784968528829,0.113795793022734,0.643656728791908,0.350588232055363,0.41935486019465,0.173784968528829,0.40922624,0.149489356905062
7,0.782608695652174,0.4375,0,0,0.0190114057381196,0.000298770598589277,0.00993788703491385,2.13727445791615e-05,0.0136844829956463,0.00486223691136335,0.0324005895994066,0.0023382696543018,0.768656721655714,0.224705889266436,0.495256180301661,0.0324005895994066,0.94074076,0.172118414435752
2,0.308300395256917,0.3875,0.333333323333334,0,0.0323194222643104,0.000377197599641188,0.0335403705875546,0.000729345898422237,0.455202690323863,0.435980570794008,0.516936667769244,0.407638327119616,0.555970167485798,0.535294108615917,0.210626212822572,0.516936667769244,0.25469732,0.173980650719183
2,0.849802371541502,0.279166666666667,0,0,0.0456273669273804,0.000358523851125481,0.0968944076463101,0.00458444359090302,0.251742835065618,0.228525128270058,0.304860086120323,0.217459073500886,0.593283595685286,0.445882349141869,0.316888067803506,0.304860086120323,0.33970988,0.166257911003918
2,0.521739130434783,0.475,0,0,0.0494296206985773,0.00285325824346911,0.0472049724717408,0.00095108803585718,0.461915846999716,0.445705019819328,0.524300463738583,0.410756037856398,0.574626864794498,0.540000018,0.184060757616237,0.524300463738583,0.2598418,0.181473445963091
2,0.74703557312253,0.391666666666667,0,0,0.064638800041927,0.00231547413055964,0.0484471870529697,0.00121023182363564,0.318874262397344,0.300648284446096,0.37334314010793,0.278254092649911,0.60634330059242,0.468235310186851,0.267552219980628,0.37334314010793,0.29599184,0.175953318099393
2,0.237154150197628,0.3875,0.666666646666667,0,0.0475285331665926,0.000735720190328222,0.0322981269380045,0.000534317906516057,0.399690165753375,0.384927085777367,0.452135475315644,0.357755249953071,0.604477614070506,0.477647076013841,0.254269466760763,0.452135475315644,0.25220254,0.177776555988507
2,0.407114624505929,0.491666666666667,0,0,0.659695818466365,0.0291488198666073,0.0248447097611981,0.000790791044350796,0.264136344357439,0.241491079752764,0.314432977802408,0.232268106554385,0.593283595685286,0.435294113910035,0.333965866535363,0.314432977802408,0.3206125,0.158877091347653
2,0.474308300395257,0.4,0,0,0.0532319326446816,0.000881373986809159,0.294409927055284,0.00403143756607774,0.376452374173583,0.360615875693808,0.427098641921218,0.337490238893523,0.604477614070506,0.463529421979239,0.277039876455105,0.427098641921218,0.25266927,0.17469005887616
2,0.470355731225296,0.470833333333333,0,0,0.307984769535485,0.113517889755802,0.249689455298792,0.133101286486485,0.374903202940456,0.357374395116486,0.427098641921218,0.335931408076963,0.593283595685286,0.470588238408304,0.277039876455105,0.427098641921218,0.26124597,0.172377989628576
2,0.881422924901186,0.470833333333333,0,0,0.108365024684469,0.00962414532189783,0.165217383526871,0.0506346544638097,0.300800421403576,0.286061574441342,0.349042716133706,0.263445052581604,0.636194033077384,0.43411764450519,0.29222010973647,0.349042716133706,0.2909818,0.178489120278989
2,0.727272727272727,0.308333333333333,0,0,0.317490549400745,0.0821656389555745,0.0633540214065825,0.00662822222585315,0.342628462978419,0.328200975106977,0.39469809208617,0.300857363963917,0.624999997901119,0.462352931397924,0.258064512272755,0.39469809208617,0.27872574,0.18298100334995
2,0.608695652173913,0.529166666666667,0,0,0.0684411085659779,0.000672227670677483,0.0236024348073022,0.000301890962038291,0.484379039020265,0.465964355477831,0.547128155028511,0.434918147001772,0.55223879444197,0.54705880266436,0.195445928307811,0.547128155028511,0.24899773,0.175455840949674
2,0.719367588932806,0.391666666666667,0,0,0.0722432938961073,0.00115026594242882,0.0173912648576854,0.000470199766323251,0.457010114857014,0.437601300142636,0.522091321634085,0.406079496303055,0.554104497754928,0.551764722636678,0.185958271833334,0.522091321634085,0.26498562,0.177062447207162
2,0.478260869565217,0.491666666666667,0,0,0.0779467994578509,0.000870169233524355,0.443478248231165,0.00861591822184632,0.355538353386161,0.341977320437418,0.402061861545936,0.318784079694962,0.626865684423034,0.438823532712803,0.294117675186963,0.402061861545936,0.24809188,0.175758628310803
2,0.201581027667984,0.295833333333333,0,0,0.11216733320852,0.000466829979155373,0.0298136642351761,0.000352650067450767,0.312935726194755,0.303079429522524,0.351988208011869,0.280592352904369,0.666044782353391,0.392941172982699,0.328273255572879,0.351988208011869,0.24660505,0.180032939625265
2,0.644268774703557,0.3,0.333333323333334,0,0.0855513343766718,0.00612852196752627,0.0347826142371047,0.00056637628774289,0.461915846999716,0.439222029491264,0.527982345154769,0.413094305125665,0.529850774462575,0.557647037896194,0.201138556348094,0.527982345154769,0.26032928,0.170633386469975
2,0.316205533596838,0.283333333333333,0,0,0.0152091334878345,7.46925740210124e-05,0.0198757700449832,0.000470200956516749,0.319390671398627,0.312803900427908,0.357142861876709,0.285268901472521,0.686567166184005,0.388235284775087,0.314990519430812,0.357142861876709,0.245206,0.188912519785641
2,0.379446640316206,0.466666666666667,0,0,0.0532319326446816,0.00110544858298485,0.295652128220365,0.0784378919629247,0.368190053235943,0.350081040114109,0.424889566090651,0.325019466094483,0.591417909163372,0.490588250055363,0.246679324503383,0.424889566090651,0.2805935,0.176285131816
2,0.980237154150198,0.316666666666667,0,0,0.492395461659126,0.329995863745192,0.299378865877089,0.0447357705624202,0.22101730119341,0.205834676708547,0.261413832390178,0.192517534917614,0.658582086638867,0.377647049543253,0.360531321741698,0.261413832390178,0.31248218,0.173048903029561
2,0.778656126482213,0.483333333333333,0,0,0.0836501920918331,0.00442180663381863,0.191304323521471,0.0429484930528852,0.284017561084975,0.277147490090336,0.319587611785069,0.252533117613932,0.695895531629399,0.369411774297578,0.335863397830259,0.319587611785069,0.24899939,0.190682053041342
2,0.952569169960474,0.291666666666667,0,0,0.0513308006260031,0.00115400359618214,0.0273292015323477,0.00053431862784545,0.266718319650451,0.252025944505883,0.31296021860854,0.231488691146105,0.647388068253648,0.416470603432526,0.309297925546126,0.31296021860854,0.30079645,0.177886634538459
2,0.660079051383399,0.275,0,0,0.0304182443901167,0.00128471469320323,0.0347826008209565,0.00114344032851389,0.41518205236815,0.395461899477001,0.472754064265434,0.372564283006569,0.565298516140148,0.505882341730104,0.248576855798278,0.472754064265434,0.25532874,0.170112255106914
2,0.158102766798419,0.383333333333333,0,0,0.0836502263123669,0.00312215463583211,0.0397515552949345,0.00107932092599465,0.427059145687348,0.408427880133127,0.486745180509977,0.381137936675357,0.569029855601888,0.518823547536332,0.223908914809041,0.486745180509977,0.25960675,0.174805291324972
2,0.284584980237154,0.391666666666667,0,0,0.0722433589151215,0.00110544858298485,0.0260869534107482,0.000376694205018971,0.408727100192939,0.388978923735648,0.466126671088905,0.36632888959224,0.567164185871018,0.503529402920415,0.250474421248771,0.466126671088905,0.25904787,0.169882596030608
2,0.822134387351779,0.4625,0,0,0.0285170897858859,7.84277472314722e-05,0.255900595285677,0.0655180638298993,0.273431441469603,0.260940050736953,0.315169373967825,0.240841788282407,0.660447773160782,0.396470591785467,0.328273255572879,0.315169373967825,0.28241062,0.177809258903759
2,0.778656126482213,0.4625,0,0,0.0513308006260031,0.000885108212169906,0.255900640006171,0.0748472693316313,0.252259230124221,0.238249606468797,0.291605299767266,0.223694466915215,0.656716433699042,0.380000009529412,0.358633790446802,0.291605299767266,0.29184964,0.169356461860183
2,0.648221343873518,0.354166666666667,0,0,0.081749090871635,0.00158722254220553,0.0385093094093597,0.000878956394975019,0.467338016029063,0.444894655145013,0.53166419343399,0.420109113948274,0.529850774462575,0.550588253231834,0.212523727039668,0.53166419343399,0.25459513,0.169195431899662
2,0.387351778656126,0.383333333333333,0,0,0.0342205337506687,0.000403341331571543,0.0186335966066089,0.000312576360571216,0.449264119264574,0.425445698747534,0.517673070562054,0.399064687480446,0.526119401418746,0.56588235549481,0.191650882795819,0.517673070562054,0.271568,0.171504647196736
2,0.608695652173913,0.516666666666667,0,0,0.0817489779438736,0.00329020647393454,0.0186335107432602,8.8163900676096e-05,0.487477451199921,0.464343611542493,0.555964624035607,0.436476977818333,0.518656705704222,0.575294131910035,0.184060757616237,0.555964624035607,0.25830337,0.171107813772343
2,0.727272727272727,0.445833333333333,0,0,0.494296651852712,0.18381862230246,0.0260869534107482,0.000761402642231348,0.383940109494659,0.365478114793178,0.43961709838279,0.342166801491292,0.583955230239892,0.489411791238754,0.25616698097786,0.43961709838279,0.26555753,0.174100768459751
2,0.660079051383399,0.245833333333333,0,0,0.0285171103182061,0.000616214945694262,0.00869566082635647,7.74764795355544e-05,0.383681911965358,0.376012979546296,0.430044186818526,0.341387372053394,0.658582086638867,0.444705879737024,0.252371952543666,0.430044186818526,0.24982914,0.190747928934282
2,0.628458498023715,0.258333333333333,0.333333323333334,0,0.0323193777776166,0.000332382680406051,0.0173912948204165,0.000470199802389721,0.410018094810785,0.393841170128373,0.464653925149824,0.367108319030138,0.591417909163372,0.490588250055363,0.246679324503383,0.464653925149824,0.25336418,0.17581471683229
2,0.217391304347826,0.4,0,0,0.0380228012100791,0.000209139136674282,0.105590072944716,0.0145681841049464,0.347276032448522,0.337115059457983,0.386597926460987,0.314886981609135,0.652985077446258,0.402352938809689,0.326375724277983,0.386597926460987,0.23045462,0.176731791858703
2,0.810276679841897,0.391666666666667,0,0,0.00950568883864098,6.34888694209969e-05,0.0136646005425714,0.000109535351266375,0.349857993798853,0.333063221499702,0.403534614112411,0.308651588194806,0.60634330059242,0.471764697224914,0.261859609018143,0.403534614112411,0.27710575,0.176644578488717
2,0.565217391304348,0.533333333333333,0,0,0.188212952738945,0.00397738491087793,0.0310559078847262,0.000430124688917853,0.450813318383062,0.422204225463568,0.522091321634085,0.402182363143184,0.492537312680998,0.579999988352941,0.203036070565191,0.522091321634085,0.27568987,0.164304297940346
2,0.324110671936759,0.3,0.333333323333334,0,0.0266159988318479,0.000791741183787656,0.0372670635237849,0.00224413646907163,0.347534223006483,0.335494330109354,0.39469809208617,0.308651588194806,0.639925389330168,0.439999991529412,0.278937407750001,0.39469809208617,0.26060534,0.182258500596518
2,0.146245059288538,0.383333333333333,0,0,0.0304182662912583,0.00106063576111929,0.0434782638833376,0.00100718942937836,0.405628715898643,0.388978923735648,0.460972043733637,0.362431798521222,0.589552256223546,0.492941167688581,0.244781810286286,0.460972043733637,0.2570141,0.175700256628909
2,0.529644268774704,0.3875,0,0,0.0323194003631688,0.000108305462518392,0.0447204807005913,0.000512945565805308,0.443583801505308,0.42463531948651,0.507363795969339,0.393608709474397,0.561567193469452,0.542352967397924,0.193548414090714,0.507363795969339,0.26721877,0.177550657411697
2,0.521739130434783,0.404166666666667,0,0,0.0266159440789939,0.00074692580071117,0.501863290567497,0.0756808844643045,0.317841486222819,0.300648284446096,0.367452123214638,0.281371768312649,0.6138059795159,0.444705879737024,0.297912720698955,0.367452123214638,0.27598566,0.172684302457982
2,0.312252964426877,0.3,0.333333323333334,0,0.0570342206364123,0.00179262601157748,0.0335403996558758,0.000408752997403558,0.344694036241488,0.333063221499702,0.388807075192879,0.308651588194806,0.643656728791908,0.424705878678201,0.29981025199385,0.388807075192879,0.24967904,0.179724948001441
2,0.861660079051383,0.2875,0,0,0.0437262006881681,0.000332382156063657,0.0149068321175881,0.000673239671994121,0.27678803723588,0.264991917868654,0.319587611785069,0.242400626113776,0.664179112622521,0.402352938809689,0.314990519430812,0.319587611785069,0.28296396,0.181566434385873
2,0.0118577075098814,0.479166666666667,0,0,0.0399239777154515,0.000750662244443584,0.021118015930558,0.000430126326335575,0.403046754548312,0.38168556873327,0.46686300098039,0.355416989698613,0.557835820425624,0.532941190982699,0.212523727039668,0.46686300098039,0.28073832,0.174283438080312
2,0.640316205533597,0.2375,0,0,0.0627376680232485,0.00222957444371305,0.0347826142371047,0.000694613433723774,0.395817223727877,0.379254460123618,0.452135475315644,0.351519856538742,0.593283595685286,0.49529410649827,0.237191668028906,0.452135475315644,0.26505277,0.177929930646484
2,0.964426877470356,0.279166666666667,0.333333323333334,0,0.0646387897757669,0.00101582031754175,0.0906832184668808,0.00408486095209539,0.210431188549378,0.183144239733746,0.267304875793042,0.176149635973511,0.578358221047282,0.454117656152249,0.318785599098402,0.267304875793042,0.39203387,0.164098729563931
2,0.126482213438735,0.404166666666667,0,0,0.100760445278954,0.00463467986476806,0.152794991751864,0.012142375718337,0.27885361049895,0.262560780085582,0.319587611785069,0.250974286797372,0.632462693615644,0.392941172982699,0.362428853036593,0.319587611785069,0.26675764,0.161785602675864
2,0.992094861660079,0.295833333333333,0,0,0.036121645237027,0.000422014807832546,0.0173913075657573,0.000341963182979294,0.271107684619913,0.252025944505883,0.321060370978937,0.236165239714256,0.61567164924677,0.435294113910035,0.311195456841021,0.321060370978937,0.3038762,0.170587689685932
2,0.66403162055336,0.229166666666667,0,0,0.068441091455711,0.00210633381411497,0.021118015930558,0.000301889952177141,0.359669527797662,0.348460310765481,0.405743723079943,0.321122375023465,0.641791042269993,0.437647073896194,0.280834921967097,0.405743723079943,0.25210327,0.18180012256878
2,0.928853754940711,0.379166666666667,0,0,0.0361216863016675,6.34886375003227e-05,0.0397515821272309,0.000886966830014455,0.360444120385565,0.337115059457983,0.426362312029733,0.312548714339869,0.557835820425624,0.532941190982699,0.212523727039668,0.426362312029733,0.30700684,0.173641198487977
2,0.142292490118577,0.279166666666667,0,0,0.034220554282989,0.00017926192556274,0.0571428747116227,0.00207315319901047,0.305447990873679,0.299837919771782,0.343888075523652,0.269680417936698,0.697761201360269,0.388235284775087,0.303605348739238,0.343888075523652,0.25891644,0.194421651545905
2,0.142292490118577,0.470833333333333,0,0.5,0.0513307800936828,0.00101955262703606,0.0546583874125225,0.00130373335270861,0.378776144965953,0.360615875693808,0.432253295786058,0.339049083739701,0.587686569701632,0.477647076013841,0.27134726549262,0.432253295786058,0.2585428,0.170245954294318
2,0.573122529644269,0.475,0.333333323333334,0,0.0342204461461023,0.0004481585397629,0.0484472027051427,0.00140258743440756,0.483346276788421,0.461102094498396,0.550810036444698,0.432579886747315,0.526119401418746,0.569411753121107,0.185958271833334,0.550810036444698,0.2575994,0.172014362757759
2,0.743083003952569,0.470833333333333,0,0,0.0437262212204883,0.000959801391201373,0.028571458598046,0.000975130088783439,0.269042104385503,0.261750415411268,0.306332825432012,0.236165239714256,0.697761201360269,0.37411766250519,0.326375724277983,0.306332825432012,0.27147377,0.190824062261113
2,0.735177865612648,0.395833333333333,0,0,0.138783290975727,0.0124325988103074,0.156521729408588,0.0384067752560388,0.262845356710933,0.248784434755141,0.303387346808635,0.233047521962665,0.652985077446258,0.388235284775087,0.349146116894527,0.303387346808635,0.27090696,0.173586923064461
2,0.264822134387352,0.4875,0,0,0.730038076161288,0.00600526722101758,0.0298136798873491,0.000609122505595995,0.248128083598082,0.234197724750387,0.290132560455578,0.216679658092606,0.658582086638867,0.391764703577855,0.337760929125154,0.290132560455578,0.31617704,0.178343199468225
2,0.727272727272727,0.379166666666667,0,0,0.378327061450942,0.0743228722992333,0.00993790626472632,0.000149608913880047,0.395817223727877,0.372771469795555,0.458026531973295,0.351519856538742,0.548507471771274,0.523529414567474,0.237191668028906,0.458026531973295,0.27435303,0.16957856636161
2,0.470355731225296,0.379166666666667,0,0,0.0266159772729116,0.000164324741781538,0.0149068321175881,0.000128237229579046,0.442550997445422,0.414100505786876,0.511045677385525,0.396726420211179,0.496268685724827,0.564705896678201,0.223908914809041,0.511045677385525,0.26937962,0.161354270026192
2,0.774703557312253,0.466666666666667,0,0,0.0323194003631688,0.000959802298717055,0.0670807255229363,0.00112206842060078,0.312419331136153,0.299837919771782,0.356406492220865,0.277474670226822,0.647388068253648,0.416470603432526,0.309297925546126,0.356406492220865,0.26327455,0.178933900071945
2,0.727272727272727,0.4125,0,0,0.631178752634853,0.378228587873332,0.0285714161135766,0.000430126542734393,0.35321458259379,0.336304694783668,0.400589089097282,0.318784079694962,0.604477614070506,0.442352951515571,0.311195456841021,0.400589089097282,0.24925283,0.169836479547961
1,0.557312252964427,0.370833333333333,0,0,0.0228136903077969,0.000268893004304448,0.0310559011766521,0.000654539063221181,0.15491866397889,0.158833073410317,0.188512520703148,0.115354637868912,0.811567165764229,0.329411761591696,0.282732453261993,0.188512520703148,0.42199442,0.238535617847969
1,0.102766798418972,0.1625,0,0,0.0361216794575607,0.000466829313643873,0.0223602560024686,0.000352650067450767,0.160599023566198,0.158022686855937,0.198821795295863,0.122369446691522,0.764925378835765,0.352941192041522,0.29222010973647,0.198821795295863,0.41874644,0.218733683692132
1,0.0711462450592885,0.183333333333333,0,0,0.0494296788734847,0.00285325925181987,0.0285714317657496,0.00062248130955092,0.14665634304125,0.149918959885891,0.176730480289172,0.111457518738659,0.809701496033359,0.310588251114187,0.314990519430812,0.176730480289172,0.40479085,0.23666957070121
1,0.130434782608696,0.3,0,0,0.0494296686073245,0.000343586425340097,0.0546583941205966,0.000309905155203863,0.135553842309956,0.142625604883514,0.162002947997033,0.100545590785796,0.839552240943696,0.290588239467128,0.316888067803506,0.162002947997033,0.41007325,0.258058989646119
1,0.320158102766798,0.408333333333333,0.333333323333334,0,0.0247148565470092,0.000242751208407548,0.0298136687072255,0.00057706410272928,0.12393494652006,0.140194481687151,0.139175256707104,0.091971937117009,0.906716421105758,0.234117655093426,0.33965846042005,0.139175256707104,0.37602362,0.29674595081082
1,0.387351778656126,0.4,0.333333323333334,0,0.0532319463328951,0.00204657814153695,0.0745341561158909,0.00163501188308562,0.129873489693989,0.1418152402092,0.152430043060162,0.0943102114010846,0.875000000419776,0.270588238408304,0.313093005213715,0.153166412716006,0.41378537,0.280997616867385
1,0.134387351778656,0.2125,0,0,0.0266159988318479,0.000522849228167996,0.0273292015323477,0.000758732497218203,0.147947323716416,0.151539718407939,0.180412361705358,0.109898673892481,0.811567165764229,0.32235294516263,0.294117675186963,0.180412361705358,0.423121,0.239022837563797
1,0.0276679841897233,0.283333333333333,0,0,0.0437262383307552,0.00230426762274452,0.047204963527642,0.000374022696693273,0.117221803786888,0.126418158236776,0.139175256707104,0.0849571282943997,0.860074629139981,0.264705880795848,0.337760929125154,0.139175256707104,0.42233688,0.267106382096463
1,0.0869565217391304,0.308333333333333,0,0,0.0494296617632178,0.00106063626529466,0.0397515552949345,0.000694613433723774,0.125225927195226,0.137763380370854,0.145066280227789,0.091971937117009,0.880597014649699,0.256470594961938,0.330170803945573,0.145066280227789,0.39975148,0.27822795862544
1,0.142292490118577,0.429166666666667,1,0,0.0475285229004325,0.00203537264207259,0.0869565054064282,0.00271433503373616,0.120061962666521,0.138573745045168,0.133284233186419,0.0880748179867555,0.923507465474632,0.223529419861592,0.33965846042005,0.136229744946762,0.39369074,0.313517107041023
1,0,0.433333333333333,0.333333323333334,0,0.0627376372247681,0.00240883833555977,0.0496894463546928,0.00357992907877701,0.115414407139099,0.114262564135029,0.144329903944552,0.0857365507174887,0.789179107165432,0.297647066484429,0.356736259151907,0.145066280227789,0.42553785,0.251175378532467
1,0.0513833992094862,0.204166666666667,0,0,0.0190113903388794,0.000791741324956762,0.0236024772917716,4.54170595943959e-05,0.134779249722053,0.137763380370854,0.164212083474138,0.100545590785796,0.811567165764229,0.30470589350173,0.322580661688192,0.164212083474138,0.41924807,0.238520324030826
1,0.268774703557312,0.308333333333333,0.333333323333334,0,0.10646389266579,0.0082759470833656,0.0881987423479042,0.00680988254145288,0.149496522834904,0.149108595211577,0.18630337859865,0.11067809631557,0.783582092935509,0.343529415626298,0.288425064224478,0.18630337859865,0.43740398,0.232394806112255
1,0.162055335968379,0.216666666666667,0.333333323333334,0,0.0513308143142166,0.00110918532922249,0.0434782504671894,0.00177660689529322,0.155951461067435,0.148298223243908,0.196612659818758,0.120031165392637,0.731343290098017,0.363529427273356,0.309297925546126,0.196612659818758,0.42265132,0.206540297655287
1,0.304347826086957,0.241666666666667,0,0,0.0513307869377896,0.00115400077280002,0.036024833290383,0.00103924848144153,0.169635951034421,0.1604538100523,0.215758476319893,0.129384255514131,0.716417915460013,0.392941172982699,0.277039876455105,0.215758476319893,0.4315472,0.206990600681876
1,0.537549407114625,0.229166666666667,0,0,0.0893536121022423,0.00306613349112006,0.0658385042336333,0.00280249800397339,0.198037707142919,0.184764998255794,0.253313680019781,0.151987519813328,0.679104487260526,0.443529420920415,0.233396622516914,0.253313680019781,0.4305578,0.201318038285075
1,0.343873517786561,0.325,0,0,0.0266159577672074,0.000388401263907174,0.0819875732926973,0.00291737468694175,0.155693270509474,0.158022686855937,0.188512520703148,0.118472334576077,0.800373137304383,0.325882363965398,0.29981025199385,0.188512520703148,0.40368655,0.23815179508031
1,0.343873517786561,0.25,0.333333323333334,0.5,0.0494296686073245,0.000791741889633186,0.100621111762664,0.00409554888970778,0.155693270509474,0.158833073410317,0.189248890358992,0.116913489729899,0.80597015321341,0.329411761591696,0.288425064224478,0.189248890358992,0.41629943,0.236258702555486
1,0.343873517786561,0.433333333333333,0,0,0.0570342343246258,0.00183743812759751,0.0931677035299563,0.00303759923389502,0.153627683303724,0.155591578246285,0.185567008942806,0.117692912152988,0.798507464215304,0.321176486346021,0.309297925546126,0.185567008942806,0.3973624,0.239165501513391
1,0.0474308300395257,0.258333333333333,0,0,0.0475285126342724,0.000735722721288624,0.0583850870568269,0.00225749231557605,0.132971860045604,0.140194481687151,0.159793805892535,0.0974279010934403,0.84141791252158,0.291764708871972,0.313093005213715,0.159793805892535,0.42150384,0.255163724005862
1,0.49802371541502,0.445833333333333,0.666666646666667,0,0.0589353560771442,0.00154240235937944,0.0770186188187193,0.00684995743852593,0.158533436360447,0.157212314888268,0.192194402119334,0.123928298552508,0.774253734206533,0.33058825217301,0.318785599098402,0.192194402119334,0.3903984,0.224418400560516
1,0.110671936758893,0.229166666666667,0,0,0.0874524663953503,0.00218102477477477,0.0484472027051427,0.00371084012068388,0.157758850743884,0.154781191691906,0.198085425640019,0.117692912152988,0.763059704067582,0.362352957868512,0.278937407750001,0.198085425640019,0.43824613,0.2200279670362
1,0.292490118577075,0.233333333333333,0,0,0.0494296686073245,0.0010158197125313,0.040993787764361,0.00111405416251556,0.155176875450871,0.164505669890646,0.184830639286961,0.114575215445823,0.84888059900103,0.310588251114187,0.275142311004613,0.184830639286961,0.4148357,0.255076661727374
1,0.0513833992094862,0.4125,0,0,0.0589353697653577,0.00539654250642118,0.0596273262343276,0.000737359435178061,0.124967729665925,0.137763380370854,0.142120768467446,0.0943102114010846,0.882462686059674,0.24352941033218,0.349146116894527,0.142120768467446,0.36884832,0.285240517938296
1,0.478260869565217,0.333333333333333,0,0,0.0760456332186387,0.0020465779398668,0.0484471937610439,0.000921698551743643,0.156726060626679,0.1604538100523,0.190721656180253,0.116913489729899,0.809701496033359,0.331764721577855,0.280834921967097,0.190721656180253,0.420716,0.237342330776054
1,0.371541501976285,0.370833333333333,0.333333323333334,0,0.0247148325926356,0.00010830443400062,0.0273291791721007,0.000822850024281025,0.146914540570551,0.158022686855937,0.172312222589748,0.109119244454583,0.86380597195993,0.288235300657439,0.296015206481858,0.172312222589748,0.4010419,0.263093358345132
1,0.569169960474308,0.379166666666667,0,0,0.0304182443901167,0.000612480619498438,0.0583850870568269,0.00107130811056821,0.160857221095499,0.161264174726614,0.197349049356782,0.121590024268433,0.785447766024588,0.344705874442907,0.284630018712486,0.197349049356782,0.41776258,0.228103622913899
1,0.0988142292490119,0.341666666666667,0,0,0.0855513104222981,0.000212873866210408,0.0472049724717408,0.00659348336296298,0.142008780542487,0.137763380370854,0.177466869827195,0.108339829046303,0.759328357889424,0.335294108615917,0.326375724277983,0.177466869827195,0.4192332,0.220571560668566
1,0.549407114624506,0.383333333333333,0.333333323333334,0,0.0741444669794264,0.00343959888210202,0.040993787764361,0.00156288110779873,0.152336695657218,0.154781191691906,0.185567008942806,0.114575215445823,0.802238810393462,0.327058833370242,0.296015206481858,0.185567008942806,0.4162386,0.236672995441821
1,0.324110671936759,0.429166666666667,0,0,0.0475285229004325,0.00113906225799582,0.0434782549392388,0.000430126326335575,0.13839401513227,0.145867100047545,0.163475693936114,0.10444270991605,0.84141791252158,0.284705892442907,0.324478192983088,0.163475693936114,0.39496386,0.257781787111912
1,0.0237154150197628,0.0958333333333333,0,0,0.0684410675013374,0.00371969351380392,0.0335403705875546,0.00146670272534926,0.141750589984526,0.132901126684774,0.184830639286961,0.10444270991605,0.727611942240755,0.371764702519031,0.29981025199385,0.184830639286961,0.4663447,0.204985398265856
1,0.371541501976285,0.408333333333333,0,0,0.0342205337506687,0.000492971391878985,0.0434782549392388,0.00196896164046987,0.120320174138503,0.140194481687151,0.132547863530575,0.0880748179867555,0.932835822524504,0.218823531653979,0.337760929125154,0.135493375290918,0.38499743,0.321148570703812
1,0.391304347826087,0.416666666666667,0,0,0.0551330680854135,0.000914984939273084,0.036024833290383,0.000590421132213899,0.138910410190873,0.144246363405562,0.164948459757375,0.106001554762227,0.826492539562681,0.289411770062284,0.332068318162669,0.164948459757375,0.39170122,0.245563135219084
1,0.146245059288538,0.395833333333333,0,0,0.0760456332186387,0.00253954902924056,0.0472049724717408,0.00226550837698475,0.139426805249475,0.145867100047545,0.166421199069063,0.10444270991605,0.833955226042131,0.294117647681661,0.316888067803506,0.166421199069063,0.40815476,0.249562090673197
1,0.0869565217391304,0.3125,0,0,0.0304182604737675,0.000657296264746122,0.0385093138814091,0.000943072335113178,0.129615285193347,0.135332249881137,0.156111924476348,0.0958690562472625,0.832089554464246,0.289411770062284,0.326375724277983,0.156111924476348,0.41791564,0.252268005091112
1,0.375494071146245,0.304166666666667,0,0,0.0513308143142166,0.00128844770854307,0.036024833290383,0.00164837342809224,0.166279376182165,0.171799024893023,0.198821795295863,0.126266558806966,0.819029853083231,0.327058833370242,0.278937407750001,0.198821795295863,0.39879107,0.242637516975759
1,0.573122529644269,0.254166666666667,0,0,0.0323193777776166,0.000511644232879011,0.0372670724678837,0.000416767039089957,0.182804025028785,0.173419783415071,0.234904286193636,0.13639906433674,0.710820897871881,0.424705878678201,0.231499057066421,0.234904286193636,0.45092598,0.207550847954863
1,0.154150197628458,0.258333333333333,0.333333323333334,0,0.0475285331665926,0.00109424741942874,0.0360248534146054,0.0018086668850846,0.143816170218936,0.144246363405562,0.177466869827195,0.107560399608405,0.791044778575407,0.327058833370242,0.30740039425123,0.177466869827195,0.42697316,0.229778304285014
1,0.150197628458498,0.204166666666667,0.333333323333334,0,0.0532319531770018,0.0011502672532848,0.0546583941205966,0.00139991281715218,0.157758850743884,0.155591578246285,0.198821795295863,0.116134053277192,0.768656721655714,0.365882344906574,0.267552219980628,0.198821795295863,0.44663557,0.224083195679186
1,0.0316205533596838,0.3375,0,0,0.0475285126342724,0.00243871284429128,0.055900613173875,0.000633166823496547,0.132971860045604,0.136953008403185,0.159793805892535,0.100545590785796,0.819029853083231,0.291764708871972,0.335863397830259,0.159793805892535,0.40102458,0.247384996496776
1,0.379446640316206,0.275,0,0.5,0.0418250892018098,0.00186731616555667,0.099378881529262,0.0047340557465134,0.17557448723701,0.175850884731369,0.214285730380812,0.134060783037856,0.779850748436456,0.358823539065744,0.267552219980628,0.214285730380812,0.4076231,0.229468818534159
1,0.537549407114625,0.345833333333333,0.666666646666667,0,0.0570342343246258,0.000806680404437389,0.0819875800007714,0.00208384164155343,0.147947323716416,0.15072934644027,0.181148751243382,0.109898673892481,0.80597015321341,0.325882363965398,0.294117675186963,0.181148751243382,0.42781135,0.237890222122129
1,0.0158102766798419,0.3375,0,0,0.0456273840376472,0.000492971149874803,0.0484472027051427,0.000921698912408339,0.130389877781251,0.136953008403185,0.157584690297609,0.0950896268093647,0.8376865691979,0.292941178276817,0.314990519430812,0.157584690297609,0.4288601,0.251127415375961
1,0.268774703557312,0.3375,0.333333323333334,0,0.0646387897757669,0.00455625004033403,0.0447204918807148,0.000737358713848668,0.135037440280014,0.147487836689529,0.154639178537267,0.102104435631974,0.876865673508855,0.257647064366782,0.332068318162669,0.154639178537267,0.37657413,0.274639552346111
1,0.33201581027668,0.1875,0,0,0.0456273806155939,0.000403340545057952,0.0285714161135766,0.00132778016640886,0.184353224147273,0.17017828825104,0.238586154355036,0.140296176452185,0.677238817529656,0.435294113910035,0.248576855798278,0.238586154355036,0.4427882,0.198264378391532
1,0.158102766798419,0.208333333333333,0,0,0.0703421995200159,0.00158721901297788,0.0347826008209565,0.00139991353848157,0.151562096097974,0.148298223243908,0.190721656180253,0.113016356570028,0.763059704067582,0.355294109674741,0.290322578441574,0.190721656180253,0.43704242,0.219398620584991
1,0.371541501976285,0.191666666666667,0,0,0.0627376235365546,0.00343959595788482,0.0472049568195679,0.00123961719617164,0.183320434030068,0.179902751863069,0.228276893017107,0.138737338620816,0.751865673928631,0.390588244761246,0.244781810286286,0.228276893017107,0.42569095,0.219109146063592
1,0.474308300395257,0.425,0,0,0.0589353560771442,0.00154240387190557,0.0658384952895344,0.00110336672983375,0.141234194925924,0.145867100047545,0.168630341173562,0.107560399608405,0.820895524493206,0.296470586491349,0.326375724277983,0.168630341173562,0.39658895,0.244863245826454
1,0.33201581027668,0.375,0,0,0.0456273806155939,0.00129965129214099,0.0285714250576755,0.000878952932593934,0.148463732717699,0.154781191691906,0.177466869827195,0.111457518738659,0.830223882886361,0.305882362906574,0.301707817444343,0.177466869827195,0.4047922,0.249397652760009
1,0.513833992094862,0.3125,0,0,0.0475285331665926,0.00122869445600687,0.0372670925921061,0.00185942748364892,0.16937775350512,0.171799024893023,0.207658323949497,0.126266558806966,0.79664179280533,0.355294109674741,0.25616698097786,0.207658323949497,0.42459705,0.233911613656355
1,0.478260869565217,0.395833333333333,0.333333323333334,0,0.0551330783515736,0.000601275472956839,0.0360248467065313,0.00196896250606514,0.160599023566198,0.1604538100523,0.198085425640019,0.120810601845344,0.78171641984643,0.349411762650519,0.280834921967097,0.198085425640019,0.42334643,0.226363821107331
1,0.260869565217391,0.208333333333333,0,0,0.0361216794575607,0.000511644605968791,0.0186335384699666,0.000280517106535817,0.165504776622921,0.165316041858315,0.203240052995287,0.125487143398686,0.779850748436456,0.351764722636678,0.278937407750001,0.203240052995287,0.41575083,0.22550607467563
1,0.25296442687747,0.179166666666667,0,0,0.0608365120501963,0.00168805308039056,0.0608695564677294,0.00312308830820626,0.17144332676819,0.166126428412694,0.215758476319893,0.129384255514131,0.74253731352055,0.384705897737024,0.26375712323524,0.215758476319893,0.4321665,0.215460303185235
1,0.33596837944664,0.2625,0.333333323333334,0,0.0456273874597006,0.00156854576863755,0.0149068455337363,9.61772686408425e-05,0.156209665568076,0.158022686855937,0.19145803246349,0.116913489729899,0.79664179280533,0.337647068602076,0.284630018712486,0.19145803246349,0.42220616,0.234612241718528
1,0.553359683794466,0.325,0,0,0.043726245174862,0.00149758782331759,0.0372670769399331,0.00266090371309519,0.166537580682807,0.168557529728991,0.201767307056205,0.127045974215246,0.79477612307446,0.339999996823529,0.282732453261993,0.201767307056205,0.40502182,0.231701615109351
1,0.268774703557312,0.2625,0.666666646666667,0,0.133079843588891,0.0100237517020961,0.0484472094132168,0.0017872938951774,0.164471986505716,0.164505669890646,0.202503676712049,0.123928298552508,0.78171641984643,0.352941192041522,0.275142311004613,0.202503676712049,0.4202516,0.23126996348874
1,0.0632411067193676,0.220833333333333,0,0,0.049429654919111,0.00137434366449186,0.0372670724678837,0.00102589061521482,0.131680879370438,0.128038894878759,0.166421199069063,0.0982073235165293,0.766791048566635,0.329411761591696,0.328273255572879,0.166421199069063,0.44109204,0.216341166616065
1,0.0158102766798419,0.375,0,0,0.0798479109442092,0.00233041103200263,0.0397515485868603,0.000438140425728326,0.117996389403451,0.133711513239153,0.131811493874731,0.0880748179867555,0.90485074801668,0.22588235867128,0.354838727857012,0.134020609469657,0.3768521,0.307733979243889
1,0.304347826086957,0.404166666666667,0,0,0.0285171171623129,0.000436951941196211,0.036024833290383,0.000846893952663705,0.119287370078617,0.138573745045168,0.131811493874731,0.0872954025784754,0.929104474667242,0.220000001058824,0.33965846042005,0.132547863530575,0.37883934,0.314716572076394
1,0.49802371541502,0.458333333333333,0,0,0.0570342137923055,0.000806681412788146,0.0447204985887889,0.00176324837987005,0.16111541165346,0.158022686855937,0.199558164951707,0.123148862099802,0.761194030978503,0.354117650858131,0.294117675186963,0.199558164951707,0.4155243,0.218820561303235
1,0.276679841897233,0.329166666666667,0,0,0.095057045800865,0.00209139247592865,0.114285704702751,0.00236168603810483,0.157758850743884,0.1604538100523,0.192930771775178,0.117692912152988,0.802238810393462,0.337647068602076,0.278937407750001,0.192930771775178,0.4204864,0.238698427330572
1,0.0909090909090909,0.195833333333333,0,0,0.0304182662912583,0.000164324167021606,0.031055894468578,0.00164837184116758,0.145881750453346,0.145867100047545,0.181148751243382,0.108339829046303,0.787313437434562,0.335294108615917,0.297912720698955,0.181148751243382,0.4347433,0.228165150729298
1,0.0118577075098814,0.316666666666667,0.333333323333334,0,0.0950570355347049,0.00312215060242908,0.0608695564677294,0.00315514851439645,0.120836569197105,0.132901126684774,0.139175256707104,0.0896336698477422,0.878731344918829,0.248235298539792,0.345351054304736,0.139911626362948,0.39173108,0.289726676320294
1,0.58498023715415,0.441666666666667,0.666666646666667,0,0.028517100052046,0.00025768968287772,0.0223602403502956,0.000320590921614778,0.147947323716416,0.153970819724237,0.174521358066853,0.113795793022734,0.828358211140566,0.294117647681661,0.322580661688192,0.174521358066853,0.38262922,0.246732130135778
1,0.308300395256917,0.191666666666667,0,0,0.0589353663433043,0.00163203314569942,0.0434782638833376,0.00142395710619955,0.186935206411625,0.175040520057054,0.240058893666724,0.141855014283554,0.692164175376615,0.430588225702422,0.240986713540898,0.240058893666724,0.44050935,0.202546647191532
1,0.08300395256917,0.204166666666667,0,0,0.0171102668753344,0.000302505479378017,0.0285714250576755,0.000526303143500265,0.138910410190873,0.141004868241531,0.170839476650667,0.102883865069872,0.804104480124332,0.317647056955017,0.309297925546126,0.170839476650667,0.43048432,0.234045279267871
1,0.395256916996047,0.254166666666667,0,0,0.0855513412207785,0.0047840637019541,0.0397515485868603,0.00454170193906497,0.184611421676574,0.171799024893023,0.237113415043347,0.141075591860465,0.686567166184005,0.42705883866436,0.252371952543666,0.237113415043347,0.4368953,0.201122458735443
1,0.24901185770751,0.2625,0,0,0.0456273669273804,0.000582601976528821,0.0310559078847262,0.000654539423885878,0.147430935629154,0.153160455049923,0.178203246110433,0.109119244454583,0.826492539562681,0.314117638152249,0.29222010973647,0.178203246110433,0.41920358,0.250130496887053
1,0.549407114624506,0.4375,0,0,0.0323194102871236,0.000287566883905754,0.0198757843555413,5.34317973636592e-05,0.154144071390986,0.155591578246285,0.18630337859865,0.118472334576077,0.79477612307446,0.32235294516263,0.311195456841021,0.18630337859865,0.39844838,0.230642984137659
1,0.0790513833992095,0.175,0,0,0.0304182560250982,0.000522848118982163,0.0260869534107482,0.000312575718588056,0.150271108451467,0.152350090375609,0.181885127526619,0.114575215445823,0.800373137304383,0.318823526359862,0.311195456841021,0.181885127526619,0.40413755,0.232009052731017
1,0.0988142292490119,0.233333333333333,0.333333323333334,0,0.0342205337506687,0.000896313207458892,0.0546583874125225,0.00229756735691498,0.139426805249475,0.142625604883514,0.171575852933904,0.102104435631974,0.811567165764229,0.318823526359862,0.29981025199385,0.171575852933904,0.4369392,0.238552137185036
1,0.308300395256917,0.35,0,0,0.0570342206364123,0.00376450996573221,0.0559006019937514,0.00518555550572847,0.147172731128512,0.153970819724237,0.173784968528829,0.112236941161748,0.833955226042131,0.294117647681661,0.316888067803506,0.173784968528829,0.38836312,0.249909718633216
1,0.292490118577075,0.2,0,0,0.0361216657693472,0.000780537297684504,0.0658385176497815,0.00184072463875486,0.174799901620446,0.162884933248662,0.22754051673387,0.130163670922411,0.695895531629399,0.425882369259515,0.244781810286286,0.22754051673387,0.45942742,0.202772646496008
1,0.379446640316206,0.3125,0.333333323333334,0,0.0513308143142166,0.000840292062746844,0.0795031105898689,0.00156020944799386,0.166021185624204,0.17017828825104,0.200294541234944,0.125487143398686,0.809701496033359,0.335294108615917,0.275142311004613,0.200294541234944,0.40554056,0.241005158011908
1,0.0237154150197628,0.429166666666667,0,0,0.0399239503390245,0.000795476750254911,0.0472049724717408,0.000919026891938773,0.10121352908485,0.11750404471235,0.113402053656833,0.072486362510168,0.914179103387447,0.214117650858131,0.364326401409287,0.115611195761331,0.40864444,0.313066216436388
1,0.0118577075098814,0.120833333333333,0,0,0.0456273943038074,0.00273375183923178,0.0248447276493958,0.00152814960246836,0.11980376513722,0.114262564135029,0.154639178537267,0.0880748179867555,0.757462694874972,0.327058833370242,0.341555991714945,0.154639178537267,0.4630599,0.211624241153446
1,0.264822134387352,0.441666666666667,0,0,0.0152091221950583,0.000209139449263017,0.0360248399984571,0.00155219353085104,0.138652219632912,0.15072934644027,0.159793805892535,0.10444270991605,0.873134329009802,0.265882360788927,0.322580661688192,0.159793805892535,0.38127685,0.272650919630991
1,0.577075098814229,0.241666666666667,0,0,0.0703422097861761,0.00293168655537701,0.0422360403580099,0.00184874127722707,0.178931062089266,0.170988660218709,0.228276893017107,0.134060783037856,0.722014933048145,0.410588245820069,0.242884278991391,0.228276893017107,0.44485995,0.21031689678881
1,0.525691699604743,0.3875,0,0,0.0817490566511012,0.00185611248112367,0.0596273172902287,0.00256472727823507,0.151820307569955,0.152350090375609,0.187776144419911,0.113016356570028,0.789179107165432,0.339999996823529,0.288425064224478,0.187776144419911,0.43039906,0.230737298808031
1,0.328063241106719,0.166666666666667,0,0,0.0608365017840362,0.00164323945184439,0.0596273374144511,0.00064118144224646,0.179447457147869,0.165316041858315,0.232695130834351,0.13639906433674,0.679104487260526,0.429411756297578,0.25616698097786,0.232695130834351,0.44611752,0.196610900193909
1,0.0355731225296443,0.208333333333333,0.333333323333334,0,0.0760456195304252,0.00321178068290353,0.0695652038779376,0.00518288514431651,0.1321972674577,0.136142636435516,0.160530182175772,0.0982073235165293,0.819029853083231,0.298823535889273,0.324478192983088,0.160530182175772,0.41952246,0.24392360780307
1,0.470355731225296,0.404166666666667,0.333333323333334,0,0.0209125446009049,0.000646091471127288,0.021118001172795,0.00010953525028026,0.15285309071582,0.153160455049923,0.187039754881887,0.116134053277192,0.787313437434562,0.331764721577855,0.303605348739238,0.187039754881887,0.41213372,0.228424524466792
1,0.533596837944664,0.275,0.666666646666667,0,0.0646387897757669,0.00150879039856475,0.0683229781165852,0.0040528007459052,0.184095026617971,0.1790923798954,0.228276893017107,0.141855014283554,0.740671650506098,0.387058815370242,0.261859609018143,0.228276893017107,0.4132174,0.214097105330332
1,0.569169960474308,0.375,0.333333323333334,0,0.0190114002628342,0.000119508295903353,0.0360248399984571,0.000430125410247246,0.156467863097378,0.157212314888268,0.193667148058416,0.116134053277192,0.789179107165432,0.347058834429066,0.277039876455105,0.193667148058416,0.43281928,0.229970878792638
1,0.0276679841897233,0.379166666666667,0,0,0.0646387897757669,0.0018673156613813,0.0434782549392388,0.00235366997669613,0.124967729665925,0.135332249881137,0.145066280227789,0.0935307819631868,0.8656716416908,0.257647064366782,0.343453523009841,0.145066280227789,0.39032918,0.268126635827773
1,0.268774703557312,0.291666666666667,0,0,0.0627376338027147,0.00222957404037275,0.040993787764361,0.000729343662301119,0.13839401513227,0.148298223243908,0.163475693936114,0.102104435631974,0.858208956050902,0.284705892442907,0.30740039425123,0.163475693936114,0.41030994,0.263872419682488
1,0.260869565217391,0.220833333333333,0,0,0.0722433349607478,0.00213620983537262,0.0534161482350218,0.00248190979159577,0.156726060626679,0.1604538100523,0.19145803246349,0.116134053277192,0.809701496033359,0.335294108615917,0.275142311004613,0.19145803246349,0.42692268,0.238138096117863
1,0.351778656126482,0.375,0.333333323333334,0,0.0304182662912583,0.000388401384909265,0.0385093161174338,0.00135984051686494,0.139943200308077,0.148298223243908,0.165684829413219,0.10444270991605,0.847014927591056,0.288235300657439,0.313093005213715,0.165684829413219,0.40403765,0.255856696765492
1,0.490118577075099,0.1875,0,0,0.0912547338547607,0.00367487766688608,0.0608695475236306,0.00113542455563695,0.199586892318726,0.190437594736123,0.249631818485775,0.155105209505683,0.70708956176835,0.418823521065744,0.244781810286286,0.249631818485775,0.41393992,0.205528135713069
1,0.162055335968379,0.1875,0,0,0.0361216657693472,0.000959799929092775,0.0298136552910773,0.00115412689560043,0.158533436360447,0.153970819724237,0.200294541234944,0.118472334576077,0.751865673928631,0.369411774297578,0.278937407750001,0.200294541234944,0.44070765,0.215684976242121
1,0.0395256916996047,0.404166666666667,0,0,0.0456273840376472,0.00080668085819523,0.0310558967046027,0.000686598598575043,0.123160339989476,0.138573745045168,0.139911626362948,0.0904130922708311,0.901119403517626,0.241176471522491,0.333965866535363,0.139911626362948,0.38875645,0.292453004878325
1,0.268774703557312,0.266666666666667,0.333333323333334,0,0.072243345226908,0.00141916051976045,0.0335403795316534,0.00159493864507018,0.158533436360447,0.1604538100523,0.194403537596439,0.118472334576077,0.79664179280533,0.341176487404844,0.278937407750001,0.194403537596439,0.4235012,0.235416233152983
1,0.00395256916996047,0.1375,0,0,0.0741445080440669,0.00240883662136348,0.0534161616511701,0.00110336600850435,0.130648075310552,0.126418158236776,0.167157575352301,0.0958690562472625,0.763059704067582,0.337647068602076,0.318785599098402,0.167157575352301,0.45768142,0.216639958446481
1,0.545454545454545,0.3125,0.333333323333334,0,0.0494296686073245,0.00128471378568755,0.0273291858801748,0.00095108608826782,0.184611421676574,0.176661256699038,0.231958761178507,0.141855014283554,0.720149259959066,0.402352938809689,0.258064512272755,0.231958761178507,0.4214949,0.208060697819439
1,0.0474308300395257,0.383333333333333,0,0,0.0475285160563258,0.00060127592671468,0.0509316788241193,0.00155219439644631,0.112574234316785,0.128849281433138,0.126656840009891,0.081839438602044,0.910447757209289,0.22588235867128,0.349146116894527,0.128865982114389,0.39890292,0.306374004674267
1,0.347826086956522,0.325,0,0,0.0589353560771442,0.00293168635370686,0.0658385109417074,0.00350779455257728,0.152594900157859,0.155591578246285,0.184094263003724,0.116134053277192,0.80597015321341,0.318823526359862,0.305502862956335,0.184094263003724,0.4004446,0.240539326136957
1,0.375494071146245,0.2875,0.333333323333334,0,0.0532319463328951,0.00419772689505408,0.0559006221179738,0.00137052585769151,0.181254846824318,0.175040520057054,0.228276893017107,0.13717847974502,0.733208959828887,0.400000010588235,0.248576855798278,0.228276893017107,0.4324709,0.213304378606418
1,0.0869565217391304,0.320833333333333,0,0,0.0684410743454442,0.00322672242443016,0.0658385109417074,0.000750717085005957,0.143557965718295,0.136953008403185,0.181148751243382,0.109898673892481,0.74253731352055,0.345882343847751,0.326375724277983,0.181148751243382,0.42490423,0.211364968143617
1,0.0909090909090909,0.3,0,0,0.0950570252685448,0.00495959135173856,0.0807453274071225,0.00171248814197043,0.130648075310552,0.139384109719482,0.153902788999243,0.0974279010934403,0.852611943500084,0.274117657211073,0.330170803945573,0.154639178537267,0.39992693,0.266484405552747
1,0.347826086956522,0.175,0,0,0.0722433349607478,0.00173286953231885,0.063354032586706,0.00217200251993542,0.188742582145394,0.166126428412694,0.254050089439985,0.141075591860465,0.61753731897764,0.489411791238754,0.222011383514145,0.254050089439985,0.4747726,0.18579101980969
1,0.379446640316206,0.266666666666667,0,0.5,0.0684410743454442,0.00192706810723689,0.0844720427035998,0.00598436000323693,0.173250716444639,0.175040520057054,0.209867446171816,0.132501952221295,0.791044778575407,0.34823530383391,0.273244779709717,0.209867446171816,0.40211964,0.233588663974272
1,0.351778656126482,0.416666666666667,0,0,0.0570342206364123,0.00147891336895635,0.0298136552910773,0.000737359074513364,0.129873489693989,0.144246363405562,0.147275395822714,0.0974279010934403,0.89179104478865,0.245882359730104,0.335863397830259,0.147275395822714,0.37431172,0.287138126420103
1,0.0909090909090909,0.225,0,0,0.0418251131561834,0.00177768618591729,0.0521739247096941,0.00169913229546602,0.145107164836783,0.14667746472186,0.177466869827195,0.109119244454583,0.798507464215304,0.321176486346021,0.309297925546126,0.177466869827195,0.41941756,0.231391961479055
1,0.284584980237154,0.383333333333333,0,0,0.0437262212204883,0.000332382438401869,0.0248447097611981,0.00111138084365309,0.127807909459579,0.140194481687151,0.149484531299819,0.0927513595400979,0.878731344918829,0.265882360788927,0.316888067803506,0.149484531299819,0.41030627,0.276457367729257
1,0.343873517786561,0.320833333333333,0,0,0.028517100052046,0.000481767404940757,0.0645962717642067,0.00172050232792271,0.154402275891627,0.155591578246285,0.188512520703148,0.116913489729899,0.792910451664485,0.331764721577855,0.297912720698955,0.188512520703148,0.41330814,0.233417510883414
1,0.474308300395257,0.204166666666667,0,0,0.0779467789255307,0.00234908316715713,0.0645962717642067,0.00207315420887162,0.186418797410342,0.179902751863069,0.233431500490195,0.14263445073626,0.729477615329834,0.40117647999308,0.250474421248771,0.233431500490195,0.4223002,0.212881557444442
1,0.355731225296443,0.433333333333333,0.333333323333334,0,0.0589353663433043,0.00145277308558559,0.0869565188225765,0.00204109573387196,0.138910410190873,0.149918959885891,0.159793805892535,0.106001554762227,0.8656716416908,0.264705880795848,0.332068318162669,0.159793805892535,0.37532148,0.269146419496645
1,0.102766798418972,0.2375,0,0,0.0475285229004325,0.00149758792415266,0.0397515485868603,0.00367610904815115,0.150529305980769,0.149108595211577,0.188512520703148,0.111457518738659,0.776119407295611,0.349411762650519,0.286527550007381,0.188512520703148,0.440354,0.225605039606538
1,0.110671936758893,0.370833333333333,0,0,0.0760456434847988,0.00137434618536875,0.0596273374144511,0.00262884509382965,0.143816170218936,0.152350090375609,0.169366710829406,0.108339829046303,0.847014927591056,0.288235300657439,0.313093005213715,0.169366710829406,0.39433068,0.255927692981405
1,0.0869565217391304,0.425,0,0,0.0247148233530915,0.001004615624758,0.0621118023533042,0.00200903350795947,0.102504523702696,0.124797399714728,0.111929314345145,0.0709275106491813,0.955223881123301,0.201176472581315,0.343453523009841,0.121502212654623,0.4513593,0.347254371181949
1,0.154150197628458,0.308333333333333,0.333333323333334,0,0.0380228114762393,0.000522848824827693,0.0559006332980973,0.000472871245795773,0.147172731128512,0.151539718407939,0.179675985422121,0.108339829046303,0.817164181673257,0.32235294516263,0.288425064224478,0.179675985422121,0.42873532,0.241782926677563
1,0.114624505928854,0.379166666666667,0,0,0.0418250789356497,0.000119508168851158,0.0298136552910773,0.000577063381399888,0.141234194925924,0.148298223243908,0.165684829413219,0.108339829046303,0.8376865691979,0.282352943044983,0.332068318162669,0.165684829413219,0.38105944,0.249985566564996
1,0.300395256916996,0.279166666666667,0,0,0.0760456571730123,0.00236028735576551,0.0447204941167395,0.00423180130363503,0.17144332676819,0.175040520057054,0.206921934411473,0.130163670922411,0.804104480124332,0.342352956809688,0.269449751275524,0.206921934411473,0.40196496,0.240693305160925
1,0.375494071146245,0.3375,0.333333323333334,0,0.114068458383091,0.00300264490403728,0.0397515552949345,0.000470199585990903,0.159566240420333,0.158833073410317,0.197349049356782,0.120031165392637,0.777985078705586,0.350588232055363,0.282732453261993,0.197349049356782,0.422223,0.228571956192531
1,0.577075098814229,0.3375,0,0,0.0380228114762393,0.000433218411597486,0.0310559011766521,0.00161631307763617,0.163439203359851,0.166126428412694,0.198821795295863,0.123148862099802,0.800373137304383,0.339999996823529,0.277039876455105,0.198821795295863,0.4143562,0.233394259580733
1,0.162055335968379,0.2,0,0,0.0627376338027147,0.00352922785339064,0.0459627243501413,0.000622480472808824,0.152078505099257,0.151539718407939,0.190721656180253,0.111457518738659,0.78171641984643,0.352941192041522,0.275142311004613,0.190721656180253,0.44514215,0.228880636122065
1,0.00395256916996047,0.216666666666667,0,0,0.0418250857797564,0.000567663865064922,0.0335403683515299,0.000504930947055395,0.12600051978313,0.125607786269107,0.156848300759585,0.0935307819631868,0.791044778575407,0.309411781709342,0.335863397830259,0.156848300759585,0.43502074,0.228371071652541
1,0.118577075098814,0.395833333333333,0,0,0.0551330680854135,0.000735723265798033,0.016149069059064,0.000846893880530766,0.133230050603565,0.142625604883514,0.156848300759585,0.0989867459396182,0.856343286320032,0.276470596020761,0.322580661688192,0.156848300759585,0.40322387,0.261824021886107
1,0.126482213438735,0.3875,0.333333323333334,0,0.0532319531770018,0.000971004037033093,0.0683229937687582,0.00363603609866746,0.140717785924641,0.147487836689529,0.164948459757375,0.108339829046303,0.835820897620016,0.281176473640138,0.335863397830259,0.164948459757375,0.38036656,0.249938778564582
1,0.316205533596838,0.3625,0.333333323333334,0,0.0418251131561834,0.000433217736002478,0.042236024705837,0.00232962828443457,0.145623559895385,0.153160455049923,0.171575852933904,0.11067809631557,0.839552240943696,0.290588239467128,0.316888067803506,0.171575852933904,0.38914663,0.254384410849343
1,0.0197628458498024,0.329166666666667,0,0,0.0665399354826589,0.000601275725044529,0.0298136687072255,0.00131442352644212,0.126258710341091,0.136953008403185,0.146539019539477,0.0943102114010846,0.867537314779879,0.258823533771626,0.33965846042005,0.146539019539477,0.38846022,0.271677688931314
1,0.296442687747036,0.291666666666667,0.333333323333334,0,0.0646387897757669,0.00168805247538011,0.0298136642351761,0.00173118939993982,0.158275238831146,0.162884933248662,0.190721656180253,0.119251749984357,0.815298508584178,0.324705873384083,0.286527550007381,0.190721656180253,0.40920117,0.241306753429001
1,0.569169960474308,0.329166666666667,0,0,0.0342205337506687,0.000582603287384806,0.0447204941167395,0.000288531047236102,0.173250716444639,0.172609396860692,0.213549320960609,0.130943107375117,0.774253734206533,0.365882344906574,0.261859609018143,0.213549320960609,0.4205985,0.224661892902821
1,0.521739130434783,0.233333333333333,0,0,0.0475285229004325,0.00140795683532745,0.0472049724717408,0.000886969066135572,0.189258977203996,0.183144239733746,0.237849784699192,0.143413873159349,0.731343290098017,0.409411755238754,0.235294153811809,0.237849784699192,0.42930815,0.214183865425825
1,0.312252964426877,0.35,0,0,0.0418250994679699,0.00101582051921191,0.021118001172795,0.000398066646715835,0.149238325305603,0.155591578246285,0.176730480289172,0.113795793022734,0.830223882886361,0.298823535889273,0.313093005213715,0.176730480289172,0.39043593,0.247932384204525
1,0.292490118577075,0.4,0.333333323333334,0,0.0399239503390245,0.000347320912872041,0.0397515485868603,0.00111138156498248,0.116447197256304,0.136953008403185,0.128865982114389,0.0833982834482219,0.938432836754427,0.218823531653979,0.332068318162669,0.131075117591494,0.39931142,0.321019337109558
1,0.482213438735178,0.3875,0,0,0.0779467686593706,0.00212500544509409,0.089440988233479,0.00144266031175831,0.15285309071582,0.149918959885891,0.189985266642229,0.116134053277192,0.764925378835765,0.345882343847751,0.303605348739238,0.189985266642229,0.4213954,0.220826149841971
1,0.114624505928854,0.1875,0,0,0.0532319326446816,0.000433217231827099,0.0335403616434558,0.000921698335344825,0.16524657909362,0.161264174726614,0.207658323949497,0.123928298552508,0.753731348696814,0.37411766250519,0.269449751275524,0.207658323949497,0.43595982,0.217461023220161
1,0.367588932806324,0.233333333333333,0,0,0.0874524766615104,0.0033910477006376,0.0347826097650553,0.000854908932078315,0.165504776622921,0.166936800380363,0.20397644253331,0.123148862099802,0.791044778575407,0.355294109674741,0.261859609018143,0.20397644253331,0.42989677,0.230667074837549
1,0.347826086956522,0.4,0.333333323333334,0,0.0494296617632178,0.00195694765772219,0.0422360336499358,0.00197697705268211,0.131680879370438,0.145056735373231,0.151693673404318,0.0974279010934403,0.884328359148753,0.258823533771626,0.322580661688192,0.152430043060162,0.39465594,0.283095807706187
1,0.33596837944664,0.320833333333333,0.333333323333334,0,0.0703422234743896,0.0019009275213609,0.0385093094093597,0.00244984698861975,0.147430935629154,0.156401950213954,0.174521358066853,0.109898673892481,0.84888059900103,0.296470586491349,0.297912720698955,0.174521358066853,0.40511805,0.257127510563604
1,0.25296442687747,0.266666666666667,0,0,0.0209125446009049,0.000332382660239036,0.0161490630217973,0.000141594078731316,0.148721930247,0.153970819724237,0.179675985422121,0.11067809631557,0.82276119590318,0.315294128733564,0.294117675186963,0.179675985422121,0.41704598,0.244098554969311
1,0.58498023715415,0.275,0,0,0.072243345226908,0.0039736501813418,0.0546583874125225,0.00434935051200353,0.170668741151626,0.170988660218709,0.209131069888578,0.129384255514131,0.78171641984643,0.356470579079585,0.269449751275524,0.209131069888578,0.41573665,0.227415300414805
1,0.553359683794466,0.2125,0,0,0.0646387897757669,0.00213620923036217,0.0757763863492928,0.00459780729989781,0.190808162379804,0.173419783415071,0.249631818485775,0.144972725020336,0.652985077446258,0.458823544359862,0.235294153811809,0.249631818485775,0.4503053,0.194029569109713
1,0.383399209486166,0.3875,0,0,0.0760456332186387,0.00365994076544309,0.0335403683515299,0.000953757892338568,0.130389877781251,0.140194481687151,0.153902788999243,0.0958690562472625,0.860074629139981,0.275294116027682,0.320683130393297,0.153902788999243,0.4100093,0.268193065722871
1,0.0869565217391304,0.183333333333333,0,0,0.076045609264265,0.00370475399064896,0.0397515396427615,0.000566377174978043,0.163439203359851,0.158022686855937,0.206185558128236,0.123148862099802,0.744402986609629,0.375294121321799,0.277039876455105,0.206185558128236,0.43507022,0.213712527105185
1,0.292490118577075,0.266666666666667,0,0,0.096958191507757,0.00464961888374764,0.0496894396466186,0.00268227634233769,0.180996649295016,0.17017828825104,0.230486021866819,0.138737338620816,0.701492540822009,0.411764715224913,0.261859609018143,0.230486021866819,0.4296633,0.202894963457262
1,0.347826086956522,0.2375,0,0,0.138783290975727,0.00306613127274839,0.053416139290923,0.000878952211264541,0.123418537518777,0.128849281433138,0.152430043060162,0.0872954025784754,0.832089554464246,0.300000005294118,0.309297925546126,0.152430043060162,0.46200204,0.248495602943632
1,0.146245059288538,0.125,0.333333323333334,0,0.0608365017840362,0.00168805338289579,0.0372670769399331,0.00128236360878368,0.156726060626679,0.151539718407939,0.197349049356782,0.118472334576077,0.748134334466891,0.363529427273356,0.29222010973647,0.197349049356782,0.4320471,0.213629191750303
1,0.296442687747036,0.220833333333333,0,0,0.0760456332186387,0.00554219564747412,0.0645962583480585,0.00313110314335499,0.164730191006358,0.158833073410317,0.206921934411473,0.125487143398686,0.740671650506098,0.372941193100346,0.284630018712486,0.206921934411473,0.42481935,0.216138569705769
1,0.0948616600790514,0.4375,0,0,0.0323194065228649,0.000153119978413227,0.106832274109797,0.00223345026264979,0.112832424874746,0.123987035040414,0.132547863530575,0.0810600091641462,0.875000000419776,0.252941186747405,0.341555991714945,0.140648002646186,0.44718736,0.315836848379095
1,0.0197628458498024,0.166666666666667,0,0,0.0570342206364123,0.00201670040608302,0.0360248399984571,0.00152013483945257,0.136586625455821,0.136953008403185,0.170103087112643,0.100545590785796,0.792910451664485,0.324705873384083,0.309297925546126,0.170103087112643,0.44286063,0.228800322597135
1,0.122529644268775,0.141666666666667,0,0,0.0779467686593706,0.00320057861183175,0.073291919174415,0.00103924812077684,0.15285309071582,0.149918959885891,0.190721656180253,0.115354637868912,0.764925378835765,0.349411762650519,0.297912720698955,0.190721656180253,0.42816728,0.219721503115297
1,0.58498023715415,0.220833333333333,0,0,0.0513307869377896,0.00115400157948063,0.031055894468578,0.000333949098013131,0.167828561357972,0.165316041858315,0.211340211993076,0.123928298552508,0.763059704067582,0.380000009529412,0.250474421248771,0.211340211993076,0.4463545,0.22148010741934
1,0.110671936758893,0.291666666666667,0.333333323333334,0,0.0893536018360822,0.00378318331090761,0.0608695475236306,0.00270632149698034,0.142783380101731,0.14667746472186,0.173048592245592,0.106780977185316,0.815298508584178,0.310588251114187,0.309297925546126,0.173048592245592,0.41266233,0.248098903822791
1,0.00395256916996047,0.3625,0,0,0.0684410675013374,0.000672233872034642,0.0236024705836975,0.000398067656576985,0.12186935931431,0.133711513239153,0.137702510768023,0.0935307819631868,0.876865673508855,0.236470593903114,0.366223915626384,0.137702510768023,0.35672373,0.282665062634561
1,0.00395256916996047,0.325,0,0,0.0418251028900233,0.00177768437088593,0.0571428545874003,0.00252198086562303,0.1321972674577,0.136953008403185,0.158321066580846,0.0997661683627071,0.824626867313154,0.288235300657439,0.335863397830259,0.158321066580846,0.40250653,0.251812632105382
1,0.33201581027668,0.245833333333333,0,0,0.0437262349087018,0.000735723164962957,0.040993787764361,0.000825519808629474,0.164988381564319,0.167747165054677,0.199558164951707,0.125487143398686,0.800373137304383,0.336470599197232,0.282732453261993,0.199558164951707,0.40601462,0.23411991846767
1,0.272727272727273,0.25,0.333333323333334,0,0.0722433760253884,0.00182249931028808,0.063354032586706,0.00149876307580534,0.158791647832429,0.159643445377986,0.196612659818758,0.117692912152988,0.789179107165432,0.350588232055363,0.27134726549262,0.196612659818758,0.43356952,0.231038306647077
1,0.268774703557312,0.2,0,0,0.0437262212204883,0.000959799777840161,0.0459627176420672,0.00107130782203646,0.166279376182165,0.165316041858315,0.204712818816548,0.126266558806966,0.774253734206533,0.355294109674741,0.278937407750001,0.204712818816548,0.41530126,0.225772583289398
1,0.0513833992094862,0.229166666666667,0,0,0.0532319326446816,0.0010158197125313,0.0335403705875546,0.000729343662301119,0.13013168025195,0.135332249881137,0.15905743623669,0.0943102114010846,0.828358211140566,0.301176474698962,0.311195456841021,0.15905743623669,0.43785483,0.247609031611783
1,0.49802371541502,0.454166666666667,0.333333323333334,0,0.0570342206364123,0.000851496553860451,0.0720496799969143,0.00290668862478578,0.164988381564319,0.161264174726614,0.201767307056205,0.129384255514131,0.755597021785893,0.347058834429066,0.311195456841021,0.201767307056205,0.39486286,0.214765651631188
1,0.134387351778656,0.129166666666667,0.333333323333334,0,0.0361216863016675,0.000153119474237848,0.0310559011766521,0.000366007306120909,0.157500646243242,0.145867100047545,0.206185558128236,0.116913489729899,0.703358215590193,0.402352938809689,0.275142311004613,0.206185558128236,0.46275216,0.201737569009992
1,0.272727272727273,0.204166666666667,0,0,0.0323194003631688,0.0014079570369976,0.0484471870529697,0.000985817521465251,0.165762988094903,0.163695305216331,0.205449188472392,0.125487143398686,0.766791048566635,0.361176467287197,0.277039876455105,0.205449188472392,0.420823,0.2234545039578
1,0.0434782608695652,0.1875,0.666666646666667,0,0.0418250994679699,0.000209139136674282,0.0298136687072255,0.000737358713848668,0.13839401513227,0.1418152402092,0.168630341173562,0.102883865069872,0.813432838853308,0.309411781709342,0.313093005213715,0.168630341173562,0.42268896,0.238718455347972
1,0.58498023715415,0.3375,0,0,0.0418250994679699,0.000567664772580604,0.0521739090575212,0.00275708108568351,0.164988381564319,0.168557529728991,0.201030930772968,0.123148862099802,0.80597015321341,0.343529415626298,0.265654654530135,0.201030930772968,0.4209725,0.236105260745732
1,0.312252964426877,0.4375,0,0,0.0513308006260031,0.00164697236634916,0.0347826097650553,0.000630495307957556,0.151303898568672,0.154781191691906,0.182621497182463,0.114575215445823,0.809701496033359,0.317647056955017,0.303605348739238,0.182621497182463,0.40736422,0.237034439879896
1,0.383399209486166,0.45,0.666666646666667,0,0.0494296686073245,0.000522848592907019,0.0571428545874003,0.00402875667325664,0.150529305980769,0.155591578246285,0.181148751243382,0.113016356570028,0.820895524493206,0.314117638152249,0.297912720698955,0.181148751243382,0.40821064,0.245979476234608
1,0.134387351778656,0.354166666666667,0.333333323333334,0,0.0722433589151215,0.0010158197125313,0.0633540258786319,0.00278112443700268,0.151562096097974,0.151539718407939,0.184094263003724,0.116913489729899,0.785447766024588,0.323529403979239,0.318785599098402,0.184094263003724,0.39949927,0.229533838241946
1,0.533596837944664,0.245833333333333,0,0,0.0342205337506687,0.000313709345314154,0.0385093161174338,0.00158425287144597,0.181513044353619,0.178282015221086,0.225331368001978,0.137957916197727,0.753731348696814,0.384705897737024,0.252371952543666,0.225331368001978,0.42128146,0.218074656155623
1,0.0711462450592885,0.216666666666667,0,0,0.0437262349087018,0.00158721790379204,0.0472049724717408,0.00223344860359219,0.145881750453346,0.143435991437893,0.184094263003724,0.107560399608405,0.770522393065688,0.349411762650519,0.29222010973647,0.184094263003724,0.44724983,0.221155126396012
1,0.292490118577075,0.383333333333333,0.333333323333334,0,0.0475285331665926,0.00154240387190557,0.0422360179977629,0.000790790323021403,0.1321972674577,0.147487836689529,0.15095729712108,0.0974279010934403,0.897388059018573,0.252941186747405,0.318785599098402,0.15095729712108,0.38838536,0.28708185323123
1,0.260869565217391,0.445833333333333,0,0,0.0380228114762393,0.000388402615097189,0.0509316721160452,0.00309102947254191,0.147172731128512,0.147487836689529,0.181148751243382,0.11067809631557,0.789179107165432,0.329411761591696,0.305502862956335,0.181148751243382,0.41688403,0.238963979031522
1,0.521739130434783,0.354166666666667,0.333333323333334,0,0.0342205474388822,0.00103075802566535,0.0621118023533042,0.00242580248317356,0.152594900157859,0.161264174726614,0.181148751243382,0.113795793022734,0.845149256181081,0.30470589350173,0.288425064224478,0.181148751243382,0.40645057,0.254083721981236
1,0.118577075098814,0.2125,0,0,0.062737654335035,0.000840292819009913,0.040993787764361,0.000697285836497918,0.147689126187115,0.149918959885891,0.180412361705358,0.11067809631557,0.802238810393462,0.323529403979239,0.301707817444343,0.180412361705358,0.4194691,0.234032621157964
1,0.304347826086957,0.4,0,0,0.0285171068961528,0.000661030530440899,0.0360248355264077,0.00139189884759872,0.11980376513722,0.133711513239153,0.136966134484785,0.0880748179867555,0.89179104478865,0.242352951515571,0.341555991714945,0.137702510768023,0.3952535,0.29071273300932
1,0.395256916996047,0.2875,0,0,0.121673000146019,0.0018673156613813,0.0670807411751092,0.00278914028201256,0.172992525886678,0.177471643253417,0.209131069888578,0.130163670922411,0.809701496033359,0.345882343847751,0.258064512272755,0.209131069888578,0.4120944,0.239014007105162
1,0.553359683794466,0.2375,0,0,0.049429654919111,0.00101582072088206,0.0484472027051427,0.00063316787663746,0.189517167761957,0.176661256699038,0.24447717787572,0.143413873159349,0.684701496453135,0.439999991529412,0.233396622516914,0.24447717787572,0.4456523,0.200725323128054
1,0.256916996047431,0.375,0.333333323333334,0,0.0247148428587957,0.000332381984644028,0.0496894396466186,0.000470200307320296,0.132713662516303,0.143435991437893,0.156111924476348,0.0974279010934403,0.8656716416908,0.275294116027682,0.314990519430812,0.156111924476348,0.41026655,0.266354769047832
1,0.0988142292490119,0.333333333333333,0.333333323333334,0,0.0684410675013374,0.00219596308790883,0.0571428545874003,0.00156020836599977,0.137619415573026,0.144246363405562,0.162739317652877,0.10444270991605,0.835820897620016,0.284705892442907,0.330170803945573,0.162739317652877,0.39415666,0.250463502547696
3,0.91304347826087,0.479166666666667,0,0.5,0.0817490498069945,0.0119844373160768,0.0273291925882489,0.00454170381452139,0.0105861098554953,0.00324149115268631,0.0235640649222087,0.00389711632432997,0.779850748436456,0.196470591785467,0.529411781180935,0.0235640649222087,0.96581197,0.157281497981543
3,0.897233201581028,0.466666666666667,0,0,0.00570342240584656,7.8427269273213e-05,0.00993788658770891,0.000149609072572514,0.00490575793666175,0,0.0132547863530575,0.000779423194717905,0.798507464215304,0.172941180394464,0.548387111207688,0.0132547863530575,1,0.154603720158065
3,0.865612648221344,0.454166666666667,0,0,0.0133079867543264,6.3488752452309e-05,0.00869565121145023,4.54170696930073e-05,0.00697134026247375,0,0.0198821795295863,0,0.783582092935509,0.195294122380623,0.52751424647048,0.0198821795295863,1,0.15944851939146
3,0.869565217391304,0.4,0,0,0.0399239537610779,0.000212874138465113,0.0186335373519542,0.000248457881353595,0.015491867792157,0.00243111838274812,0.0353460980460523,0.00701480882260923,0.738805977417019,0.230588236290657,0.516129046746649,0.0353460980460523,0.94708997,0.137295248986617
3,0.909090909090909,0.470833333333333,0,0,0.117870736108662,0.0150879170942074,0.040993787764361,0.00464055385677573,0.0209140207874213,0.0105348457903958,0.0390279827759353,0.0116913475700281,0.755597021785893,0.223529419861592,0.510436447738623,0.0390279827759353,0.895369,0.155328455708073
3,0.881422924901186,0.35,0,0,0.0418250994679699,0.000478032917408813,0.0236024862358704,0.000526303215633204,0.0245287889861747,0.00648298230537263,0.0478645067903939,0.0171473101434977,0.701492540822009,0.249411767944637,0.52371917875735,0.0478645067903939,0.88955027,0.116707739771085
3,0.944664031620553,0.266666666666667,0,0,1,0.756024028595214,0.228571387045255,0.0714810739143043,0.265169127503304,0.217179913429335,0.335787929780649,0.236165239714256,0.417910439490978,0.532941190982699,0.354838727857012,0.335787929780649,0.46491185,0.127586327596081
3,0.790513833992095,0.454166666666667,0.333333323333334,0,0.134980992717836,0.0148974507279486,0.0832298035260992,0.00693812264488427,0.0260779769505183,0.0105348457903958,0.0508100132488217,0.0148090414712692,0.718283585190883,0.256470594961938,0.495256180301661,0.0508100132488217,0.8930539,0.145028380439325
3,0.91699604743083,0.358333333333333,0,0,0.0133079847010944,0.000197935482491804,0.0124223582346361,0.000149609058145926,0.0147172745071193,0.000810372769938191,0.0368188492870482,0.00467653944889978,0.733208959828887,0.241176471522491,0.504743845315037,0.0368188492870482,0.984127,0.143166395975057
3,0.924901185770751,0.291666666666667,0,0,0.0475285229004325,0.000422013012968197,0.017391302199298,0.000213727313751435,0.0242705928511415,0.00729335500237727,0.0493372620078258,0.0140296176452185,0.708955224782802,0.257647064366782,0.502846310604582,0.0493372620078258,0.88121694,0.133638985836935
3,0.889328063241107,0.304166666666667,0,0,0.104562757225058,0.00400725972211466,0.039751550822885,0.00194491807275188,0.0317583260808157,0.011345219216736,0.0596465385887589,0.0218238502938784,0.682835826722265,0.272941177217993,0.504743845315037,0.0596465385887589,0.84772927,0.123969885449981
3,0.802371541501976,0.4375,0,0,0.036121672613454,0.00127350969791425,0.0236024839998457,0.00103924862570741,0.0152336695657218,0.00243111838274812,0.0338733421658811,0.00779423264865993,0.740671650506098,0.224705889266436,0.52371917875735,0.0338733421658811,0.96141976,0.133480205460934
3,0.889328063241107,0.4125,0,0,0.0114068448116931,8.96311594097679e-05,0.0111801228583775,0.000152280653031151,0.0116188999727002,0.000810372769938191,0.0294550824782395,0.00311769284901971,0.755597021785893,0.220000001058824,0.516129046746649,0.0294550824782395,0.9777778,0.149109076393624
3,0.893280632411067,0.241666666666667,0,0,0.123574159541125,0.0463131701499135,0.0968943964661865,0.0262563935142369,0.0772011379458137,0.0502431130489717,0.10603829082446,0.072486362510168,0.623134344961294,0.288235300657439,0.540796977489207,0.10603829082446,0.6042809,0.0943987611840235
3,0.948616600790514,0.525,0,0.5,0.146387846426868,0.0188412194429386,0.0857142796450758,0.0270498551249333,0.0348567013123688,0.0186385742191132,0.0596465385887589,0.024162118966107,0.710820897871881,0.258823533771626,0.499051251430351,0.0596465385887589,0.837478,0.142732477981982
3,0.924901185770751,0.320833333333333,0,0,0.0209125480229583,0.000242751087405457,0.0211180123529185,0.000237771552305754,0.0193648335202117,0.00324149115268631,0.042709868831297,0.0101325013208885,0.716417915460013,0.248235298539792,0.510436447738623,0.042709868831297,0.93849206,0.130044535897703
3,0.770750988142292,0.341666666666667,0,0,0.0608365017840362,0.002584365682839,0.0335403705875546,0.000665225947692655,0.0348567013123688,0.0145867100047545,0.061855674065864,0.0257209659167275,0.682835826722265,0.26941176900346,0.510436447738623,0.061855674065864,0.8086198,0.119992149957304
3,0.932806324110672,0.395833333333333,0,0,0.0323193914658301,0.000153120119582333,0.0186335384699666,0.000344635145742508,0.0167828568329313,0.00324149115268631,0.0405007353424099,0.00467653944889978,0.735074629559757,0.249411767944637,0.489563581293635,0.0405007353424099,0.9404762,0.152951618571865
3,0.814229249011858,0.358333333333333,0,0,0.0304182505498128,0.000657295407647977,0.0173913015284906,0.000341963738402926,0.0183320427058727,0.00405186421435871,0.0390279827759353,0.0101325013208885,0.729477615329834,0.23529412449827,0.518026579749324,0.0390279827759353,0.91534394,0.130132152178349
3,0.810276679841897,0.2875,0,0,0.167300391027773,0.0149534676375874,0.0857142796450758,0.0260560190288717,0.0699716001540387,0.0478119920406158,0.100147273931169,0.0592361672880384,0.658582086638867,0.292941178276817,0.497153716719896,0.100147273931169,0.59776545,0.120523723421642
3,0.853754940711462,0.258333333333333,0,0,0.0304182505498128,0.000791742050969307,0.0385093161174338,0.000622479917385192,0.0338239111951638,0.0129659646107453,0.0640648029155758,0.0218238502938784,0.679104487260526,0.284705892442907,0.489563581293635,0.0640648029155758,0.82250714,0.130274295701674
3,0.762845849802372,0.470833333333333,0,0,0.0513307972039497,0.000436952505872635,0.0310559011766521,0.000654539257980117,0.019623031746647,0.00729335500237727,0.0368188492870482,0.0132501938191678,0.74253731352055,0.218823531653979,0.53130931418361,0.0368188492870482,0.8367725,0.127515633563163
3,0.774703557312253,0.391666666666667,0,0,0.127376433844642,0.0157937585911485,0.0819875643485985,0.0103871439884044,0.0289181511671,0.0121555911844051,0.0552282808893352,0.0171473101434977,0.708955224782802,0.264705880795848,0.49146111771187,0.0552282808893352,0.88604844,0.14080681684546
3,0.932806324110672,0.525,0,0,0.0133079847010944,0.000108304333165544,0.00745341583519156,3.20590995948606e-05,0.00464756040736051,0,0.0132547863530575,0,0.800373137304383,0.174117651916955,0.544592045202338,0.0132547863530575,1,0.15944851939146
3,0.885375494071146,0.333333333333333,0,0,0.0228136903077969,0.000358524859476238,0.0149068321175881,0.000224413606732806,0.0255615811947818,0.00810372842871741,0.0530191454122301,0.0132501938191678,0.705223888679271,0.26941176900346,0.48766604658318,0.0530191454122301,0.86781305,0.138742218682951
3,0.798418972332016,0.341666666666667,0,0,0.0912547578091343,0.0064982596874274,0.0770186277628181,0.0084208541634705,0.0472501945701067,0.0235008111304766,0.0787923418351079,0.0366328910636667,0.654850747177127,0.294117647681661,0.499051251430351,0.0787923418351079,0.7601911,0.119430962559443
3,0.889328063241107,0.241666666666667,0,0.5,0.653992487429344,1,0.457142841171252,0.74985133401502,0.166021185624204,0.140194481687151,0.194403537596439,0.160561187511732,0.602611944339636,0.307058821723183,0.53130931418361,0.194403537596439,0.5089938,0.0932060113263223
3,0.940711462450593,0.466666666666667,0,0,0.0171102668753344,7.84272390226903e-05,0.0111801235291849,0.000120221579328101,0.0105861098554953,0,0.0279823272608076,0.0023382696543018,0.757462694874972,0.217647062249135,0.518026579749324,0.0279823272608076,1,0.147747456605473
3,0.869565217391304,0.416666666666667,0,0,0.0209125480229583,0.000242751057154934,0.00869565121145023,0.000173653376046478,0.00929512081472102,0,0.0265095727061151,0,0.766791048566635,0.216470592844291,0.510436447738623,0.0265095727061151,1,0.15944851939146
3,0.948616600790514,0.329166666666667,0,0.5,0.193916352217034,0.0235730051998632,0.151552804002931,0.0459940972282511,0.0627420623622637,0.0348460288885416,0.103829161974748,0.0459859671555427,0.62126865843938,0.343529415626298,0.453510449119465,0.103829161974748,0.7629189,0.130574229112293
3,0.845849802371542,0.466666666666667,0,0,0.0114068448116931,0.000134446774406928,0.0149068321175881,3.2059063528391e-05,0.00955331834402226,0,0.0250368181514225,0.0023382696543018,0.764925378835765,0.208235299598616,0.525616711760025,0.0250368181514225,1,0.146778674711002
3,0.865612648221344,0.470833333333333,0,0,0.00760456263745319,2.98770608672785e-05,0.00993788703491385,5.34318081836001e-05,0.006196746977436,0,0.016200294136964,0.00155884638943581,0.789179107165432,0.181176473640138,0.544592045202338,0.016200294136964,1,0.148139304010447
3,0.853754940711462,0.433333333333333,0,0,0.0399239537610779,0.000347320912872041,0.0124223582346361,0.000277845446730947,0.0131680865427757,0.00162074553987638,0.030927837032932,0.0054559625734696,0.750000004197761,0.220000001058824,0.521821647462454,0.030927837032932,0.962963,0.138932207847172
3,0.952569169960474,0.291666666666667,0,0,0.766159663223408,0.191022723789334,0.339130421172024,0.0799794161549965,0.292279895965295,0.241491079752764,0.368188519380055,0.260327341844822,0.389925376736884,0.564705896678201,0.332068318162669,0.368188519380055,0.42017567,0.129219240562091
3,0.924901185770751,0.454166666666667,0,0,0.0152091252749064,0.000343586143001884,0.0111801228583775,0.000216398858143602,0.0100697134026247,0,0.0265095727061151,0.0023382696543018,0.761194030978503,0.21294117933564,0.521821647462454,0.0265095727061151,1,0.149044963234822
3,0.841897233201581,0.283333333333333,0,0,0.0437262383307552,0.000870169354526446,0.0298136642351761,0.000384709040167702,0.0338239111951638,0.0145867100047545,0.0611192911552335,0.0233826958415372,0.69029852243679,0.270588238408304,0.500948786140806,0.0611192911552335,0.7916667,0.126781496764418
3,0.770750988142292,0.370833333333333,0,0,0.249049413458341,0.0840478960559772,0.129192543528413,0.0496808838875391,0.0568035191883352,0.0340356591088789,0.0883652401445859,0.0452065475383773,0.658582086638867,0.296470586491349,0.49146111771187,0.0883652401445859,0.7380342,0.126631681150605
3,0.766798418972332,0.366666666666667,0,0,0.104562733270685,0.00450023313069517,0.0621117956452301,0.00335551686846186,0.0469919991322076,0.0251215557951504,0.0765832063580029,0.0366328910636667,0.667910452084261,0.284705892442907,0.500948786140806,0.0765832063580029,0.71189785,0.121761297090288
3,0.841897233201581,0.458333333333333,0,0,0.0095057045800865,6.34887685859212e-05,0.0024844718705297,5.34318226101879e-05,0.00800413177394676,0,0.0220913103675161,0.000779423194717905,0.776119407295611,0.201176472581315,0.525616711760025,0.0220913103675161,1,0.153028843115067
3,0.905138339920949,0.3625,0,0,0.0133079836744784,0.000153119927995689,0.00869565121145023,4.54170307412201e-05,0.0098115158733235,0,0.0272459489893524,0.000779423194717905,0.763059704067582,0.217647062249135,0.512333982449078,0.0272459489893524,1,0.156204366695371
3,0.782608695652174,0.370833333333333,0,0,0.0817490429628877,0.00145277268224528,0.0546583807044484,0.0043493493578765,0.0423444387248471,0.020259318883787,0.0765832063580029,0.0272798114643862,0.667910452084261,0.305882362906574,0.466793188677092,0.0765832063580029,0.7738155,0.137313346390437
3,0.920948616600791,0.4625,0,0,0.0589353629212509,0.00790621581690932,0.0310558967046027,0.00546340148920454,0.0157500646243242,0.00405186421435871,0.0346097204373364,0.00701480882260923,0.748134334466891,0.22588235867128,0.514231515451753,0.0346097204373364,0.96031743,0.146218192406796
3,0.905138339920949,0.470833333333333,0,0,0.0095057045800865,0.000108304363416066,0.00621118023533042,0.000109535199787202,0.00464756040736051,0,0.0132547863530575,0,0.800373137304383,0.174117651916955,0.544592045202338,0.0132547863530575,1,0.15944851939146
3,0.806324110671937,0.3,0,0,0.840304198643902,0.693820040043625,0.186335384699666,0.0874571710777674,0.162406413242646,0.144246363405562,0.189248890358992,0.151208097390239,0.656716433699042,0.298823535889273,0.489563581293635,0.189248890358992,0.5041609,0.121348699786315
3,0.944664031620553,0.283333333333333,0,0,0.557034285655426,0.0412041936501329,0.316770174113654,0.112038468218165,0.228505057428507,0.177471643253417,0.303387346808635,0.197973484864428,0.408582090836628,0.544705885031142,0.345351054304736,0.303387346808635,0.48906165,0.127232420944941
3,0.889328063241107,0.254166666666667,0,0,0.0437262383307552,0.000825353709278763,0.0310558967046027,0.00103924848144153,0.0315001292486485,0.011345219216736,0.0625920503491012,0.0179267339695484,0.684701496453135,0.288235300657439,0.478178381569804,0.0625920503491012,0.84168977,0.138912599528376
3,0.897233201581028,0.333333333333333,0,0,0.0247148315660196,0.000197935522825834,0.0248447209413217,0.00027784536017142,0.0183320427058727,0.00324149115268631,0.0412371136138651,0.00857365507174887,0.723880606137224,0.245882359730104,0.506641380025492,0.0412371136138651,0.9398148,0.137399233512833
3,0.881422924901186,0.258333333333333,0,0,0.0513308006260031,0.0012884480110483,0.0521739090575212,0.000769417260981262,0.0405370539283363,0.0170178295544395,0.0706921960921046,0.0311769298931588,0.658582086638867,0.285882351259516,0.508538916443727,0.0706921960921046,0.7899301,0.115590653177777
3,0.920948616600791,0.4125,0,0,0.0285171103182061,0.000212874007379514,0.0111801235291849,0.000408753329215078,0.0126516914841732,0.000810372769938191,0.0324005895994066,0.00311769284901971,0.748134334466891,0.229411766885813,0.508538916443727,0.0324005895994066,0.984127,0.149692776424623
3,0.790513833992095,0.3125,0,0.5,0.325095070631353,0.224559743975709,0.19627330706377,0.0761296379061225,0.0934676032058127,0.0640194510860571,0.131811493874731,0.0810600091641462,0.600746274608766,0.337647068602076,0.483870987408949,0.131811493874731,0.6309454,0.114258429079875
6,0.719367588932806,0.279166666666667,0,0,0.0361217342104147,0.000332384213099202,0.0173913216527129,0.000919031796978644,0.945003933230176,0.938411701283725,0.974226796949729,0.91893995576181,0.486940320279433,0.49529410649827,0.345351054304736,0.974226796949729,0.124646865,0.137432574369963
6,0.711462450592885,0.0666666666666667,0,0,0.0247148017941552,0.000466829979155373,0.0111801235291849,0.000184339221803626,0.962561393108022,0.96677475661892,0.971281318326353,0.947778606460527,0.555970167485798,0.40117647999308,0.426944985374232,0.971281318326353,0.09626316,0.130886065175332
6,0.928853754940711,0.129166666666667,0,0,0.0247148887143109,0.000466829464896487,0.0310559369530474,0.00103925302581671,0.943196543553727,0.934359804978605,0.970544882396577,0.921278272134738,0.472014945641429,0.48588234067128,0.37571158917866,0.970544882396577,0.12513736,0.127917016520428
6,1,0.191666666666667,0,0,0.0323192477395883,0.000780534171797155,0.0310559369530474,0.000750719609658832,0.9465530347499,0.944084254003924,0.972017687982197,0.920498856726458,0.514925383033526,0.477647076013841,0.345351054304736,0.972017687982197,0.11873322,0.143831299292027
6,0.0671936758893281,0.00833333333333333,0,0,0.0304183094091308,0.000209139257676373,0.024844794730137,0.000117548253252333,0.977795026422774,0.979740737275047,0.988217952958631,0.963367125070393,0.535447750073096,0.412941174041522,0.428842516669127,0.988217952958631,0.099060155,0.12621027017594
6,0.743083003952569,0.4,0,0,0.0342205337506687,0.00129965562804925,0.0236024638756234,0.000301892231578022,0.931835838321792,0.917342000950908,0.962444816182291,0.9119251469392,0.436567187172811,0.498823546477509,0.390891856615622,0.962444816182291,0.13383016,0.122013317708234
6,0.383399209486166,0.125,0,0,0.0589355100695461,0.000780536864093678,0.024844794730137,0.000630491268512956,0.956106420018789,0.95299841128848,0.975699602535349,0.936866720596517,0.507462687319002,0.45176469616609,0.394686919205412,0.975699602535349,0.112421244,0.13021500068285
6,0.873517786561265,0.179166666666667,0,0,0.0399241317078534,0.000168058331881308,0.0223602470583697,0.000609121668853899,0.936483352021173,0.930307981607034,0.964653925149824,0.91114573153092,0.492537312680998,0.488235311245675,0.351043665267221,0.964653925149824,0.12431249,0.136422208737772
6,0.711462450592885,0.316666666666667,0,0,0.0418251542208239,0.00047802793615607,0.0173913216527129,0.000149607947298661,0.943971129170291,0.932739039163201,0.970544882396577,0.925175349176139,0.455223901272555,0.482352932456747,0.398481998873002,0.970544882396577,0.12657078,0.12277042041461
6,0.608695652173913,0.0666666666666667,0,0,0.0361217342104147,0.00024274749767676,0.032298153770301,0.000181666912802302,0.958688395311802,0.96677475661892,0.971281318326353,0.936087235040148,0.583955230239892,0.418823521065744,0.370018995293973,0.971281318326353,0.09847229,0.150664932695873
6,0.0237154150197628,0.0291666666666667,0,0,0.0437262657071822,0.000735719434065154,0.0211180302411161,0.000269834290362119,0.966434251477436,0.972447382272669,0.977908711502881,0.946999191052247,0.567164185871018,0.415294134027682,0.392789387910517,0.977908711502881,0.096352234,0.139266674058958
6,0.679841897233202,0.425,0,0,0.0171102668753344,0.000302505227290328,0.0298136642351761,0.000769418054443594,0.927962840525572,0.909238237514086,0.965390294805668,0.904910338116591,0.408582090836628,0.53058825217301,0.368121463999078,0.965390294805668,0.14413407,0.123328250223636
6,0.545454545454545,0.0208333333333333,0,0,0.0228136903077969,0.000358528207200754,0.0211180861417338,4.54173336995651e-05,0.978827830482659,0.982171831297989,0.993372606823471,0.958690562472625,0.544776149100578,0.432941185688581,0.387096794025831,0.993372606823471,0.101526454,0.136197300649668
6,0.810276679841897,0.0625,0,0,0.0418249831181552,0.00150878414679006,0.0422359464449723,0.00101520779904112,0.955331764688823,0.958670964008679,0.972753991364109,0.932190157998748,0.55223879444197,0.441176460934256,0.366223915626384,0.972753991364109,0.105127536,0.14464621967814
6,0.24901185770751,0.0333333333333333,0,0,0.0323194222643104,0.000153121521189886,0.0372671932132178,0.000224412553591893,0.960495715274848,0.959481401616543,0.970544882396577,0.949337507425175,0.52052240901718,0.407058827017301,0.453510449119465,0.970544882396577,0.10151485,0.115093696454327
6,0.956521739130435,0.154166666666667,0,0,0.0418251542208239,0.000209138491329797,0.0285715010825155,0.000911017683159305,0.940098131374071,0.930307981607034,0.968335773429044,0.918160540353529,0.46641790286673,0.489411791238754,0.37571158917866,0.968335773429044,0.1269675,0.128553229240805
6,0.612648221343874,0.0875,0,0,0.0266158263603578,0.000164325054370273,0.0583850535164563,0.00075071484888484,0.950167883816201,0.946515493893967,0.969808579014664,0.931410812738556,0.505597034379176,0.450588226761246,0.398481998873002,0.969808579014664,0.113055356,0.128162540203979
6,0.723320158102767,0.0166666666666667,0,0,0.0152091547045654,0.000253953420648442,0.0173912089570678,8.54912641912283e-05,0.981409736062269,0.979740737275047,0.994845346135159,0.967264202111794,0.509328357049872,0.428235297480969,0.430740047964022,0.994845346135159,0.105074264,0.120151820094347
6,0.964426877470356,0.0291666666666667,0,0,0.0342205337506687,0.00103075802566535,0.0260870115473906,0.000152280350072806,0.961270370604814,0.958670964008679,0.980117820470414,0.942322698602566,0.509328357049872,0.449411767944637,0.396584450500308,0.980117820470414,0.11121766,0.129110219652622
6,0.75098814229249,0.15,0,0,0.0152091547045654,0.000388404359544,0.024844680692877,0.00027784875763286,0.946294886019981,0.940842795306668,0.969808579014664,0.925175349176139,0.494403015993957,0.468235310186851,0.381404200141145,0.969808579014664,0.11839892,0.131218013195492
6,0.707509881422925,0.358333333333333,0,0,0.0323193350019494,0.000332384092097111,0.0223602470583697,0.000480886297343322,0.936741640177898,0.923014626604657,0.963917489220048,0.91971937117009,0.440298509843506,0.483529391273357,0.41176471793727,0.963917489220048,0.12984978,0.117169911874205
6,0.478260869565217,0,0,0,0.0342205337506687,0.000313713822391518,0.0645963053045773,0.00364404934689153,1,0.998379270651372,1,1,0.503731364648306,0.368235304892734,0.533206845478506,1,0.09277301,0.0877216082078274
6,0.569169960474308,0.0958333333333333,0.333333323333334,0,0.0190114656240537,0.000343586667344278,0.0422360604822323,0.000822852621066839,0.955331764688823,0.958670964008679,0.972017687982197,0.932969573407028,0.55223879444197,0.437647073896194,0.371916526588869,0.972017687982197,0.1045387,0.141719560582276
6,0.758893280632411,0.1,0,0,0.00950573298312952,0.000287564746202148,0.0161490489348417,0.000205711136930033,0.951458836606006,0.957050307593601,0.96907220935882,0.925954764584419,0.569029855601888,0.441176460934256,0.349146116894527,0.96907220935882,0.103336096,0.150643276247888
6,0.711462450592885,0.0166666666666667,0,0,0.0285171992915939,0.000212873755291825,0.0322980956336587,0.000886969354667329,0.978053244866096,0.97649920564424,0.991163497855939,0.964146470330585,0.511194060362831,0.425882369259515,0.432637596336717,0.991163497855939,0.10463921,0.119800800969604
6,0.924901185770751,0.0458333333333333,0,0,0.0399239537610779,0.000392129661000542,0.0223602470583697,0.0003526465834298,0.959462911214962,0.963533224988114,0.980117820470414,0.932190157998748,0.555970167485798,0.457647074955017,0.335863397830259,0.980117820470414,0.10965454,0.150750920545934
6,0.944664031620553,0.0625,0,0,0.0418251542208239,0.00101581295658122,0.019875756628835,0.000149611431319628,0.95429903034234,0.955429505311422,0.971281318326353,0.933748988815308,0.537313453386054,0.438823532712803,0.385199262730935,0.971281318326353,0.10610159,0.136561582250308
6,0.675889328063241,0.0833333333333333,0,0,0.0247148017941552,0.000422011530692584,0.0149067739809457,0.00051294441167828,0.950942469432764,0.953808848896344,0.963917489220048,0.932969573407028,0.5503731247111,0.418823521065744,0.404174592757688,0.963917489220048,0.100709505,0.133073232118258
6,0.822134387351779,0,0,0,0.0285171103182061,0.000257693141520819,0.0484472027051427,0.00278112313860977,0.986831974805019,0.985413289995245,0.994845346135159,0.978176087975804,0.509328357049872,0.403529408214533,0.470588247851323,0.994845346135159,0.09983583,0.107877365075083
6,0.703557312252964,0.375,0,0,0.0152092426513371,0.000388403704116007,0.013664558058102,0.000237773853346517,0.940614498547312,0.922204188996792,0.975699602535349,0.91971937117009,0.406716421105758,0.522352955750865,0.383301714358241,0.975699602535349,0.14110672,0.120107751740889
6,0.683794466403162,0.275,0,0,0.0342206193020031,0.000313705735418441,0.0285713892812802,0.000975124534547115,0.947585838809786,0.937601336609411,0.976435972191193,0.925175349176139,0.462686596987079,0.49411762650519,0.371916526588869,0.976435972191193,0.12738518,0.128768433897176
6,0.711462450592885,0.433333333333333,0,0,0.0076046211545659,2.98775156334701e-05,0.032298153770301,0.000886972672782536,0.925639013962479,0.898703394641032,0.963181185838136,0.910366386270728,0.352611965328441,0.53058825217301,0.425047454079336,0.963181185838136,0.15213422,0.107224347622588
6,0.762845849802372,0.191666666666667,0,0,0.0209124912168723,0.000422009796329281,0.0260869534107482,0.000280518037050734,0.947844126966511,0.947325785634731,0.96907220935882,0.924396003915947,0.527985104731705,0.457647074955017,0.364326401409287,0.96907220935882,0.11169542,0.13919373044152
6,0.280632411067194,0.0833333333333333,0,0,0.0380227567233853,0.00150879080190506,0.0298136642351761,0.000512943041152433,0.947585838809786,0.947325785634731,0.964653925149824,0.928293080957347,0.529850774462575,0.437647073896194,0.394686919205412,0.964653925149824,0.10761623,0.132484260672789
6,0.245059288537549,0.00833333333333333,0,0,0.0399239537610779,0.00101955958465629,0.0211180302411161,0.00049424534655024,0.988639364481468,1,0.986745213646942,0.978176087975804,0.597014935147026,0.356470579079585,0.457305520248155,0.986745213646942,0.07980576,0.128832076993541
6,0.992094861660079,0.0666666666666667,0,0,0.0437261801558478,0.0006012722260674,0.0223601898161373,0.000416765596431171,0.950167883816201,0.950567317265537,0.964653925149824,0.932969573407028,0.533582080342226,0.425882369259515,0.409867186642374,0.964653925149824,0.1044701,0.130953754166243
6,0.395256916996047,0.129166666666667,0,0,0.0380229312481074,0.000612480185907612,0.0260870115473906,0.000536988051529202,0.955590052845548,0.951377609006301,0.977172275573105,0.935307889779956,0.499999991604478,0.46117646199308,0.387096794025831,0.977172275573105,0.115302496,0.131040833232676
6,0.964426877470356,0.15,0,0,0.0285170247668718,0.000123243301727587,0.0223601898161373,0.000352649418254314,0.939581694487427,0.92949754399917,0.96612659818758,0.91971937117009,0.464552249926904,0.481176473640138,0.390891856615622,0.96612659818758,0.12570898,0.124522040933876
6,0.976284584980237,0.175,0,0,0.0247150618702117,0.00028756993920855,0.0186335384699666,0.000504936465225249,0.939581694487427,0.935170242586469,0.96612659818758,0.914263463312129,0.503731364648306,0.481176473640138,0.351043665267221,0.96612659818758,0.12111875,0.13878380242067
6,0.992094861660079,0.104166666666667,0,0,0.0323193350019494,0.000197939374725729,0.0223602470583697,0.000160290597566599,0.943196543553727,0.937601336609411,0.968335773429044,0.920498856726458,0.494403015993957,0.475294105439446,0.370018995293973,0.968335773429044,0.12003023,0.133803121567128
6,0.731225296442688,0.145833333333333,0,0,0.0228136013344092,0.000403336188982679,0.0236025779128834,0.000622469840413575,0.944745714786854,0.944084254003924,0.964653925149824,0.922837102951298,0.527985104731705,0.450588226761246,0.37571158917866,0.964653925149824,0.11065291,0.136244172589803
6,0.956521739130435,0.125,0,0,0.0342205337506687,0.000358528207200754,0.00621119879433548,0.000109535279133435,0.942680176380486,0.936790899001547,0.966863034117356,0.921278272134738,0.492537312680998,0.470588238408304,0.37950665176845,0.966863034117356,0.11953241,0.129930260361708
6,0.367588932806324,0.00833333333333333,0,0,0.0361215562636392,0.000511643577451018,0.0372670210393155,0.000897651665910453,0.987090123534938,0.983792560646617,0.993372606823471,0.982073235165293,0.496268685724827,0.395294132968858,0.497153716719896,0.993372606823471,0.10009145,0.0998731754757346
6,0.885375494071146,0.0458333333333333,0,0,0.0285171103182061,0.000257693141520819,0.0161490489348417,7.74772080782411e-05,0.961786807491458,0.970016215316177,0.974226796949729,0.939204966821357,0.583955230239892,0.418823521065744,0.370018995293973,0.974226796949729,0.09518399,0.148719596088778
4,0.786561264822134,0.975,0.333333323333334,0,0.0513307972039497,0.000929924159922817,0.0236024750557469,0.000366008171716181,0.112316029816143,0.0867098880608581,0.0994108976479315,0.150428681981958,0.62126865843938,0.0964705939031142,0.851992422375769,0.142120768467446,0.44538036,0.919468668282059
4,0.988142292490119,0.85,0.333333323333334,0,0.0513308040480564,0.00205031266940293,0.0621118023533042,0.00181668034970749,0.0864962629433389,0.0672609389567337,0.0765832063580029,0.115354637868912,0.673507478067916,0.104705887148789,0.785578758743235,0.108983802584803,0.4410489,0.92031410915068
4,0.600790513833992,0.820833333333333,0,0,0.0836501920918331,0.00244991723456981,0.0434782527032141,0.00222543521110224,0.117479994344849,0.0948136150309045,0.10603829082446,0.151208097390239,0.639925389330168,0.104705887148789,0.81973435620695,0.142857138123291,0.3969092,0.92794799027743
4,0.964426877470356,0.991666666666667,0,0,0.0684410675013374,0.00129965270383206,0.0335403683515299,0.000440812669810004,0.102762721231998,0.0786061610908117,0.101620026497643,0.127045974215246,0.634328363346514,0.150588240525952,0.751423161279521,0.120029446833362,0.40621215,0.971640948515488
4,0.395256916996047,0.775,0,0,0.121673000146019,0.00760371089212422,0.110559005058447,0.00462986570276453,0.148205535188398,0.127228530204445,0.124447724414965,0.193296950325894,0.641791042269993,0.0529411793356401,0.901328304354244,0.182621497182463,0.39488608,0.887623818433012
4,0.881422924901186,0.9625,0,0,0.0646387829316601,0.000836557030705491,0.0496894329385445,0.00236168603810483,0.0818487004445763,0.063209079118388,0.0714285723753419,0.11067809631557,0.679104487260526,0.101176476816609,0.785578758743235,0.104565538257986,0.45454717,0.911714988385681
4,0.754940711462451,0.95,0.333333323333334,0,0.085551327532565,0.00245365236744624,0.0509316788241193,0.000943071180986149,0.105602901025651,0.0891410039638655,0.0964653858875892,0.130943107375117,0.686567166184005,0.112941181453287,0.759013286459102,0.123711348131728,0.34430414,0.927805897117938
4,0.853754940711462,0.820833333333333,0,0,0.0855513412207785,0.00218475889930045,0.0596273262343276,0.00176325061599117,0.112057839258182,0.0923824991278971,0.0957290162317451,0.148090400683074,0.662313442891652,0.0800000042352941,0.836812154938807,0.139911626362948,0.40212956,0.899012457577914
4,0.774703557312253,0.908333333333333,0,0,0.0475285057901656,0.00158721739961667,0.0260869444666494,0.000408753141669436,0.123676735048079,0.102917342000951,0.118556707521674,0.148869823106163,0.651119407715388,0.136470593373702,0.757115772242006,0.140648002646186,0.3357168,0.956204383483315
4,0.0790513833992095,0.854166666666667,0.333333323333334,0,0.131178701304052,0.000705843473308552,0.0186335384699666,0.000344635145742508,0.115414407139099,0.0956239869985736,0.0927835044714028,0.158222906212848,0.660447773160782,0.0505882426435986,0.886148019839484,0.149484531299819,0.426777,0.881951910766033
4,0.557312252964427,0.820833333333333,0,0,0.066539918372392,0.0026627906671894,0.0559006064658008,0.000953757531673872,0.129357087664046,0.112641820199691,0.0986745213646942,0.177708494849306,0.677238817529656,0.0152941234394463,0.925996228265683,0.167893964890324,0.4408947,0.863972660497153
4,0.367588932806324,0.85,0,0,0.10646389266579,0.00513885332771884,0.0360248467065313,0.000814834828467597,0.11980376513722,0.104538085936289,0.0949926333211146,0.160561187511732,0.69029852243679,0.0411764821107266,0.870967735324723,0.151693673404318,0.4043918,0.864473663115149
4,0.91699604743083,0.833333333333333,0.333333323333334,0,0.0912547578091343,0.00613973644131237,0.0372670769399331,0.00125030426818875,0.107668481260061,0.0907617551925588,0.100883650214406,0.130943107375117,0.682835826722265,0.124705887148789,0.743833036099939,0.123711348131728,0.33542147,0.939980430293476
4,0.280632411067194,0.75,0.333333323333334,0,0.0437262349087018,0.00051164473705439,0.0695652195301106,0.00332345781639869,0.105861091583612,0.0883306319961964,0.0986745213646942,0.130163670922411,0.679104487260526,0.122352946221453,0.751423161279521,0.122974958593704,0.3503698,0.938362827932554
4,0.628458498023715,0.829166666666667,0,0,0.0551330783515736,0.00113906225799582,0.0273291858801748,0.000726672651692703,0.12186935931431,0.100486226097943,0.10603829082446,0.159002328635937,0.647388068253648,0.0847058850311418,0.844402280118389,0.150220907583057,0.40393806,0.911690561926907
4,0.150197628458498,0.979166666666667,0.333333323333334,0,0.0779467789255307,0.00329021151568832,0.040993787764361,0.00175523527591186,0.107152079230119,0.0915721198668729,0.0868924875781113,0.143413873159349,0.692164175376615,0.0600000063529411,0.838709686233703,0.135493375290918,0.3938387,0.87544396347917
4,0.130434782608696,0.770833333333333,0,0,0.0475285160563258,0.00203537365042335,0.053416139290923,0.000878954014588023,0.10947586396517,0.0907617551925588,0.100147273931169,0.13717847974502,0.669776121815131,0.112941181453287,0.776091085190959,0.129602351770233,0.36523178,0.932728290229307
4,0.841897233201581,0.9375,0,0,0.0171102668753344,0.000257689864380857,0.0844720359955257,0.00098314593379332,0.1156726046684,0.0940032430632354,0.0972017687982197,0.155884631928772,0.647388068253648,0.0705882415847751,0.86717270689053,0.147275395822714,0.41959706,0.89829831522068
4,0.624505928853755,0.704166666666667,0.333333323333334,0,0.0532319463328951,0.000881373220462583,0.0732919258824891,0.00244984900834205,0.148205535188398,0.132090754717105,0.120029446833362,0.193296950325894,0.675373131007741,0.0317647056955017,0.901328304354244,0.182621497182463,0.3588616,0.865937840454262
4,0.233201581027668,0.708333333333333,0.333333323333334,0,0.0570342206364123,0.00121002141333669,0.0596273262343276,0.00150677596336471,0.136844829956463,0.124797399714728,0.118556707521674,0.167575996334341,0.70708956176835,0.0764705928442906,0.796963963590406,0.158321066580846,0.28569087,0.878565228423903
4,0.075098814229249,0.9875,0,0,0.0627376509129816,0.000840292062746844,0.0372670836480072,0.0011541264628028,0.0937258007351139,0.0769854098621184,0.0802650944015825,0.123928298552508,0.688432835914875,0.0894117700622837,0.795066432295511,0.117083954955199,0.40343738,0.904173759922829
4,0.774703557312253,0.9375,0,0,0.0836501920918331,0.00688666056816128,0.0745341561158909,0.0054821019537116,0.112057839258182,0.0956239869985736,0.11045656177867,0.129384255514131,0.684701496453135,0.150588240525952,0.700189765083949,0.122974958593704,0.29272884,0.979404516510985
4,0.683794466403162,0.695833333333333,0,0,0.0475285229004325,0.00270760752245799,0.111801235291849,0.00750182569607229,0.13632842792652,0.123987035040414,0.120029446833362,0.165237715035457,0.705223888679271,0.0858823565536332,0.78368122744834,0.156111924476348,0.29896173,0.892833671512479
4,0.454545454545455,0.975,0.333333323333334,0,0.0475285160563258,0.000556459777291618,0.0496894329385445,0.00284257088132414,0.0991479488504399,0.0810372769938191,0.0868924875781113,0.129384255514131,0.677238817529656,0.0964705939031142,0.795066432295511,0.12223858893786,0.38969478,0.913198085737878
4,0.450592885375494,0.795833333333333,0.333333323333334,0,0.0551330783515736,0.00024275082523426,0.0534161482350218,0.00187278390721685,0.105602901025651,0.0850891441255198,0.0927835044714028,0.138737338620816,0.658582086638867,0.0952941234394463,0.815939293617159,0.131075117591494,0.40993193,0.914155955468635
4,0.0790513833992095,0.920833333333333,0,0,0.0817490498069945,0.00270760853080875,0.0509316788241193,0.00171248915183158,0.0945003863516774,0.0826580209291574,0.0817378469680571,0.119251749984357,0.722014933048145,0.0929411814532872,0.755218223869311,0.112665684000989,0.32791784,0.894347910501119
4,0.960474308300395,0.833333333333333,0,0,0.0570342206364123,0.00134446774406928,0.0447204985887889,0.00166707302700403,0.0950167883816201,0.0786061610908117,0.0854197350116367,0.120810601845344,0.69029852243679,0.108235298539792,0.762808366126692,0.114138443194857,0.3748065,0.920850987605377
4,0.640316205533597,0.691666666666667,0.333333323333334,0,0.0399239777154515,0.000705845530344098,0.0559006176459244,0.000569049267580549,0.170926931709587,0.154781191691906,0.142120768467446,0.216679658092606,0.667910452084261,0.0341176550934256,0.905123332788438,0.204712818816548,0.3211389,0.867868034335711
4,0.739130434782609,0.729166666666667,0,0,0.0304182341239566,0.000164323259505924,0.0173913075657573,0.000149609137492159,0.129098890134745,0.111831440938666,0.120765823116599,0.154325794097403,0.673507478067916,0.122352946221453,0.757115772242006,0.145802649883633,0.30188268,0.945425079560166
4,0.33596837944664,0.7625,0,0,0.0608365120501963,0.00128471378568755,0.0422360202337876,0.000277845446730947,0.116963606257587,0.0964343589662428,0.11045656177867,0.143413873159349,0.654850747177127,0.128235299175086,0.766603428716483,0.135493375290918,0.35213172,0.946383721536355
4,0.454545454545455,0.833333333333333,0,0,0.0589353560771442,0.00113906256050105,0.0360248467065313,0.00123160279382054,0.0957913809695238,0.0810372769938191,0.0817378469680571,0.124707720975597,0.701492540822009,0.0870588280761245,0.785578758743235,0.117820331238436,0.37534603,0.895840912740379
4,0.573122529644269,0.945833333333333,0,0,0.0703422097861761,0.000601276198969385,0.0596273217622781,0.0013464807751818,0.12393494652006,0.109400325035659,0.109720172240647,0.152766956266034,0.69402986189853,0.0929411814532872,0.78368122744834,0.144329903944552,0.3152556,0.903467977961794
4,0.50197628458498,0.683333333333333,0,0,0.0741444909338,0.0042462755556416,0.0608695430515812,0.00312308758687686,0.165762988094903,0.152350090375609,0.144329903944552,0.201091181571592,0.688432835914875,0.0682352995986159,0.829222029759226,0.189985266642229,0.2849537,0.891055928952077
4,0.644268774703557,0.695833333333333,0.666666646666667,0,0.0475285126342724,0.000870171280476393,0.0559006221179738,0.00104993555345865,0.166021185624204,0.147487836689529,0.139911626362948,0.211223680086557,0.652985077446258,0.0458823597301038,0.901328304354244,0.199558164951707,0.32921228,0.878761630582799
4,0.794466403162055,0.820833333333333,0,0,0.0589353663433043,0.00140795653282222,0.040993787764361,0.00220406106706801,0.13426285466345,0.113452184874005,0.117083954955199,0.172252523858066,0.647388068253648,0.081176476816609,0.850094891080874,0.162739317652877,0.36886615,0.913422943462149
4,0.434782608695652,0.933333333333333,0,0,0.0551330680854135,0.00131832493982163,0.0608695475236306,0.00184072622567953,0.108959468906568,0.085899516093189,0.105301914541223,0.134840205460944,0.639925389330168,0.140000005294118,0.762808366126692,0.127393216293128,0.3880957,0.959422028015553
4,0.173913043478261,0.725,0.333333323333334,0,0.0741444772455865,0.00375330476877307,0.0434782527032141,0.00193690338186903,0.13013168025195,0.106969209132652,0.113402053656833,0.169914249573991,0.632462693615644,0.0823529483391003,0.863377610145141,0.160530182175772,0.40087178,0.907556564249855
4,0.312252964426877,0.720833333333333,0,0,0.117870712154288,0.0119508259602726,0.0931677035299563,0.00422378055358528,0.122902149431515,0.0988654748692502,0.113402053656833,0.155884631928772,0.628731354153904,0.115294122380623,0.814041762322264,0.147275395822714,0.39835298,0.934827958407197
4,0.770750988142292,0.7125,0,0,0.0399239469169712,0.000436951094181574,0.0136645862320133,0.000269830611582216,0.138652219632912,0.123176670366099,0.120029446833362,0.173031946281155,0.682835826722265,0.0752941213217993,0.823529418796741,0.163475693936114,0.31489658,0.892424935435665
4,0.0197628458498024,0.858333333333333,0,0,0.072243345226908,0.00513885423523452,0.0881987423479042,0.009021962471649,0.101471726614151,0.0834684001901815,0.0883652401445859,0.132501952221295,0.677238817529656,0.0929411814532872,0.800759026180197,0.125184100698202,0.39533988,0.907899693040835
4,0.0988142292490119,0.833333333333333,0,0,0.0570342206364123,0.00147891447814218,0.0372670836480072,0.00131442237231509,0.114123419492592,0.100486226097943,0.0972017687982197,0.144972725020336,0.703358215590193,0.0776470654256055,0.798861494885302,0.136966134484785,0.33385554,0.886942194323644
4,0.458498023715415,0.979166666666667,0,0,0.0779467789255307,0.0056654362770722,0.0596273217622781,0.00423179863471628,0.107668481260061,0.0875202600285272,0.0949926333211146,0.140296176452185,0.660447773160782,0.0964705939031142,0.812144231027368,0.132547863530575,0.3959547,0.91324185190834
4,0.636363636363636,0.9,0,0,0.0475285160563258,0.00100461599784778,0.0708074497635124,0.0062114489226627,0.0973405661453313,0.0737439219914418,0.0957290162317451,0.121590024268433,0.639925389330168,0.147058828076125,0.751423161279521,0.115611195761331,0.42550126,0.965512677374073
4,0.885375494071146,0.879166666666667,0.333333323333334,0,0.0513308006260031,0.000481767909116136,0.039751550822885,0.00123961798963397,0.0975987636746325,0.0786061610908117,0.0905743756216909,0.123148862099802,0.671641791546001,0.121176475757785,0.760910834831796,0.116347565417176,0.38572726,0.940373973280812
7,0.367588932806324,0.520833333333333,0,0,0.00760456400627454,2.9877066917383e-05,0.00496894441186681,2.13727395298557e-05,0.0178156476472703,0.00729335500237727,0.0382916045044801,0.00623538569803942,0.755597021785893,0.234117655093426,0.493358649006766,0.0382916045044801,0.84708995,0.163335532833819
7,0.8300395256917,0.533333333333333,0,0,0.0114068448116931,8.96311896602907e-05,0.00621118068253536,4.54170884475716e-05,0.0364058885795783,0.0235008111304766,0.0633284200049454,0.020265002641777,0.733208959828887,0.26941176900346,0.459203051543051,0.0633284200049454,0.69660497,0.167813146152233
7,0.766798418972332,0.520833333333333,0,0,0.0399239537610779,0.000526583110689486,0.0260869556467729,0.000344634950983572,0.0170410536650985,0.00486223691136335,0.0382916045044801,0.00623538569803942,0.744402986609629,0.237647063307958,0.499051251430351,0.0382916045044801,0.9111552,0.153414227161534
7,0.142292490118577,0.495833333333333,0,0,0.0266159690599835,0.000971004510957949,0.0285714250576755,0.000686598836613742,0.011360702443399,0.00810372842871741,0.0198821795295863,0.0054559625734696,0.80783582294428,0.175294121321799,0.535104378481181,0.0198821795295863,0.85555553,0.182040341261972
7,0.505928853754941,0.520833333333333,0,0,0.0684410675013374,0.00156854738199876,0.0186335384699666,8.81624767718748e-05,0.0431190292213487,0.0267423019184952,0.0706921960921046,0.0296180822410575,0.70708956176835,0.274117657211073,0.478178381569804,0.0706921960921046,0.6577441,0.145867005402612
7,0.367588932806324,0.5375,0,0,0.00570342240584656,3.36116865432768e-05,0.00745341449357674,3.20590880535903e-05,0.0211722190138565,0.0129659646107453,0.0405007353424099,0.00857365507174887,0.770522393065688,0.229411766885813,0.485768511872725,0.0405007353424099,0.79788357,0.177684558054432
7,0.351778656126482,0.5125,0,0,0.0133079847010944,1.86731717390743e-05,0.0211180092224839,0.000109535538812017,0.0147172745071193,0.00729335500237727,0.030927837032932,0.00467653944889978,0.777985078705586,0.21294117933564,0.504743845315037,0.030927837032932,0.88148147,0.173089009428193
7,0.624505928853755,0.529166666666667,0,0,0.00570342240584656,0.000168058462966907,0.00745341717680639,9.61772686408425e-05,0.018590240932308,0.00810372842871741,0.0390279827759353,0.00701480882260923,0.755597021785893,0.234117655093426,0.493358649006766,0.0390279827759353,0.82685184,0.162231859807907
7,0.66403162055336,0.520833333333333,0,0,0.00950570526449718,6.34887786694287e-05,0.0186335384699666,0.000152280674671032,0.01445907558355,0.00486223691136335,0.0324005895994066,0.00467653944889978,0.763059704067582,0.221176481051903,0.506641380025492,0.0324005895994066,0.87751323,0.15944851939146
7,0.474308300395257,0.5125,0,0,0.00760456503289055,2.98770739758383e-05,0.0186335384699666,5.610346798847e-05,0.0116188999727002,0.00486223691136335,0.0265095727061151,0.0023382696543018,0.783582092935509,0.205882357612457,0.510436447738623,0.0265095727061151,0.93703705,0.173089009428193
7,0.162055335968379,0.516666666666667,0,0,0.0133079867543264,0.000153119938079197,0.00993788770572126,0.000117549970016288,0.0167828568329313,0.00972447382272669,0.0338733421658811,0.0054559625734696,0.779850748436456,0.217647062249135,0.495256180301661,0.0338733421658811,0.84973544,0.179964864511637
7,0.130434782608696,0.5,0,0,0.0114068434428718,0.000179262328903043,0.016149065705027,0.000398066935247592,0.0056803512216995,0.00243111838274812,0.0125184087443416,0.00155884638943581,0.809701496033359,0.16588235867128,0.548387111207688,0.0125184087443416,0.9259259,0.165868229243743
7,0.458498023715415,0.525,0,0,0.00760456400627454,7.46926345220579e-05,0.0149068321175881,0.000128236320704011,0.021688614769593,0.011345219216736,0.0419734912225811,0.0101325013208885,0.755597021785893,0.234117655093426,0.493358649006766,0.0419734912225811,0.77248675,0.162692722451382
7,0.877470355731225,0.541666666666667,0.333333323333334,0,0.072243345226908,0.00182250082281422,0.0173913015284906,0.000117550179201812,0.0686806055361923,0.0437601300142636,0.109720172240647,0.0491036617582646,0.639925389330168,0.344705874442907,0.432637596336717,0.109720172240647,0.6402237,0.143119423307257
7,0.177865612648221,0.5,0,0,0.00950570321126515,6.34887685859212e-05,0.0397515485868603,0.00133579543435523,0.0098115158733235,0.00567260960836799,0.0184094249748938,0.00467653944889978,0.802238810393462,0.175294121321799,0.540796977489207,0.0184094249748938,0.77037036,0.166675863662084
7,0.217391304347826,0.5375,0,0,0.0323193914658301,0.000466828809468494,0.00621117934092054,4.54170307412201e-05,0.0387296663432894,0.0267423019184952,0.0625920503491012,0.0249415427921577,0.738805977417019,0.255294125557093,0.476280850274908,0.0625920503491012,0.6392537,0.163163187798925
7,0.16600790513834,0.525,0,0,0.00570342240584656,7.8427298515385e-05,0.0310558967046027,0.00126366213441547,0.0116188999727002,0.00486223691136335,0.0250368181514225,0.00389711632432997,0.783582092935509,0.198823535889273,0.521821647462454,0.0250368181514225,0.91798943,0.163335532833819
7,0.66798418972332,0.533333333333333,0,0,0.036121672613454,0.000511644837889465,0.016149065705027,0.000205712363190001,0.0291763486964012,0.0137763365784144,0.0567010268284166,0.0148090414712692,0.718283585190883,0.270588238408304,0.472485782561778,0.0567010268284166,0.78617525,0.153876466416431
7,0.466403162055336,0.529166666666667,0,0,0.0266159731664475,0.000522848522322466,0.016149069059064,0.000205712478602704,0.024786987909744,0.0129659646107453,0.0478645067903939,0.0116913475700281,0.744402986609629,0.248235298539792,0.481973452698494,0.0478645067903939,0.7794973,0.163335532833819
7,0.407114624505929,0.525,0,0,0.0095057045800865,0.000153119877578151,0.00621118023533042,0.00010953517814732,0.025819778026949,0.0153970834310947,0.0471281285189387,0.0132501938191678,0.753731348696814,0.240000002117647,0.485768511872725,0.0471281285189387,0.7319224,0.16548286198522
7,0.205533596837945,0.5125,0,0,0.0741444909338,0.000302505227290328,0.0062111773284983,1.33579469395586e-05,0.048541184308015,0.0340356591088789,0.074374077508291,0.0350740441130462,0.718283585190883,0.267058830193772,0.478178381569804,0.074374077508291,0.5872341,0.152051163610184
7,0.209486166007905,0.508333333333333,0,0,0.0532319463328951,0.00101582001503653,0.0111801248707997,0.000248457809220655,0.0374386793939173,0.0267423019184952,0.0596465385887589,0.024162118966107,0.748134334466891,0.247058829134948,0.480075917988039,0.0596465385887589,0.6304714,0.167237269303219
7,0.0316205533596838,0.495833333333333,0,0,0.00190114166886904,1.86731787975296e-05,0.0583850870568269,0.00450163281262706,0.0121352964255708,0.00729335500237727,0.0213549340842788,0.00701480882260923,0.79664179280533,0.178823536948097,0.540796977489207,0.0213549340842788,0.5509259,0.15944851939146
7,0.264822134387352,0.516666666666667,0,0,0.0285171147668755,0.000481767737696507,0.00745341717680639,0.00019235454024305,0.043377228842052,0.0291734200095091,0.06921944352563,0.0296180822410575,0.722014933048145,0.265882360788927,0.476280850274908,0.06921944352563,0.6175926,0.154223909709064
7,0.422924901185771,0.529166666666667,0,0,0.00950570115803313,6.34887222017863e-05,0.0111801235291849,8.81624984117565e-05,0.0222050098281955,0.0105348457903958,0.0441826200722929,0.0101325013208885,0.746268659698708,0.242352951515571,0.489563581293635,0.0441826200722929,0.79960316,0.160550681502397
7,0.375494071146245,0.516666666666667,0,0,0.0133079867543264,6.34887181683833e-05,0.00372670724678837,2.40443178245043e-05,0.013426285466345,0.00729335500237727,0.0294550824782395,0.0023382696543018,0.787313437434562,0.211764707813149,0.497153716719896,0.0294550824782395,0.92777777,0.18682346158847
7,0.328063241106719,0.5125,0,0,0.0152091252749064,0.000119508182968068,0.016149065705027,0.00010953525028026,0.0147172745071193,0.00729335500237727,0.030927837032932,0.00467653944889978,0.777985078705586,0.21294117933564,0.504743845315037,0.030927837032932,0.8740741,0.173089009428193
7,0.0355731225296443,0.525,0,0,0.0190114057381196,7.46926849395958e-05,0.00621118023533042,1.33579577594995e-05,0.00645494450673724,0.000810372769938191,0.0176730486916565,0,0.792910451664485,0.187058829134948,0.53130931418361,0.0176730486916565,1,0.165868229243743
2,0.375494071146245,0.466666666666667,0,0,0.0437262349087018,0.00015312038175353,0.040993787764361,0.00149876206594419,0.15078751048141,0.107779581100321,0.226804107313666,0.111457518738659,0.488805990010303,0.53176473216609,0.284630018712486,0.226804107313666,0.5595462,0.150154075554646
2,0.426877470355731,0.495833333333333,0,0,0.0380228114762393,0.000746926244385503,0.218633531761892,0.0156982656180401,0.09088562094146,0.0721231780561036,0.125184100698202,0.072486362510168,0.675373131007741,0.317647056955017,0.440227721516298,0.125184100698202,0.5481241,0.152233833230745
2,0.719367588932806,0.591666666666667,0,0,0.17110268586361,0.0123690989296962,0.0670807456471587,0.00496916007815142,0.195197527349265,0.155591578246285,0.256995594572934,0.167575996334341,0.498134338664652,0.474117636034602,0.368121463999078,0.256995594572934,0.44774532,0.134544258938594
2,0.256916996047431,0.620833333333333,0,0,0.10266162520638,0.00407822119666228,0.0621118023533042,0.000309904397808001,0.159308035919691,0.132901126684774,0.209131069888578,0.131722529798206,0.600746274608766,0.40823528583391,0.370018995293973,0.209131069888578,0.4260139,0.152006323011294
2,0.387351778656126,0.604166666666667,0,0,0.0703422097861761,0.00266279157470508,0.0559006176459244,0.0037428985235506,0.146398145511949,0.12236629839843,0.193667148058416,0.119251749984357,0.62126865843938,0.392941172982699,0.373814057883764,0.193667148058416,0.4313206,0.156935448088277
2,0.225296442687747,0.5625,0.333333323333334,0,0.119771874971447,0.00711447453228658,0.0559006332980973,0.00335818881679849,0.158533436360447,0.132090754717105,0.209131069888578,0.130163670922411,0.600746274608766,0.411764715224913,0.364326401409287,0.209131069888578,0.42982522,0.154332259100765
2,0.853754940711462,0.570833333333333,0,0,0.0703422097861761,0.00257316391427244,0.0236024772917716,0.000366008171716181,0.202685262670341,0.156401950213954,0.275405014908652,0.169914249573991,0.449626858497856,0.528235281598616,0.330170803945573,0.275405014908652,0.4837708,0.135345010299823
2,0.1699604743083,0.475,0,0,0.0171102668753344,0.000212874007379514,0.00993788502249161,0.000117549883456761,0.127033302928995,0.10858995306799,0.164212083474138,0.105222132339139,0.666044782353391,0.339999996823529,0.413662249232165,0.164212083474138,0.39868945,0.157822170511623
2,0.537549407114625,0.566666666666667,0.333333323333334,0,0.0532319463328951,0.00128471509654353,0.0459627310582155,0.00203307945606445,0.189775365291258,0.149918959885891,0.256259211662303,0.157443490804568,0.498134338664652,0.49529410649827,0.333965866535363,0.256259211662303,0.4681647,0.140951629651908
2,0.173913043478261,0.575,0,0,0.0855513343766718,0.00334996607908051,0.0149068231734892,0.000192354251711293,0.117221803786888,0.0980551101949361,0.157584690297609,0.0927513595400979,0.664179112622521,0.352941192041522,0.394686919205412,0.157584690297609,0.45334122,0.163669663286722
2,0.0790513833992095,0.566666666666667,0.333333323333334,0,0.0665399286385521,0.00163203395238003,0.029813657527102,0.000609122866260691,0.0436354242799512,0.0421393838909188,0.0559646571725725,0.0319563495103243,0.809701496033359,0.201176472581315,0.49146111771187,0.0574374097390471,0.46406928,0.245076083382697
2,0.853754940711462,0.495833333333333,0,0,0.0798479109442092,0.00255448855239552,0.0322981403541528,0.000341963738402926,0.148980120804961,0.115072936102698,0.211340211993076,0.115354637868912,0.55223879444197,0.465882350200692,0.326375724277983,0.211340211993076,0.50544137,0.152644617436748
2,0.316205533596838,0.6125,0,0,0.0969581778195436,0.00115400178115078,0.0322981403541528,0.00127167689743126,0.14665634304125,0.12236629839843,0.192194402119334,0.121590024268433,0.61940298870851,0.384705897737024,0.388994325320726,0.192194402119334,0.41915956,0.151338968654474
2,0.462450592885375,0.479166666666667,0,0,0.0228136903077969,0.000403340040882573,0.0409937922364104,0.00153082140653911,0.143299768188994,0.11750404471235,0.189985266642229,0.118472334576077,0.61007464005416,0.389411775356401,0.390891856615622,0.189985266642229,0.437078,0.148635488488465
2,0.387351778656126,0.575,0,0,0.125475291559803,0.00461600288952993,0.047204963527642,0.00114344032851389,0.148980120804961,0.121555926430761,0.198821795295863,0.122369446691522,0.597014935147026,0.405882368200692,0.377609120473555,0.198821795295863,0.4451721,0.151492360100395
2,0.505928853754941,0.608333333333333,0,0,0.0836501920918331,0.00357030836576189,0.0496894329385445,0.00123961755683633,0.161373616154101,0.132901126684774,0.212076581648921,0.134840205460944,0.585820899970762,0.412941174041522,0.377609120473555,0.212076581648921,0.43023896,0.146862127581493
2,0.41897233201581,0.5625,0,0,0.0646387897757669,0.00101582031754175,0.047204963527642,0.000951085150539609,0.148980120804961,0.12236629839843,0.196612659818758,0.123928298552508,0.602611944339636,0.395294132968858,0.388994325320726,0.196612659818758,0.43278608,0.147600360638617
2,0.0434782608695652,0.595833333333333,0,0,0.110266156703147,0.00307733364632541,0.0521739090575212,0.00230825551092618,0.137361218043725,0.10858995306799,0.189248890358992,0.109898673892481,0.591417909163372,0.412941174041522,0.371916526588869,0.189248890358992,0.47971532,0.151367810342566
2,0.158102766798419,0.579166666666667,0,0,0.0608365120501963,0.00195694664937143,0.0484472027051427,0.00108199373992655,0.1445907558355,0.11831443126673,0.193667148058416,0.117692912152988,0.60634330059242,0.40117647999308,0.37571158917866,0.193667148058416,0.44157267,0.15265270922584
2,0.0513833992094862,0.5625,0.333333323333334,0,0.0304182560250982,0.000478032675404631,0.0248447209413217,0.000534318050781936,0.0738445630935573,0.0583468400190182,0.103829161974748,0.0568979000187716,0.703358215590193,0.292941178276817,0.45161291440901,0.103829161974748,0.48786426,0.157011648566885
2,0.640316205533597,0.583333333333333,0,0,0.131178701304052,0.0111478863354759,0.0347826097650553,0.00162432863411429,0.212496782726469,0.168557529728991,0.283505167279049,0.179267332680675,0.462686596987079,0.522352955750865,0.326375724277983,0.283505167279049,0.45744765,0.138424926538055
2,0.83399209486166,0.5875,0,0,0.171102668753344,0.00770827847905212,0.053416139290923,0.00235367221281725,0.185127809763836,0.148298223243908,0.249631818485775,0.151987519813328,0.52052240901718,0.484705871266436,0.328273255572879,0.249631818485775,0.46343043,0.147472637959338
2,0.241106719367589,0.5375,0,0,0.0836502023579933,0.0010158197125313,0.0310559011766521,0.000494244271769445,0.160340826036896,0.130470025368477,0.213549320960609,0.132501952221295,0.576492551316412,0.424705878678201,0.368121463999078,0.213549320960609,0.4443531,0.147215631321973
2,0.233201581027668,0.479166666666667,0,0,0.0285171103182061,0.000616214582687989,0.0124223613650707,0.000117549926736524,0.140201390866038,0.119935175202068,0.181148751243382,0.116134053277192,0.649253737984518,0.361176467287197,0.396584450500308,0.181148751243382,0.40593585,0.157818880074565
2,0.0790513833992095,0.466666666666667,0,0,0.0304182341239566,0.000388402675598234,0.0223602470583697,0.000256472427970569,0.134521052192751,0.114262564135029,0.174521358066853,0.111457518738659,0.651119407715388,0.355294109674741,0.404174592757688,0.174521358066853,0.4089133,0.155866240711755
2,0.229249011857708,0.533333333333333,0,0,0.235741468795271,0.00702109762206691,0.0372670769399331,0.000577063705998114,0.114123419492592,0.0907617551925588,0.156848300759585,0.09119251469392,0.636194033077384,0.363529427273356,0.406072124052584,0.156848300759585,0.48272505,0.15544828805359
2,0.901185770750988,0.566666666666667,0,0.5,0.138783267021353,0.0141804024206872,0.0559006176459244,0.000921698912408339,0.190291774292541,0.152350090375609,0.256259211662303,0.156664068381479,0.511194060362831,0.492941167688581,0.324478192983088,0.256259211662303,0.45740503,0.146006009580376
2,0.74703557312253,0.520833333333333,0,0,0.0779467789255307,0.00154240256104959,0.063354032586706,0.000440811941267317,0.0338239111951638,0.0210696915807917,0.0567010268284166,0.0218238502938784,0.735074629559757,0.249411767944637,0.489563581293635,0.0567010268284166,0.70975137,0.154494481005322
2,0.264822134387352,0.608333333333333,0,0,0.199619751695123,0.0144642329919461,0.0310559011766521,0.0011995435974915,0.149496522834904,0.123176670366099,0.198821795295863,0.122369446691522,0.604477614070506,0.403529408214533,0.373814057883764,0.198821795295863,0.43888178,0.152749323844563
2,0.533596837944664,0.491666666666667,0.333333323333334,0,0.0665399354826589,0.00311095135473941,0.0447204851726407,0.00227619667526183,0.172217919356094,0.139384109719482,0.231222391522663,0.141075591860465,0.55223879444197,0.455294114968858,0.343453523009841,0.231222391522663,0.44974732,0.148259136355964
2,0.758893280632411,0.595833333333333,0,0,0.058935345810984,0.00257316139339554,0.0447204941167395,0.0013464807751818,0.19623031746647,0.157212314888268,0.262150228555595,0.163678877204088,0.501865661335348,0.49411762650519,0.332068318162669,0.262150228555595,0.45353317,0.143218354662277
2,0.91699604743083,0.595833333333333,0,0,0.127376433844642,0.01171554243624,0.0149068171362225,0.000416768265349925,0.230054228661634,0.183144239733746,0.308541980791296,0.191738112494525,0.436567187172811,0.562352957868512,0.288425064224478,0.308541980791296,0.45878506,0.141274797577265
3,0.229249011857708,0.316666666666667,0,0.5,0.382129304955979,0.0855865636858205,0.295652128220365,0.0505144377072139,0.119287370078617,0.0891410039638655,0.155375554820504,0.109898673892481,0.587686569701632,0.332941180394464,0.504743845315037,0.155375554820504,0.65204316,0.105109435991388
3,0.517786561264822,0.333333333333333,0,0.5,0.648289019510187,0.190081569526188,0.747826097650553,0.641523600603448,0.298476650611205,0.261750415411268,0.349042716133706,0.279812937496089,0.485074616966474,0.444705879737024,0.428842516669127,0.349042716133706,0.39882392,0.117199727263059
3,0.545454545454545,0.4875,0,0,0.100760458967167,0.00795103398303389,0.0708074564715866,0.00896852999688099,0.0369222815467787,0.0178282007927731,0.0633284200049454,0.0272798114643862,0.69029852243679,0.267058830193772,0.506641380025492,0.0633284200049454,0.8047243,0.124869954288946
3,0.462450592885375,0.508333333333333,0,0,0.00760456263745319,2.98770608672785e-05,0.00496894351745692,2.13727352018794e-05,0.00516395546596299,0,0.0147275409077501,0,0.79664179280533,0.178823536948097,0.540796977489207,0.0147275409077501,1,0.15944851939146
3,0.213438735177866,0.2875,0.333333323333334,0,0.0627376338027147,0.00433590825782803,0.040993787764361,0.000793461982826273,0.0493157789873208,0.0210696915807917,0.0824742298786875,0.0413094305125665,0.623134344961294,0.302352933515571,0.518026579749324,0.0824742298786875,0.77528197,0.105202978416328
3,0.00790513833992095,0.333333333333333,0,0.5,0.0760456332186387,0.00509403879165699,0.0223602470583697,0.00141059981703635,0.039246063493294,0.0137763365784144,0.0706921960921046,0.0303975060671082,0.645522398522778,0.291764708871972,0.512333982449078,0.0706921960921046,0.82974845,0.110838338728839
3,0.225296442687747,0.35,0,0,0.0741445011999601,0.00164697196300885,0.0434782594112882,0.000494244618007554,0.0309837362814481,0.00891410039638655,0.0596465385887589,0.0218238502938784,0.671641791546001,0.276470596020761,0.510436447738623,0.0596465385887589,0.8749174,0.119256636547136
3,0.383399209486166,0.554166666666667,0,0,0.00760456263745319,2.98770780092413e-05,0.00745341583519156,6.41181660846167e-05,0.00697134026247375,0,0.0198821795295863,0,0.783582092935509,0.195294122380623,0.52751424647048,0.0198821795295863,1,0.15944851939146
3,0.446640316205534,0.379166666666667,0,0,0.038022818320346,0.00123989814043987,0.0260869511747235,0.000633167083175128,0.0281435585791962,0.00729335500237727,0.0559646571725725,0.0187061570941182,0.680970156991395,0.271764707813149,0.508538916443727,0.0559646571725725,0.8912177,0.12222689393402
3,0.0948616600790514,0.333333333333333,0,0,0.0551330783515736,0.00441060133602442,0.0310559011766521,0.00071865772277115,0.0271107670677232,0.00648298230537263,0.0537555283228606,0.0187061570941182,0.682835826722265,0.265882360788927,0.516129046746649,0.0537555283228606,0.9114478,0.115769646238565
3,0.304347826086957,0.366666666666667,0,0,0.0551330783515736,0.00808547870040528,0.0683229714085111,0.0106569749203329,0.0289181511671,0.00810372842871741,0.0596465385887589,0.0163678884218897,0.680970156991395,0.285882351259516,0.485768511872725,0.0596465385887589,0.91089994,0.132373258785908
3,0.0513833992094862,0.454166666666667,0,0,0.0114068434428718,0.000134446744156406,0.00993788703491385,0.000213727198338732,0.0111025049140978,0,0.0257731950973992,0.00623538569803942,0.753731348696814,0.204705888207612,0.542694510491882,0.0257731950973992,1,0.122292501219854
3,0.0671936758893281,0.466666666666667,0,0,0.0247148315660196,0.000870169233524355,0.0136645951761121,0.00030188969249856,0.00748773532107623,0.000810372769938191,0.0176730486916565,0.00311769284901971,0.785447766024588,0.18235294516263,0.546489579912793,0.0176730486916565,0.9814815,0.146888702897121
3,0.134387351778656,0.270833333333333,0,0.5,0.266159714554209,0.193812517746973,0.175155272350604,0.14550819532156,0.0942421888223761,0.0615883351830497,0.128865982114389,0.0888542474246532,0.578358221047282,0.320000016941176,0.535104378481181,0.128865982114389,0.6374209,0.0874400743840231
3,0.482213438735178,0.520833333333333,0,0,0.0190114057381196,0.00110545130553189,0.0149068298815634,0.000961772366822603,0.00774593424464552,0.000810372769938191,0.0198821795295863,0.00155884638943581,0.783582092935509,0.191764708871972,0.533206845478506,0.0198821795295863,0.9861111,0.156665229338846
3,0.138339920948617,0.558333333333333,0,0,0.0095057045800865,0.000197935512742327,0.0285714272937002,0.00148807571525646,0.00593854944813476,0.00243111838274812,0.00957290096043519,0.0054559625734696,0.80783582294428,0.150588240525952,0.574952576319146,0.00957290096043519,0.25185186,0.0861598929130617
3,0.521739130434783,0.379166666666667,0,0.5,0.75475286426723,0.377724563747128,0.668322897619696,0.352030203223231,0.306997169078146,0.273095615665281,0.349042716133706,0.294621970549588,0.501865661335348,0.405882368200692,0.474383318980013,0.349042716133706,0.3978916,0.105320494025548
3,0.272727272727273,0.3625,0.333333323333334,0,0.0418250926238632,0.00173286943148378,0.0397515485868603,0.000951086016134881,0.0325329200629875,0.00891410039638655,0.0611192911552335,0.0249415427921577,0.660447773160782,0.276470596020761,0.521821647462454,0.0611192911552335,0.89084005,0.108912358621377
3,0.316205533596838,0.4625,0,0.5,0.252851725404445,0.0654942572407651,0.108074531175495,0.0304801817745815,0.0462174037557677,0.0243111830981457,0.0751104537915283,0.0366328910636667,0.667910452084261,0.281176473640138,0.506641380025492,0.0751104537915283,0.8093314,0.116702686599888
3,0.189723320158103,0.35,0,0,0.0570342172143589,0.00596047325531119,0.0670807411751092,0.00237237195599492,0.0361476889588749,0.0162074561280993,0.0625920503491012,0.0272798114643862,0.684701496453135,0.267058830193772,0.512333982449078,0.0625920503491012,0.79410774,0.120490382564511
3,0.075098814229249,0.525,0,0,0.00380228217423994,2.98770608672785e-05,0.00621118068253536,1.33579635301346e-05,0.0015491867095023,0,0.00441826233859895,0,0.82276119590318,0.14588235867128,0.567362442942221,0.00441826233859895,0.6666667,0.15944851939146
3,0.371541501976285,0.541666666666667,0,0,0.0247148274595555,0.000242751147906502,0.016149065705027,0.00010953525028026,0.0108443073847965,0.000810372769938191,0.0243004418681853,0.00623538569803942,0.761194030978503,0.198823535889273,0.544592045202338,0.0243004418681853,0.9777778,0.12728348987112
3,0.213438735177866,0.404166666666667,0,0,0.218631201919936,0.0226953679592917,0.0757763952933916,0.00729077265037676,0.0604182845985526,0.0372771469795555,0.09351988075464,0.0475448148076441,0.654850747177127,0.30470589350173,0.481973452698494,0.09351988075464,0.7054819,0.12903584905993
3,0.0671936758893281,0.545833333333333,0,0,0.0266159690599835,0.000657295286645887,0.00621118023533042,0.000109535221427084,0.00387296712232276,0.000810372769938191,0.0088365246771979,0.00155884638943581,0.811567165764229,0.156470592844291,0.561669843934195,0.0088365246771979,0.41666666,0.148508135143958
3,0.375494071146245,0.354166666666667,0,0,0.0342205337506687,0.00152372982088464,0.0186335384699666,0.000216398728304311,0.0438936218092524,0.0194489469161179,0.0787923418351079,0.0303975060671082,0.651119407715388,0.309411781709342,0.478178381569804,0.0787923418351079,0.7788625,0.12899579302513
3,0.0711462450592885,0.558333333333333,0,0,0.0304182505498128,0.00168805378623609,0.047204963527642,0.00316316334954518,0.01445907558355,0.00486223691136335,0.0235640649222087,0.0140296176452185,0.763059704067582,0.178823536948097,0.574952576319146,0.0235640649222087,0.45767197,0.0796431655313959
3,0.00790513833992095,0.279166666666667,0,0.5,0.507604538340874,0.359140981956168,0.96894400938236,0.477776468971656,0.555383422320168,0.516207475820158,0.606038257687494,0.538581448524351,0.386194054066189,0.505882341730104,0.430740047964022,0.606038257687494,0.26973316,0.106188732922359
3,0.193675889328063,0.408333333333333,0,0,0.0760456229524785,0.00123989945129585,0.0447204851726407,0.00426385884090648,0.0395042603254612,0.0186385742191132,0.0640648029155758,0.0335151971624256,0.677238817529656,0.258823533771626,0.533206845478506,0.0640648029155758,0.7607343,0.105794719872586
3,0.158102766798419,0.275,0.333333323333334,0,0.0608365120501963,0.000657294853055061,0.0360248399984571,0.00113542621469455,0.0348567013123688,0.00891410039638655,0.0677466843317623,0.0249415427921577,0.643656728791908,0.297647066484429,0.504743845315037,0.0677466843317623,0.8916084,0.115718224765558
3,0.233201581027668,0.504166666666667,0,0,0.00380228217423994,2.9877066917383e-05,0.00496894374105939,2.13727395298557e-05,0.0025819778026949,0,0.00736377078524469,0,0.815298508584178,0.155294123439446,0.55977230922374,0.00736377078524469,0.8888889,0.15944851939146
3,0.391304347826087,0.416666666666667,0,0,0.127376433844642,0.0211268107962906,0.0919254576443815,0.0140632513660327,0.034082108724465,0.0162074561280993,0.0603829148719962,0.0233826958415372,0.699626871091139,0.265882360788927,0.499051251430351,0.0603829148719962,0.8646644,0.138954116114319
3,0.142292490118577,0.270833333333333,0,0,0.0608365120501963,0.000926188926211312,0.040993787764361,0.00130640796996399,0.0575781048048987,0.0275526738861643,0.0883652401445859,0.0537801998042026,0.608208953532245,0.292941178276817,0.548387111207688,0.0883652401445859,0.7230108,0.087962162659902
3,0.00395256916996047,0.320833333333333,0,0,0.123574145852911,0.00727879910264849,0.055900613173875,0.00422378466516282,0.0542215348325805,0.0259319292214905,0.0883652401445859,0.0452065475383773,0.62126865843938,0.308235291128028,0.510436447738623,0.0883652401445859,0.7547033,0.109068335410702
3,0.545454545454545,0.458333333333333,0,0,0.036121672613454,0.000422013789398281,0.0260869534107482,0.000601108211444308,0.025819778026949,0.00567260960836799,0.0515463908575376,0.0179267339695484,0.686567166184005,0.261176472581315,0.519924114459779,0.0515463908575376,0.9074074,0.116283558785631
3,0.118577075098814,0.354166666666667,0,0,0.0798479109442092,0.00363006272748393,0.0621117956452301,0.00444552564847073,0.0263361737826855,0.00729335500237727,0.0530191454122301,0.0163678884218897,0.69402986189853,0.265882360788927,0.504743845315037,0.0530191454122301,0.90923554,0.130268755680096
3,0.0988142292490119,0.525,0,0,0.0019011410186789,1.86731677056713e-05,0.00248447231773464,2.13727395298557e-05,0.00180738444794375,0,0.00515463928457556,0,0.820895524493206,0.148235299598616,0.565464909939545,0.00515463928457556,0.7777778,0.15944851939146
3,0.264822134387352,0.4,0.333333323333334,0,0.0380228114762393,0.00316696796187305,0.0248447164692723,0.00184874070016356,0.012393493954872,0.00162074553987638,0.0301914561105195,0.00389711632432997,0.755597021785893,0.220000001058824,0.516129046746649,0.0301914561105195,0.9814815,0.150695990392595
3,0.509881422924901,0.379166666666667,0,0,0.249049447678874,0.0744125550156173,0.211180101168938,0.0655822368993253,0.100180738967645,0.0737439219914418,0.134020609469657,0.0896336698477422,0.61940298870851,0.317647056955017,0.497153716719896,0.134020609469657,0.5751263,0.11167859212271
3,0.49802371541502,0.291666666666667,0,0,0.832699540531159,0.445870380140169,0.494409859974543,0.189779123178591,0.296669267906097,0.25445706040889,0.343151705867808,0.287607161726979,0.447761205558031,0.424705878678201,0.499051251430351,0.343151705867808,0.3669463,0.095304168589236
3,0.288537549407115,0.491666666666667,0,0,0.00760456297965853,2.9877066917383e-05,0.0024844718705297,2.1372738087197e-05,0.0036147688958875,0,0.0103092785691511,0,0.80783582294428,0.164705888207612,0.552182177213039,0.0103092785691511,1,0.15944851939146
3,0.292490118577075,0.3625,0,0,0.134980992717836,0.0462235449095227,0.104347815879018,0.028340221078402,0.0384714695111222,0.0170178295544395,0.06921944352563,0.0265003883398164,0.673507478067916,0.288235300657439,0.489563581293635,0.06921944352563,0.8721458,0.129468927655796
3,0.150197628458498,0.275,0.333333323333334,0,0.0627376474909282,0.00182623514901004,0.0534161482350218,0.00055836255622813,0.0537051418653801,0.0235008111304766,0.0868924875781113,0.0475448148076441,0.608208953532245,0.303529402920415,0.53130931418361,0.0868924875781113,0.7620489,0.0968131025875174
3,0.189723320158103,0.4375,0,0,0.0456273806155939,0.000313709466316245,0.047204963527642,0.000951086593198395,0.0209140207874213,0.00648298230537263,0.0397643590591726,0.0148090414712692,0.727611942240755,0.227058828076125,0.533206845478506,0.0397643590591726,0.8755291,0.122747034808375
3,0.118577075098814,0.2375,0,0,0.956273754825138,0.205050022264385,0.408695609397788,0.2442715265696,0.328943973011432,0.281199364515392,0.39837996024757,0.300857363963917,0.399253725391234,0.542352967397924,0.358633790446802,0.39837996024757,0.41303283,0.123478502323997
3,0.367588932806324,0.554166666666667,0,0,0.0152091252749064,0.000119508213218591,0.0111801228583775,0.000120221600967982,0.00800413177394676,0,0.0228276873134927,0,0.776119407295611,0.204705888207612,0.519924114459779,0.0228276873134927,1,0.15944851939146
3,0.292490118577075,0.5,0,0,0.00760456297965853,2.9877066917383e-05,0.00745341583519156,3.20590779549788e-05,0.0036147688958875,0,0.0103092785691511,0,0.80783582294428,0.164705888207612,0.552182177213039,0.0103092785691511,1,0.15944851939146
3,0.478260869565217,0.466666666666667,0,0,0.0209125480229583,0.00037719780131134,0.0111801228583775,0.000152280609751387,0.008262329303248,0,0.0220913103675161,0.00155884638943581,0.774253734206533,0.200000007411765,0.529411781180935,0.0220913103675161,1,0.151343501399401
3,0.296442687747036,0.395833333333333,0,0,0.0627376474909282,0.00357404148193681,0.0496894396466186,0.0026822756210083,0.0255615811947818,0.00729335500237727,0.0522827691289929,0.0148090414712692,0.699626871091139,0.265882360788927,0.499051251430351,0.0522827691289929,0.9035714,0.132395519599883
3,0.320158102766798,0.529166666666667,0,0,0.0304182526030448,0.000522848471904928,0.0198757740698277,0.000277845490010711,0.0098115158733235,0,0.0250368181514225,0.00311769284901971,0.763059704067582,0.207058827017301,0.529411781180935,0.0250368181514225,1,0.146091107669396
3,0.41501976284585,0.520833333333333,0,0,0.0114068434428718,0.000179262359153566,0.00869565121145023,7.7476126084152e-05,0.00490575793666175,0.000810372769938191,0.0125184087443416,0.000779423194717905,0.804104480124332,0.169411770062284,0.548387111207688,0.0125184087443416,0.962963,0.15944851939146
3,0.371541501976285,0.35,0,0,0.0247148315660196,0.000825353850447869,0.0248447164692723,0.000181668203981915,0.0451846136385628,0.0170178295544395,0.0832105995345317,0.0319563495103243,0.624999997901119,0.324705873384083,0.480075917988039,0.0832105995345317,0.816909,0.121188828193942
3,0.470355731225296,0.325,0.333333323333334,0,0.136882135002675,0.00963535011551666,0.130434778233865,0.00855175669369054,0.0730699774769939,0.0421393838909188,0.113402053656833,0.0600155826963185,0.597014935147026,0.342352956809688,0.480075917988039,0.113402053656833,0.6866853,0.115397323212665
3,0.0237154150197628,0.5125,0,0,0.0019011410186789,1.86731677056713e-05,0.0012422359576251,1.3357964251464e-05,0.00025819778724083,0,0.000736377012250537,0,0.832089554464246,0.13411765212872,0.576850109492599,0.000736377012250537,0.11111111,0.15944851939146
3,0.387351778656126,0.504166666666667,0,0,0.0152091252749064,0.000388401889084643,0.0124223582346361,0.000566377319243922,0.00516395546596299,0.000810372769938191,0.0132547863530575,0.000779423194717905,0.802238810393462,0.171764709930796,0.546489579912793,0.0132547863530575,0.9814815,0.15944851939146
3,0.201581027667984,0.379166666666667,0,0,0.0247148315660196,0.0005116444849667,0.0186335384699666,0.000408753430201193,0.0201394268052495,0.00486223691136335,0.0419734912225811,0.0116913475700281,0.722014933048145,0.241176471522491,0.516129046746649,0.0419734912225811,0.89973545,0.131358209317292
3,0.49802371541502,0.55,0,0,0.0513308006260031,0.000123242787468701,0.0198757740698277,0.000438140858525961,0.0291763486964012,0.00648298230537263,0.0625920503491012,0.015588464595839,0.667910452084261,0.298823535889273,0.478178381569804,0.0625920503491012,0.915376,0.132081282860827
3,0.304347826086957,0.370833333333333,0,0,0.0532319326446816,0.00836557736551021,0.0571428545874003,0.00636907237890779,0.032016526398653,0.0105348457903958,0.0625920503491012,0.020265002641777,0.675373131007741,0.285882351259516,0.49146111771187,0.0625920503491012,0.87633204,0.128198667859842
3,0.280632411067194,0.416666666666667,0,0,0.0171102668753344,0.000302505227290328,0.0211180101168938,0.00100718935724542,0.00903692189115173,0,0.0235640649222087,0.0023382696543018,0.768656721655714,0.203529415626298,0.529411781180935,0.0235640649222087,1,0.151877324448258
3,0.505928853754941,0.333333333333333,0,0.5,0.933460156912782,0.75852243943442,0.565217383526871,0.272611656749033,0.308804544811915,0.280388970667658,0.349042716133706,0.293063139733028,0.539179123116924,0.397647050602076,0.449715389945234,0.349042716133706,0.34888473,0.121528414728701
3,0.126482213438735,0.545833333333333,0,0,0.00380228217423994,2.9877066917383e-05,0.00248447231773464,2.13727395298557e-05,0.00025819778724083,0,0.000736377012250537,0,0.832089554464246,0.13411765212872,0.576850109492599,0.000736377012250537,0.11111111,0.15944851939146
3,0.339920948616601,0.516666666666667,0,0,0.0133079847010944,0.000242751097488965,0.00745341583519156,0.000128236342343893,0.00671314273317251,0,0.0184094249748938,0.000779423194717905,0.785447766024588,0.189411772179931,0.535104378481181,0.0184094249748938,1,0.155561556312934
3,0.541501976284585,0.525,0.333333323333334,0,0.0570342343246258,0.00179262369237074,0.0223602492943945,0.000128236039385548,0.0531887440182415,0.0226904384334719,0.0920471281881655,0.0413094305125665,0.60634330059242,0.33058825217301,0.489563581293635,0.0920471281881655,0.77986646,0.114727635331605
3,0.154150197628458,0.35,0,0.5,0.0437262383307552,0.00158721881130773,0.0360248444705066,0.000878953148992752,0.0322747232308202,0.00729335500237727,0.0611192911552335,0.0257209659167275,0.651119407715388,0.277647065425605,0.529411781180935,0.0611192911552335,0.90709877,0.103199941645106
3,0.49802371541502,0.454166666666667,0,0,0.0171102668753344,0.000481767465441803,0.016149065705027,0.000430126059443699,0.0105861098554953,0.000810372769938191,0.0272459489893524,0.0023382696543018,0.763059704067582,0.214117650858131,0.518026579749324,0.0272459489893524,0.984127,0.152951618571865
3,0.375494071146245,0.508333333333333,0,0,0.00190114077913517,1.86731636722683e-05,0.00496894374105939,2.13727395298557e-05,0.00335657136658625,0,0.00957290096043519,0,0.809701496033359,0.16235294516263,0.554079711923494,0.00957290096043519,1,0.15944851939146
3,0.0118577075098814,0.354166666666667,0,0,0.0760456229524785,0.00298770679257338,0.0347826052930059,0.00162432675865787,0.024786987909744,0.00648298230537263,0.0515463908575376,0.0140296176452185,0.699626871091139,0.265882360788927,0.499051251430351,0.0515463908575376,0.91006523,0.134252064770239
3,0.422924901185771,0.554166666666667,0,0,0.0133079867543264,0.000153119907828674,0.00496894374105939,5.34318081836001e-05,0.00671314273317251,0,0.0191458019208704,0,0.785447766024588,0.192941180394464,0.529411781180935,0.0191458019208704,1,0.15944851939146
3,0.162055335968379,0.529166666666667,0,0,0.0152091280125491,0.00119508279769741,0.00993788770572126,0.000854909004211254,0.002065582325812,0.000810372769938191,0.00441826233859895,0.000779423194717905,0.824626867313154,0.143529417743945,0.569259975944896,0.00441826233859895,0.09259259,0.15944851939146
3,0.237154150197628,0.45,0,0,0.0285171086071794,0.00084029216358192,0.023602481763821,0.000686598598575043,0.00852052683254925,0.000810372769938191,0.0213549340842788,0.0023382696543018,0.777985078705586,0.195294122380623,0.533206845478506,0.0213549340842788,0.984127,0.152951618571865
3,0.513833992094862,0.475,0,0,0.0209125480229583,0.000377197902146416,0.0111801228583775,0.000216398858143602,0.00955331834402226,0,0.0257731950973992,0.00155884638943581,0.764925378835765,0.211764707813149,0.519924114459779,0.0257731950973992,1,0.153414227161534
3,0.225296442687747,0.470833333333333,0.333333323333334,0,0.0380228114762393,0.00115026705161465,0.0124223604706608,0.000341963550857284,0.00800413177394676,0.000810372769938191,0.0184094249748938,0.00389711632432997,0.78171641984643,0.183529417743945,0.548387111207688,0.0184094249748938,0.984127,0.144860601725247
3,0.0197628458498024,0.454166666666667,0,0,0.0114068427584611,8.96311694932755e-05,0.0111801235291849,5.61034001835071e-05,0.00800413177394676,0.00162074553987638,0.0198821795295863,0.00155884638943581,0.787313437434562,0.190588237349481,0.53130931418361,0.0198821795295863,1,0.165678189715689
3,0.379446640316206,0.466666666666667,0,0,0.0133079847010944,1.86732040062986e-05,0.00372670769399331,5.61034001835071e-05,0.00800413177394676,0,0.0228276873134927,0,0.776119407295611,0.204705888207612,0.519924114459779,0.0228276873134927,1,0.15944851939146
3,0.312252964426877,0.316666666666667,0,0.5,0.83460086760688,0.577781354061798,1,1,0.470178140051995,0.428687215791631,0.523564060945773,0.45284491183648,0.397388072451409,0.498823546477509,0.430740047964022,0.523564060945773,0.30628127,0.104429054189889
3,0.114624505928854,0.333333333333333,0,0,0.115969576713556,0.00651693232675727,0.0732919258824891,0.0065213507843526,0.0436354242799512,0.0178282007927731,0.0802650944015825,0.0296180822410575,0.641791042269993,0.317647056955017,0.474383318980013,0.0802650944015825,0.82302064,0.127828560842573
3,0.142292490118577,0.454166666666667,0,0,0.0285171086071794,0.000347320771702935,0.0236024839998457,0.000333948715708553,0.013426285466345,0.00162074553987638,0.0294550824782395,0.00779423264865993,0.748134334466891,0.211764707813149,0.537001913191636,0.0294550824782395,0.962963,0.125253189478559
3,0.450592885375494,0.529166666666667,0,0,0.0114068448116931,8.96311896602907e-05,0.00745341583519156,0.000128236363983774,0.00542215369239826,0,0.015463918516466,0,0.79477612307446,0.181176473640138,0.538899446194312,0.015463918516466,1,0.15944851939146
3,0.209486166007905,0.529166666666667,0,0,0.00760456263745319,0.000298770538088231,0.00869565255306506,0.000301889706925148,0.00180738444794375,0,0.00441826233859895,0.000779423194717905,0.820895524493206,0.144705887148789,0.571157509801461,0.00441826233859895,0.33333334,0.144835705204036
3,0,0.291666666666667,0,0,0.416349838706647,0.269688996392524,0.206211162347133,0.148134339241747,0.148721930247,0.102106970033282,0.202503676712049,0.13639906433674,0.464552249926904,0.424705878678201,0.481973452698494,0.202503676712049,0.5952822,0.101695674695305
3,0.50197628458498,0.4375,0,0,0.0266159731664475,0.000702110901643047,0.0186335384699666,0.000665226135238297,0.0136844829956463,0.00162074553987638,0.0331369658826438,0.00467653944889978,0.746268659698708,0.228235297480969,0.512333982449078,0.0331369658826438,0.9702381,0.147858273824968
3,0.197628458498024,0.433333333333333,0,0,0.0228136903077969,0.000492971512881076,0.0310559011766521,0.000494243875038279,0.0188484377644752,0.00405186421435871,0.0375552268957642,0.0132501938191678,0.725746269151676,0.22588235867128,0.537001913191636,0.0375552268957642,0.91798943,0.115129807322247
3,0.0592885375494071,0.295833333333333,0,0,0.148288985289653,0.0416336885551382,0.139130443532271,0.0480779384976746,0.0591272969520464,0.031604539559194,0.0964653858875892,0.0459859671555427,0.624999997901119,0.324705873384083,0.480075917988039,0.0964653858875892,0.7428191,0.121468616071552
3,0.0632411067193676,0.470833333333333,0,0,0.0399239537610779,0.000616214441518883,0.0322981358821034,0.000566377174978043,0.00800413177394676,0.00162074553987638,0.0176730486916565,0.00389711632432997,0.787313437434562,0.180000002117647,0.548387111207688,0.0176730486916565,0.9537037,0.146888702897121
3,0.00395256916996047,0.354166666666667,0,0,0.131178701304052,0.0133886610352294,0.0521739090575212,0.00541798464304759,0.0364058885795783,0.0153970834310947,0.0648011791988131,0.0265003883398164,0.677238817529656,0.276470596020761,0.504743845315037,0.0648011791988131,0.82478386,0.119779060581899
3,0.225296442687747,0.408333333333333,0,0,0.0304182526030448,0.00025395480208898,0.063354032586706,0.00121022987604628,0.0299509412843049,0.0105348457903958,0.0559646571725725,0.0210444264678277,0.69029852243679,0.263529421979239,0.512333982449078,0.0559646571725725,0.8644824,0.127653479372779
3,0.185770750988142,0.283333333333333,0,0,0.0608365052060896,0.00186731626639175,0.0260869556467729,0.000953757315275054,0.0376968762260845,0.0129659646107453,0.0699558131814741,0.0272798114643862,0.651119407715388,0.29529412767474,0.500948786140806,0.0699558131814741,0.8424523,0.118250400749212
3,0.517786561264822,0.5125,0,0,0.0912547578091343,0.00318190748502801,0.0335403705875546,0.00111405308052147,0.0431190292213487,0.0162074561280993,0.0758468367021588,0.0342946216899572,0.634328363346514,0.298823535889273,0.512333982449078,0.0758468367021588,0.8339346,0.110391410079028
3,0.118577075098814,0.320833333333333,0.333333323333334,0,0.0304182505498128,0.000612479762400294,0.0484471982330933,0.00143464453888136,0.0366640840174774,0.011345219216736,0.067010308048525,0.0288386577135259,0.647388068253648,0.285882351259516,0.519924114459779,0.067010308048525,0.85137916,0.108705061086712
3,0.0355731225296443,0.345833333333333,0,0,0.0152091280125491,0.000119508229352203,0.0161490683882566,0.000141594302343428,0.0157500646243242,0.000810372769938191,0.0397643590591726,0.00467653944889978,0.725746269151676,0.250588237349481,0.497153716719896,0.0397643590591726,0.9861111,0.143447459736424
3,0.549407114624506,0.475,0,0,0.0228136858591275,0.000224077994317742,0.0596273262343276,0.00272502239428504,0.0273689659912925,0.011345219216736,0.0515463908575376,0.0171473101434977,0.714552245729143,0.254117645564014,0.502846310604582,0.0515463908575376,0.85319865,0.135971318133137
3,0.0316205533596838,0.2875,0,0,0.100760458967167,0.0138666913914272,0.372670769399331,0.0515830583493983,0.164730191006358,0.126418158236776,0.209867446171816,0.153546378689123,0.516791035973352,0.387058815370242,0.489563581293635,0.209867446171816,0.5142537,0.102853287385849
3,0.486166007905138,0.375,0,0.5,0.115969576713556,0.0282076746786184,0.144099375646002,0.0429164184201072,0.0710043902712437,0.0421393838909188,0.103092779064118,0.064692124249661,0.61194030978503,0.302352933515571,0.529411781180935,0.103092779064118,0.70008737,0.100078861367759
3,0.588932806324111,0.554166666666667,0,0,0.0190114105289944,7.46926496473192e-05,0.0136645951761121,0.000109535300773317,0.017557448723701,0.000810372769938191,0.043446242463577,0.00623538569803942,0.71268657096096,0.260000003176471,0.495256180301661,0.043446242463577,0.9861111,0.139677810811789
3,0.430830039525692,0.3375,0.333333323333334,0,0.0646387795096068,0.00406328016098118,0.0509316788241193,0.00254602515467041,0.0518977570688693,0.0235008111304766,0.0839469824451621,0.0452065475383773,0.62126865843938,0.297647066484429,0.52751424647048,0.0839469824451621,0.7590125,0.0993844784208185
3,0.102766798418972,0.395833333333333,0,0,0.0209125480229583,0.000422013426392008,0.0285714272937002,0.000430126059443699,0.0152336695657218,0.00243111838274812,0.0324005895994066,0.00935307889779956,0.740671650506098,0.217647062249135,0.535104378481181,0.0324005895994066,0.9517196,0.129284730332315
3,0.494071146245059,0.2875,0,0,0.720532330516561,0.534982309494308,0.773912970564412,0.295309627764604,0.479473306877562,0.440032408752289,0.527245975498925,0.46609504392533,0.408582090836628,0.474117636034602,0.459203051543051,0.527245975498925,0.28962377,0.10240338726992
3,0.00395256916996047,0.429166666666667,0,0,0.0285171103182061,0.000123242918554299,0.00621118068253536,4.5417045167808e-05,0.0121352964255708,0.00567260960836799,0.0257731950973992,0.00389711632432997,0.785447766024588,0.200000007411765,0.518026579749324,0.0257731950973992,0.88148147,0.170757785136307
3,0.0711462450592885,0.329166666666667,0,0,0.0475285160563258,0.00190092792470121,0.0248447209413217,0.00152814960246836,0.023754197095405,0.00648298230537263,0.0522827691289929,0.0101325013208885,0.70708956176835,0.274117657211073,0.478178381569804,0.0522827691289929,0.904321,0.147414081610058
3,0.229249011857708,0.366666666666667,0,0,0.0266159731664475,0.000836557736551021,0.0223602457167549,0.000256472716502326,0.0142008787513828,0.000810372769938191,0.0368188492870482,0.00311769284901971,0.73694030432794,0.24352941033218,0.497153716719896,0.0368188492870482,0.9861111,0.150156761625714
3,0.442687747035573,0.354166666666667,0,0,0.0323193948878834,0.0005116444849667,0.0248447209413217,0.000245786127775904,0.0265943720091207,0.00810372842871741,0.0567010268284166,0.0124707713960788,0.697761201360269,0.282352943044983,0.474383318980013,0.0567010268284166,0.87222224,0.144030588977321
3,0.391304347826087,0.433333333333333,0.333333323333334,0,0.0266159731664475,0.000164323914933917,0.016149069059064,0.000237771552305754,0.0191066366880445,0.00243111838274812,0.0412371136138651,0.0116913475700281,0.71268657096096,0.242352951515571,0.52371917875735,0.0412371136138651,0.9543651,0.121260965990059
3,0.462450592885375,0.308333333333333,0,0,0.112167302410039,0.00445541899797362,0.0509316788241193,0.00491839789266243,0.0570617097462962,0.0259319292214905,0.0986745213646942,0.0428682753587443,0.600746274608766,0.344705874442907,0.472485782561778,0.0986745213646942,0.7741213,0.1200476341128
3,0.442687747035573,0.4875,0,0,0.00760456297965853,7.4692654689073e-05,0.00869565121145023,0.000109535221427084,0.00516395546596299,0,0.0147275409077501,0,0.79664179280533,0.178823536948097,0.540796977489207,0.0147275409077501,1,0.15944851939146
3,0.0988142292490119,0.454166666666667,0,0,0.0266159690599835,0.0012847135840174,0.0186335384699666,0.000761403291427801,0.00929512081472102,0.000810372769938191,0.0220913103675161,0.00389711632432997,0.772388062796558,0.195294122380623,0.538899446194312,0.0220913103675161,0.984127,0.145283960101436
3,0.189723320158103,0.420833333333333,0.333333323333334,0,0.0456273806155939,0.00138928308681174,0.0347826052930059,0.00123961784536809,0.0265943720091207,0.00810372842871741,0.0478645067903939,0.0218238502938784,0.697761201360269,0.240000002117647,0.542694510491882,0.0478645067903939,0.86766475,0.102147505424814
3,0.209486166007905,0.479166666666667,0,0,0.0228136868857436,0.000313709284813108,0.0111801228583775,0.000120221622607864,0.0098115158733235,0,0.0243004418681853,0.00389711632432997,0.763059704067582,0.203529415626298,0.535104378481181,0.0243004418681853,1,0.13669350191563
3,0.0988142292490119,0.295833333333333,0,0,0.0532319326446816,0.00047803317958001,0.047204963527642,0.00316316334954518,0.0389878666611268,0.0129659646107453,0.0677466843317623,0.0335151971624256,0.641791042269993,0.27882353483045,0.537001913191636,0.0677466843317623,0.843607,0.0994169295169076
3,0.122529644268775,0.35,0,0,0.0437262314866485,0.00104943177418106,0.0496894396466186,0.00223344860359219,0.0219468109046262,0.00567260960836799,0.0493372620078258,0.00857365507174887,0.714552245729143,0.268235299598616,0.480075917988039,0.0493372620078258,0.9195971,0.149784875086363
3,0.177865612648221,0.320833333333333,0,0,0.0513308006260031,0.00137807990655412,0.0347826097650553,0.000919026891938773,0.0229796038103673,0.00486223691136335,0.0508100132488217,0.0109119251469392,0.701492540822009,0.270588238408304,0.489563581293635,0.0508100132488217,0.92957354,0.138942179886012
3,0.264822134387352,0.408333333333333,0,0,0.0513308006260031,0.00326033408273962,0.0248447164692723,0.0013678541257537,0.0136844829956463,0.00243111838274812,0.0316642113279513,0.0054559625734696,0.751865673928631,0.221176481051903,0.518026579749324,0.0316642113279513,0.9691358,0.150695990392595
3,0.0395256916996047,0.445833333333333,0,0,0.00950570321126515,0.000153119927995689,0.00869565255306506,4.54170235279262e-05,0.00490575793666175,0,0.0132547863530575,0.000779423194717905,0.798507464215304,0.172941180394464,0.548387111207688,0.0132547863530575,1,0.153028843115067
3,0.106719367588933,0.429166666666667,0,0,0.0285171103182061,0.000436952001697256,0.0260869534107482,0.000184339690667731,0.0129098890134745,0.000810372769938191,0.030927837032932,0.0054559625734696,0.746268659698708,0.221176481051903,0.52371917875735,0.030927837032932,0.984127,0.137915328492642
3,0.146245059288538,0.4375,0,0,0.0323193948878834,0.000242751087405457,0.0273291903522242,0.000790790900084918,0.019623031746647,0.00405186421435871,0.0375552268957642,0.015588464595839,0.720149259959066,0.222352939868512,0.548387111207688,0.0375552268957642,0.9126984,0.104742921594173
3,0.185770750988142,0.308333333333333,0,0,0.106463878977577,0.0135641861641369,0.0459627310582155,0.00495045766605499,0.0299509412843049,0.00972447382272669,0.0589101623055216,0.0187061570941182,0.684701496453135,0.277647065425605,0.495256180301661,0.0589101623055216,0.8858245,0.129708844165992
3,0.0671936758893281,0.329166666666667,0,0,0.036121672613454,0.000377197962647461,0.0149068321175881,0.00016029546654,0.019623031746647,0.00405186421435871,0.0456553759524641,0.00701480882260923,0.720149259959066,0.261176472581315,0.485768511872725,0.0456553759524641,0.9261464,0.147709146516867
3,0.0869565217391304,0.425,0,0,0.0209125446009049,0.000287566853655231,0.0149068298815634,0.000352649915971594,0.0098115158733235,0.000810372769938191,0.0228276873134927,0.00467653944889978,0.768656721655714,0.196470591785467,0.540796977489207,0.0228276873134927,0.9814815,0.13541380729505
3,0.371541501976285,0.483333333333333,0,0,0.00760456297965853,7.46926345220579e-05,0.00496894374105939,2.13727272672561e-05,0.00438936218092524,0,0.0125184087443416,0,0.802238810393462,0.171764709930796,0.546489579912793,0.0125184087443416,1,0.15944851939146
3,0.537549407114625,0.391666666666667,0,0.5,0.36692022827423,0.0166452704719404,0.698136619991514,0.469173966766651,0.298734841169166,0.260940050736953,0.349042716133706,0.281371768312649,0.477611971625083,0.443529420920415,0.438330190221403,0.349042716133706,0.37578005,0.111461389700982
3,0.0632411067193676,0.4125,0.333333323333334,0,0.0437262383307552,0.00127350959707917,0.0608695631758035,0.002161315808583,0.0276271628234597,0.0105348457903958,0.042709868831297,0.0280592352904369,0.70708956176835,0.210588242643599,0.580645175839505,0.042709868831297,0.80665785,0.0714367987203557
3,0.517786561264822,0.470833333333333,0,0,0.00760456263745319,7.46926496473192e-05,0.00496894351745692,5.34317973636592e-05,0.00748773532107623,0,0.0213549340842788,0,0.779850748436456,0.200000007411765,0.52371917875735,0.0213549340842788,1,0.15944851939146
3,0.292490118577075,0.4625,0,0,0.0247148315660196,0.000242751006737396,0.0186335384699666,0.000280517106535817,0.0111025049140978,0,0.0294550824782395,0.0023382696543018,0.753731348696814,0.222352939868512,0.514231515451753,0.0294550824782395,1,0.149509368134518
3,0.185770750988142,0.3,0,0,0.0779467789255307,0.0040520751656922,0.0521739090575212,0.00121824492759383,0.0436354242799512,0.0162074561280993,0.0787923418351079,0.0327357768437794,0.630597023884774,0.310588251114187,0.497153716719896,0.0787923418351079,0.82735026,0.117376353223718
3,0.304347826086957,0.366666666666667,0,0,0.0551330783515736,0.00808547870040528,0.0683229714085111,0.0106569749203329,0.0289181511671,0.00810372842871741,0.0596465385887589,0.0163678884218897,0.680970156991395,0.285882351259516,0.485768511872725,0.0596465385887589,0.91089994,0.132373258785908
3,0.173913043478261,0.325,0,0,0.0266159680333675,0.000343586344672036,0.017391302199298,0.00034196350757752,0.0160082635478935,0.000810372769938191,0.042709868831297,0.0023382696543018,0.723880606137224,0.263529421979239,0.478178381569804,0.042709868831297,0.9861111,0.154494481005322
3,0.0158102766798419,0.445833333333333,0,0,0.00760456297965853,7.4692654689073e-05,0.00745341583519156,6.41181877244985e-05,0.00645494450673724,0,0.0169366717456799,0.00155884638943581,0.787313437434562,0.183529417743945,0.542694510491882,0.0169366717456799,1,0.146541125300934
3,0.134387351778656,0.516666666666667,0,0,0.00760456400627454,0.00011950826565283,0.00496894441186681,8.54909222810961e-05,0.0015491867095023,0,0.00441826233859895,0,0.82276119590318,0.14588235867128,0.567362442942221,0.00441826233859895,0.33333334,0.15944851939146
3,0.217391304347826,0.4,0,0.5,0.155893557851061,0.0135193700147139,0.151552804002931,0.0167241496576922,0.0555125245704888,0.0332252820358613,0.086156111294874,0.0444271237123266,0.662313442891652,0.291764708871972,0.495256180301661,0.086156111294874,0.7305922,0.126314624036928
3,0.284584980237154,0.441666666666667,0,0,0.0532319326446816,0.000971005115968404,0.0136645951761121,0.000558362484095191,0.00929512081472102,0.00162074553987638,0.0235640649222087,0.00155884638943581,0.777985078705586,0.202352944103806,0.521821647462454,0.0235640649222087,0.96825397,0.15944851939146
3,0.276679841897233,0.35,0,0,0.072243345226908,0.00365993975709234,0.0596273217622781,0.00256472727823507,0.0663568277724811,0.0348460288885416,0.102356409408274,0.0584567448649495,0.595149265416156,0.320000016941176,0.518026579749324,0.102356409408274,0.6989016,0.100587183529415
3,0.316205533596838,0.479166666666667,0,0.5,0.0665399217944454,0.00113906326634658,0.023602481763821,0.000205712428109646,0.020655822560986,0.00405186421435871,0.043446242463577,0.0124707713960788,0.71268657096096,0.245882359730104,0.518026579749324,0.043446242463577,0.93570626,0.126762039537119
3,0.209486166007905,0.333333333333333,0,0,0.049429654919111,0.00155360735466842,0.0186335384699666,0.000184339863786785,0.022721404886798,0.00405186421435871,0.0530191454122301,0.00857365507174887,0.697761201360269,0.282352943044983,0.474383318980013,0.0530191454122301,0.94481075,0.143948579870029
3,0.320158102766798,0.454166666666667,0,0,0.193916386437567,0.0473252558387542,0.132919252116817,0.0433251856883675,0.048541184308015,0.0243111830981457,0.0846833587283994,0.0335151971624256,0.651119407715388,0.316470598138408,0.466793188677092,0.0846833587283994,0.8228925,0.134982138886494
3,0.264822134387352,0.383333333333333,0,0,0.0228136920188236,0.000582602621873306,0.0248447164692723,0.000694613772748588,0.0149754706421525,0.000810372769938191,0.0375552268957642,0.00467653944889978,0.731343290098017,0.24352941033218,0.502846310604582,0.0375552268957642,0.9876543,0.14415963790419
3,0.494071146245059,0.541666666666667,0,0,0.0475285126342724,0.00136314169425514,0.0198757740698277,0.000598436154908272,0.022721404886798,0.00324149115268631,0.0508100132488217,0.0116913475700281,0.692164175376615,0.271764707813149,0.497153716719896,0.0508100132488217,0.95308644,0.132129951110988
3,0.1699604743083,0.466666666666667,0,0,0.0361216760355074,0.001004616300353,0.0223602492943945,0.000609122577728934,0.010327910931926,0.00162074553987638,0.0243004418681853,0.00389711632432997,0.770522393065688,0.201176472581315,0.53130931418361,0.0243004418681853,0.96190476,0.148139304010447
3,0.126482213438735,0.441666666666667,0,0,0.0095057045800865,1.86731545971114e-05,0.0024844718705297,2.1372738087197e-05,0.00748773532107623,0,0.0206185571383022,0.000779423194717905,0.779850748436456,0.196470591785467,0.529411781180935,0.0206185571383022,1,0.153028843115067
3,0.0197628458498024,0.291666666666667,0,0.5,0.140684412728245,0.00881373684303931,0.127950320003086,0.0205632327556599,0.0870126580019414,0.0559157204693332,0.125184100698202,0.0763834746256126,0.591417909163372,0.335294108615917,0.497153716719896,0.125184100698202,0.6281558,0.110064129107349
3,0.375494071146245,0.45,0,0,0.0114068434428718,8.96311694932755e-05,0.0124223582346361,0.000149609094212396,0.0100697134026247,0,0.0279823272608076,0.000779423194717905,0.761194030978503,0.220000001058824,0.510436447738623,0.0279823272608076,1,0.156204366695371
3,0.205533596837945,0.516666666666667,0,0,0.0190114057381196,0.000209139509764062,0.00745341583519156,6.41182093643803e-05,0.00516395546596299,0,0.0139911639617735,0.000779423194717905,0.79664179280533,0.175294121321799,0.546489579912793,0.0139911639617735,0.8888889,0.15222122548467
3,0.549407114624506,0.470833333333333,0,0,0.0342205337506687,0.000448155988635484,0.0248447209413217,0.000758731487357053,0.017557448723701,0.00162074553987638,0.0405007353424099,0.00857365507174887,0.718283585190883,0.245882359730104,0.512333982449078,0.0405007353424099,0.97376543,0.130394161623079
3,0.245059288537549,0.4625,0,0,0,0,0,1.14652226901213e-11,0.00232378013396685,0,0.00662739317652877,0,0.817164181673257,0.152941181453287,0.561669843934195,0.00662739317652877,1,0.15944851939146
3,0.383399209486166,0.4,0,0,0.159695818466365,0.00376450946155683,0.0881987580000771,0.012356105617409,0.0606764821278538,0.0356564030442172,0.0964653858875892,0.0467653909815934,0.641791042269993,0.317647056955017,0.474383318980013,0.0964653858875892,0.69722587,0.128264761996056
3,0.213438735177866,0.341666666666667,0.333333323333334,0,0.0285171147668755,0.000302505025620176,0.0310559011766521,0.00129572125861158,0.0209140207874213,0.00405186421435871,0.0478645067903939,0.00857365507174887,0.710820897871881,0.265882360788927,0.48766604658318,0.0478645067903939,0.9356702,0.144471272511899
3,0.189723320158103,0.533333333333333,0,0,0.00570342309025724,7.84272934736312e-05,0.00745341650599897,6.41181877244985e-05,0.003098373488718,0,0.0088365246771979,0,0.811567165764229,0.160000005294118,0.555977243218389,0.0088365246771979,0.7777778,0.15944851939146
3,0.438735177865613,0.379166666666667,0,0,0.0190114057381196,0.000209139398845479,0.0347826052930059,0.000341963738402926,0.0234959988689698,0.00405186421435871,0.0508100132488217,0.0132501938191678,0.692164175376615,0.268235299598616,0.502846310604582,0.0508100132488217,0.94074076,0.129102060711753
3,0.0869565217391304,0.491666666666667,0,0,0.0171102668753344,7.8427298515385e-05,0.00869565121145023,0.000109535221427084,0.0036147688958875,0,0.0103092785691511,0,0.80783582294428,0.164705888207612,0.552182177213039,0.0103092785691511,0.7777778,0.15944851939146
3,0.0671936758893281,0.3,0,0.5,0.211026619092368,0.0100723068161284,0.288198742347904,0.0207636029130488,0.100180738967645,0.0656401950213954,0.150220907583057,0.0802805937558661,0.563432863200322,0.395294132968858,0.428842516669127,0.150220907583057,0.6647845,0.129262083395624
6,0.422924901185771,0.2,0,0,0.0171103096510015,0.000168058977225793,0.0236024907079198,0.000205712695001521,0.879421677131578,0.850081076580884,0.930780523337404,0.851909529168838,0.350746262015482,0.585882367141868,0.337760929125154,0.930780523337404,0.170091,0.123481725609279
6,0.268774703557312,0.025,0,0,0.0209125767682066,0.000108302356798059,0.0149068321175881,0.000224411139786283,0.908339842241359,0.880875225939021,0.953608247764299,0.885424742465324,0.354477635059311,0.563529437861592,0.370018995293973,0.953608247764299,0.1606036,0.118301587191
6,0.110671936758893,0.170833333333333,0,0,0.0133079994159239,1.86727704154728e-05,0.0298136642351761,0.00012823696268717,0.876839701838566,0.842787721578507,0.929307850299648,0.852689014725206,0.319029876590693,0.590588223584775,0.362428853036593,0.929307850299648,0.17584935,0.116790621851474
6,0.616600790513834,0.191666666666667,0,0,0.0418250241827957,0.000478032009893131,0.0273291433957054,0.000598433702388337,0.869351959546149,0.833063199619637,0.925625935746495,0.843335889529668,0.305970154892515,0.607058837605536,0.349146116894527,0.925625935746495,0.18207318,0.11818467594777
6,0.782608695652174,0.229166666666667,0,0,0.0437262657071822,0.00158721487873977,0.0322980956336587,0.00207315355967516,0.854376509818017,0.809562405263877,0.926362371676271,0.819953181762956,0.251865665533109,0.678823545418685,0.288425064224478,0.926362371676271,0.20580281,0.123740780375833
6,0.553359683794466,0.0833333333333333,0,0,0.0494296480750043,0.000388399267372674,0.0273292015323477,0.00085490842714774,0.884069190830959,0.85413293641923,0.935935243476176,0.856586126840651,0.345149286404961,0.589411743591696,0.337760929125154,0.935935243476176,0.17071788,0.123124310277806
6,0.245059288537549,0.00833333333333333,0,0,0.020912664372773,0.000197933223786107,0.0260869534107482,0.000729344816428147,0.922024304322984,0.895461935943776,0.963917489220048,0.901792676483471,0.356343287999137,0.550588253231834,0.388994325320726,0.963917489220048,0.15582462,0.114787148593703
6,0.486166007905138,0.075,0,0,0.0342205782373626,0.000717045887219598,0.0236024348073022,0.000654546305368284,0.895429896062894,0.869529974631523,0.94698085458777,0.864380315997496,0.369403009697315,0.590588223584775,0.311195456841021,0.94698085458777,0.16561614,0.129778715589646
6,0.652173913043478,0.183333333333333,0,0,0.0475284886798988,0.000825359698882263,0.0260869824790694,0.000504931697237963,0.86522081302001,0.83063206912992,0.923416826778963,0.835541700372823,0.319029876590693,0.615294134027682,0.322580661688192,0.923416826778963,0.18262304,0.123558597605653
6,0.328063241106719,0.120833333333333,0,0,0.0399238682097435,0.000168058331881308,0.0273291724640266,0.00152814541875789,0.888200407070501,0.856563993975397,0.942562636652705,0.859703823547815,0.332089547915739,0.602352928221453,0.330170803945573,0.942562636652705,0.17420864,0.123460002009517
6,0.909090909090909,0.158333333333333,0,0,0.0190114228483865,0.000388402615097189,0.0149068880182057,0.000192355297638913,0.841466598496254,0.788492741397834,0.923416826778963,0.804364726286369,0.199626845904573,0.723529425155709,0.269449751275524,0.923416826778963,0.22387896,0.122333480591584
6,0.640316205533597,0.133333333333333,0,0,0.0285171548049,0.00043695148743837,0.0186335675382877,0.000440812482264362,0.881745433981268,0.855753673061213,0.93151695926718,0.852689014725206,0.373134332368011,0.578823508359862,0.326375724277983,0.93151695926718,0.1651921,0.128254588501887
6,0.675889328063241,0.204166666666667,0,0,0.0285171103182061,0.000392133764988126,0.0236024907079198,0.000237770001447559,0.862122393869013,0.831442470271009,0.916789433602434,0.832423961576805,0.347014939344787,0.597647061190311,0.322580661688192,0.916789433602434,0.17584375,0.126041971035592
6,0.0316205533596838,0.254166666666667,0,0,0.0266159577672074,0.000567662150868634,0.0335403415192334,0.00053699122537853,0.874515875275473,0.832252871412098,0.935198807546401,0.849571318018041,0.263059717500417,0.629411766885813,0.356736259151907,0.935198807546401,0.19128962,0.113818652094283
6,0.292490118577075,0.158333333333333,0,0,0.0285171992915939,0.000392135811940164,0.0260869824790694,0.000504931697237963,0.888200407070501,0.853322535278141,0.948453593899458,0.856586126840651,0.309701527936344,0.630588225702422,0.30740039425123,0.948453593899458,0.18239816,0.125294420669451
6,0.754940711462451,0.120833333333333,0,0,0.0418250686694896,0.000209139903020858,0.029813635166855,0.000352651531749434,0.868835557516206,0.834683928968265,0.93151695926718,0.833982799408175,0.320895546321563,0.637647084484429,0.284630018712486,0.93151695926718,0.18574874,0.129931267638358
6,0.790513833992095,0.120833333333333,0,0,0.0361216863016675,0.000601274575524665,0.0335403415192334,0.00111405199852738,0.862897021313618,0.826580253051704,0.925625935746495,0.830085729381583,0.307835824623385,0.636470604491349,0.29981025199385,0.925625935746495,0.18850341,0.126241059265556
6,0.940711462450593,0.0875,0,0,0.0266159988318479,0.000209139903020858,0.0335403996558758,0.000857579726287914,0.846630514225578,0.803889779610128,0.915316628016814,0.813717823422671,0.268656709901983,0.661176472581315,0.29981025199385,0.915316628016814,0.2018977,0.123355228449925
6,0.513833992094862,0.0166666666666667,0.333333323333334,0,0.0304183094091308,0.00106063001351997,0.0422360023455899,0.00156021601209134,0.907307038181473,0.8727714625022,0.963181185838136,0.879968764459275,0.305970154892515,0.614117664622837,0.337760929125154,0.963181185838136,0.1764939,0.120739784263166
6,0.375494071146245,0.00833333333333333,0,0,0.0285170247668718,0.000481769482143318,0.0124223973650685,0.000149607904018898,0.918667673700005,0.890599711431116,0.959499205011051,0.901013190927102,0.347014939344787,0.544705885031142,0.407969655347479,0.959499205011051,0.1565683,0.110451930617777
6,0.699604743083004,0.133333333333333,0,0,0.0399239126964374,0.00110918633757325,0.0248447097611981,0.000534315309730243,0.873224922485668,0.843598042492691,0.929307850299648,0.840997608230784,0.350746262015482,0.607058837605536,0.303605348739238,0.929307850299648,0.17494753,0.129858374384753
6,0.359683794466403,0.1875,0,0,0.015209068126615,2.9876833988358e-05,0.0186335384699666,0.000408754079397647,0.878388873071693,0.845218779134674,0.932253328923024,0.851909529168838,0.324626868992259,0.597647061190311,0.345351054304736,0.932253328923024,0.17606053,0.120435435623229
6,0.450592885375494,0.266666666666667,0,0,0.0323194222643104,0.000780541129417383,0.0236025510805869,0.000430125806978412,0.878905240244934,0.845218779134674,0.935935243476176,0.849571318018041,0.320895546321563,0.612941163453287,0.324478192983088,0.935935243476176,0.17935319,0.123285810300764
6,0.411067193675889,0.2125,0,0,0.0285171548049,0.00016805794870802,0.0260869824790694,0.000601108211444308,0.881745433981268,0.857374431583261,0.930044219955492,0.852689014725206,0.38432835075323,0.571764723695502,0.326375724277983,0.930044219955492,0.16222528,0.129057304052585
6,0.450592885375494,0.116666666666667,0,0,0.0247148428587957,6.34883148280802e-05,0.0273290874950877,0.00034196391152198,0.885876580507408,0.848460318058836,0.944035309690462,0.858924337991447,0.292910500358514,0.619999990470588,0.341555991714945,0.944035309690462,0.18324198,0.118883927398521
6,0.363636363636364,0.145833333333333,0,0,0.0722433760253884,0.00164323925017424,0.0397515687110827,0.001303736454425,0.878647091515015,0.846029180275763,0.934462437890556,0.849571318018041,0.328358242036087,0.607058837605536,0.326375724277983,0.934462437890556,0.17719495,0.124186953568156
6,0.561264822134387,0.0541666666666667,0,0,0.0437262212204883,0.00091498312424172,0.019875756628835,0.000822855722783228,0.889749578303628,0.858184752497445,0.938880722099553,0.866718632370424,0.332089547915739,0.577647049543253,0.370018995293973,0.938880722099553,0.16939692,0.116663302082855
6,0.549407114624506,0.0583333333333333,0,0,0.0342204909750015,0.00147891750319446,0.0248447097611981,8.54902074436679e-05,0.89233155359664,0.85899516093189,0.943299006308549,0.869056843521221,0.319029876590693,0.587058825958477,0.368121463999078,0.943299006308549,0.17250364,0.115773574617501
6,0.260869565217391,0.25,0,0,0.0570342206364123,0.000896314014139498,0.0335403415192334,0.000216397718443162,0.87813065462837,0.842787721578507,0.933726068234712,0.851909529168838,0.309701527936344,0.605882378788927,0.34724860267743,0.933726068234712,0.17967218,0.11825714950277
6,0.806324110671937,0.15,0,0,0.0418251131561834,0.00061248152701412,0.0347826455414506,0.000598435217180062,0.86341338848686,0.832252871412098,0.926362371676271,0.825409152754196,0.343283616674091,0.637647084484429,0.261859609018143,0.926362371676271,0.18354028,0.135022883227005
6,0.988142292490119,0.0541666666666667,0,0,0.0399239537610779,0.000974736981788379,0.0360248042220618,0.000301890125296196,0.847921536728785,0.807941675915249,0.913107585323214,0.816056111736364,0.287313424001727,0.644705869148789,0.30740039425123,0.913107585323214,0.19597653,0.123603052081827
6,0.83399209486166,0.154166666666667,0,0,0.0190113783616926,0.000253955487767495,0.0124223403464385,5.34316350645458e-05,0.85308548731481,0.818476489614882,0.915316628016814,0.81917380142872,0.322761199261389,0.631764684519031,0.29222010973647,0.915316628016814,0.18736246,0.128523598519337
6,0.881422924901186,0.216666666666667,0,0,0.0266159119116921,0.000298767926459769,0.0149068598442944,0.000128236089878605,0.838110002729977,0.790923798954002,0.911634779737594,0.804364726286369,0.240671680729978,0.682352943044983,0.294117675186963,0.911634779737594,0.21148404,0.122264968991408
6,0.359683794466403,0.2375,0,0,0.0361217342104147,0.000153120119582333,0.0173913216527129,0.000470199946655599,0.876839701838566,0.843598042492691,0.934462437890556,0.846453579222024,0.324626868992259,0.615294134027682,0.316888067803506,0.934462437890556,0.17962871,0.124827917276734
6,0.577075098814229,0.166666666666667,0.333333323333334,0,0.0399239126964374,0.00110918089247916,0.033540314686937,0.00140257856205603,0.880712671749424,0.853322535278141,0.929307850299648,0.854247845541766,0.363805983713661,0.572941193100346,0.345351054304736,0.929307850299648,0.1655495,0.123809090520679
6,0.474308300395257,0.2125,0,0,0.0190114228483865,0.000209139570265108,0.0248447388295193,0.000406081409731627,0.874257726545553,0.848460318058836,0.919734978499743,0.849571318018041,0.376865705411839,0.556470579079585,0.358633790446802,0.919734978499743,0.16165799,0.122252008698505
6,0.00790513833992095,0.0416666666666667,0,0,0.0152091547045654,0.000612479611147681,0.0273291724640266,8.54903913826631e-05,0.907307038181473,0.880875225939021,0.949190029829234,0.886983573281884,0.361940330773835,0.54705880266436,0.388994325320726,0.949190029829234,0.15667991,0.115332689627594
6,0.138339920948617,0.0416666666666667,0,0,0.0342204461461023,0.000806674455167919,0.0298136642351761,0.000352649699572777,0.905241430061702,0.880064817504577,0.944771745620238,0.886204199962457,0.371268679428185,0.535294108615917,0.398481998873002,0.944771745620238,0.15349694,0.114039010649516
6,0.308300395256917,0.15,0.333333323333334,0,0.0228137758591313,0.000358526049330132,0.0223602761266909,0.000833537961893412,0.880970848364705,0.846029180275763,0.938880722099553,0.851909529168838,0.311567197667214,0.61764707283737,0.326375724277983,0.938880722099553,0.18101238,0.122280497839769
6,0.328063241106719,0.225,0,0,0.0247148017941552,0.000377195351018999,0.0447204941167395,0.000512943762481826,0.876065074393961,0.841166963056458,0.938880722099553,0.841777058713108,0.313432850607039,0.640000002117647,0.288425064224478,0.938880722099553,0.18565786,0.129339610121821
6,0.118577075098814,0.129166666666667,0.333333323333334,0,0.0437262212204883,0.000690905745017941,0.021118001172795,0.000558361257835223,0.885618431777488,0.853322535278141,0.939617158029329,0.85814496467202,0.328358242036087,0.59999997882353,0.337760929125154,0.939617158029329,0.17463355,0.122510962737395
6,0.225296442687747,0.0333333333333333,0,0,0.0551330235987196,0.000422009947581894,0.033540314686937,0.000921695450027254,0.905757797234943,0.88249595528765,0.945508115276082,0.884645362131088,0.38432835075323,0.536470567432526,0.383301714358241,0.945508115276082,0.15181188,0.118088178844655
6,0.802371541501976,0.00416666666666667,0,0,0.0266159577672074,0.000522848895412246,0.0397515687110827,0.00056637555198691,0.88845855580042,0.842787721578507,0.948453593899458,0.867498005689852,0.235074621164235,0.629411766885813,0.385199262730935,0.948453593899458,0.19251962,0.107654035053731
6,0.197628458498024,0.0166666666666667,0,0,0.0247149742656453,0.000287566188143731,0.0273291724640266,0.000566376670047468,0.921766155593065,0.897082665292404,0.963181185838136,0.90023384566691,0.369403009697315,0.548235282657439,0.37950665176845,0.963181185838136,0.15361586,0.118041793754902
6,0.102766798418972,0.2125,0,0,0.038022845696773,0.00056766557926121,0.0372671350765755,0.000961774386544903,0.873741331486951,0.844408450927135,0.924153130160875,0.847233036719157,0.352611965328441,0.579999988352941,0.345351054304736,0.924153130160875,0.16963542,0.122542507284499
6,0.739130434782609,0.1,0,0,0.0418251131561834,0.00106063384525285,0.0248447656618158,0.000406081647770327,0.868319190342965,0.834683928968265,0.928571414369872,0.835541700372823,0.324626868992259,0.625882369259515,0.29981025199385,0.928571414369872,0.183109,0.127798627938111
6,0.660079051383399,0.00833333333333333,0.333333323333334,0,0.0456272916422061,0.000448156734815044,0.0298136642351761,0.000288533232864162,0.909114427857922,0.8727714625022,0.963917489220048,0.884645362131088,0.292910500358514,0.609411755238754,0.358633790446802,0.963917489220048,0.17719091,0.115657418831759
6,0.644268774703557,0.158333333333333,0,0,0.0399239126964374,0.000436953413388317,0.0335403415192334,0.000216399204381711,0.8796798955749,0.848460318058836,0.939617158029329,0.844894720346228,0.337686590690437,0.627058849252595,0.284630018712486,0.939617158029329,0.1794131,0.131019395027965
6,0.304347826086957,0.254166666666667,0,0,0.038022845696773,0.00101582213257312,0.0236025510805869,0.000526304514026111,0.875290530605439,0.841166963056458,0.93151695926718,0.847233036719157,0.319029876590693,0.608235296422145,0.333965866535363,0.93151695926718,0.17933026,0.121433159933456
6,0.197628458498024,0.1875,0,0,0.0304181790288972,0.000164323834265856,0.0161490489348417,7.74764795355544e-05,0.881487215537946,0.847649909624391,0.938880722099553,0.851909529168838,0.319029876590693,0.615294134027682,0.322580661688192,0.938880722099553,0.17948268,0.123646331401908
6,0.403162055335968,0.116666666666667,0,0,0.017110180297384,0.000302502141737009,0.0248447097611981,0.000309902940722627,0.888974992687064,0.850081076580884,0.94698085458777,0.86360093566326,0.281716414809117,0.619999990470588,0.352941196562116,0.94698085458777,0.18426341,0.116040637233427
6,0.399209486166008,0.258333333333333,0,0,0.0133079994159239,6.34900693583985e-05,0.036024833290383,0.000878952860460995,0.875032312162117,0.841977283970643,0.93151695926718,0.845674205902597,0.326492572305217,0.609411755238754,0.324478192983088,0.93151695926718,0.17863557,0.123690030420594
6,0.438735177865613,0.1,0,0,0.0380228012100791,0.00123990035881153,0.0322981269380045,0.000598437258542243,0.889233211130386,0.856563993975397,0.944771745620238,0.860483196867242,0.324626868992259,0.608235296422145,0.328273255572879,0.944771745620238,0.17608316,0.123076800395793
6,0.470355731225296,0.025,0,0,0.0475284476152583,0.00055645927311624,0.0422360314139111,0.000822845624171729,0.903175891655334,0.866288515934267,0.951399138796766,0.886204199962457,0.2910448138366,0.576470590726644,0.413662249232165,0.951399138796766,0.17262767,0.105966695572709
6,0.810276679841897,0.191666666666667,0,0,0.0361217342104147,0.000197936309339425,0.0198757843555413,0.000245788190777967,0.852827310699529,0.811993543046949,0.921207651537499,0.818394343931587,0.279850761869291,0.661176472581315,0.288425064224478,0.921207651537499,0.19892381,0.125406211589708
6,0.08300395256917,0.191666666666667,0,0,0.0304182238577964,0.000746927605659026,0.0149068030492669,0.000352650161223588,0.879163493544957,0.844408450927135,0.930780523337404,0.856586126840651,0.313432850607039,0.587058825958477,0.373814057883764,0.930780523337404,0.17560509,0.114436918502337
6,0.363636363636364,0.075,0,0,0.0418251542208239,0.00123990469471979,0.0310559369530474,0.00113543155253206,0.895688114506216,0.867909245282895,0.946244418657994,0.867498005689852,0.356343287999137,0.585882367141868,0.332068318162669,0.946244418657994,0.16648434,0.125307666357405
6,0.853754940711462,0.141666666666667,0.333333323333334,0,0.0304182238577964,0.000209139650933168,0.0347826455414506,0.000598435217180062,0.847146951112222,0.810372806404966,0.910162040425905,0.814497273904995,0.309701527936344,0.634117633916955,0.301707817444343,0.910162040425905,0.19091243,0.126162592414485
4,0.276679841897233,0.704166666666667,0.333333323333334,0,0.0418250892018098,0.00056766366339477,0.0670807411751092,0.00134648005385241,0.155693270509474,0.133711513239153,0.142120768467446,0.190958676041818,0.632462693615644,0.103529416685121,0.829222029759226,0.180412361705358,0.3273826,0.923002144408049
4,0.754940711462451,0.608333333333333,0,0,0.0361216863016675,0.000511644837889465,0.0173913075657573,0.000117549905096643,0.127807909459579,0.101296598065613,0.114138443194857,0.167575996334341,0.61007464005416,0.0964705939031142,0.863377610145141,0.158321066580846,0.41818407,0.920447791550141
4,0.363636363636364,0.9375,0.333333323333334,0,0.0608365017840362,0.00271881261858205,0.0447204918807148,0.000673240782841386,0.0872708485599024,0.0696920548597411,0.0714285723753419,0.120810601845344,0.684701496453135,0.0764705928442906,0.81973435620695,0.114138443194857,0.44724658,0.89167025019325
4,0.316205533596838,0.908333333333333,0.333333323333334,0,0.0836501920918331,0.000791742091303338,0.0459627243501413,0.00232161164596235,0.0761683478286088,0.054294977992666,0.0706921960921046,0.102883865069872,0.658582086638867,0.123529416685121,0.770398491306273,0.0972017687982197,0.49614197,0.940398987317631
4,0.075098814229249,0.6625,0,0,0.0266159680333675,0.000791741183787656,0.0248447008170993,0.000406081214972691,0.13632842792652,0.110210697003328,0.125184100698202,0.173031946281155,0.61007464005416,0.110588240525952,0.840607217528598,0.163475693936114,0.38746688,0.931490179346447
4,0.889328063241107,0.925,0,0,0.0950570252685448,0.00132953074179122,0.0397515552949345,0.0007907906836861,0.0815905029152751,0.0607779632153806,0.0729013249418165,0.11067809631557,0.664179112622521,0.10941176900346,0.787476290038131,0.104565538257986,0.47394413,0.926827159972572
4,0.909090909090909,0.925,0,0,0.0494296514970577,0.000746926698143344,0.0260869489386988,0.000248457881353595,0.0877872436185048,0.0648298230537263,0.0787923418351079,0.119251749984357,0.647388068253648,0.10941176900346,0.804554088769988,0.112665684000989,0.47822163,0.929339509394156
4,0.41897233201581,0.829166666666667,0,0,0.0323193948878834,0.000601275825879605,0.0409937900003857,0.000472871065463425,0.10534469652501,0.0818476489614882,0.0942562570378773,0.139516761043905,0.638059702808253,0.103529416685121,0.823529418796741,0.131811493874731,0.43576914,0.92430633263918
4,0.549407114624506,0.708333333333333,0.333333323333334,0,0.0285171103182061,0.000481767556193371,0.0285714250576755,0.00123160236102291,0.134521052192751,0.112641820199691,0.12223858893786,0.168355411742622,0.639925389330168,0.104705887148789,0.81973435620695,0.15905743623669,0.3576681,0.923781205745405
4,0.450592885375494,0.716666666666667,0,0,0.0266159772729116,0.000388401556328893,0.0447204851726407,0.00105794937874623,0.126258710341091,0.102106970033282,0.114874819478094,0.161340602920012,0.626865684423034,0.107058829134948,0.829222029759226,0.152430043060162,0.39236423,0.927932343913459
4,0.976284584980237,0.575,0,0,0.0399239674492914,0.00079547729476432,0.0236024772917716,0.000462185039373928,0.132455464987001,0.105348465197313,0.131075117591494,0.159781765088643,0.604477614070506,0.156470592844291,0.772296022601169,0.15095729712108,0.36371678,0.97132055060092
4,0.403162055335968,0.854166666666667,0,0,0.0304182505498128,0.000657295155560288,0.0484471937610439,0.000825521251288259,0.101471726614151,0.0794165330584808,0.0905743756216909,0.134060783037856,0.649253737984518,0.103529416685121,0.812144231027368,0.126656840009891,0.43169576,0.921947189996131
4,0.138339920948617,0.966666666666667,0.333333323333334,0,0.0646387897757669,0.0018673156613813,0.0447204941167395,0.000512944844475915,0.0929512011758699,0.0721231780561036,0.0802650944015825,0.126266558806966,0.660447773160782,0.0929411814532872,0.817836824912054,0.119293077177518,0.4522286,0.908645060974233
4,0.58102766798419,0.658333333333333,0.333333323333334,0,0.0361216657693472,0.000780537499354656,0.0409937788202622,0.00188347018577163,0.136586625455821,0.110210697003328,0.123711348131728,0.175370220565231,0.608208953532245,0.102352947280277,0.855787467887761,0.165684829413219,0.3961213,0.925339244480397
4,0.822134387351779,0.991666666666667,0,0,0.0836501920918331,0.00365994076544309,0.0621118023533042,0.00303492670849488,0.0733281680349549,0.0551053470429931,0.0537555283228606,0.111457518738659,0.684701496453135,0.0552941223806228,0.853889936592866,0.105301914541223,0.5333069,0.873133321206842
4,0.675889328063241,0.8625,0,0,0.0874524766615104,0.00244991925127133,0.0360248355264077,0.00174454813176181,0.104053708878504,0.0867098880608581,0.0913107519049282,0.134060783037856,0.680970156991395,0.0952941234394463,0.793168883922817,0.126656840009891,0.38645566,0.907610168155603
4,0.347826086956522,0.875,0,0,0.0475285160563258,0.00149758721830713,0.0322981358821034,0.00114344141050798,0.098115158733235,0.0777957891231425,0.0824742298786875,0.134060783037856,0.662313442891652,0.0800000042352941,0.836812154938807,0.126656840009891,0.44601154,0.900066656532344
4,0.707509881422925,0.8875,0,0,0.127376433844642,0.00373836615313379,0.0807453274071225,0.00405280507388155,0.105861091583612,0.0850891441255198,0.0883652401445859,0.144193288567629,0.656716433699042,0.0729411846297577,0.853889936592866,0.136229744946762,0.4433746,0.89688421631904
4,0.596837944664032,0.870833333333333,0,0,0.0323194003631688,0.000690907217210047,0.0322981425901775,0.00156020923159505,0.101988128644094,0.0842787648644957,0.0868924875781113,0.134840205460944,0.679104487260526,0.0835294198615917,0.814041762322264,0.127393216293128,0.41670507,0.89833289838568
4,0.486166007905138,0.716666666666667,0,0,0.0608365052060896,0.000433217231827099,0.0509316654079711,0.00302691165694733,0.126775105399693,0.10372771396862,0.113402053656833,0.162899440751381,0.634328363346514,0.0976470633079584,0.836812154938807,0.153902788999243,0.38988227,0.918669411047861
4,0.786561264822134,0.641666666666667,0.333333323333334,0,0.0779467789255307,0.00400726234382663,0.0397515463508356,0.000662554475433427,0.120836569197105,0.0940032430632354,0.108983802584803,0.159002328635937,0.61007464005416,0.103529416685121,0.851992422375769,0.150220907583057,0.43081954,0.925917605945148
4,0.225296442687747,0.920833333333333,0,0,0.0855513514869387,0.00146770918034797,0.0571428545874003,0.000598435794243576,0.102504523702696,0.0818476489614882,0.0898379927110604,0.135619641913651,0.658582086638867,0.0952941234394463,0.815939293617159,0.128129605831152,0.42348316,0.914443700831784
4,0.909090909090909,0.779166666666667,0.333333323333334,0,0.0342205234845086,0.000134446774406928,0.0248447164692723,0.000886968128407362,0.110250456553074,0.0907617551925588,0.0942562570378773,0.145752147443425,0.664179112622521,0.081176476816609,0.833017092349016,0.137702510768023,0.40090325,0.901355668461941
4,0.731225296442688,0.8625,0,0,0.0399239537610779,0.000750660923504092,0.0260869511747235,0.000472871152022952,0.0955331834402226,0.0777957891231425,0.0839469824451621,0.124707720975597,0.680970156991395,0.0988235337716263,0.787476290038131,0.117820331238436,0.40134683,0.911057992190416
4,0.984189723320158,0.670833333333333,0,0,0.0323193846217233,0.000511644333714087,0.0298136642351761,0.000512944700210037,0.112057839258182,0.0899513759315347,0.0994108976479315,0.146531569866514,0.645522398522778,0.0976470633079584,0.825426967169435,0.13843888705126,0.40983546,0.916936828057288
4,0.446640316205534,0.708333333333333,0,0,0.0380228012100791,0.000388402221840393,0.0198757700449832,0.000790790755819039,0.138910410190873,0.115883308070367,0.124447724414965,0.176149635973511,0.630597023884774,0.0952941234394463,0.844402280118389,0.166421199069063,0.36658052,0.917460830158803
4,0.189723320158103,0.570833333333333,0,0,0.0266159680333675,0.000253954166828003,0.149068309995757,0.0241084339964212,0.111283246670279,0.0875202600285272,0.111929314345145,0.133281367629575,0.634328363346514,0.161176474698962,0.734345362547663,0.128865982114389,0.4037081,1
4,0.0948616600790514,0.783333333333333,0,0,0.038022818320346,0.00061247915738984,0.0236024884718951,0.000333948542589498,0.122127549872271,0.0956239869985736,0.118556707521674,0.151208097390239,0.61194030978503,0.143529417743945,0.785578758743235,0.142857138123291,0.39300215,0.962668849994766
4,0.513833992094862,0.820833333333333,0,0,0.0475285229004325,0.000422013517143576,0.0136645929400874,0.000173653289486951,0.112832424874746,0.0931928710955662,0.0994108976479315,0.145752147443425,0.662313442891652,0.094117651916955,0.814041762322264,0.137702510768023,0.3831675,0.912621319127823
4,0.849802371541502,0.658333333333333,0,0,0.0285171103182061,0.000392136316115542,0.0434782549392388,0.000301889396753509,0.1156726046684,0.0931928710955662,0.103829161974748,0.14964925955887,0.641791042269993,0.102352947280277,0.821631887501845,0.141384392184209,0.40075645,0.921650597386402
4,0.731225296442688,0.675,0,0,0.0494296617632178,0.000836558593649165,0.0472049724717408,0.0014319725184118,0.119545574579259,0.0988654748692502,0.103092779064118,0.156664068381479,0.652985077446258,0.081176476816609,0.844402280118389,0.148011785360738,0.39643326,0.902673337412244
4,0.0197628458498024,0.679166666666667,0,0,0.0646387829316601,0.00101581870418054,0.0645962628201079,0.00290669035597632,0.132971860045604,0.110210697003328,0.117820331238436,0.170693686026697,0.634328363346514,0.090588241584775,0.848197359785978,0.161266571713795,0.38186744,0.913128751528437
4,0.948616600790514,0.8625,0,0,0.0608365017840362,0.00352549312385451,0.0372670724678837,0.000737358930247486,0.0588690994227451,0.0397082679879114,0.0486008843991098,0.0880748179867555,0.682835826722265,0.0964705939031142,0.789373821333026,0.0832105995345317,0.5692659,0.907491981028616
4,0.624505928853755,0.829166666666667,0,0,0.0513307972039497,0.00137807829319291,0.0347826052930059,0.00156020894306329,0.0903692258828575,0.068881690185427,0.0795287181183452,0.122369446691522,0.656716433699042,0.101176476816609,0.808349168437578,0.115611195761331,0.4604365,0.918791543341729
4,0.0316205533596838,0.9375,0,0,0.0627376509129816,0.00348441251064818,0.0683229714085111,0.00398868581562819,0.0772011379458137,0.068881690185427,0.0625920503491012,0.100545590785796,0.751865673928631,0.0800000042352941,0.745730567394834,0.0949926333211146,0.37655354,0.860785821842475
4,0.616600790513834,0.720833333333333,0,0,0.0437262349087018,0.000780538548039443,0.0298136642351761,0.000609122866260691,0.135553842309956,0.111021068970997,0.120765823116599,0.174590805156951,0.62126865843938,0.0929411814532872,0.857685033338254,0.164948459757375,0.3882103,0.917229542651913
4,0.375494071146245,0.9375,0,0,0.0589353629212509,0.0038728140972276,0.0385093161174338,0.000814835116999355,0.0973405661453313,0.0786061610908117,0.0824742298786875,0.130943107375117,0.673507478067916,0.0835294198615917,0.81973435620695,0.123711348131728,0.42423514,0.90064045167628
4,0.363636363636364,0.916666666666667,0,0,0.0836501920918331,0.00244991925127133,0.0596273262343276,0.00227619544900186,0.0857216633840949,0.0640194510860571,0.0736377012250537,0.119251749984357,0.656716433699042,0.094117651916955,0.81973435620695,0.112665684000989,0.48521596,0.91250568376835
4,0.1699604743083,0.608333333333333,0,0,0.0285171332459637,0.000302505479378017,0.0658385042336333,0.00549546263312295,0.16937775350512,0.140194481687151,0.160530182175772,0.206547152562832,0.578358221047282,0.129411769850519,0.842504765901292,0.195139913879677,0.35004318,0.948263417281728
4,0.403162055335968,0.895833333333333,0,0,0.0589353560771442,0.00172166554538062,0.0360248355264077,0.00126366148521901,0.0939839982644151,0.074554293959111,0.0787923418351079,0.128604833091042,0.669776121815131,0.081176476816609,0.827324481386531,0.121502212654623,0.44245604,0.897824022221866
4,0.367588932806324,0.8875,0,0,0.0475285126342724,0.00185611227945352,0.0211180056448444,0.000398067007380531,0.0937258007351139,0.0729335500237727,0.0787923418351079,0.129384255514131,0.660447773160782,0.0823529483391003,0.834914623643912,0.12223858893786,0.45764294,0.901895938081361
4,0.806324110671937,0.604166666666667,0,0,0.0741444909338,0.00128844851522368,0.0447204941167395,0.00169913193480132,0.127291514400976,0.0980551101949361,0.114874819478094,0.168355411742622,0.591417909163372,0.102352947280277,0.872865266619619,0.15905743623669,0.44057688,0.926693695816385
4,0.818181818181818,0.954166666666667,0.333333323333334,0,0.0361216794575607,0.000870169657031673,0.0546583807044484,0.00361198986203072,0.0986315607631777,0.0794165330584808,0.086156111294874,0.130163670922411,0.669776121815131,0.0952941234394463,0.804554088769988,0.122974958593704,0.42162097,0.912703848661384
4,0.703557312252964,0.579166666666667,0,0,0.0361216555031871,0.000197935522825834,0.0385093161174338,0.0011674833913013,0.131939069928399,0.0980551101949361,0.132547863530575,0.163678877204088,0.557835820425624,0.16588235867128,0.804554088769988,0.154639178537267,0.42442176,0.979719156160701
4,0.905138339920949,0.704166666666667,0.333333323333334,0,0.038022818320346,0.000522848320652314,0.0434782549392388,0.000911011840391224,0.0965659665860873,0.0705024341207653,0.0868924875781113,0.131722529798206,0.623134344961294,0.108235298539792,0.831119561054121,0.124447724414965,0.48688295,0.928724600574937
4,0.8300395256917,0.8125,0,0,0.0323194003631688,0.00113906346801673,0.0484472094132168,0.000793462704155666,0.112057839258182,0.0988654748692502,0.0964653858875892,0.141075591860465,0.70708956176835,0.0835294198615917,0.785578758743235,0.133284233186419,0.3273603,0.889180698799855
4,0.640316205533597,0.645833333333333,0,0,0.0608364983619828,0.00110545201137742,0.0546583941205966,0.000758731703755871,0.118254586932752,0.0899513759315347,0.108247426301565,0.155884631928772,0.600746274608766,0.111764712048443,0.848197359785978,0.147275395822714,0.4462137,0.933409796823066
4,0.201581027667984,0.725,0,0,0.0570342206364123,0.00143409853038927,0.0211180092224839,0.000686599240558202,0.13426285466345,0.10858995306799,0.120765823116599,0.173031946281155,0.6138059795159,0.0988235337716263,0.855787467887761,0.163475693936114,0.39645794,0.922667258497659
4,0.221343873517787,0.691666666666667,0,0,0.0323194102871236,0.000556460009212293,0.0322981314100539,0.00123961899949512,0.136586625455821,0.115072936102698,0.12223858893786,0.172252523858066,0.641791042269993,0.0952941234394463,0.833017092349016,0.162739317652877,0.3589904,0.916191493699778
4,0.50197628458498,0.770833333333333,0,0,0.0570342343246258,0.00125483554605824,0.0422360179977629,0.0027784547969201,0.136844829956463,0.114262564135029,0.122974958593704,0.173031946281155,0.634328363346514,0.0976470633079584,0.836812154938807,0.163475693936114,0.36529657,0.920233577382476
4,0.177865612648221,0.933333333333333,0,0,0.0665399286385521,0.00185611248112367,0.0385093161174338,0.00257808391820182,0.0759101502993075,0.0551053470429931,0.061855674065864,0.11067809631557,0.666044782353391,0.0823529483391003,0.829222029759226,0.104565538257986,0.5203994,0.899903914201518
4,0.596837944664032,0.783333333333333,0,0,0.0380228114762393,0.000522848824827693,0.0186335474140654,0.000184339416562562,0.125225927195226,0.111021068970997,0.102356409408274,0.162899440751381,0.695895531629399,0.0517647141660899,0.848197359785978,0.153902788999243,0.34806257,0.868555869984423
4,0.280632411067194,0.879166666666667,0.333333323333334,0,0.0817490498069945,0.00266279258305584,0.0360248399984571,0.00164837068704055,0.104311906407805,0.0850891441255198,0.0868924875781113,0.141075591860465,0.667910452084261,0.0729411846297577,0.842504765901292,0.133284233186419,0.4254409,0.893974395531184
4,0.620553359683794,0.866666666666667,0.333333323333334,0,0.0779467789255307,0.00355910619385503,0.0472049679996914,0.00293875005723595,0.103795511349203,0.0834684001901815,0.0898379927110604,0.137957916197727,0.660447773160782,0.0894117700622837,0.823529418796741,0.130338741308257,0.42601216,0.907030900141866
4,0.920948616600791,0.691666666666667,0,0,0.0380228114762393,0.000478032171229252,0.0198757740698277,0.00040608205892808,0.113348833876029,0.0915721198668729,0.102356409408274,0.145752147443425,0.647388068253648,0.10588235867128,0.810246682654674,0.137702510768023,0.3963988,0.924393478857389
4,0.549407114624506,0.983333333333333,0,0,0.0855513412207785,0.00321551813498671,0.0596273262343276,0.00256472634050686,0.0565453146876937,0.0437601300142636,0.0390279827759353,0.0872954025784754,0.727611942240755,0.0611764778754325,0.800759026180197,0.0824742298786875,0.5634669,0.86660390213938
5,0.909090909090909,0.620833333333333,0,0,0.0893536121022423,0.00830955541411756,0.294409927055284,0.10088190453919,0.28505036514486,0.248784434755141,0.343151705867808,0.257989095619981,0.492537312680998,0.477647076013841,0.368121463999078,0.343151705867808,0.33961803,0.118915404793848
5,0.972332015810277,0.616666666666667,0,0,0.0874524663953503,0.00509403677495547,0.351552723506042,0.121869964229245,0.249419078215928,0.22204214523535,0.298232692943795,0.223694466915215,0.565298516140148,0.424705878678201,0.37950665176845,0.301178191449351,0.28921792,0.0830710454885296
5,0.841897233201581,0.625,0,0,0.127376433844642,0.00073572656310501,0.257142841171252,0.0136491635721715,0.281951973879225,0.257698562866277,0.32916053660412,0.254871405927626,0.576492551316412,0.424705878678201,0.368121463999078,0.32916053660412,0.29805613,0.141897764609687
5,0.569169960474308,0.633333333333333,0,0,0.10646389266579,0.0136090053386123,0.417391263516071,0.0196522348483911,0.274980633616751,0.247974070080827,0.316642133161693,0.256430243758995,0.559701490156494,0.396470591785467,0.430740047964022,0.318851242129225,0.28153613,0.103892343614634
5,0.802371541501976,0.625,0,0,0.0437263101938761,0.00051164473705439,0.206211162347133,0.0527265097027867,0.307255366607448,0.277147490090336,0.361561126203526,0.278254092649911,0.527985104731705,0.464705891384083,0.352941196562116,0.361561126203526,0.3081043,0.135291120999024
5,0.553359683794466,0.633333333333333,0,0,0.0266159338128337,0.000433218290595395,0.419875732926973,0.00133577437153696,0.283759377498354,0.256888154431833,0.324005895994066,0.266562735259151,0.557835820425624,0.391764703577855,0.440227721516298,0.324005895994066,0.27005577,0.110082142571448
5,0.774703557312253,0.625,0,0,0.0684410538131239,0.00560194456410207,0.257142841171252,0.0718684494380932,0.29537826631691,0.269043770413645,0.342415322957177,0.270459861404213,0.557835820425624,0.42705883866436,0.383301714358241,0.343151705867808,0.27503988,0.108888133617934
5,0.592885375494071,0.633333333333333,0,0,0.0703422097861761,0.00230426933694081,0.406211139986886,0.0302878522759336,0.27885361049895,0.252025944505883,0.318114872473381,0.262665609114089,0.559701490156494,0.385882356553633,0.447817855234779,0.318851242129225,0.2638465,0.0884195837748213
5,0.754940711462451,0.629166666666667,0,0,0.0817490429628877,0.00221463744143499,0.334161459989971,0.158385259441536,0.281951973879225,0.251215579831569,0.327687764155466,0.262665609114089,0.5317164274024,0.417647062249135,0.425047454079336,0.333578781048757,0.30781415,0.0789940260940052
5,0.877470355731225,0.625,0,0,0.0475285331665926,0.00306612844936627,0.201242201165081,0.0223772492244547,0.293054488553199,0.262560780085582,0.346097184491184,0.265783319850871,0.529850774462575,0.455294114968858,0.366223915626384,0.346097184491184,0.30841646,0.127904005863693
5,0.770750988142292,0.625,0,0,0.0950570252685448,0.00558700433510158,0.263353981158138,0.0677943016816042,0.292538093494596,0.266612654510637,0.339469791314655,0.267342150667431,0.561567193469452,0.425882369259515,0.381404200141145,0.340206174225286,0.28212494,0.110109624436061
5,0.557312252964427,0.633333333333333,0,0,0.0513307800936828,0.000885108464257596,0.395031016457701,0.00234035228851659,0.281951973879225,0.255267425083204,0.321796767144354,0.265003904442591,0.559701490156494,0.389411775356401,0.442125252811194,0.321796767144354,0.2689782,0.109362443404692
5,0.790513833992095,0.625,0,0,0.0874524903497239,0.00052284912733292,0.257142863531499,0.0697204747723603,0.291505310348732,0.260940050736953,0.340942550508523,0.268121566075711,0.529850774462575,0.437647073896194,0.394686919205412,0.340942550508523,0.30298296,0.118388766985098
5,0.142292490118577,0.641666666666667,0,0,0.0817490566511012,0.00817510293244534,0.367701852937773,0.0172370963661593,0.249677268773889,0.224473268431712,0.284241536934893,0.236944669152154,0.580223890778152,0.356470579079585,0.474383318980013,0.284241536934893,0.2736466,0.0963665096965907
5,0.731225296442688,0.629166666666667,0,0,0.0551331194162141,0.000601275472956839,0.277018596458472,0.0481981732875052,0.307255366607448,0.273095615665281,0.362297502486764,0.281371768312649,0.499999991604478,0.468235310186851,0.37571158917866,0.362297502486764,0.3015076,0.110381454828133
5,0.976284584980237,0.620833333333333,0,0,0.102661601252006,0.00896312501613361,0.0484472317734639,0.00271700929032685,0.306222576490242,0.270664499762273,0.378497780717984,0.263445052581604,0.490671642950128,0.550588253231834,0.252371952543666,0.378497780717984,0.35403678,0.156192245799677
5,0.766798418972332,0.625,0,0,0.0722433349607478,0.00182249830193732,0.234782571752635,0.0658734015087092,0.289181511671,0.262560780085582,0.338733421658811,0.261886214750235,0.557835820425624,0.437647073896194,0.366223915626384,0.339469791314655,0.29470626,0.122160665494253
5,0.711462450592885,0.629166666666667,0,0,0.0912547099003871,0.00721530527214177,0.299378843516842,0.00697016193252208,0.294087271699063,0.265802260662903,0.340206174225286,0.2720187132652,0.544776149100578,0.422352950456747,0.404174592757688,0.340206174225286,0.28552282,0.120318003953729
5,0.74703557312253,0.629166666666667,0,0,0.0722433349607478,0.0040184615915163,0.311801212931602,0.111899569030297,0.288148721553795,0.255267425083204,0.338733421658811,0.265783319850871,0.514925383033526,0.442352951515571,0.402277061462793,0.340206174225286,0.2984709,0.0922611186764116
5,0.58498023715415,0.633333333333333,0,0,0.0893536018360822,0.0122533231207569,0.313043458817176,0.0352650005607139,0.290472520231527,0.258508934833946,0.340206174225286,0.268121566075711,0.52052240901718,0.438823532712803,0.402277061462793,0.340206174225286,0.29754734,0.110755792407333
5,0.735177865612648,0.629166666666667,0,0,0.0513308348465368,0.00115400117614032,0.260869556467729,0.0527371853777994,0.301316802519498,0.268233405739331,0.355670109310235,0.27513637489832,0.509328357049872,0.463529421979239,0.373814057883764,0.355670109310235,0.30018225,0.109540278097332
5,0.940711462450593,0.620833333333333,0,0,0.0627376474909282,0.000929922143221302,0.132919214104397,0.00331544435177581,0.314743101928524,0.276337125416022,0.386597926460987,0.27513637489832,0.4682835725976,0.550588253231834,0.275142311004613,0.386597926460987,0.35212588,0.147931284594182
5,1,0.616666666666667,0,0,0.121673000146019,0.00760371089212422,0.331676990579069,0.110146998284494,0.255357614418516,0.228525128270058,0.306332825432012,0.226812170637189,0.567164185871018,0.436470604491349,0.358633790446802,0.306332825432012,0.29484537,0.122099238406519
5,0.703557312252964,0.629166666666667,0,0,0.0665399354826589,0.00131832544399701,0.314285704702751,0.00427721064796629,0.28091918376202,0.252836316473552,0.326215004961598,0.259547926436542,0.5503731247111,0.415294134027682,0.409867186642374,0.326215004961598,0.28965172,0.118015369530771
5,0.707509881422925,0.629166666666667,0,0,0.106463827646776,0.00581108810726916,0.289441010593726,0.00677779564607515,0.289181511671,0.260129671475929,0.335051553497411,0.268121566075711,0.54104477605675,0.419999990470588,0.41176471793727,0.335051553497411,0.29110643,0.118993586249868
5,1,0.616666666666667,0,0,0.121673000146019,0.00760371089212422,0.331676990579069,0.110146998284494,0.255357614418516,0.228525128270058,0.306332825432012,0.226812170637189,0.567164185871018,0.436470604491349,0.358633790446802,0.306332825432012,0.29484537,0.122099238406519
5,0.75098814229249,0.629166666666667,0,0,0.0893536257904558,0.00190092641217507,0.316770174113654,0.152144404094984,0.285566753232123,0.25445706040889,0.332106028482283,0.265783319850871,0.527985104731705,0.422352950456747,0.421252391489545,0.335787929780649,0.298124,0.0820077810442453
5,0.537549407114625,0.633333333333333,0,0,0.0494296480750043,0.000791742645896254,0.422360179977629,0.00399670966739433,0.273947843499546,0.246353340732199,0.315169373967825,0.256430243758995,0.555970167485798,0.394117663564014,0.438330190221403,0.315169373967825,0.28481323,0.108947378272925
5,0.984189723320158,0.620833333333333,0,0,0.0722433589151215,0.00119508350354294,0.0347826008209565,0.00197697705268211,0.298476650611205,0.265802260662903,0.366715746931401,0.257209666182084,0.513059730093701,0.529411782768166,0.26375712323524,0.366715746931401,0.34714225,0.15811839378658
5,0.766798418972332,0.625,0,0,0.0722433349607478,0.00182249830193732,0.234782571752635,0.0658734015087092,0.289181511671,0.262560780085582,0.338733421658811,0.261886214750235,0.557835820425624,0.437647073896194,0.366223915626384,0.339469791314655,0.29470626,0.122160665494253
7,0.683794466403162,0.420833333333333,0,0,0.0817490258526209,0.00100461496933,0.0149068231734892,0.000577062977455428,0.220500913106148,0.176661256699038,0.289396177544947,0.189399838210449,0.460820927256209,0.514117638152249,0.341555991714945,0.289396177544947,0.4450395,0.134203312580357
7,0.735177865612648,0.516666666666667,0,0,0.112167302410039,0.00248353242210692,0.0186335474140654,0.000344635232302036,0.184353224147273,0.147487836689529,0.245213547531564,0.155105209505683,0.52052240901718,0.467058819605536,0.356736259151907,0.245213547531564,0.45423168,0.139707508685033
7,0.636363636363636,0.345833333333333,0,0,0.328897382577457,0.0395908223544103,0.0124223640483004,0.000181668290541442,0.107152079230119,0.0777957891231425,0.157584690297609,0.081839438602044,0.597014935147026,0.39882352000692,0.388994325320726,0.157584690297609,0.59959364,0.151329735285178
7,0.675889328063241,0.529166666666667,0,0,0.0836501920918331,0.0101582031754175,0.175155272350604,0.0358019891778414,0.0849470707961912,0.0599675839543564,0.127393216293128,0.063912701826572,0.634328363346514,0.355294109674741,0.421252391489545,0.127393216293128,0.6152501,0.14640364882609
7,0.924901185770751,0.320833333333333,0,0,0.0114068502869785,4.48156432309817e-05,0.00993788882373361,5.34317973636592e-05,0.0854634658547937,0.0551053470429931,0.139911626362948,0.0568979000187716,0.597014935147026,0.412941174041522,0.366223915626384,0.139911626362948,0.6417749,0.152350274411538
7,0.940711462450593,0.341666666666667,0,0,0.117870712154288,0.0136090053386123,0.023602481763821,0.00062248013378401,0.100438943468286,0.0721231780561036,0.151693673404318,0.0732657849332569,0.60634330059242,0.40117647999308,0.37571158917866,0.151693673404318,0.57700235,0.152213217635299
7,0.932806324110672,0.333333333333333,0,0,0.0209125401522355,1.86731868643357e-05,0.0136645900332553,0.000141594259063664,0.0846888802382302,0.0551053470429931,0.136966134484785,0.0576773154270517,0.602611944339636,0.402352938809689,0.377609120473555,0.136966134484785,0.63446367,0.15052142934907
7,0.798418972332016,0.508333333333333,0,0,0.00380228148982926,2.98770649006815e-05,0.0024844718705297,2.1372738087197e-05,0.004131164651624,0,0.0117820324611043,0,0.804104480124332,0.169411770062284,0.548387111207688,0.0117820324611043,1,0.15944851939146
7,0.735177865612648,0.5125,0.333333323333334,0,0.102661594407899,0.00206151847137252,0.0248447298854205,0.000277844999506724,0.186160599881041,0.148298223243908,0.24815904603712,0.156664068381479,0.513059730093701,0.472941156041523,0.354838727857012,0.24815904603712,0.45775157,0.138956348910895
7,0.723320158102767,0.333333333333333,0,0,0.0418250892018098,0.000388402221840393,0.00869566082635647,7.74762487101488e-05,0.167828561357972,0.129659653400808,0.231222391522663,0.13717847974502,0.516791035973352,0.475294105439446,0.34724860267743,0.231222391522663,0.48999,0.141312570451657
7,0.940711462450593,0.4125,0,0,0.00950571142419325,6.34888290869666e-05,0.00496894620068657,2.13727525137848e-05,0.0658404396852189,0.0445705019819328,0.105301914541223,0.0444271237123266,0.666044782353391,0.336470599197232,0.41935486019465,0.105301914541223,0.6206427,0.155105427869716
7,0.924901185770751,0.3125,0,0,0.00950570526449718,1.86731626639175e-05,0.00621118068253536,4.54170740209837e-05,0.0859798609133962,0.0567260938956734,0.139911626362948,0.0568979000187716,0.604477614070506,0.410588245820069,0.362428853036593,0.139911626362948,0.63092834,0.155124247155136
7,0.790513833992095,0.508333333333333,0,0,0.0209125480229583,0.000242751057154934,0.00496894374105939,5.34318081836001e-05,0.00516395546596299,0.00243111838274812,0.0117820324611043,0.000779423194717905,0.813432838853308,0.164705888207612,0.546489579912793,0.0117820324611043,0.962963,0.175452835907667
7,0.656126482213439,0.516666666666667,0,0,0.0209125562358864,0.000108304308965126,0.0136646005425714,0.000109535170934026,0.217402528811852,0.175040520057054,0.285714276246581,0.185502726095005,0.472014945641429,0.510588261702422,0.335863397830259,0.285714276246581,0.44313568,0.137052377798246
7,0.652173913043478,0.4125,0,0.5,0.0209125562358864,0.000242750633647616,0.0472049724717408,0.00165638710911394,0.204234454817489,0.167747165054677,0.268041225566707,0.171473108449786,0.516791035973352,0.48588234067128,0.330170803945573,0.268041225566707,0.4318249,0.144738452643434
7,0.936758893280632,0.3125,0,0,0.0152091119288982,2.98770094413898e-05,0.0074534086799125,3.20590317898977e-05,0.083656083149685,0.0551053470429931,0.135493375290918,0.0561184705808739,0.61007464005416,0.400000010588235,0.373814057883764,0.135493375290918,0.6295031,0.15374624233347
7,0.683794466403162,0.433333333333333,0,0,0.0836501784036196,0.00343586143001884,0.0819875643485985,0.0088483089123088,0.205525442463995,0.168557529728991,0.265832096716995,0.1769290583966,0.513059730093701,0.469411779591695,0.360531321741698,0.265832096716995,0.42149335,0.138587803172435
7,0.648221343873518,0.45,0,0,0.0361216657693472,0.00158721992049356,0.0322981269380045,0.000598435794243576,0.205525442463995,0.16936790169666,0.267304875793042,0.174590805156951,0.518656705704222,0.476470606608996,0.343453523009841,0.267304875793042,0.42571348,0.143770913056832
7,0.8300395256917,0.4,0.333333323333334,0,0.0874524766615104,0.00227065767863135,0.0459627355302649,0.00203308061019147,0.116705394785605,0.085899516093189,0.170839476650667,0.0888542474246532,0.583955230239892,0.418823521065744,0.370018995293973,0.170839476650667,0.5471734,0.1485248727243
7,0.861660079051383,0.508333333333333,0,0,0.0285171103182061,0.000302505751632722,0.00993789240137314,2.13727553991024e-05,0.0686806055361923,0.0453808761376084,0.11045656177867,0.0467653909815934,0.651119407715388,0.34823530383391,0.415559797604859,0.11045656177867,0.62726945,0.152003401909007
7,0.683794466403162,0.425,0,0,0.0855513104222981,0.00101955353455174,0.0223602403502956,0.000673240393323514,0.221533710194693,0.178282015221086,0.290132560455578,0.190179253618729,0.464552249926904,0.51294117933564,0.33965846042005,0.290132560455578,0.4415065,0.135205468907846
7,0.66403162055336,0.525,0,0,0.0513308177362699,0.000481767162936576,0.188819876470815,0.0361199057304142,0.176607291296895,0.136142636435516,0.242268049026008,0.145752147443425,0.498134338664652,0.488235311245675,0.345351054304736,0.242268049026008,0.50256854,0.139531755697471
7,0.984189723320158,0.316666666666667,0,0,0.0247148233530915,0.000242751087405457,0.0136645900332553,0.000269830568302452,0.0777175399757565,0.048622365466956,0.129602351770233,0.0506625087088852,0.608208953532245,0.39882352000692,0.377609120473555,0.129602351770233,0.6593289,0.152024655446332
7,0.964426877470356,0.491666666666667,0,0,0,0,0,1.14652226901213e-11,0,0,0,0,0.833955226042131,0.131764710989619,0.578747642666052,0,0,0.511054416358307
7,0.932806324110672,0.3,0,0,0.0247148325926356,0.000422013396141485,0.130434778233865,0.0150918093737438,0.0689388100368338,0.0437601300142636,0.112665684000989,0.0467653909815934,0.638059702808253,0.3576470696609,0.413662249232165,0.112665684000989,0.6765811,0.150070488380602
7,0.83399209486166,0.345833333333333,0,0,0.0589353560771442,0.00239389931658019,0.0273291903522242,0.000694612806167202,0.108959468906568,0.0769854098621184,0.164948459757375,0.0802805937558661,0.578358221047282,0.425882369259515,0.364326401409287,0.164948459757375,0.57665956,0.148524419449807
7,0.679841897233202,0.329166666666667,0,0,0.0228136903077969,0.000268893266475645,0.0186335250538183,0.000248457881353595,0.163955591447114,0.126418158236776,0.228276893017107,0.131722529798206,0.52238807874805,0.47882355600692,0.335863397830259,0.228276893017107,0.4967188,0.144667271760134
7,0.826086956521739,0.429166666666667,0,0,0.0437262383307552,0.00131832514149178,0.0136645900332553,4.54170812342776e-05,0.112832424874746,0.0834684001901815,0.165684829413219,0.0849571282943997,0.595149265416156,0.411764715224913,0.370018995293973,0.165684829413219,0.5462072,0.15151381509305
7,0.948616600790514,0.516666666666667,0,0,0.00760456400627454,2.98770568338754e-05,0.00372670791759578,5.61034102821186e-05,0.001032791162906,0,0.00294550811527608,0,0.826492539562681,0.141176475757785,0.571157509801461,0.00294550811527608,0.33333334,0.15944851939146
7,0.972332015810277,0.3375,0,0,0.0304182505498128,0.00052284842148739,0.00993788502249161,8.54909655608597e-05,0.0841724782082875,0.0551053470429931,0.136229744946762,0.0568979000187716,0.60634330059242,0.40117647999308,0.37571158917866,0.136229744946762,0.6321268,0.152153150371043
7,0.731225296442688,0.325,0,0,0.0209125562358864,0.000197935603493895,0.0236024862358704,0.000205712514669173,0.158017041301845,0.119935175202068,0.222385869496422,0.126266558806966,0.52052240901718,0.477647076013841,0.33965846042005,0.222385869496422,0.5094622,0.143709183786103
7,0.928853754940711,0.433333333333333,0,0,0.150190124152439,0.00369355242375255,0.00993788166845455,5.34316711310154e-05,0.102762721231998,0.0777957891231425,0.147275395822714,0.0795011643179684,0.628731354153904,0.369411774297578,0.404174592757688,0.147275395822714,0.5331259,0.149840778940464
2,0.743083003952569,0.283333333333333,0,0,0.0931559103601331,0.00234908357049743,0.0298136776513244,0.000545004581802007,0.288665116612397,0.277147490090336,0.32916053660412,0.256430243758995,0.662313442891652,0.394117663564014,0.330170803945573,0.32916053660412,0.2655346,0.177883747012061
2,0.74703557312253,0.291666666666667,0,0,0.0418250686694896,0.00065729535723044,0.040993787764361,0.000248456691160097,0.299251236227769,0.287682325670035,0.34167894667394,0.265003904442591,0.658582086638867,0.405882368200692,0.314990519430812,0.34167894667394,0.26725134,0.180261121362483
2,0.707509881422925,0.466666666666667,0.333333323333334,0,0.0589353355448239,0.00212500484008364,0.0248447231773464,0.000374022501934337,0.40072295587058,0.383306334548674,0.454344650557109,0.360093510207529,0.585820899970762,0.483529391273357,0.26375712323524,0.454344650557109,0.2511938,0.171685789114378
2,0.735177865612648,0.2875,0,0,0.0456273566612202,0.000717049718952477,0.0298136642351761,0.000512943546083008,0.282468389851848,0.275526760741708,0.315905750251062,0.253312533022212,0.695895531629399,0.358823539065744,0.352941196562116,0.315905750251062,0.24472968,0.184915360641555
2,0.691699604743083,0.370833333333333,0,0,0.0665399149503386,0.000780538911045716,0.0322981403541528,0.000470199585990903,0.386005689729069,0.367098858728516,0.443298973171583,0.342946216899572,0.580223890778152,0.497647077072664,0.246679324503383,0.443298973171583,0.26862052,0.174256359126359
2,0.936758893280632,0.3625,0,0,0.0456274011479141,0.00129965068713054,0.0285714161135766,0.000430126708640153,0.368448243793904,0.346839559536787,0.428571447506838,0.325019466094483,0.567164185871018,0.507058811134948,0.244781810286286,0.428571447506838,0.28510964,0.17096877601869
2,0.861660079051383,0.479166666666667,0,0,0.0133079994159239,6.34887988364439e-05,0.314285659982257,0.0320083592088992,0.252259230124221,0.244732589503506,0.284977906590737,0.224473882323495,0.701492540822009,0.34823530383391,0.364326401409287,0.284977906590737,0.25840873,0.185002540435652
2,0.853754940711462,0.275,0,0,0.0532319326446816,0.00276362725547898,0.0372670769399331,0.000384709040167702,0.280402781732077,0.271474864436587,0.319587611785069,0.247077139607883,0.682835826722265,0.385882356553633,0.322580661688192,0.319587611785069,0.26919183,0.186700305230007
2,0.798418972332016,0.454166666666667,0,0,0.114068427584611,0.00394377012668112,0.0956521729408588,0.00668164820865663,0.344435838712187,0.327390610432663,0.393225319637516,0.308651588194806,0.60634330059242,0.447058839723183,0.301707817444343,0.393225319637516,0.2634666,0.169378957705377
2,0.790513833992095,0.475,0,0,0.0342205337506687,0.000448155474376597,0.222360224698123,0.0748392618540423,0.298476650611205,0.285251209767028,0.343151705867808,0.263445052581604,0.647388068253648,0.416470603432526,0.309297925546126,0.343151705867808,0.27063802,0.179824147963568
2,0.66403162055336,0.379166666666667,0,0,0.0342205337506687,0.000358524002378094,0.0198757843555413,0.000213726664554982,0.405886906456604,0.389789295703317,0.461708413389481,0.361652376098133,0.593283595685286,0.49529410649827,0.237191668028906,0.461708413389481,0.25975996,0.177715632539098
2,0.782608695652174,0.454166666666667,0,0,0.119771861283234,0.00411182851906348,0.186335384699666,0.0389197457683759,0.274206041028847,0.258508934833946,0.316642133161693,0.243959477974763,0.638059702808253,0.400000010588235,0.345351054304736,0.316642133161693,0.2727516,0.167446749270627
1,0.08300395256917,0.4375,0,0,0.0133079805946304,0.000108304343249051,0.00745341382276933,9.61772686408425e-05,0.039246063493294,0.0494327388932961,0.0463917522357014,0.0218238502938784,0.89179104478865,0.175294121321799,0.449715389945234,0.0486008843991098,0.57539684,0.32645020347408
1,0.577075098814229,0.416666666666667,0,0,0.0133079867543264,0.000153119877578151,0.00993788882373361,8.54909222810961e-05,0.0395042603254612,0.0510534850166409,0.0463917522357014,0.0210444264678277,0.901119403517626,0.174117651916955,0.442125252811194,0.0486008843991098,0.59126985,0.336219091401207
1,0.106719367588933,0.5,0,0,0.0076045609264265,7.46926193967965e-05,0.017391302199298,0.000149609000439575,0.0361476889588749,0.048622365466956,0.0397643590591726,0.020265002641777,0.908582094194837,0.157647063307958,0.461100582837946,0.0441826200722929,0.56613755,0.364220183624855
1,0.391304347826087,0.470833333333333,0,0,0.00950570013141711,6.34887282518909e-05,0.0223602457167549,0.000320590820628663,0.0493157789873208,0.0599675839543564,0.0581737860222843,0.0296180822410575,0.89179104478865,0.185882356553633,0.432637596336717,0.0596465385887589,0.5311728,0.316804203298311
1,0.699604743083004,0.4625,0,0,0.0190114057381196,0.000119508168851158,0.0173912992924659,8.5490896313238e-05,0.0407952514576375,0.0534846045663258,0.0456553759524641,0.0233826958415372,0.908582094194837,0.164705888207612,0.449715389945234,0.0493372620078258,0.54960316,0.352818176240006
1,0.849802371541502,0.479166666666667,0,0,0.0190114057381196,0.000209139449263017,0.0124223604706608,5.34317288373669e-05,0.0343403041623642,0.0470016229902887,0.0382916045044801,0.0179267339695484,0.910447757209289,0.15882353483045,0.457305520248155,0.043446242463577,0.6111111,0.363705455183702
1,0.790513833992095,0.516666666666667,0,0,0.0190114057381196,0.000298770538088231,0.0198757776474672,5.34317540838956e-05,0.0384714695111222,0.05186385698431,0.042709868831297,0.0210444264678277,0.914179103387447,0.161176474698962,0.449715389945234,0.0493372620078258,0.5994268,0.361275932442291
1,0.422924901185771,0.466666666666667,0,0,0.0209125514450117,0.000242751087405457,0.0149068332356004,0.000192354525816462,0.0469919991322076,0.0599675839543564,0.0530191454122301,0.0280592352904369,0.908582094194837,0.171764709930796,0.438330190221403,0.0559646571725725,0.5244709,0.345570731763823
1,0.296442687747036,0.516666666666667,0,0,0.0152091280125491,0.000119508229352203,0.0186335384699666,8.81624767718748e-05,0.0348567013123688,0.0502431130489717,0.0360824756547682,0.0187061570941182,0.929104474667242,0.14588235867128,0.459203051543051,0.0456553759524641,0.6137566,0.3948771252593
1,0.25296442687747,0.55,0,0,0.0114068468649252,0.000134446774406928,0.00993788882373361,5.3431819003541e-05,0.03511489884167,0.0478119920406158,0.0390279827759353,0.0187061570941182,0.910447757209289,0.15882353483045,0.457305520248155,0.0441826200722929,0.5952381,0.358717897988225
1,0.470355731225296,0.520833333333333,0,0,0.0209125500761903,0.000422013648229175,0.0223602492943945,0.000320590820628663,0.0436354242799512,0.0567260938956734,0.0478645067903939,0.0265003883398164,0.910447757209289,0.16235294516263,0.45161291440901,0.0530191454122301,0.52954143,0.355831983232873
1,0.936758893280632,0.445833333333333,0,0,0.0114068417318451,0.000179262318819536,0.017391302199298,5.34318442500697e-05,0.0348567013123688,0.0453808761376084,0.0412371136138651,0.0179267339695484,0.895522389287703,0.170588240525952,0.453510449119465,0.0441826200722929,0.61706346,0.335251467874884
1,0.573122529644269,0.5375,0,0,0.0361216794575607,0.000466829192641782,0.0223602492943945,0.000416768077804283,0.0441518228242238,0.057536468051349,0.0486008843991098,0.0265003883398164,0.912313430298368,0.163529416685121,0.447817855234779,0.0544918979787047,0.537017,0.358407112850491
1,0.142292490118577,0.479166666666667,0,0,0.0133079884653531,6.34887685859212e-05,0.00993788882373361,0.000181668160702152,0.040278854307633,0.054294977992666,0.0449189976810088,0.0218238502938784,0.9179104478865,0.163529416685121,0.442125252811194,0.0493372620078258,0.5813492,0.36066676174239
1,0.944664031620553,0.558333333333333,0,0,0.0133079877809425,0.000153119998580242,0.0111801248707997,8.81624984117565e-05,0.0284017581998996,0.0388978945615713,0.0331369658826438,0.0132501938191678,0.897388059018573,0.161176474698962,0.466793188677092,0.0360824756547682,0.65555555,0.349976526257058
1,0.110671936758893,0.416666666666667,0,0,0.0133079836744784,0.000242750976486874,0.0136645951761121,0.000109535235853672,0.0376968762260845,0.0502431130489717,0.0419734912225811,0.0210444264678277,0.908582094194837,0.161176474698962,0.45540798382992,0.0456553759524641,0.56415343,0.360322392322336
1,0.146245059288538,0.5625,0,0,0.017110263453281,0.000123242817719224,0.0149068321175881,0.000192354525816462,0.0356312939002725,0.0413290104645787,0.0449189976810088,0.020265002641777,0.861940298870851,0.184705887148789,0.464895653966636,0.0456553759524641,0.5714286,0.299802011380379
1,0.126482213438735,0.441666666666667,0,0,0.0171102668753344,0.000123242787468701,0.0223602470583697,0.000224413563453043,0.0449264168063956,0.0534846045663258,0.0544918979787047,0.0265003883398164,0.878731344918829,0.188235300657439,0.442125252811194,0.0544918979787047,0.53858024,0.304016070763199
1,0.233201581027668,0.5,0,0,0.0114068448116931,8.96311432761558e-05,0.00745341382276933,6.41181660846167e-05,0.0364058885795783,0.0526742311399857,0.0360824756547682,0.0210444264678277,0.934701492255374,0.13882353483045,0.464895653966636,0.0478645067903939,0.5813492,0.4067639399324
1,0.0869565217391304,0.566666666666667,0,0,0.0114068458383091,0.000134446774406928,0.016149065705027,0.0003018895265928,0.032016526398653,0.0299837919771782,0.0493372620078258,0.015588464595839,0.809701496033359,0.222352939868512,0.457305520248155,0.0508100132488217,0.6984448,0.248868093848973
1,0.110671936758893,0.416666666666667,0,0,0.0133079836744784,0.000242750976486874,0.0136645951761121,0.000109535235853672,0.0376968762260845,0.0502431130489717,0.0419734912225811,0.0210444264678277,0.908582094194837,0.161176474698962,0.45540798382992,0.0456553759524641,0.56415343,0.360322392322336
1,0.41897233201581,0.491666666666667,0,0,0.0190114105289944,0.000567664419657838,0.0198757754114425,0.000630495495503198,0.046475600587935,0.0615883351830497,0.0500736356401058,0.0280592352904369,0.923507465474632,0.160000005294118,0.442125252811194,0.0559646571725725,0.53055555,0.369380233589134
1,0.114624505928854,0.470833333333333,0,0,0.0209125480229583,0.000108304282748006,0.0136645929400874,7.74761765772095e-05,0.0418280415748425,0.054294977992666,0.0478645067903939,0.0233826958415372,0.906716421105758,0.170588240525952,0.442125252811194,0.0515463908575376,0.571649,0.345210905683567
1,0.122529644268775,0.425,0,0,0.0171102689285664,7.84271724715403e-05,0.00621118068253536,0.000109535235853672,0.0428608316920475,0.0526742311399857,0.0515463908575376,0.024162118966107,0.888059703647806,0.183529417743945,0.440227721516298,0.0522827691289929,0.56349206,0.313719855042817
1,0.853754940711462,0.558333333333333,0,0,0.019011409160173,0.000164323773764811,0.016149065705027,4.54170595943959e-05,0.0369222815467787,0.0461912495639485,0.043446242463577,0.0210444264678277,0.886194032237831,0.171764709930796,0.461100582837946,0.0463917522357014,0.56415343,0.331596682064289
1,0.106719367588933,0.420833333333333,0,0,0.0247148274595555,0.000422013275139394,0.0124223582346361,0.00011754999165617,0.0413116444248379,0.05186385698431,0.0478645067903939,0.024162118966107,0.893656717877729,0.172941180394464,0.45161291440901,0.0500736356401058,0.5440917,0.333391447600084
1,0.719367588932806,0.416666666666667,0,0,0.0228136903077969,0.000313709073059449,0.023602481763821,0.000366007861544542,0.0397624613404326,0.0502431130489717,0.0463917522357014,0.0226032734184482,0.893656717877729,0.172941180394464,0.45161291440901,0.0486008843991098,0.56613755,0.332251798009806
1,0.604743083003953,0.4875,0,0,0.0171102668753344,0.000302505297874881,0.00745341382276933,3.20590880535903e-05,0.0415698440455413,0.0534846045663258,0.0478645067903939,0.0233826958415372,0.902985073248496,0.171764709930796,0.444022784106089,0.0508100132488217,0.56371254,0.342326579067734
1,0.458498023715415,0.566666666666667,0,0,0.0209125480229583,0.000108304282748006,0.0173913048825276,0.000406081698263384,0.0472501945701067,0.0397082679879114,0.0729013249418165,0.0272798114643862,0.766791048566635,0.265882360788927,0.430740047964022,0.0729013249418165,0.64367795,0.2116602512937
1,0.375494071146245,0.433333333333333,0,0,0.0133079867543264,0.000153119907828674,0.00745341583519156,0.000128236342343893,0.0472501945701067,0.0567260938956734,0.0567010268284166,0.0280592352904369,0.884328359148753,0.188235300657439,0.436432658926507,0.0574374097390471,0.53858024,0.307860274947913
1,0.134387351778656,0.504166666666667,0,0,0.0171102617422543,7.8427394308707e-05,0.00496894239944457,0.000117549970016288,0.0374386793939173,0.05186385698431,0.0405007353424099,0.020265002641777,0.921641792385554,0.155294123439446,0.45161291440901,0.0471281285189387,0.59325397,0.375343496027259
1,0.893280632411067,0.445833333333333,0,0,0.00190113899966741,1.86731263632902e-05,0.0236024862358704,7.74760178847431e-05,0.039246063493294,0.0510534850166409,0.0441826200722929,0.0226032734184482,0.902985073248496,0.164705888207612,0.45540798382992,0.0471281285189387,0.5456349,0.349751257228154
1,0.0513833992094862,0.5125,0,0,0.0133079836744784,6.34887827028318e-05,0.00869565255306506,4.54170913328891e-05,0.0369222815467787,0.0494327388932961,0.0412371136138651,0.020265002641777,0.908582094194837,0.161176474698962,0.45540798382992,0.0463917522357014,0.5873016,0.357842457063364
1,0.426877470355731,0.479166666666667,0,0,0.0285171068961528,0.000212874007379514,0.0149068292107559,0.000256472622729505,0.0508649620717262,0.0640194510860571,0.0544918979787047,0.0342946216899572,0.908582094194837,0.161176474698962,0.45540798382992,0.0589101623055216,0.45030865,0.357667155671501
1,0.691699604743083,0.504166666666667,0,0,0.0171102668753344,0.000123242878220269,0.0211180101168938,0.000237771458532933,0.0400206588697338,0.054294977992666,0.0412371136138651,0.0249415427921577,0.91977611761737,0.147058828076125,0.466793188677092,0.0500736356401058,0.5299824,0.38917085770698
1,0.407114624505929,0.4625,0,0,0.0152091280125491,2.98770094413898e-05,0.0111801212931602,0.000120221528835043,0.0446682164885582,0.0591572192800423,0.0478645067903939,0.0272798114643862,0.91977611761737,0.157647063307958,0.449715389945234,0.0537555283228606,0.52006173,0.371358659234196
1,0.909090909090909,0.466666666666667,0,0,0.0228136920188236,8.96312199108134e-05,0.00869565255306506,0.000109535243066966,0.0405370539283363,0.05186385698431,0.0456553759524641,0.024162118966107,0.899253730428548,0.16588235867128,0.457305520248155,0.0486008843991098,0.53174603,0.345120176918071
1,0.541501976284585,0.508333333333333,0,0,0.0228136903077969,0.000448155776881825,0.0260869534107482,0.000152280530405154,0.0449264168063956,0.0567260938956734,0.0522827691289929,0.0257209659167275,0.901119403517626,0.177647065425605,0.436432658926507,0.0544918979787047,0.5582011,0.330137541108429
1,0.229249011857708,0.416666666666667,0,0,0.00950570013141711,0.000153119927995689,0.0111801212931602,8.8162455131993e-05,0.0379550765439218,0.0470016229902887,0.0463917522357014,0.020265002641777,0.884328359148753,0.181176473640138,0.447817855234779,0.0478645067903939,0.60119045,0.312723675223454
1,0.213438735177866,0.4875,0,0,0.0114068468649252,4.48156281057203e-05,0.00869565255306506,0.00010953517814732,0.03511489884167,0.0502431130489717,0.0360824756547682,0.0194855795172072,0.927238801578163,0.144705887148789,0.462998119256181,0.0456553759524641,0.59391534,0.395452515257933
1,0.592885375494071,0.429166666666667,0,0,0.0209125480229583,0.000197935492575312,0.0223602492943945,0.000384708823768884,0.043377228842052,0.0551053470429931,0.0493372620078258,0.0257209659167275,0.901119403517626,0.170588240525952,0.447817855234779,0.0522827691289929,0.53791887,0.34136180949192
1,0.695652173913043,0.5,0,0,0.0152091252749064,0.000433217332662175,0.0173913048825276,0.000149609058145926,0.0415698440455413,0.0551053470429931,0.0441826200722929,0.0257209659167275,0.914179103387447,0.154117652975779,0.461100582837946,0.0500736356401058,0.515873,0.375937352764483
1,0.276679841897233,0.425,0,0,0.0247148257485288,0.000242751087405457,0.0161490645870146,0.00010953525028026,0.038213273376089,0.05186385698431,0.0419734912225811,0.0210444264678277,0.91604477815563,0.15882353483045,0.45161291440901,0.0471281285189387,0.58002645,0.368155082999176
1,0.853754940711462,0.4625,0,0,0.0114068386519971,0.000134446794573944,0.0111801235291849,0.000216398829290426,0.0418280415748425,0.0526742311399857,0.0486008843991098,0.024162118966107,0.895522389287703,0.174117651916955,0.447817855234779,0.0508100132488217,0.55180776,0.334539239343286
1,0.699604743083004,0.4875,0,0,0.0152091221950583,0.000343586122834869,0.0198757700449832,0.000149609137492159,0.0413116444248379,0.057536468051349,0.042709868831297,0.024162118966107,0.932835822524504,0.148235299598616,0.45161291440901,0.0522827691289929,0.56371254,0.389962941452632
1,0.0869565217391304,0.545833333333333,0,0,0.0133079867543264,0.000108304333165544,0.0211180101168938,0.000269830525022689,0.03511489884167,0.0478119920406158,0.0382916045044801,0.0194855795172072,0.910447757209289,0.155294123439446,0.462998119256181,0.043446242463577,0.57473546,0.371762879354027
1,0.612648221343874,0.466666666666667,0,0,0.0133079836744784,0.000153119927995689,0.00869565255306506,4.54170913328891e-05,0.0426026341627462,0.0583468400190182,0.0449189976810088,0.0249415427921577,0.929104474667242,0.152941181453287,0.447817855234779,0.0530191454122301,0.555776,0.383189341737154
1,0.565217391304348,0.445833333333333,0,0,0.019011409160173,0.000388401828583598,0.0149068292107559,0.000288531768565494,0.0449264168063956,0.0551053470429931,0.0537555283228606,0.0257209659167275,0.889925373378676,0.184705887148789,0.436432658926507,0.0559646571725725,0.5643298,0.320588004459885
1,0.897233201581028,0.55,0,0,0.0171102689285664,0.000347320670867859,0.0149068343536128,0.000224413476893516,0.0369222815467787,0.048622365466956,0.0412371136138651,0.0210444264678277,0.902985073248496,0.161176474698962,0.461100582837946,0.0449189976810088,0.5564374,0.357476204558078
1,0.0474308300395257,0.545833333333333,0,0,0.0133079836744784,6.34887685859212e-05,0.0285714250576755,0.00010953497617509,0.032016526398653,0.0453808761376084,0.0346097204373364,0.0163678884218897,0.91604477815563,0.151764709930796,0.462998119256181,0.0419734912225811,0.6301587,0.38072396498337
1,0.241106719367589,0.554166666666667,0,0,0.00950570013141711,6.34887282518909e-05,0.016149065705027,0.000237771552305754,0.0335657136658625,0.0437601300142636,0.0382916045044801,0.0187061570941182,0.893656717877729,0.16235294516263,0.468690713140868,0.0412371136138651,0.5746032,0.348359293230908
1,0.897233201581028,0.429166666666667,0,0,0.0133079805946304,6.34887282518909e-05,0.0186335373519542,8.81624334921112e-05,0.0410534489869388,0.0510534850166409,0.0493372620078258,0.0226032734184482,0.889925373378676,0.181176473640138,0.442125252811194,0.0493372620078258,0.5674603,0.317684647030536
1,0.743083003952569,0.433333333333333,0,0,0.00570342514348926,3.36117238522548e-05,0.00745341382276933,9.6177225361079e-05,0.046475600587935,0.0599675839543564,0.0522827691289929,0.0272798114643862,0.912313430298368,0.170588240525952,0.436432658926507,0.0559646571725725,0.53858024,0.349026503211408
1,0.126482213438735,0.575,0,0,0.019011409160173,0.00025395480208898,0.0161490683882566,0.000109535113227675,0.0379550765439218,0.0299837919771782,0.0574374097390471,0.0249415427921577,0.766791048566635,0.234117655093426,0.481973452698494,0.0574374097390471,0.5783389,0.177695738825252
1,0.592885375494071,0.566666666666667,0,0,0.0152091304079864,0.000433217534332327,0.016149065705027,7.74761549373277e-05,0.0420862391041437,0.0413290104645787,0.0611192911552335,0.0226032734184482,0.815298508584178,0.232941175100346,0.434535110553813,0.0633284200049454,0.6522477,0.257830069239358
1,0.0592885375494071,0.441666666666667,0,0,0.00950570321126515,0.000153119927995689,0.0111801248707997,0.000152280653031151,0.0410534489869388,0.0502431130489717,0.0493372620078258,0.0233826958415372,0.884328359148753,0.181176473640138,0.447817855234779,0.0493372620078258,0.5535714,0.31300843233254
1,0.0671936758893281,0.558333333333333,0,0,0.0133079877809425,1.86731394718501e-05,0.0136645951761121,0.00026983065486198,0.0273689659912925,0.0405186370382385,0.0265095727061151,0.015588464595839,0.91604477815563,0.13411765212872,0.49146111771187,0.0368188492870482,0.6005291,0.415205327889115
1,0.411067193675889,0.4125,0,0,0.0171102668753344,0.000123242878220269,0.0434782594112882,0.00171248850263513,0.0294345483171045,0.031604539559194,0.0419734912225811,0.0140296176452185,0.839552240943696,0.198823535889273,0.464895653966636,0.0419734912225811,0.7083333,0.252560048167969
1,0.731225296442688,0.495833333333333,0,0,0.0171102737194411,0.000123242878220269,0.00869565255306506,0.000109535243066966,0.03718048256175,0.0502431130489717,0.0412371136138651,0.020265002641777,0.912313430298368,0.160000005294118,0.453510449119465,0.0463917522357014,0.587963,0.36180561390532
1,0.221343873517787,0.441666666666667,0,0,0.0152091280125491,0.000209139398845479,0.00869565255306506,4.54170091013384e-05,0.0441518228242238,0.0559157204693332,0.0493372620078258,0.0272798114643862,0.901119403517626,0.167058828076125,0.453510449119465,0.0530191454122301,0.51036155,0.345870017159797
1,0.371541501976285,0.5,0,0,0.0190114057381196,0.000164323864516379,0.0298136642351761,0.000512945421539429,0.03718048256175,0.0502431130489717,0.0405007353424099,0.0210444264678277,0.912313430298368,0.156470592844291,0.459203051543051,0.0478645067903939,0.5928131,0.368225458061155
1,0.885375494071146,0.55,0,0,0.0152091280125491,0.000209139398845479,0.00993788703491385,0.000117549941163112,0.0379550765439218,0.0494327388932961,0.0449189976810088,0.0194855795172072,0.901119403517626,0.174117651916955,0.442125252811194,0.0463917522357014,0.6018519,0.335079492174761
1,0.758893280632411,0.545833333333333,0.333333323333334,0,0.0133079847010944,6.34887181683833e-05,0.0385093161174338,0.000109535437825902,0.0335657136658625,0.0494327388932961,0.0346097204373364,0.0171473101434977,0.932835822524504,0.144705887148789,0.457305520248155,0.0449189976810088,0.646164,0.397715144009923
1,0.130434782608696,0.433333333333333,0,0,0.0171102668753344,0.000392136316115542,0.01739130600054,0.000438140858525961,0.0438936218092524,0.0534846045663258,0.0522827691289929,0.0257209659167275,0.886194032237831,0.18235294516263,0.444022784106089,0.0530191454122301,0.5418871,0.313719855042817
1,0.438735177865613,0.429166666666667,0,0,0.024714836014689,6.34886980013681e-05,0.0149068343536128,3.2059063528391e-05,0.0366640840174774,0.0478119920406158,0.0405007353424099,0.0218238502938784,0.899253730428548,0.15882353483045,0.468690713140868,0.0441826200722929,0.5343915,0.358181701124062
1,0.407114624505929,0.470833333333333,0,0,0.0209125480229583,0.000153119817077106,0.0149068276455387,0.000224413563453043,0.0431190292213487,0.0559157204693332,0.0486008843991098,0.0249415427921577,0.908582094194837,0.168235298539792,0.444022784106089,0.0522827691289929,0.5500441,0.350252755090503
1,0.58102766798419,0.4375,0,0,0.017110263453281,0.000481767505775833,0.0260869601188224,0.000440812265865544,0.0426026341627462,0.05186385698431,0.0508100132488217,0.0249415427921577,0.884328359148753,0.181176473640138,0.447817855234779,0.0515463908575376,0.54473305,0.315769444783234
1,0.573122529644269,0.5375,0,0,0.0361216794575607,0.000466829192641782,0.0223602492943945,0.000416768077804283,0.0441518228242238,0.057536468051349,0.0486008843991098,0.0265003883398164,0.912313430298368,0.163529416685121,0.447817855234779,0.0544918979787047,0.537017,0.358407112850491
1,0.604743083003953,0.454166666666667,0,0,0.0152091252749064,2.98770255750019e-05,0.00993788882373361,8.54908530334744e-05,0.0415698440455413,0.0567260938956734,0.0449189976810088,0.0233826958415372,0.925373138563711,0.157647063307958,0.444022784106089,0.0515463908575376,0.5694444,0.373325618713387
1,0.893280632411067,0.4375,0,0,0.0133079805946304,0.000153119927995689,0.00496894441186681,5.34318586766576e-05,0.0376968762260845,0.0478119920406158,0.0449189976810088,0.020265002641777,0.89179104478865,0.175294121321799,0.449715389945234,0.0456553759524641,0.58002645,0.327537340374981
1,0.889328063241107,0.541666666666667,0,0,0.017110263453281,0.000436951961363226,0.0173912992924659,0.000277845446730947,0.0376968762260845,0.0510534850166409,0.0412371136138651,0.0210444264678277,0.914179103387447,0.157647063307958,0.45540798382992,0.0463917522357014,0.5740741,0.369409219653545
1,0.770750988142292,0.491666666666667,0,0,0.0285171086071794,0.000436952001697256,0.0149068321175881,0.000128236320704011,0.0441518228242238,0.057536468051349,0.0486008843991098,0.0265003883398164,0.912313430298368,0.163529416685121,0.447817855234779,0.0544918979787047,0.54012346,0.354459394201998
1,0.940711462450593,0.4625,0,0,0.00950570321126515,6.34887181683833e-05,0.00745341583519156,0.000128236320704011,0.0387296663432894,0.0510534850166409,0.0441826200722929,0.0210444264678277,0.906716421105758,0.167058828076125,0.447817855234779,0.0478645067903939,0.5813492,0.3509923194316
1,0.130434782608696,0.4875,0,0,0.0152091252749064,0.000119508213218591,0.0149068292107559,0.000352649959251358,0.0395042603254612,0.054294977992666,0.043446242463577,0.0210444264678277,0.923507465474632,0.160000005294118,0.442125252811194,0.0493372620078258,0.5974427,0.370438857845648
1,0.411067193675889,0.533333333333333,0,0,0.00950570526449718,0.000108304369466171,0.0186335373519542,0.000376694205018971,0.0426026341627462,0.0551053470429931,0.0478645067903939,0.0249415427921577,0.906716421105758,0.167058828076125,0.447817855234779,0.0500736356401058,0.5326279,0.348891967984383
1,0.280632411067194,0.445833333333333,0,0,0.00950570321126515,6.34887181683833e-05,0.0124223604706608,8.54908530334744e-05,0.038213273376089,0.0478119920406158,0.0441826200722929,0.0226032734184482,0.888059703647806,0.169411770062284,0.462998119256181,0.0471281285189387,0.5458554,0.334219110035825
1,0.0592885375494071,0.4875,0,0,0.0171102668753344,7.8427269273213e-05,0.0149068332356004,0.00022441365001257,0.0387296663432894,0.0502431130489717,0.0441826200722929,0.0218238502938784,0.901119403517626,0.167058828076125,0.453510449119465,0.0471281285189387,0.56150794,0.345557056304498
1,0.541501976284585,0.4375,0,0,0.0209125480229583,0.000153119958246212,0.00993788882373361,0.000149609058145926,0.0451846136385628,0.0551053470429931,0.0544918979787047,0.0257209659167275,0.888059703647806,0.187058829134948,0.434535110553813,0.0552282808893352,0.5591711,0.311098232892602
1,0.632411067193676,0.520833333333333,0,0,0.0209125480229583,0.000197935492575312,0.00993788703491385,5.34317649038365e-05,0.039246063493294,0.05186385698431,0.042709868831297,0.0233826958415372,0.908582094194837,0.157647063307958,0.461100582837946,0.0478645067903939,0.53571427,0.36054502396521
1,0.407114624505929,0.520833333333333,0,0,0.0171102689285664,0.000123242878220269,0.0149068292107559,6.41181660846167e-05,0.0475083941908101,0.0607779632153806,0.0530191454122301,0.0288386577135259,0.910447757209289,0.169411770062284,0.440227721516298,0.0574374097390471,0.52623457,0.349230293744535
1,0.300395256916996,0.470833333333333,0,0,0.0171102689285664,0.000123242817719224,0.0136645951761121,4.54170307412201e-05,0.0356312939002725,0.0502431130489717,0.0375552268957642,0.0194855795172072,0.923507465474632,0.14941176900346,0.459203051543051,0.0456553759524641,0.59589946,0.384696731244572
1,0.782608695652174,0.5375,0,0,0.0152091252749064,0.000253955013842639,0.0111801248707997,0.000280517077682642,0.0418280415748425,0.054294977992666,0.0456553759524641,0.0257209659167275,0.906716421105758,0.160000005294118,0.459203051543051,0.0500736356401058,0.5138889,0.356669124141895
1,0.241106719367589,0.466666666666667,0,0,0.0152091252749064,0.000209139408928986,0.0111801235291849,8.81624984117565e-05,0.0405370539283363,0.0551053470429931,0.0441826200722929,0.0226032734184482,0.921641792385554,0.15882353483045,0.445920320524324,0.0500736356401058,0.5734127,0.370438987112819
1,0.379446640316206,0.4375,0,0,0.0247148315660196,0.000197935522825834,0.0124223582346361,0.000149609058145926,0.0462174037557677,0.0551053470429931,0.0559646571725725,0.0272798114643862,0.880597014649699,0.189411772179931,0.438330190221403,0.0567010268284166,0.5465168,0.303900334676061
1,0.383399209486166,0.516666666666667,0,0,0.0209125514450117,0.000153119867494644,0.0236024839998457,0.000269830525022689,0.0397624613404326,0.054294977992666,0.042709868831297,0.0226032734184482,0.921641792385554,0.155294123439446,0.45161291440901,0.0493372620078258,0.5654762,0.378870206611747
1,0.901185770750988,0.470833333333333,0,0,0.0304182560250982,7.4692558895751e-05,0.0198757754114425,0.000245786293681664,0.0410534489869388,0.05186385698431,0.0471281285189387,0.024162118966107,0.895522389287703,0.170588240525952,0.453510449119465,0.0500736356401058,0.5458554,0.336852198351911
1,0.588932806324111,0.425,0,0,0.0171102668753344,0.000257689622376675,0.017391302199298,0.000149609094212396,0.0389878666611268,0.05186385698431,0.0441826200722929,0.0210444264678277,0.910447757209289,0.16588235867128,0.445920320524324,0.0471281285189387,0.5793651,0.352818305507176
1,0.0513833992094862,0.529166666666667,0,0,0.0171102689285664,0.000123242817719224,0.0111801248707997,5.61034001835071e-05,0.0345985037830675,0.0494327388932961,0.0360824756547682,0.0187061570941182,0.925373138563711,0.147058828076125,0.461100582837946,0.0449189976810088,0.603836,0.389695432277391
1,0.549407114624506,0.475,0,0,0.00950570800213988,6.34887988364439e-05,0.0149068332356004,0.00022441365001257,0.0431190292213487,0.0534846045663258,0.0508100132488217,0.0249415427921577,0.89179104478865,0.178823536948097,0.444022784106089,0.0515463908575376,0.5456349,0.322724203204298
1,0.754940711462451,0.545833333333333,0.333333323333334,0,0.0171102689285664,0.000123242817719224,0.0335403728235793,0.000376693988620153,0.0325329200629875,0.0494327388932961,0.0324005895994066,0.0163678884218897,0.940298509843506,0.13882353483045,0.459203051543051,0.0449189976810088,0.662037,0.409510175634632
1,0.474308300395257,0.466666666666667,0,0,0.0532319326446816,0.00249473479568394,0.0198757731754178,0.000790791044350796,0.048541184308015,0.057536468051349,0.0559646571725725,0.0319563495103243,0.880597014649699,0.178823536948097,0.45540798382992,0.0559646571725725,0.475,0.312842483504376
1,0.592885375494071,0.529166666666667,0,0,0.0152091252749064,7.46926345220579e-05,0.00993788502249161,5.3431819003541e-05,0.0379550765439218,0.0510534850166409,0.0419734912225811,0.0210444264678277,0.912313430298368,0.160000005294118,0.453510449119465,0.0463917522357014,0.5674603,0.363233092798467
1,0.379446640316206,0.495833333333333,0,0,0.0247148274595555,0.000511644605968791,0.0236024839998457,0.000494244091437097,0.0407952514576375,0.0534846045663258,0.0456553759524641,0.0233826958415372,0.908582094194837,0.164705888207612,0.449715389945234,0.0508100132488217,0.5701058,0.349378398666836
1,0.932806324110672,0.516666666666667,0,0,0.019011409160173,0.000209139257676373,0.0149068332356004,0.000256472622729505,0.0289181511671,0.0413290104645787,0.0316642113279513,0.0140296176452185,0.910447757209289,0.151764709930796,0.468690713140868,0.0375552268957642,0.6472222,0.375433395468313
1,0.592885375494071,0.55,0,0,0.0133079788836037,6.34887282518909e-05,0.0111801212931602,2.40443005125989e-05,0.0395042603254612,0.0551053470429931,0.042709868831297,0.0210444264678277,0.929104474667242,0.156470592844291,0.442125252811194,0.0500736356401058,0.60119045,0.377268290905861
1,0.422924901185771,0.425,0,0,0.0152091252749064,0.000209139408928986,0.00993788703491385,8.54909540195894e-05,0.0384714695111222,0.0502431130489717,0.0441826200722929,0.0210444264678277,0.902985073248496,0.168235298539792,0.449715389945234,0.0456553759524641,0.56613755,0.34496992481771
1,0.770750988142292,0.5125,0,0,0.019011409160173,0.000253955013842639,0.0173913015284906,0.000213727241618496,0.0423444387248471,0.054294977992666,0.0471281285189387,0.0257209659167275,0.902985073248496,0.164705888207612,0.45540798382992,0.0515463908575376,0.5299824,0.348829568874681
1,0.715415019762846,0.5125,0,0,0.0209125514450117,0.000242751087405457,0.016149065705027,4.54170595943959e-05,0.0410534489869388,0.0559157204693332,0.0441826200722929,0.0233826958415372,0.923507465474632,0.156470592844291,0.447817855234779,0.0522827691289929,0.57760143,0.375736451436549
1,0.0671936758893281,0.529166666666667,0,0,0.0304182505498128,0.000567664066735073,0.0186335373519542,0.000216398728304311,0.0400206588697338,0.0534846045663258,0.043446242463577,0.0233826958415372,0.914179103387447,0.157647063307958,0.45540798382992,0.0486008843991098,0.5438712,0.366324256959295
1,0.695652173913043,0.491666666666667,0,0,0.0152091221950583,0.000253955074343685,0.0248447164692723,0.000213727068499441,0.0446682164885582,0.0583468400190182,0.0493372620078258,0.0265003883398164,0.914179103387447,0.164705888207612,0.444022784106089,0.0544918979787047,0.5418871,0.357819836987383
1,0.0474308300395257,0.575,0,0,0.0304182526030448,0.000791741990468262,0.0223602457167549,0.000897654334829206,0.0384714695111222,0.0299837919771782,0.0581737860222843,0.0257209659167275,0.763059704067582,0.23529412449827,0.483870987408949,0.0581737860222843,0.5881634,0.173766554067127
1,0.0711462450592885,0.566666666666667,0,0,0.00760456400627454,7.46926748560882e-05,0.0111801212931602,5.61034001835071e-05,0.0289181511671,0.0283630465831689,0.0441826200722929,0.0132501938191678,0.820895524493206,0.211764707813149,0.462998119256181,0.0463917522357014,0.7132275,0.263324326881083
1,0.422924901185771,0.495833333333333,0,0,0.0323194003631688,0.000601276077967294,0.0223602492943945,0.000480886203570501,0.0462174037557677,0.0615883351830497,0.0478645067903939,0.0296180822410575,0.925373138563711,0.150588240525952,0.45540798382992,0.0559646571725725,0.5010141,0.382781675052385
1,0.225296442687747,0.4625,0,0,0.00950570526449718,0.000108304353332559,0.0124223613650707,8.5490896313238e-05,0.039246063493294,0.0510534850166409,0.0441826200722929,0.0226032734184482,0.902985073248496,0.164705888207612,0.45540798382992,0.0478645067903939,0.5515873,0.349084901754013
1,0.450592885375494,0.495833333333333,0,0,0.0190114002628342,0.000343586143001884,0.0186335373519542,0.000408753141669436,0.0508649620717262,0.0623986998573639,0.0574374097390471,0.0327357768437794,0.897388059018573,0.175294121321799,0.444022784106089,0.0596465385887589,0.48159373,0.333663160476546
1,0.0553359683794466,0.466666666666667,0,0,0.0152091263015224,0.00011950819910168,0.00993788658770891,8.54909655608597e-05,0.0317583260808157,0.0437601300142636,0.0353460980460523,0.0163678884218897,0.906716421105758,0.156470592844291,0.464895653966636,0.0397643590591726,0.6116402,0.367761367096016
1,0.130434782608696,0.525,0,0,0.0171102737194411,0.000168058523467952,0.0248447164692723,0.000341963651843399,0.0407952514576375,0.0567260938956734,0.042709868831297,0.0233826958415372,0.930970147756321,0.150588240525952,0.449715389945234,0.0515463908575376,0.57363313,0.386106508929382
1,0.110671936758893,0.475,0,0,0.0133079805946304,6.34887988364439e-05,0.0149068321175881,0.000128236219717896,0.0407952514576375,0.0526742311399857,0.0456553759524641,0.024162118966107,0.902985073248496,0.164705888207612,0.45540798382992,0.0486008843991098,0.5297619,0.352530476204306
1,0.853754940711462,0.558333333333333,0,0,0.019011409160173,0.000164323773764811,0.016149065705027,4.54170595943959e-05,0.0369222815467787,0.0461912495639485,0.043446242463577,0.0210444264678277,0.886194032237831,0.171764709930796,0.461100582837946,0.0463917522357014,0.56415343,0.331596682064289
1,0.940711462450593,0.55,0,0,0.0114068427584611,4.48155948301453e-05,0.0149068321175881,9.61773119206061e-05,0.0315001292486485,0.0445705019819328,0.0360824756547682,0.0140296176452185,0.914179103387447,0.161176474698962,0.449715389945234,0.0405007353424099,0.67407405,0.363607497529444
1,0.446640316205534,0.458333333333333,0,0,0.0152091252749064,0.000119508213218591,0.0136645974121368,7.74760683778006e-05,0.0446682164885582,0.0583468400190182,0.0493372620078258,0.0265003883398164,0.914179103387447,0.164705888207612,0.444022784106089,0.0530191454122301,0.5282187,0.357558136440827
1,0.770750988142292,0.470833333333333,0,0,0.00760455853098914,2.98770215415989e-05,0.0186335362339418,0.000280516983909821,0.043377228842052,0.0551053470429931,0.0493372620078258,0.0257209659167275,0.901119403517626,0.170588240525952,0.447817855234779,0.0530191454122301,0.5421076,0.341246963165823
1,0.624505928853755,0.416666666666667,0,0,0.0152091280125491,7.46926193967965e-05,0.0136645965177269,0.00010953525028026,0.0413116444248379,0.0559157204693332,0.0456553759524641,0.0226032734184482,0.921641792385554,0.16235294516263,0.440227721516298,0.0508100132488217,0.5813492,0.364551725376766
1,0.312252964426877,0.470833333333333,0,0,0.019011409160173,0.000164323743514288,0.00993788703491385,2.13727553991024e-05,0.0356312939002725,0.048622365466956,0.0397643590591726,0.0187061570941182,0.912313430298368,0.160000005294118,0.453510449119465,0.0449189976810088,0.6084656,0.363705455183702
1,0.0513833992094862,0.441666666666667,0,0,0.0114068417318451,0.000134446774406928,0.0124223604706608,5.34318658899515e-05,0.040278854307633,0.0461912495639485,0.0500736356401058,0.024162118966107,0.861940298870851,0.188235300657439,0.459203051543051,0.0500736356401058,0.5436508,0.283763111699174
1,0.608695652173913,0.5375,0,0,0.0152091252749064,0.000119508310020264,0.0149068332356004,6.41181660846167e-05,0.0348567013123688,0.0478119920406158,0.0368188492870482,0.020265002641777,0.912313430298368,0.14941176900346,0.470588247851323,0.0441826200722929,0.56415343,0.379496178686177
1,0.861660079051383,0.5125,0,0,0.0095057073177292,0.000108304403750097,0.0149068321175881,0.000320590820628663,0.0330493186072601,0.0470016229902887,0.0346097204373364,0.0179267339695484,0.91977611761737,0.147058828076125,0.466793188677092,0.042709868831297,0.6037037,0.388424393520827
1,0.691699604743083,0.445833333333333,0,0,0.0133079867543264,0.000153119968329719,0.0161490645870146,0.000141594259063664,0.0423444387248471,0.0559157204693332,0.0463917522357014,0.0249415427921577,0.914179103387447,0.161176474698962,0.449715389945234,0.0508100132488217,0.5376984,0.363607497529444
1,0.873517786561265,0.429166666666667,0,0,0.00950570321126515,6.34887181683833e-05,0.00993788502249161,5.3431819003541e-05,0.0379550765439218,0.0445705019819328,0.0486008843991098,0.020265002641777,0.867537314779879,0.191764708871972,0.447817855234779,0.0486008843991098,0.6031746,0.290371383740423
1,0.739130434782609,0.508333333333333,0,0,0.0114068448116931,0.000268893609314902,0.0111801235291849,5.61033785436253e-05,0.046475600587935,0.0607779632153806,0.0515463908575376,0.0272798114643862,0.9179104478865,0.167058828076125,0.436432658926507,0.0559646571725725,0.53858024,0.355796611034498
1,0.146245059288538,0.420833333333333,0,0,0.0190114105289944,0.000388401788249568,0.0223602492943945,6.41181155915593e-05,0.043377228842052,0.0510534850166409,0.0537555283228606,0.0249415427921577,0.873134329009802,0.191764708871972,0.442125252811194,0.0537555283228606,0.5591711,0.297177333824325
1,0.379446640316206,0.479166666666667,0,0,0.036121672613454,0.000377197962647461,0.0223602492943945,0.000609122649861874,0.0451846136385628,0.0559157204693332,0.0530191454122301,0.0265003883398164,0.893656717877729,0.180000002117647,0.440227721516298,0.0552282808893352,0.5515873,0.323343258645728
1,0.533596837944664,0.533333333333333,0,0,0.0228136903077969,0.000179262318819536,0.0173912992924659,0.000149608957159811,0.03718048256175,0.0478119920406158,0.042709868831297,0.0210444264678277,0.895522389287703,0.167058828076125,0.459203051543051,0.0456553759524641,0.5667989,0.342346321690083
1,0.292490118577075,0.575,0,0,0.0171102668753344,0.000123242878220269,0.0236024862358704,0.000366007774985015,0.0524141500360697,0.0405186370382385,0.0787923418351079,0.0358534665361351,0.735074629559757,0.270588238408304,0.45540798382992,0.0787923418351079,0.57870835,0.172167821355457
1,0.762845849802372,0.445833333333333,0,0,0.0152091280125491,0.00011950819910168,0.00993788882373361,0.00011754999165617,0.0436354242799512,0.0551053470429931,0.0508100132488217,0.0249415427921577,0.899253730428548,0.176470593903114,0.440227721516298,0.0515463908575376,0.5438712,0.33038294727637
1,0.695652173913043,0.479166666666667,0,0,0.0152091252749064,0.000119508310020264,0.0136645951761121,0.000301889822337851,0.0376968762260845,0.0559157204693332,0.0375552268957642,0.020265002641777,0.947761192125195,0.140000005294118,0.449715389945234,0.0508100132488217,0.6230159,0.408163440037786
1,0.422924901185771,0.416666666666667,0,0,0.0190114057381196,0.000164323773764811,0.0571428478793262,0.000277846911029615,0.0265943720091207,0.0299837919771782,0.0368188492870482,0.0124707713960788,0.84888059900103,0.187058829134948,0.474383318980013,0.0368188492870482,0.7156085,0.269771384294425
1,0.573122529644269,0.470833333333333,0,0,0.017110263453281,0.000168058432716384,0.00869564852822059,7.74761087722466e-05,0.0420862391041437,0.054294977992666,0.0486008843991098,0.0233826958415372,0.90485074801668,0.172941180394464,0.440227721516298,0.0508100132488217,0.56349206,0.339023299232262
1,0.150197628458498,0.416666666666667,0,0,0.0247148315660196,0.000377197962647461,0.0198757754114425,0.000309904397808001,0.0420862391041437,0.0510534850166409,0.0508100132488217,0.024162118966107,0.882462686059674,0.183529417743945,0.445920320524324,0.0522827691289929,0.56291884,0.313666385440622
1,0.395256916996047,0.495833333333333,0,0,0.0209125446009049,0.000242751168073518,0.0149068292107559,0.000416768077804283,0.040278854307633,0.054294977992666,0.0441826200722929,0.0226032734184482,0.9179104478865,0.160000005294118,0.447817855234779,0.0500736356401058,0.57539684,0.364748280305954
6,0.264822134387352,0.2875,0,0,0.0399239537610779,0.000168057303363535,0.0385093518938291,0.00123160329875112,0.774335136307828,0.75040516410377,0.843888082151045,0.722525308728751,0.421641812534807,0.648235319716263,0.165085427589484,0.843888082151045,0.19805206,0.15872626845719
6,0.944664031620553,0.195833333333333,0,0,0.036121645237027,0.000780535835575905,0.0223602761266909,0.000512942824753616,0.646269071146989,0.560777934041961,0.785714309383547,0.579890886051726,0.0373134785726209,0.952941223806228,0.064516166493236,0.785714309383547,0.35133117,0.135121898521746
6,0.976284584980237,0.00833333333333333,0,0,0.0266159988318479,0.000209139832436304,0.0248447388295193,0.000213725330095605,0.725794007770535,0.643435969557828,0.851251805219059,0.671083358656793,0.0335820887377478,0.904705882913495,0.146110063407134,0.851251805219059,0.31315902,0.127100652371117
6,0.371541501976285,0.15,0,0,0.0247147573074613,0.000332382156063657,0.0335403415192334,0.000344634503759349,0.746708028557956,0.679902744569714,0.853461046734455,0.696804361752007,0.134328354950991,0.820000001058824,0.180265660870849,0.853461046734455,0.2759571,0.129788167202216
6,0.723320158102767,0.1375,0,0,0.0171103096510015,0.000123242716884148,0.0223602470583697,0.000545005411330808,0.690162685984901,0.619935175202068,0.804860052983357,0.63522994122432,0.128731362549426,0.84470591150173,0.146110063407134,0.804860052983357,0.30001867,0.132563264738073
6,0.0948616600790514,0.0291666666666667,0,0,0.0228136458211031,8.96314820820104e-05,0.0124223121725272,0.000277844768681318,0.795765593981893,0.747163668939738,0.877025074543262,0.755261064528104,0.244403020191718,0.709411781709342,0.246679324503383,0.877025074543262,0.22572522,0.128549216922147
6,0.308300395256917,0.2125,0,0,0.0190114228483865,0.000388400477393583,0.0198757273369113,0.000438139141762006,0.76813845137532,0.734197717457032,0.842415336211964,0.720966477912191,0.354477635059311,0.669411790179931,0.199241025053199,0.842415336211964,0.20801263,0.145387978203541
6,0.984189723320158,0.108333333333333,0,0,0.0209125343347448,0.000242748969868866,0.0236024348073022,0.000686598295616698,0.668732298024239,0.584278801331271,0.802650977152791,0.607170705933883,0.0373134785726209,0.93176475334256,0.0986717639569506,0.802650977152791,0.3384867,0.131908266308166
6,0.656126482213439,0.141666666666667,0,0,0.0323193777776166,0.000735721450766669,0.013664558058102,0.000205712045805068,0.705654537742976,0.635332286347912,0.821796753889567,0.649259558869538,0.12313437014786,0.855294146733564,0.134724875637762,0.821796753889567,0.29741433,0.133692388287353
6,0.652173913043478,0.225,0,0,0.0266159577672074,0.000791744511345156,0.0161490489348417,0.000237771386399993,0.678543804137686,0.603727735848685,0.802650977152791,0.618082626871937,0.100746266213244,0.887058852429066,0.106261889136532,0.802650977152791,0.316474,0.135148205230267
6,0.592885375494071,0.191666666666667,0,0,0.0361216863016675,0.000780534675972534,0.0360248042220618,0.000301888300332832,0.700232368713629,0.628849259553073,0.810014706848198,0.651597770020334,0.117537310582117,0.823529441038062,0.191650882795819,0.810014706848198,0.29451475,0.126924177501956
6,0.66798418972332,0.104166666666667,0,0,0.0380228012100791,0.000343588704212809,0.0409938145966575,0.00104993591412334,0.718306265478118,0.653160491516698,0.829896886377784,0.661730317638961,0.154850789154738,0.836470636256055,0.132827361420665,0.829896886377784,0.2846535,0.136289365735521
6,0.205533596837945,0.175,0,0,0.0342205782373626,0.000448155474376597,0.024844680692877,0.00030990386402425,0.788794253719419,0.760940058030308,0.86303391853436,0.735775475891645,0.389925376736884,0.674117625446367,0.155597719881611,0.86303391853436,0.20048407,0.155652463030639
6,0.944664031620553,0.0208333333333333,0,0,0.0152091119288982,0.000164323259505924,0.0372670769399331,0.000833534860177023,0.71469148612522,0.638573781511943,0.828424147066096,0.666406838147877,0.0802238823826297,0.845882306788928,0.193548414090714,0.828424147066096,0.29960132,0.124517323521563
6,0.185770750988142,0.291666666666667,0,0,0.0209125343347448,0.000242753124273987,0.0198758125294526,0.000309903777464723,0.787245082486292,0.770664492468918,0.854197350116367,0.73109894836792,0.4682835725976,0.638823543301038,0.132827361420665,0.854197350116367,0.19307978,0.169673703641246
6,0.549407114624506,0.0208333333333333,0,0,0.0171102668753344,0.000347319410429412,0.0198758125294526,0.000277844263750743,0.779499086893852,0.722852546376439,0.868924875781113,0.73811375719053,0.194029887085096,0.744705895619377,0.240986713540898,0.868924875781113,0.2440208,0.125950157768902
6,0.920948616600791,0.195833333333333,0,0,0.0399239982477718,0.000392135307764785,0.0223602761266909,0.00038470979035027,0.649367448469944,0.564019472966122,0.787187048695235,0.58456742059026,0.0373134785726209,0.945882312083045,0.0759013371848096,0.787187048695235,0.34886265,0.133944106722304
6,0.91699604743083,0.220833333333333,0,0,0.0342205782373626,0.000806683681577351,0.0173912948204165,0.000149608185337361,0.647043621906851,0.563209064531678,0.786450639275032,0.579111470643446,0.0485074465847075,0.952941223806228,0.0531309274904674,0.786450639275032,0.3492103,0.136861330993542
6,0.719367588932806,0.075,0,0,0.0266159988318479,0.00061248223285965,0.0173913216527129,0.000309904325675061,0.719855436711245,0.647487865862949,0.837260688974516,0.664068549834184,0.104477656048117,0.864705859619377,0.138519921149754,0.837260688974516,0.2972053,0.132114052927855
6,0.964426877470356,0.341666666666667,0.333333323333334,0,0.0988593748572362,0.00392884552711738,0.0434782504671894,0.00353985814901562,0.601600835835812,0.515397111145844,0.743004438564032,0.533904921000626,0.0466417936448818,0.951764659107267,0.0569260242358557,0.743004438564032,0.36963773,0.136421772251224
6,0.869565217391304,0.1,0,0,0.0228136903077969,0.000134446774406928,0.0211180584150274,7.74761087722466e-05,0.688355296308452,0.607779602980386,0.812223882089662,0.633671082348524,0.0578358791942791,0.888235247716263,0.148007628857627,0.812223882089662,0.32001477,0.128147766813105
6,0.549407114624506,0.0333333333333333,0.333333323333334,0,0.0361216007503331,0.000556459676456543,0.0422360023455899,0.00143196696417547,0.768913002135182,0.7123176524499,0.86303391853436,0.722525308728751,0.197761192964747,0.764705907266436,0.204933584782288,0.86303391853436,0.2498948,0.130919792155178
6,0.889328063241107,0.3,0,0,0.0304182662912583,0.000522848623157542,0.023602405738981,0.000366007125788561,0.631809988592099,0.543760166481039,0.774668598861056,0.564302367441859,0.0242537904565312,0.96588237667128,0.0569260242358557,0.774668598861056,0.36206177,0.135163482259466
6,0.0276679841897233,0.116666666666667,0.333333323333334,0,0.0475285776532865,0.00113906225799582,0.040993787764361,0.000504929865061305,0.790343424952546,0.747974106547602,0.874815899301797,0.740452073563458,0.28917914410573,0.723529425155709,0.178368129575953,0.874815899301797,0.22295359,0.142028912029578
6,0.588932806324111,0.345833333333333,0,0,0.0380228012100791,0.000612476081920029,0.0285713892812802,0.000366009397976148,0.664342898198076,0.58995135405147,0.790132527318612,0.601714727927834,0.108209012300901,0.891764730048443,0.0910816216995703,0.790132527318612,0.3215052,0.137167761338557
6,0.288537549407115,0.320833333333333,0,0,0.0247148017941552,0.000332385110531377,0.0111801514794937,0.000152280768443853,0.770978575398252,0.740680751545225,0.845360847972306,0.720187020415058,0.378731375142709,0.67058824899654,0.172675518613469,0.845360847972306,0.2046753,0.151920167281791
6,0.822134387351779,0.229166666666667,0,0,0.0361216863016675,0.000466831007673146,0.0248447656618158,0.000438139055202479,0.651432986876313,0.576985446328893,0.777614150385757,0.588464490616851,0.111940318180552,0.890588207702422,0.0891840904046749,0.777614150385757,0.32571116,0.137548763731594
6,0.0513833992094862,0.0708333333333333,0,0,0.0190113352438201,7.46930983634064e-05,0.0273291724640266,0.000309902017421005,0.770203989781688,0.713938389091883,0.868924875781113,0.718628161539262,0.199626845904573,0.787058836546713,0.16698295888438,0.868924875781113,0.25329855,0.135195010018625
6,0.0316205533596838,0.345833333333333,0,0,0.0209125343347448,0.000556459878126694,0.0223602761266909,0.000480884710418658,0.789052472162741,0.779578584113279,0.845360847972306,0.737334376856294,0.516791035973352,0.588235284775087,0.165085427589484,0.845360847972306,0.17678948,0.172725802255981
6,0.608695652173913,0.2875,0,0,0.0342204909750015,0.000179263982598286,0.032298153770301,0.000502257411794103,0.671572463875212,0.601296568892193,0.790868936738815,0.611847198383563,0.134328354950991,0.862352941986159,0.11195446594342,0.790868936738815,0.30905932,0.136899439626817
6,0.573122529644269,0.2125,0,0,0.0304182662912583,0.000209137654398668,0.0223602761266909,0.000256472067305873,0.694810227569643,0.624797392421373,0.804860052983357,0.644582961197725,0.128731362549426,0.823529441038062,0.180265660870849,0.804860052983357,0.29458332,0.128769038263166
6,0.0197628458498024,0.179166666666667,0,0,0.0209124912168723,0.00010830513984615,0.021118001172795,0.000398069387767527,0.814097639476302,0.795786096400211,0.877761377925174,0.763055330847846,0.447761205558031,0.629411766885813,0.168880473101477,0.877761377925174,0.18114924,0.162007539297849
6,0.0237154150197628,0.154166666666667,0,0,0.0209125343347448,0.000108304252497483,0.0298136060985338,0.000256473553244422,0.807126299213828,0.783630443951624,0.877761377925174,0.753702205652308,0.414179116820283,0.661176472581315,0.151802674369619,0.877761377925174,0.1971141,0.160092941416538
6,0.952569169960474,0.191666666666667,0,0,0.0418251542208239,0.000791739701512042,0.0223602761266909,0.000224413390333989,0.647818277236817,0.557536438877929,0.790868936738815,0.582229132276566,0.00373138983487304,0.970588211937716,0.0702087262223247,0.790868936738815,0.35934293,0.132619185380118
6,0.33596837944664,0.0916666666666667,0,0,0.0399239126964374,0.000616214441518883,0.013664558058102,0.000141593674786856,0.766072808398848,0.705834705881967,0.865243027501892,0.717848788219835,0.173507503254482,0.788235295363322,0.191650882795819,0.865243027501892,0.25860354,0.130601778128683
6,0.790513833992095,0.3375,0,0,0.0285171548049,0.000212874138465113,0.0173913507210341,0.000213727530150253,0.62974442230037,0.546191224037206,0.765095693924185,0.565861268406508,0.0559701926723648,0.929411793356401,0.08349147944219,0.765095693924185,0.35122013,0.134534051868536
6,0.758893280632411,0.229166666666667,0.333333323333334,0,0.0475285776532865,0.00145277268224528,0.019875756628835,0.000438143094647079,0.663051945408271,0.588330661169616,0.787187048695235,0.60249410826207,0.106343325778987,0.883529412449827,0.106261889136532,0.787187048695235,0.32066384,0.135726214148191
6,0.470355731225296,0.2625,0,0,0.0114068879295657,8.96315123325331e-05,0.0111801514794937,5.61035401214093e-05,0.710043902712437,0.649918996352666,0.816642100024727,0.653936051319219,0.19216423414527,0.810588277584775,0.136622389854859,0.816642100024727,0.2767844,0.138269184779949
6,0.74703557312253,0.354166666666667,0,0,0.0133079994159239,0.000197935825331062,0.0211180302411161,0.000301890125296196,0.633100941381904,0.554294980180672,0.766568459745446,0.566640683814788,0.0876866116792427,0.921176518110726,0.064516166493236,0.766568459745446,0.34293815,0.138365530791566
6,0.802371541501976,0.0583333333333333,0,0,0.0209125343347448,0.000332380512451922,0.0186335384699666,0.000344633486684905,0.714433267681898,0.6418152402092,0.832842391510733,0.657833198508708,0.104477656048117,0.868235341951557,0.132827361420665,0.832842391510733,0.29958275,0.132753539297346
6,0.99604743083004,0.266666666666667,0,0,0.0228137327412588,0.000268892500129069,0.019875756628835,0.00027784673791056,0.61735094089391,0.525121560171163,0.768041205684527,0.54559625734696,0,1,0.0265655064397306,0.768041205684527,0.37868166,0.136347569537973
6,0.66403162055336,0.3625,0,0,0.0247148017941552,0.000153118002045742,0.0372670769399331,0.000545003074223576,0.643687102825317,0.564019472966122,0.774668598861056,0.580670301460006,0.0783582294428042,0.91176467816609,0.0891840904046749,0.774668598861056,0.3382884,0.135252592667143
6,0.960474308300395,0.283333333333333,0,0,0.0190113783616926,0.000119507684842794,0.0236024348073022,0.000333950475752271,0.623547625826418,0.536466811478661,0.7643593640327,0.55728755861925,0.0335820887377478,0.954117619093426,0.0664136807103327,0.7643593640327,0.36217153,0.134730403663599
6,0.245059288537549,0.0916666666666667,0,0,0.0209125343347448,0.000332380572952967,0.0161490489348417,4.54169189351643e-05,0.776142567812318,0.713128060884344,0.874815899301797,0.73109894836792,0.151119399319865,0.788235295363322,0.214421258334564,0.874815899301797,0.25913006,0.126539783944195
6,0.474308300395257,0.183333333333333,0,0,0.0513308451126969,0.00290180317315883,0.0322981828386222,0.000854908210748922,0.718564414208038,0.656401950213954,0.822533156682377,0.667186288630201,0.175373189776397,0.799999989411765,0.170777987318573,0.822533156682377,0.27479535,0.133155812015652
6,0.549407114624506,0.0958333333333333,0,0,0.0171102230730512,0.000123242686633625,0.0198757273369113,0.000149609606356264,0.73534728846932,0.66531603456496,0.843888082151045,0.686671814133381,0.115671624060203,0.825882401024221,0.189753317345326,0.843888082151045,0.28352436,0.127175241207083
6,0.0790513833992095,0.329166666666667,0,0,0.0228137327412588,4.48152892998658e-05,0.0173913216527129,0.000406081647770327,0.79111801056911,0.772285229110901,0.851988241148835,0.743569735196579,0.451492528228726,0.610588214055363,0.195445928307811,0.851988241148835,0.17969723,0.158874438852473
6,0.0948616600790514,0.125,0,0,0.0342205337506687,0.0005825991531467,0.0335403415192334,0.000472869990682629,0.790601643395868,0.757698519106147,0.869661311710889,0.737334376856294,0.354477635059311,0.697647045307959,0.153700188586716,0.869661311710889,0.20829348,0.151822259991366
6,0.458498023715415,0.1375,0,0,0.0437262657071822,0.000242752620098609,0.0298136642351761,0.000224412748350829,0.738962067822218,0.678282015221086,0.840206194107465,0.689010095432265,0.179104495656048,0.791764692989619,0.180265660870849,0.840206194107465,0.26639053,0.132389358424371
6,0.217391304347826,0.0875,0,0,0.0323194222643104,0.000422013910400372,0.0186335107432602,0.00047287355404983,0.781048327840382,0.723662874583978,0.87849781385495,0.731878405865054,0.188432877892486,0.78352942833218,0.184060757616237,0.87849781385495,0.25142038,0.13237310769441
6,0.304347826086957,0.2125,0.333333323333334,0,0.0228136903077969,0.000403339294703012,0.0360248042220618,0.000622480472808824,0.767105647315435,0.735008125891476,0.837260688974516,0.722525308728751,0.367537306384356,0.649411778532872,0.218216355079952,0.837260688974516,0.20227888,0.144167444298231
6,0.924901185770751,0.1,0,0,0.0152091547045654,0.000298771738025633,0.0273291724640266,0.000438144140574698,0.682674978549186,0.605348465197313,0.80854196753651,0.622759154395662,0.0820895353224553,0.896470565314879,0.110056934648524,0.80854196753651,0.31949878,0.133621946073598
6,0.407114624505929,0.2375,0,0,0.0342205337506687,0.000582605304086321,0.0198757843555413,0.000598435938509454,0.737412896589091,0.69367912636693,0.827687744273286,0.682774744106789,0.296641806238165,0.73882351683045,0.146110063407134,0.827687744273286,0.23914346,0.146756128501976
6,0.371541501976285,0.25,0,0,0.0361216007503331,0.00109424459604662,0.0496894195223963,0.00271433640426201,0.736638269144485,0.705024297447523,0.811487446159886,0.686671814133381,0.380597028082535,0.664705870207613,0.180265660870849,0.811487446159886,0.21226363,0.151262012718379
6,0.24901185770751,0.158333333333333,0,0,0.032319465382183,0.000242751974754124,0.0161491339037805,0.000301890861052176,0.759101468136374,0.708265836371684,0.854197350116367,0.706157402769839,0.240671680729978,0.767058824899654,0.157495285332104,0.854197350116367,0.246491,0.139762338110707
6,0.948616600790514,0.270833333333333,0,0,0.0285170678847443,0.000212877405521567,0.0298136642351761,0.000512944512664395,0.627936990795879,0.543760166481039,0.772459523030489,0.554949347468454,0.0522388028374917,0.972941129570934,0.0170777987318573,0.772459523030489,0.3601942,0.140373452854542
6,0.33596837944664,0.233333333333333,0,0,0.0342205337506687,0.000627417672194042,0.0236024907079198,0.000494244271769445,0.758843284549753,0.725283603932606,0.832106061619248,0.712392838273021,0.360074661042965,0.662352931397924,0.204933584782288,0.832106061619248,0.20770195,0.146235719020514
6,0.826086956521739,0.15,0,0,0.0171102668753344,0.00021287573165931,0.0149068321175881,0.000352650161223588,0.676994625933218,0.602107006500057,0.804860052983357,0.612626655880697,0.100746266213244,0.904705882913495,0.077798868479705,0.804860052983357,0.32009703,0.137821903583311
6,0.782608695652174,0.0583333333333333,0,0,0.0342205337506687,0.00085149181461189,0.0285713892812802,0.000558363205424583,0.722437412004258,0.649918996352666,0.840942530626344,0.665627387665553,0.102611935944114,0.870588259584775,0.13092983012577,0.840942530626344,0.29752782,0.132973008091537
6,0.158102766798419,0.341666666666667,0,0,0.0247147573074613,0.000153119222150159,0.0236024638756234,0.00100718603913022,0.78285568266013,0.757698519106147,0.848306326595682,0.736554926373969,0.410447794149587,0.630588225702422,0.204933584782288,0.848306326595682,0.1883132,0.151554156522901
6,0.359683794466403,0.145833333333333,0,0,0.0209125767682066,0.000242752327676889,0.0248447388295193,0.000726674094351488,0.749548187437589,0.684764969082374,0.854197350116367,0.699922051444363,0.147388059858125,0.810588277584775,0.182163226321342,0.854197350116367,0.27150124,0.129825151043232
6,0.201581027667984,0.229166666666667,0.333333323333334,0,0.0399239126964374,0.000257690590393402,0.0409938145966575,0.00153082544598371,0.796281961155134,0.779578584113279,0.853461046734455,0.750584544019188,0.464552249926904,0.594117663564014,0.208728681527676,0.853461046734455,0.17412825,0.158677113356648
6,0.466403162055336,0.308333333333333,0,0,0.0171102230730512,0.000302503674430161,0.0198757273369113,0.000438142192985338,0.704363584953171,0.647487865862949,0.812223882089662,0.643803580863489,0.216417890273447,0.815294165792387,0.104364323686039,0.812223882089662,0.2754667,0.144012541937334
6,0.229249011857708,0.354166666666667,0,0,0.0209125343347448,0.000422016169106069,0.0136646139587196,0.000173653477032593,0.777949915660726,0.754457023942115,0.849042696251527,0.724084139545311,0.423507465474632,0.656470605550173,0.149905160152523,0.849042696251527,0.19773355,0.160865556183331
6,0.992094861660079,0.25,0,0,0.0247148017941552,0.000332381087211854,0.0298136642351761,0.000512944512664395,0.621482087420049,0.530794185824912,0.765832129853961,0.554949347468454,0.00932839902748294,0.970588211937716,0.064516166493236,0.765832129853961,0.37009746,0.133413725202003
6,0.347826086956522,0.133333333333333,0,0,0.036121645237027,0.000332382438401869,0.0198757843555413,0.000245785810390971,0.746966212144577,0.686385771364552,0.849779132181302,0.695245523920638,0.177238842716222,0.801176448228374,0.16698295888438,0.849779132181302,0.26602298,0.1336694895315
6,0.304347826086957,0.204166666666667,0,0,0.0152091985068486,0.000209139913104365,0.0173912948204165,0.00027784495622696,0.765298257638986,0.72609404154047,0.849779132181302,0.712392838273021,0.319029876590693,0.717647046366782,0.157495285332104,0.849779132181302,0.22336383,0.147273180394602
6,0.656126482213439,0.191666666666667,0,0,0.032319465382183,0.000377196944213196,0.0173913507210341,0.000502259215117585,0.687322492248567,0.612641820199691,0.805596488913133,0.632891624851391,0.0988805796913293,0.861176430228374,0.149905160152523,0.805596488913133,0.3088128,0.130907872714815
6,0.233201581027668,0.170833333333333,0,0,0.0247148428587957,0.000601280665963241,0.0173912948204165,0.000534320142637175,0.778208134104048,0.736628855240104,0.856406525357831,0.734216638060276,0.298507459177991,0.690588260643598,0.222011383514145,0.856406525357831,0.21837935,0.136736176869722
6,0.644268774703557,0.141666666666667,0,0,0.0361216863016675,0.000601278780347324,0.0223602470583697,0.0001602934468177,0.710560339599081,0.642625641350289,0.82547866844272,0.653156670984983,0.138059744785864,0.85058819499654,0.127134733380382,0.82547866844272,0.29250294,0.135285832796609
6,0.25296442687747,0.245833333333333,0,0,0.0228136458211031,0.000179261038214074,0.0248446538605805,0.000406081481864566,0.784404888749958,0.758508920247236,0.846833587283994,0.742010904380019,0.404850768165933,0.616470614020761,0.233396622516914,0.846833587283994,0.18609881,0.146477347901016
6,0.1699604743083,0.0375,0,0,0.0209125343347448,6.34890509241333e-05,0.0322980956336587,0.000406081647770327,0.793699985862122,0.748784427461786,0.877025074543262,0.747466882386068,0.270522379632853,0.718823515771626,0.204933584782288,0.877025074543262,0.2241392,0.136376663045227
6,0.849802371541502,0.0166666666666667,0,0,0.0304183094091308,0.000343588079035339,0.0273292574329654,0.000374022696693273,0.742576847175115,0.662884904075242,0.868924875781113,0.684333602982584,0.0466417936448818,0.912941200512111,0.119544591123001,0.868924875781113,0.30673698,0.130563753435128
6,0.648221343873518,0.366666666666667,0,0,0.0304183094091308,0.000478032796406722,0.0173913216527129,0.000341963182979294,0.651174838146393,0.576175045187804,0.782032394830395,0.583787963093127,0.108209012300901,0.912941200512111,0.0569260242358557,0.782032394830395,0.33041757,0.140417487632112
6,0.0988142292490119,0.329166666666667,0,0,0.0209125767682066,0.000377200019683007,0.028571474250219,0.0002057126012287,0.788536070132798,0.770664492468918,0.850515501837146,0.738893214687663,0.45895522394325,0.615294134027682,0.180265660870849,0.850515501837146,0.18178941,0.162130712444257
6,0.308300395256917,0.154166666666667,0,0,0.0361216007503331,0.00100461945649087,0.0223602191080609,0.000256472990607495,0.7521301278739,0.691247995877212,0.855670089428055,0.699922051444363,0.173507503254482,0.805882368200692,0.163187862138992,0.855670089428055,0.26589924,0.133823317463969
6,0.91699604743083,0.291666666666667,0,0,0.0209126215971058,0.000332383971095021,0.0236025220122657,0.0003980677575631,0.630260817358972,0.55186388615773,0.771723087100714,0.554949347468454,0.0914179679320269,0.95882357083045,0,0.771723087100714,0.35003868,0.144686057469666
6,0.762845849802372,0.254166666666667,0,0,0.0342205337506687,0.00040333826618524,0.0260869534107482,0.000825519087300081,0.651432986876313,0.577795774536432,0.776141404446676,0.589243941099176,0.117537310582117,0.883529412449827,0.0948766672115623,0.776141404446676,0.3234209,0.137391746089731
6,0.83399209486166,0.291666666666667,0,0,0.0247147573074613,0.000108305976777279,0.0186335107432602,5.61042470242142e-05,0.642654326650793,0.563209064531678,0.784977873453771,0.567420064149024,0.0802238823826297,0.96588237667128,0,0.784977873453771,0.34790245,0.143835076579466
6,0.695652173913043,0.308333333333333,0,0,0.0285171103182061,0.000168059481401172,0.019875756628835,0.000309904037143304,0.652207642206279,0.577795774536432,0.782032394830395,0.585346793909687,0.111940318180552,0.908235322892733,0.0607210697478477,0.782032394830395,0.32860348,0.140307174050942
4,0.822134387351779,0.991666666666667,0,0,0.0836501920918331,0.0024051038076938,0.0645962628201079,0.00274639437433109,0.0596436850393086,0.0583468400190182,0.0500736356401058,0.0709275106491813,0.80597015321341,0.100000005294118,0.658444033901753,0.067010308048525,0.30902183,0.832949916274325
4,0.403162055335968,0.766666666666667,0.333333323333334,0,0.0703422097861761,0.00158721800462712,0.0459627310582155,0.0027383796113153,0.0593854875100074,0.0461912495639485,0.0456553759524641,0.0865159731405776,0.723880606137224,0.0800000042352941,0.774193570973863,0.0817378469680571,0.5016835,0.878210515951443
4,0.936758893280632,0.704166666666667,0.333333323333334,0,0.0190114105289944,0.000343586304338006,0.0385093138814091,0.00119954395815619,0.0947585838809786,0.0810372769938191,0.0787923418351079,0.124707720975597,0.708955224782802,0.0776470654256055,0.793168883922817,0.117820331238436,0.3762527,0.882554547598061
4,0.814229249011858,0.858333333333333,0,0,0.0266159731664475,0.000478032856907767,0.0459627310582155,0.00065454014521527,0.0438936218092524,0.0364667750118863,0.0279823272608076,0.0678098209568255,0.768656721655714,0.0658823576124567,0.751423161279521,0.0640648029155758,0.58261186,0.84280739418286
4,0.245059288537549,0.870833333333333,0,0,0.104562757225058,0.0153904167755685,0.0819875732926973,0.00439209504915915,0.0570617097462962,0.0478119920406158,0.042709868831297,0.0810600091641462,0.751865673928631,0.0764705928442906,0.751423161279521,0.0765832063580029,0.48671728,0.862451219480462
4,0.454545454545455,0.945833333333333,0,0,0.0399239503390245,0.000885107566825421,0.0236024839998457,0.00164837047064173,0.0593854875100074,0.054294977992666,0.0375552268957642,0.0872954025784754,0.779850748436456,0.0411764821107266,0.779886164858549,0.0824742298786875,0.54054004,0.820745937044706
4,0.245059288537549,0.791666666666667,0,0,0.0494296617632178,0.000926188926211312,0.0211180065392543,0.000398066935247592,0.0542215348325805,0.0453808761376084,0.0368188492870482,0.0810600091641462,0.755597021785893,0.0611764778754325,0.772296022601169,0.0765832063580029,0.54320127,0.843957133327586
4,0.513833992094862,0.929166666666667,0,0,0.0285171103182061,0.000302505086121222,0.0198757740698277,0.000438140771966434,0.0400206588697338,0.0291734200095091,0.0294550824782395,0.0615744345573052,0.746268659698708,0.090588241584775,0.734345362547663,0.0581737860222843,0.55661374,0.879309354049433
4,0.241106719367589,0.883333333333333,0,0,0.0855513343766718,0.00577000789740313,0.0372670769399331,0.00176324946186414,0.046475600587935,0.0356564030442172,0.030927837032932,0.0732657849332569,0.744402986609629,0.0682352995986159,0.772296022601169,0.06921944352563,0.5931498,0.854634416913988
4,0.83399209486166,0.929166666666667,0,0,0.0152091280125491,0.00011950819910168,0.023602481763821,0.000205712514669173,0.04957397442522,0.0437601300142636,0.0279823272608076,0.0779423194717905,0.777985078705586,0.040000002117647,0.78368122744834,0.0736377012250537,0.62132436,0.81966042857439
4,0.91699604743083,0.720833333333333,0,0,0.0171102737194411,7.8427269273213e-05,0.0173913015284906,0.000566377030712165,0.0826232860611398,0.0713128060884344,0.0655375554820504,0.111457518738659,0.729477615329834,0.0694117690034602,0.785578758743235,0.105301914541223,0.40555555,0.868410268144599
4,0.422924901185771,0.8375,0,0,0.068441064079284,0.00143409802621389,0.0347826052930059,0.00143197230201298,0.0560289196290912,0.0437601300142636,0.0449189976810088,0.0795011643179684,0.731343290098017,0.0917647120484429,0.74762809868973,0.0751104537915283,0.51339465,0.88754912886938
4,0.0592885375494071,0.979166666666667,0.333333323333334,0,0.0817490498069945,0.00109424681441829,0.0385093094093597,0.00126366249508016,0.0655822421559177,0.0696920548597411,0.067010308048525,0.0600155826963185,0.84141791252158,0.154117652975779,0.535104378481181,0.0684830672423927,0.16335146,0.311183750680226
4,0.932806324110672,0.75,0,0,0.0342205337506687,0.000313709073059449,0.0335403705875546,0.000729344022965815,0.0511231630866975,0.0388978945615713,0.0360824756547682,0.0787217418948794,0.733208959828887,0.0717647131072664,0.777988633563654,0.074374077508291,0.5358197,0.867365520802739
4,0.920948616600791,0.6375,0,0,0.0171102737194411,0.000212874138465113,0.0670807411751092,0.00580269824497842,0.0952749859109213,0.0850891441255198,0.0994108976479315,0.100545590785796,0.733208959828887,0.174117651916955,0.612903240129767,0.111929314345145,0.29914993,0.993727956904676
4,0.75098814229249,0.641666666666667,0,0,0.0114068448116931,0.000179262409571104,0.054658376232399,0.000822850024281025,0.0996643439090424,0.0875202600285272,0.09351988075464,0.117692912152988,0.718283585190883,0.125882357612457,0.705882370923094,0.116347565417176,0.31812865,0.9464569337609
4,0.162055335968379,0.7875,0,0,0.0190114057381196,0.000433217332662175,0.00993788502249161,0.000181668074142625,0.0537051418653801,0.0421393838909188,0.0390279827759353,0.0802805937558661,0.73694030432794,0.0741176497993079,0.770398491306273,0.0758468367021588,0.5153199,0.864820048767299
4,0.620553359683794,0.729166666666667,0,0,0.0304182505498128,0.000343586344672036,0.0335403683515299,0.00130640681583697,0.0841724782082875,0.0680713182177579,0.0714285723753419,0.113016356570028,0.695895531629399,0.090588241584775,0.785578758743235,0.106774660480304,0.4288645,0.900454055132112
4,0.00395256916996047,0.975,0,0,0.0646387829316601,0.00218102537978523,0.0708074497635124,0.0023643576979097,0.0446682164885582,0.0453808761376084,0.0397643590591726,0.0491036617582646,0.824626867313154,0.11882353483045,0.609108174124416,0.0478645067903939,0.19104938,0.805959015088249
4,0.865612648221344,0.870833333333333,0.333333323333334,0,0.0779467789255307,0.00113906326634658,0.0509316721160452,0.0029948543360747,0.0449264168063956,0.0413290104645787,0.0353460980460523,0.0584567448649495,0.79477612307446,0.0964705939031142,0.67552183263361,0.0552282808893352,0.42735383,0.844188639077751
4,0.474308300395257,0.941666666666667,0,0,0.0456273703494337,0.00116520475973825,0.0347826008209565,0.000566377030712165,0.0521559539010365,0.0445705019819328,0.0338733421658811,0.0787217418948794,0.764925378835765,0.0564705949619377,0.770398491306273,0.074374077508291,0.55723476,0.836483291672651
4,0.513833992094862,0.845833333333333,0,0,0.0266159690599835,0.000657294953890137,0.0285714250576755,0.000173653267847069,0.0475083941908101,0.0364667750118863,0.0316642113279513,0.0748246297794348,0.74253731352055,0.0670588301937716,0.776091085190959,0.0706921960921046,0.5681624,0.85660552301539
4,0.245059288537549,0.7,0,0,0.0228136937298503,0.000224078054818787,0.0347826097650553,0.000406081842529263,0.0823650955031788,0.0713128060884344,0.0625920503491012,0.113795793022734,0.731343290098017,0.0564705949619377,0.804554088769988,0.107511050018328,0.41976216,0.854295686564382
4,0.296442687747036,0.991666666666667,0.333333323333334,0,0.0703422166302828,0.00208019171571285,0.0521739135295706,0.00397532823793323,0.0932093987051712,0.0891410039638655,0.0868924875781113,0.103663287492961,0.776119407295611,0.123529416685121,0.650853905306612,0.0994108976479315,0.20324889,0.941402822439538
4,0.217391304347826,0.966666666666667,0,0,0.0760456332186387,0.00531811550536927,0.0571428545874003,0.000598435794243576,0.0451846136385628,0.0372771469795555,0.0324005895994066,0.0662509761106477,0.764925378835765,0.081176476816609,0.730550299957872,0.0625920503491012,0.52543694,0.85245886722843
4,0.596837944664032,0.983333333333333,0,1,0.0551330680854135,0.00122869465767702,0.159006192111417,0.00313111129437713,0.15285309071582,0.153970819724237,0.166421199069063,0.13717847974502,0.792910451664485,0.232941175100346,0.457305520248155,0.166421199069063,0.21578804,0.216344826387895
4,0.873517786561265,0.970833333333333,0.333333323333334,0,0.100760458967167,0.000646091672797439,0.0509316721160452,0.00155219410791456,0.0722953779177499,0.0705024341207653,0.0648011791988131,0.081839438602044,0.798507464215304,0.112941181453287,0.645161302883026,0.0787923418351079,0.22648169,0.901103832511382
4,0.142292490118577,0.65,0,0,0.0304182560250982,0.000567664540659929,0.168944083171175,0.00332345716720224,0.098115158733235,0.0850891441255198,0.111192938061908,0.0966484786703514,0.71268657096096,0.217647062249135,0.56356737693687,0.117083954955199,0.31450674,0.00488430126603763
4,0.509881422924901,0.741666666666667,0,0,0.0304182560250982,0.000343586425340097,0.0260869601188224,0.000665225947692655,0.083656083149685,0.068881690185427,0.067010308048525,0.115354637868912,0.705223888679271,0.0717647131072664,0.806451620064883,0.108983802584803,0.43944263,0.879405918304324
4,0.972332015810277,0.775,0,0,0.0114068386519971,4.48155786965332e-05,0.0136645929400874,4.54170812342776e-05,0.0418280415748425,0.0299837919771782,0.0265095727061151,0.0693686658030034,0.738805977417019,0.0682352995986159,0.777988633563654,0.0655375554820504,0.61705947,0.859396988796817
4,0.430830039525692,0.679166666666667,0,0,0.0133079836744784,6.34886980013681e-05,0.0385093138814091,0.000109535069947911,0.0939839982644151,0.0794165330584808,0.0832105995345317,0.119251749984357,0.703358215590193,0.102352947280277,0.759013286459102,0.112665684000989,0.35929558,0.910247268790347
4,0.41897233201581,0.895833333333333,0,0,0.0532319463328951,0.00312215292163582,0.0795031016457701,0.00184873969030241,0.054737931982585,0.0421393838909188,0.043446242463577,0.0787217418948794,0.729477615329834,0.090588241584775,0.751423161279521,0.074374077508291,0.5268813,0.890360840911481
4,0.462450592885375,0.65,0.333333323333334,0,0.0304182443901167,0.000522848219817239,0.0459627243501413,0.00071865772277115,0.101729924143452,0.0940032430632354,0.0913107519049282,0.120031165392637,0.748134334466891,0.10588235867128,0.70777989538687,0.113402053656833,0.24844901,0.898138947266633
4,0.288537549407115,0.85,0,0,0.0152091304079864,7.46926496473192e-05,0.0111801248707997,8.8162455131993e-05,0.0482829846873117,0.0372771469795555,0.0294550824782395,0.0787217418948794,0.74253731352055,0.0529411793356401,0.798861494885302,0.074374077508291,0.6037037,0.845328792306354
4,0.782608695652174,0.870833333333333,0,0,0.0399239571831313,0.000840291800575647,0.0198757740698277,0.000341963421017993,0.0462174037557677,0.0388978945615713,0.0331369658826438,0.0670303915189278,0.768656721655714,0.0800000042352941,0.728652768662977,0.0633284200049454,0.5039001,0.851995217786222
4,0.632411067193676,0.6875,0,0,0.0133079884653531,0.000153119958246212,0.0260869534107482,0.000280516933416763,0.0906274234121588,0.0737439219914418,0.0780559655518707,0.120031165392637,0.688432835914875,0.0929411814532872,0.789373821333026,0.113402053656833,0.40773422,0.903996076321688
4,0.403162055335968,0.854166666666667,0,0,0.0513307972039497,0.000571398755937169,0.0186335362339418,0.000857580447617306,0.0493157789873208,0.0372771469795555,0.0331369658826438,0.0779423194717905,0.735074629559757,0.0658823576124567,0.785578758743235,0.0736377012250537,0.59312356,0.860125333754822
4,0.0869565217391304,0.941666666666667,0,0,0.0570342206364123,0.00246485796774568,0.0397515485868603,0.00149609127173459,0.0407952514576375,0.0307941661328539,0.0301914561105195,0.0615744345573052,0.751865673928631,0.090588241584775,0.728652768662977,0.0581737860222843,0.54126585,0.877119954309931
4,0.679841897233202,0.866666666666667,0,0,0.0950570355347049,0.00352549382970004,0.063354032586706,0.00476878984862959,0.0389878666611268,0.0299837919771782,0.0287187048695235,0.0584567448649495,0.759328357889424,0.0917647120484429,0.719165095110701,0.0552282808893352,0.56125355,0.87172046461307
4,0.592885375494071,0.733333333333333,0,0,0.0418250960459166,0.000746926587224761,0.0459627310582155,0.000750716291543625,0.0810741078566726,0.0680713182177579,0.0640648029155758,0.111457518738659,0.718283585190883,0.0694117690034602,0.796963963590406,0.105301914541223,0.42836255,0.873109818084998
4,0.770750988142292,0.970833333333333,0,0,0.043726245174862,0.000556460180631921,0.0807453430592955,0.00501457403899079,0.0539633393946813,0.048622365466956,0.0463917522357014,0.0670303915189278,0.779850748436456,0.108235298539792,0.671726773459379,0.0633284200049454,0.3833719,0.903990855271049
4,0.893280632411067,0.879166666666667,0,0,0.072243345226908,0.002629180420571,0.0583850960009257,0.00523898653783769,0.0650658401259749,0.0623986998573639,0.0508100132488217,0.0826188610251329,0.79477612307446,0.0788235348304498,0.703984836212639,0.0780559655518707,0.37369296,0.830872273879193
4,0.185770750988142,0.754166666666667,0,0,0.0418251028900233,0.0010158197125313,0.0645962628201079,0.00348375437510744,0.0694552050954363,0.063209079118388,0.0493372620078258,0.0966484786703514,0.768656721655714,0.0517647141660899,0.774193570973863,0.0913107519049282,0.47623578,0.831445112110311
4,0.403162055335968,0.941666666666667,0,0,0.0342205371727221,0.000448155847466378,0.0124223582346361,0.00034196350757752,0.05577072209979,0.0478119920406158,0.0375552268957642,0.0826188610251329,0.761194030978503,0.057647064366782,0.772296022601169,0.0780559655518707,0.5229992,0.837832018319676
4,0.956521739130435,0.645833333333333,0,0,0.0209125500761903,0.000332382055228581,0.0161490630217973,0.000237771660505163,0.0932093987051712,0.0818476489614882,0.0802650944015825,0.117692912152988,0.725746269151676,0.0917647120484429,0.753320692574416,0.111192938061908,0.33051255,0.891179924707749
4,0.494071146245059,0.941666666666667,0,0,0.0323193900970087,0.000242751208407548,0.0223602492943945,0.000352649786132304,0.040278854307633,0.0307941661328539,0.0279823272608076,0.0623538569803942,0.755597021785893,0.0823529483391003,0.738140425137454,0.0589101623055216,0.5538119,0.863136452997827
5,0.304347826086957,0.729166666666667,0,0,0.0969582017739172,0.00213994194319678,0.0795031016457701,0.00303492533796903,0.246062482449651,0.227714741715679,0.290868930111422,0.215900235669517,0.628731354153904,0.404705898795848,0.34724860267743,0.290868930111422,0.30228558,0.165202318650122
5,0.0474308300395257,0.75,0,0,0.121673010412179,0.00545256566783474,0.173913037645153,0.0288745414981057,0.176349093767594,0.171799024893023,0.198085425640019,0.157443490804568,0.746268659698708,0.277647065425605,0.432637596336717,0.199558164951707,0.2371126,0.199090160577525
5,0.0869565217391304,0.7375,0,0,0.0570342445907859,0.000492970383528227,0.165217405887118,0.0268468073928385,0.213271368343032,0.200162080228218,0.250368201396405,0.186282141503285,0.675373131007741,0.359999997882353,0.371916526588869,0.250368201396405,0.28414816,0.172859820414325
5,0.802371541501976,0.691666666666667,0,0,0.0608365325825166,0.0107856201921836,0.186335362339418,0.0197163538181128,0.22927964304507,0.211507295068941,0.269513998015361,0.203429455855668,0.638059702808253,0.378823540124567,0.37950665176845,0.269513998015361,0.28108954,0.158366586753254
5,0,0.741666666666667,0,0,0.0475284715696319,0.000466828688466403,0.277018618818719,0.0610217905061256,0.164471986505716,0.153970819724237,0.194403537596439,0.14263445073626,0.708955224782802,0.314117638152249,0.41176471793727,0.194403537596439,0.23309669,0.17197998104809
5,0.138339920948617,0.741666666666667,0,0,0.0665399149503386,0.00248352828786881,0.130434778233865,0.0155726965973501,0.218693523429699,0.207455435230595,0.251840940708093,0.194076372748983,0.686567166184005,0.342352956809688,0.388994325320726,0.251840940708093,0.2663022,0.171879958476699
5,0.134387351778656,0.741666666666667,0,0,0.0874524355968699,0.00289807086366452,0.100621111762664,0.0110844257018596,0.222566493340558,0.211507295068941,0.255522835379066,0.197973484864428,0.686567166184005,0.342352956809688,0.388994325320726,0.255522835379066,0.26298115,0.171564110095002
5,0.762845849802372,0.695833333333333,0,0,0.0418250892018098,0.00106063838283126,0.178881976466958,0.0090727188143699,0.234701798131737,0.216369526874956,0.277614143758364,0.206547152562832,0.632462693615644,0.392941172982699,0.362428853036593,0.277614143758364,0.29696295,0.157876697754302
5,0.162055335968379,0.7375,0,0,0.0627376338027147,0.00182623333397868,0.0310559011766521,0.00126366148521901,0.214562369932219,0.200972444902532,0.252577310363937,0.187061563926374,0.671641791546001,0.364705886089965,0.368121463999078,0.252577310363937,0.3017472,0.17253509121016
5,0.0909090909090909,0.7375,0,0,0.058935400563838,0.00122869415350164,0.147826097650553,0.0278085876106862,0.213529572843674,0.199351708260549,0.251840940708093,0.186282141503285,0.667910452084261,0.365882344906574,0.370018995293973,0.251840940708093,0.29079577,0.168879113455529
5,0.652173913043478,0.704166666666667,0,0,0.0494296343867908,0.00159842299991611,0.163975126461172,0.0331490983637708,0.219209925459641,0.209076171872578,0.250368201396405,0.195635231624778,0.69402986189853,0.332941180394464,0.396584450500308,0.250368201396405,0.25295278,0.171764709239942
5,0.901185770750988,0.683333333333333,0,0,0.0399239332287577,0.00052658359469785,0.126708051757264,0.0188507441202241,0.230054228661634,0.211507295068941,0.27172312023768,0.203429455855668,0.632462693615644,0.385882356553633,0.373814057883764,0.27172312023768,0.28683385,0.159983416868745
5,0.454545454545455,0.720833333333333,0,0,0.0760456434847988,0.00213621023871293,0.237267063523785,0.0325212669655791,0.22101730119341,0.209886558426958,0.251840940708093,0.198752921317134,0.686567166184005,0.331764721577855,0.406072124052584,0.254050089439985,0.25072145,0.139123573622816
5,0.403162055335968,0.725,0,0,0.0627376132703945,0.00469443543651101,0.221117978812548,0.0684675328304463,0.215336962520123,0.20259320342458,0.245213547531564,0.195635231624778,0.677238817529656,0.325882363965398,0.425047454079336,0.248895442202537,0.25044397,0.0996523468580648
5,0.521739130434783,0.7125,0,0,0.0855513754413123,0.0055011095891737,0.193788792932373,0.0513907302934092,0.207591029669745,0.19854132170617,0.234904286193636,0.187061563926374,0.705223888679271,0.311764709930796,0.41935486019465,0.237849784699192,0.25607783,0.138742218682951
5,0.102766798418972,0.741666666666667,0,0,0.0342205234845086,0.000313708831055267,0.0583850960009257,0.0018086668850846,0.228505057428507,0.211507295068941,0.269513998015361,0.201091181571592,0.643656728791908,0.382352937750865,0.368121463999078,0.269513998015361,0.29784104,0.164505350359778
5,0.24901185770751,0.729166666666667,0,0,0.0741445011999601,0.00196068137890756,0.152795036472358,0.0386552270667603,0.214562369932219,0.200972444902532,0.251104571052249,0.188620422802169,0.671641791546001,0.3576470696609,0.37950665176845,0.251104571052249,0.27672648,0.167521573137812
5,0.0118577075098814,0.741666666666667,0,0,0.0703422405846564,0.00391762943997006,0.26211175763281,0.0826617083551156,0.184353224147273,0.170988660218709,0.218703974825449,0.160561187511732,0.682835826722265,0.339999996823529,0.396584450500308,0.218703974825449,0.27147257,0.15833942385958
5,0.537549407114625,0.7125,0,0,0.0627376474909282,0.00388775210785642,0.0807453274071225,0.006649590887784,0.243480514127979,0.229335500237727,0.284241536934893,0.213561961385442,0.658582086638867,0.384705897737024,0.349146116894527,0.284241536934893,0.28575617,0.175106735650568
5,0.106719367588933,0.7375,0,0,0.0494296480750043,0.00150879070106998,0.114285704702751,0.0137106049671872,0.208882010344911,0.196110220389872,0.241531652860592,0.186282141503285,0.679104487260526,0.337647068602076,0.404174592757688,0.241531652860592,0.2758629,0.161266519441992
5,0.173913043478261,0.7375,0,0,0.0836502023579933,0.00276362826382973,0.06956522400216,0.00543935885921476,0.232377999454005,0.216369526874956,0.273932268969571,0.203429455855668,0.649253737984518,0.385882356553633,0.356736259151907,0.273932268969571,0.29986525,0.168459398063225
5,0.142292490118577,0.741666666666667,0,0,0.0475285331665926,0.00149758681496683,0.127950320003086,0.0172290795112883,0.209140207874213,0.1977309497385,0.240795303086927,0.186282141503285,0.688432835914875,0.332941180394464,0.402277061462793,0.240795303086927,0.26524833,0.166854218780992
5,0.454545454545455,0.720833333333333,0,0,0.0760456434847988,0.00213621023871293,0.237267063523785,0.0325212669655791,0.22101730119341,0.209886558426958,0.251840940708093,0.198752921317134,0.686567166184005,0.331764721577855,0.406072124052584,0.254050089439985,0.25072145,0.139123573622816
5,0.0553359683794466,0.741666666666667,0,0,0.0513307664054693,0.000929922344891453,0.0447204941167395,0.00208383954969819,0.223857474015723,0.206645063262926,0.267304875793042,0.194076372748983,0.643656728791908,0.392941172982699,0.351043665267221,0.267304875793042,0.31536263,0.168919102338552
5,0.146245059288538,0.741666666666667,0,0,0.034220554282989,0.000224077853148636,0.139130443532271,0.0240336133838287,0.202685262670341,0.192058353258171,0.233431500490195,0.180046755103764,0.695895531629399,0.327058833370242,0.404174592757688,0.233431500490195,0.2712077,0.167044661219706
5,0.806324110671937,0.691666666666667,0,0,0.0969582257282908,0.00971377358734092,0.190062077635896,0.0125271054059133,0.226181251779435,0.207455435230595,0.267304875793042,0.200311759148503,0.632462693615644,0.382352937750865,0.37950665176845,0.267304875793042,0.296365,0.154942332992062
5,0.707509881422925,0.7,0,0,0.0779467926137442,0.00252834957988074,0.101863357648239,0.00524700339270873,0.247353470096157,0.228525128270058,0.29234166942311,0.217459073500886,0.624999997901119,0.405882368200692,0.349146116894527,0.29234166942311,0.30116582,0.162670998851621
5,0.482213438735178,0.716666666666667,0,0,0.0380228114762393,0.000657295861405818,0.141614912943173,0.0266410943486375,0.224890278075609,0.214748790232972,0.259204703540466,0.197973484864428,0.692164175376615,0.349411762650519,0.371916526588869,0.259204703540466,0.2664361,0.18020231319404
5,0.300395256916996,0.729166666666667,0,0,0.0684410538131239,0.00268893427811766,0.0521739023494471,0.00256472691757038,0.24373871165728,0.226904369748009,0.287923405096293,0.212782538962353,0.639925389330168,0.40117647999308,0.341555991714945,0.287923405096293,0.3033766,0.169144161518154
5,0.0592885375494071,0.745833333333333,0,0,0.129277559019214,0.00693147823011048,0.191304323521471,0.0531432685793893,0.2065582325812,0.190437594736123,0.24447717787572,0.18160561397956,0.656716433699042,0.362352957868512,0.387096794025831,0.24447717787572,0.30038968,0.148324290367304
5,0.557312252964427,0.7125,0,0,0.085551300156138,0.00110918432087173,0.0509316564638723,0.00261014340306263,0.240640348277005,0.230145864912041,0.279823252725897,0.208885426846908,0.684701496453135,0.376470580138408,0.335863397830259,0.279823252725897,0.29320765,0.184858197691641
5,0.0355731225296443,0.745833333333333,0,0,0.0912547749194012,0.00703604470785255,0.0559006332980973,0.00191552938210068,0.229796031132333,0.213938418265303,0.272459489893524,0.199532343740223,0.651119407715388,0.390588244761246,0.34724860267743,0.272459489893524,0.30570525,0.171930893099324
5,0.640316205533597,0.704166666666667,0,0,0.0608365120501963,0.00119508299936756,0.204968938821805,0.0461250004798005,0.211722183167225,0.200162080228218,0.240795303086927,0.191738112494525,0.686567166184005,0.321176486346021,0.423149922784441,0.240795303086927,0.23849043,0.13884979582922
5,0.00395256916996047,0.745833333333333,0,0,0.0874524561291902,0.00146397697168874,0.0559006176459244,0.00213994462199928,0.220759103664109,0.204213940066564,0.265832096716995,0.188620422802169,0.649253737984518,0.400000010588235,0.333965866535363,0.265832096716995,0.32900727,0.173888518481554
5,0.537549407114625,0.7125,0,0,0.0627376474909282,0.00388775210785642,0.0807453274071225,0.006649590887784,0.243480514127979,0.229335500237727,0.284241536934893,0.213561961385442,0.658582086638867,0.384705897737024,0.349146116894527,0.284241536934893,0.28575617,0.175106735650568
5,0.075098814229249,0.741666666666667,0,0,0.0589353868756245,0.00176648189647384,0.0596273329424017,0.00275708469233047,0.237800154540671,0.219611014745632,0.283505167279049,0.206547152562832,0.632462693615644,0.407058827017301,0.33965846042005,0.283505167279049,0.30988368,0.167862267676887
5,0.106719367588933,0.7375,0,0,0.0494296480750043,0.00150879070106998,0.114285704702751,0.0137106049671872,0.208882010344911,0.196110220389872,0.241531652860592,0.186282141503285,0.679104487260526,0.337647068602076,0.404174592757688,0.241531652860592,0.2758629,0.161266519441992
5,0.446640316205534,0.720833333333333,0,0,0.0247148428587957,0.000332382498902914,0.209937855283363,0.0208838239976209,0.217402528811852,0.207455435230595,0.245949917187409,0.196414647033059,0.695895531629399,0.320000016941176,0.415559797604859,0.245949917187409,0.23234288,0.14837948912775
5,0.300395256916996,0.725,0,0,0.100760479499488,0.00772695011003123,0.139130407755875,0.0231680347031039,0.226955865281359,0.213128031710924,0.262886604838832,0.201870618024299,0.666044782353391,0.3576470696609,0.385199262730935,0.262886604838832,0.27036038,0.160980184266154
5,0.387351778656126,0.720833333333333,0,0,0.0627376235365546,0.00330515124051344,0.177639708221136,0.0456975515015973,0.219726313546904,0.20259320342458,0.256995594572934,0.196414647033059,0.645522398522778,0.362352957868512,0.398481998873002,0.256995594572934,0.28044972,0.144552643677312
5,0.181818181818182,0.741666666666667,0,0,0.0779467583932104,0.00458986512703606,0.13167701964739,0.0105367538357607,0.2065582325812,0.195299848422203,0.242268049026008,0.179267332680675,0.69029852243679,0.351764722636678,0.370018995293973,0.242268049026008,0.29741284,0.182921590815517
5,0.557312252964427,0.7125,0,0,0.085551300156138,0.00110918432087173,0.0509316564638723,0.00261014340306263,0.240640348277005,0.230145864912041,0.279823252725897,0.208885426846908,0.684701496453135,0.376470580138408,0.335863397830259,0.279823252725897,0.29320765,0.184858197691641
7,0.980237154150198,0.595833333333333,0,0.5,0.144486700719976,0.0183146385102868,0.0385093161174338,0.00228955216110155,0.0299509412843049,0.0186385742191132,0.0508100132488217,0.0187061570941182,0.746268659698708,0.238823532712803,0.495256180301661,0.0508100132488217,0.8153439,0.159210567070733
7,0.596837944664032,0.5875,0,0,0.00570342309025724,3.36117016685382e-05,0.0472049679996914,0.0031311040810832,0.0098115158733235,0.00729335500237727,0.016200294136964,0.0054559625734696,0.813432838853308,0.164705888207612,0.546489579912793,0.016200294136964,0.43915343,0.175249869662598
7,0.588932806324111,0.5875,0,0,0.00380228046321325,2.98770477587186e-05,0.0459627310582155,0.00257808514446179,0.00955331834402226,0.00729335500237727,0.015463918516466,0.0054559625734696,0.815298508584178,0.16235294516263,0.548387111207688,0.015463918516466,0.537037,0.174061383942717
7,0.474308300395257,0.595833333333333,0,0,0.0152091252749064,0.000119508243469114,0.0583850870568269,0.0041489802824817,0.0129098890134745,0.011345219216736,0.0198821795295863,0.00701480882260923,0.819029853083231,0.168235298539792,0.535104378481181,0.0198821795295863,0.5343915,0.191088539533636
7,0.588932806324111,0.5875,0,0,0.00380228046321325,2.98770477587186e-05,0.0459627310582155,0.00257808514446179,0.00955331834402226,0.00729335500237727,0.015463918516466,0.0054559625734696,0.815298508584178,0.16235294516263,0.548387111207688,0.015463918516466,0.537037,0.174061383942717
7,0.8300395256917,0.595833333333333,0,0,0.00380228217423994,2.98770608672785e-05,0.00869565255306506,4.54170480531256e-05,0.00180738444794375,0,0.00515463928457556,0,0.820895524493206,0.148235299598616,0.565464909939545,0.00515463928457556,0.5555556,0.15944851939146
7,0.679841897233202,0.5875,0,0,0.00760456263745319,2.98770457420171e-05,0.0186335384699666,0.000120221709167391,0.0250451847419112,0.0194489469161179,0.0382916045044801,0.0163678884218897,0.787313437434562,0.201176472581315,0.514231515451753,0.0382916045044801,0.59973544,0.175665539160356
7,0.0948616600790514,0.6,0,0,0.195817525300353,0.100584873689951,0.402484447050655,0.109417640495602,0.0999225414383437,0.0948136150309045,0.123711348131728,0.0795011643179684,0.766791048566635,0.26941176900346,0.425047454079336,0.142120768467446,0.64629805,0.209302048775525
7,0.845849802371542,0.591666666666667,0,0.5,0.673003807616129,0.00811164338586438,0.0248447231773464,0.00281051305552094,0.0580944998635012,0.0388978945615713,0.0891016230552163,0.0436476998862759,0.682835826722265,0.294117647681661,0.470588247851323,0.0891016230552163,0.7695767,0.151139410362073
7,0.869565217391304,0.595833333333333,0.333333323333334,0.5,0.144486700719976,0.0027636242304267,0.0285714272937002,0.000430125915177821,0.0451846136385628,0.031604539559194,0.0714285723753419,0.0303975060671082,0.725746269151676,0.268235299598616,0.468690713140868,0.0714285723753419,0.6248002,0.160524727340703
7,0.569169960474308,0.6,0,0.5,0.169201512780291,0.0359159646528692,0.22236024705837,0.087566709274033,0.0787503231216212,0.0567260938956734,0.116347565417176,0.0600155826963185,0.656716433699042,0.33058825217301,0.438330190221403,0.116347565417176,0.74729437,0.151703216679225
7,0.256916996047431,0.6,0,0,0.127376423578482,0.0219783125935749,0.172670814119825,0.0516284775759423,0.0575781048048987,0.0429497580465945,0.0839469824451621,0.0436476998862759,0.714552245729143,0.271764707813149,0.474383318980013,0.0839469824451621,0.3006237,0.150512850709597
7,0.177865612648221,0.595833333333333,0.333333323333334,0,0.108365024684469,0.00827967898951961,0.0360248444705066,0.000878953148992752,0.044410019656391,0.0705024341207653,0.030927837032932,0.0335151971624256,1,0.0776470654256055,0.497153716719896,0.0640648029155758,0.56192696,0.510227284656633
7,0.33596837944664,0.6,0,0,0.146387846426868,0.0106399689669971,0.120496896118205,0.043453414971858,0.0609346796571551,0.048622365466956,0.0854197350116367,0.0467653909815934,0.729477615329834,0.263529421979239,0.472485782561778,0.0854197350116367,0.3923854,0.161983364658238
7,0.976284584980237,0.591666666666667,0,0,0.0095057045800865,6.3488752452309e-05,0.00248447231773464,2.13727395298557e-05,0.0025819778026949,0,0.00736377078524469,0,0.815298508584178,0.155294123439446,0.55977230922374,0.00736377078524469,0.8888889,0.15944851939146
7,0.818181818181818,0.595833333333333,0,0.5,0.399239571831313,0.126917782305945,0.0211180065392543,0.000494243543226758,0.0606764821278538,0.0429497580465945,0.0920471281881655,0.0444271237123266,0.692164175376615,0.296470586491349,0.457305520248155,0.0920471281881655,0.77151674,0.164061745722914
7,0.16600790513834,0.5875,0,0,0.0665399286385521,0.00172166635206123,0.0273291903522242,0.000598436443440029,0.0105861098554953,0.00729335500237727,0.0191458019208704,0.00467653944889978,0.80783582294428,0.175294121321799,0.535104378481181,0.0191458019208704,0.64867723,0.186503349068953
7,0.0197628458498024,0.595833333333333,0,0,0.00380228217423994,2.98770608672785e-05,0.0024844718705297,2.1372738087197e-05,0.000516395581453,0,0.00147275402450107,0,0.830223882886361,0.136470593373702,0.574952576319146,0.00147275402450107,0.22222222,0.15944851939146
7,0.596837944664032,0.6,0,0,0.0171102668753344,0.000616214280182762,0.240993778820262,0.0950765446002172,0.0508649620717262,0.0388978945615713,0.0729013249418165,0.0389711583329335,0.735074629559757,0.249411767944637,0.489563581293635,0.0729013249418165,0.5,0.15589420942675
7,0.308300395256917,0.595833333333333,0,0,0.038022818320346,0.00159842239490565,0.00372670836480072,5.61034030688247e-05,0.00516395546596299,0.00324149115268631,0.0103092785691511,0.00155884638943581,0.819029853083231,0.157647063307958,0.552182177213039,0.0103092785691511,0.2888889,0.188786442324892
7,0.652173913043478,0.595833333333333,0,0,0.00380228217423994,2.9877066917383e-05,0.00993788770572126,5.3431819003541e-05,0.00490575793666175,0.00162074553987638,0.0125184087443416,0,0.809701496033359,0.169411770062284,0.542694510491882,0.0125184087443416,1,0.172355930269931
2,0.679841897233202,0.6125,0.333333323333334,0,0.0646387897757669,0.00370475570484525,0.0260869534107482,0.000344635326074857,0.0583526973928024,0.05186385698431,0.0780559655518707,0.0436476998862759,0.770522393065688,0.240000002117647,0.468690713140868,0.0780559655518707,0.47297516,0.191302619397748
2,0.91699604743083,0.616666666666667,0,0,0.085551327532565,0.000526583352693668,0.0285714272937002,0.00113542592616279,0.0462174037557677,0.0372771469795555,0.067010308048525,0.0327357768437794,0.757462694874972,0.242352951515571,0.478178381569804,0.067010308048525,0.5416667,0.175389008143916
2,0.122529644268775,0.6125,0,0,0.0323193948878834,0.000870168991520174,0.0186335384699666,0.000440812193732604,0.0555125245704888,0.0461912495639485,0.0787923418351079,0.0397505821589842,0.751865673928631,0.256470594961938,0.461100582837946,0.0787923418351079,0.5205782,0.178177334579782
2,0.0276679841897233,0.629166666666667,0.333333323333334,0,0.0551330783515736,0.00208018979984641,0.00745341717680639,9.61772686408425e-05,0.0583526973928024,0.048622365466956,0.0795287181183452,0.0452065475383773,0.748134334466891,0.247058829134948,0.480075917988039,0.0795287181183452,0.48480532,0.16774995633036
2,0.50197628458498,0.625,0,0,0.0190114002628342,0.000253955074343685,0.0173913048825276,0.000117549854603585,0.0498321719545212,0.0405186370382385,0.0721649486585792,0.0350740441130462,0.753731348696814,0.250588237349481,0.468690713140868,0.0721649486585792,0.5409177,0.17591546128528
2,0.588932806324111,0.6125,0,0,0.0741445011999601,0.00164697337469991,0.0310559011766521,0.000301889396753509,0.0588690994227451,0.0510534850166409,0.0810014706848198,0.0428682753587443,0.761194030978503,0.251764706754325,0.459203051543051,0.0810014706848198,0.50308645,0.184789333544638
2,0.486166007905138,0.629166666666667,0.333333323333334,0,0.0475285160563258,0.0011390627621712,0.0447204941167395,0.00064118184619092,0.0699716001540387,0.0583468400190182,0.0964653858875892,0.0530007759781519,0.731343290098017,0.275294116027682,0.45161291440901,0.0964653858875892,0.4799313,0.170374633886415
