"genergy","gpuls","gdenergy","gdpuls","nbumps","nbumps2","nbumps3","nbumps4","nbumps5","energy","maxenergy","seismic.1","seismoacoustic.1","seismoacoustic.2","seismoacoustic.3","shift.1","ghazard.1","ghazard.2","ghazard.3","target"
0.005809943942517,0.0101860053144376,0.0178970917225951,0.0256959314775161,0,0,0,0,0,0,0,1,1,0,0,0,1,0,0,"2"
0.0056327175357824,0.00686448184233835,0.0193885160328113,0.0182012847965739,0.111111111111111,0,0.142857142857143,0,0,0.00497512437810945,0.005,1,1,0,0,0,1,0,0,"2"
0.00306293463813065,0.00620017714791851,0.0111856823266219,0.019271948608137,0,0,0,0,0,0,0,1,1,0,0,0,1,0,0,"2"
0.0110650921769952,0.037422497785651,0.0544369873228934,0.145610278372591,0.111111111111111,0,0.142857142857143,0,0,0.00746268656716418,0.0075,1,1,0,0,0,1,0,0,"2"
0.00483134595750419,0.0121789193976971,0.0246085011185682,0.0471092077087794,0,0,0,0,0,0,0,1,1,0,0,0,1,0,0,"2"
0.0245265935928801,0.0427369353410097,0.017151379567487,0.0331905781584582,0,0,0,0,0,0,0,1,1,0,0,1,1,0,0,"2"
0.0800716611122883,0.135518157661647,0.0671140939597315,0.122055674518201,0.222222222222222,0.25,0,0,0,0.00248756218905473,0.00175,1,1,0,0,1,1,0,0,"2"
0.0188360848375104,0.0425155004428698,0.0514541387024608,0.0995717344753747,0.111111111111111,0,0.142857142857143,0,0,0.00995024875621891,0.01,1,1,0,0,0,1,0,0,"2"
0.0385621544566662,0.066651904340124,0.111856823266219,0.158458244111349,0,0,0,0,0,0,0,1,1,0,0,0,1,0,0,"2"
0.0953632178151066,0.149025686448184,0.0745712155108128,0.129550321199143,0.111111111111111,0.125,0,0,0,0.00124378109452736,0.00125,1,1,0,0,1,1,0,0,"2"
0.0161237502648764,0.0294508414526129,0.0425055928411633,0.0642398286937901,0.111111111111111,0,0.142857142857143,0,0,0.0124378109452736,0.0125,1,1,0,0,0,1,0,0,"2"
0.0204773554737917,0.0305580159433127,0.0574198359433259,0.069593147751606,0,0,0,0,0,0,0,1,1,0,0,0,1,0,0,"2"
0.0639864383271368,0.0987599645704163,0.0492170022371365,0.082441113490364,0.111111111111111,0.125,0,0,0,0.00099502487562189,0.001,1,1,0,0,1,1,0,0,"2"
0.0248271079347345,0.0471656333038087,0.0715883668903803,0.112419700214133,0.111111111111111,0,0.142857142857143,0,0,0.0149253731343284,0.015,1,1,0,0,0,1,0,0,"2"
0.0291152164281174,0.0453941541186891,0.0850111856823266,0.107066381156317,0.111111111111111,0.125,0,0,0,0.00149253731343284,0.0015,1,1,0,0,0,1,0,0,"2"
0.0866637128932211,0.12688219663419,0.0693512304250559,0.10813704496788,0.222222222222222,0,0.285714285714286,0,0,0.0174129353233831,0.015,1,0,1,0,1,1,0,0,"2"
0.0120167209262006,0.0254650132860939,0.0328113348247576,0.0588865096359743,0,0,0,0,0,0,0,1,0,1,0,0,1,0,0,"2"
0.00878041262930785,0.0174933569530558,0.0246085011185682,0.0406852248394004,0,0,0,0,0,0,0,1,0,1,0,0,1,0,0,"2"
0.00503554160004623,0.012621789193977,0.0141685309470544,0.0310492505353319,0,0,0,0,0,0,0,1,0,1,0,0,1,0,0,"2"
0.00339041821579241,0.00797165633303809,0.00969425801640567,0.0203426124197002,0,0,0,0,0,0,0,1,0,1,0,0,1,0,0,"2"
0.00506636358382616,0.00664304694419841,0.0186428038777032,0.0182012847965739,0,0,0,0,0,0,0,1,1,0,0,0,1,0,0,"2"
0.00447304039606249,0.0150575730735164,0.0178970917225951,0.0524625267665953,0.111111111111111,0,0.142857142857143,0,0,0.00995024875621891,0.01,1,1,0,0,0,1,0,0,"2"
0.00406079636300591,0.0132860938883968,0.0208799403430276,0.056745182012848,0,0,0,0,0,0,0,1,1,0,0,0,1,0,0,"2"
0.0175415615187532,0.0338795394154119,0.108128262490679,0.158458244111349,0,0,0,0,0,0,0,1,1,0,0,0,1,0,0,"2"
0.163568415172122,0.236271036315323,0.0723340790454884,0.110278372591006,0.222222222222222,0,0.285714285714286,0,0,0.0149253731343284,0.01,1,1,0,0,1,1,0,0,"2"
0.0149178401494866,0.0467227635075288,0.0104399701715138,0.0417558886509636,0.111111111111111,0,0.142857142857143,0,0,0.00995024875621891,0.01,1,1,0,0,0,1,0,0,"2"
0.021906724971586,0.0438441098317095,0.0193885160328113,0.0406852248394004,0,0,0,0,0,0,0,1,1,0,0,0,1,0,0,"2"
0.0817399009843771,0.160983170947741,0.0343027591349739,0.0728051391862955,0.222222222222222,0.125,0.142857142857143,0,0,0.00348258706467662,0.0025,1,1,0,0,1,1,0,0,"2"
0.0165090250621256,0.037643932683791,0.0149142431021626,0.0374732334047109,0.111111111111111,0,0.142857142857143,0,0,0.0149253731343284,0.015,1,1,0,0,0,1,0,0,"2"
0.0663404673383291,0.0963241806908769,0.029082774049217,0.0438972162740899,0.111111111111111,0.125,0,0,0,0.00149253731343284,0.0015,1,1,0,0,1,1,0,0,"2"
0.152187397661382,0.230513728963685,0.105891126025354,0.145610278372591,0.333333333333333,0,0.428571428571429,0,0,0.0149253731343284,0.005,1,1,0,0,1,1,0,0,"2"
0.0197337751151008,0.0524800708591674,0.0797912005965697,0.127408993576017,0.111111111111111,0,0.142857142857143,0,0,0.0149253731343284,0.015,1,1,0,0,0,1,0,0,"2"
0.0557800851457302,0.0794951284322409,0.0372856077554064,0.0471092077087794,0.111111111111111,0,0.142857142857143,0,0,0.00497512437810945,0.005,1,1,0,0,1,1,0,0,"2"
0.184026506906051,0.25022143489814,0.135719612229679,0.167023554603854,0.333333333333333,0.375,0,0,0,0.00373134328358209,0.0015,1,1,0,0,1,1,0,0,"2"
0.0276396139546532,0.0560230292294066,0.111856823266219,0.132762312633833,0.111111111111111,0,0.142857142857143,0,0,0.0149253731343284,0.015,1,1,0,0,0,1,0,0,"2"
0.0490300706979253,0.0772807794508415,0.0313199105145414,0.0460385438972163,0.111111111111111,0.125,0,0,0,0.00174129353233831,0.00175,1,1,0,0,1,1,0,0,"1"
0.198300938144131,0.302701505757307,0.142431021625652,0.203426124197002,0.777777777777778,0.5,0.285714285714286,0.333333333333333,0,0.0390547263681592,0.025,1,1,0,0,1,1,0,0,"2"
0.0267149544412552,0.058458813108946,0.102162565249814,0.134903640256959,0,0,0,0,0,0,0,1,1,0,0,0,1,0,0,"2"
0.0109263932499856,0.0254650132860939,0.0380313199105145,0.0546038543897216,0,0,0,0,0,0,0,1,1,0,0,0,1,0,0,"2"
0.00890755331240007,0.0243578387953942,0.0320656226696495,0.0546038543897216,0,0,0,0,0,0,0,1,1,0,0,0,1,0,0,"2"
0.00636859239852825,0.0174933569530558,0.023117076808352,0.0396145610278373,0,0,0,0,0,0,0,1,1,0,0,0,1,0,0,"2"
0.00333262699620504,0.00996457041629761,0.0119313944817301,0.0224839400428266,0,0,0,0,0,0,0,1,1,0,0,0,1,0,0,"2"
0.00772475968484522,0.0137289636846767,0.0335570469798658,0.0364025695931477,0.111111111111111,0,0.142857142857143,0,0,0.0124378109452736,0.0125,1,1,0,0,0,1,0,0,"2"
0.00596790660938915,0.0177147918511957,0.0275913497390007,0.0513918629550321,0,0,0,0,0,0,0,1,1,0,0,0,1,0,0,"2"
0.0395368996937065,0.058237378210806,0.0238627889634601,0.0321199143468951,0.222222222222222,0.125,0.142857142857143,0,0,0.00671641791044776,0.005,1,1,0,0,1,1,0,0,"2"
0.0962917300764771,0.151682905225864,0.0656226696495153,0.0974304068522484,0,0,0,0,0,0,0,1,1,0,0,1,1,0,0,"2"
0.0151836797595885,0.0447298494242693,0.0805369127516778,0.145610278372591,0.111111111111111,0,0.142857142857143,0,0,0.0124378109452736,0.0125,1,1,0,0,0,1,0,0,"2"
0.0246961145036697,0.0434012400354296,0.135719612229679,0.140256959314775,0.111111111111111,0.125,0,0,0,0.00124378109452736,0.00125,1,0,1,0,0,1,0,0,"2"
0.119015237618231,0.217227635075288,0.0827740492170022,0.143468950749465,0.222222222222222,0.125,0.142857142857143,0,0,0.00447761194029851,0.0025,1,0,1,0,1,0,1,0,"2"
0.0227158020458092,0.0580159433126661,0.120059656972409,0.193790149892934,0.111111111111111,0,0.142857142857143,0,0,0.0149253731343284,0.015,1,0,1,0,0,0,1,0,"2"
0.0255860992853153,0.0471656333038087,0.140939597315436,0.156316916488223,0.111111111111111,0.125,0,0,0,0.000746268656716418,0.00075,1,0,1,0,0,0,1,0,"2"
0.0958563695555855,0.163197519929141,0.0648769574944072,0.102783725910064,0.111111111111111,0.125,0,0,0,0.00099502487562189,0.001,1,0,1,0,1,0,1,0,"2"
0.0198493575542756,0.0407440212577502,0.109619686800895,0.139186295503212,0.111111111111111,0,0.142857142857143,0,0,0.0174129353233831,0.0175,1,0,1,0,0,1,0,0,"2"
0.0173566296160737,0.0305580159433127,0.0894854586129754,0.0985010706638116,0,0,0,0,0,0,0,1,0,1,0,0,1,0,0,"2"
0.023255186761958,0.04185119574845,0.113348247576435,0.133832976445396,0,0,0,0,0,0,0,1,0,1,0,0,1,0,0,"2"
0.00702355955385179,0.0197077059344553,0.029082774049217,0.056745182012848,0.111111111111111,0,0.142857142857143,0,0,0.00995024875621891,0.01,1,1,0,0,0,1,0,0,"2"
0.0194486717651365,0.029229406554473,0.0827740492170022,0.0835117773019272,0,0,0,0,0,0,0,1,1,0,0,0,1,0,0,"2"
0.103627362216101,0.169397697077059,0.0708426547352722,0.107066381156317,0.222222222222222,0.25,0,0,0,0.00199004975124378,0.001,1,1,0,0,1,1,0,0,"2"
0.0143553389455029,0.037422497785651,0.0559284116331096,0.102783725910064,0.111111111111111,0,0.142857142857143,0,0,0.00995024875621891,0.01,1,1,0,0,0,1,0,0,"2"
0.143580358690836,0.215456155890168,0.0991797166293811,0.137044967880086,0.333333333333333,0.375,0,0,0,0.00348258706467662,0.00175,1,1,0,0,1,1,0,0,"2"
0.016982913062742,0.0445084145261293,0.064131245339299,0.116702355460385,0,0,0,0,0,0,0,1,1,0,0,0,1,0,0,"2"
0.0123172352680549,0.0301151461470328,0.0447427293064877,0.0781584582441113,0,0,0,0,0,0,0,1,1,0,0,0,1,0,0,"2"
0.0121130396255129,0.0263507528786537,0.0477255779269202,0.0706638115631692,0,0,0,0,0,0,0,1,1,0,0,0,1,0,0,"2"
0.0178305176166901,0.029007971656333,0.0760626398210291,0.0856531049250535,0.111111111111111,0,0.142857142857143,0,0,0.0124378109452736,0.0125,1,1,0,0,0,1,0,0,"2"
0.00695806283831943,0.016829052258636,0.029082774049217,0.0513918629550321,0,0,0,0,0,0,0,1,1,0,0,0,1,0,0,"2"
0.0567972106104679,0.104074402125775,0.0700969425801641,0.0963597430406852,0,0,0,0,0,0,0,1,1,0,0,0,1,0,0,"2"
0.0780335574348404,0.129760850310009,0.0469798657718121,0.0588865096359743,0.222222222222222,0.125,0.142857142857143,0,0,0.0106965174129353,0.01,1,1,0,0,1,1,0,0,"2"
0.0997900252354992,0.311558901682905,0.0633855331841909,0.15203426124197,0.111111111111111,0.125,0,0,0,0.00223880597014925,0.00225,1,1,0,0,1,1,0,0,"2"
0.0154533721176629,0.0422940655447299,0.0186428038777032,0.0396145610278373,0.111111111111111,0,0.142857142857143,0,0,0.0124378109452736,0.0125,1,1,0,0,0,1,0,0,"2"
0.0227735932653965,0.0383082373782108,0.0313199105145414,0.0374732334047109,0,0,0,0,0,0,0,1,1,0,0,0,1,0,0,"2"
0.227470093043864,0.393711248892825,0.0887397464578673,0.0963597430406852,0.111111111111111,0.125,0,0,0,0.00199004975124378,0.002,1,1,0,0,1,1,0,0,"2"
0.0292153878754021,0.0670947741364039,0.0432513049962714,0.0738758029978587,0.111111111111111,0,0.142857142857143,0,0,0.0149253731343284,0.015,1,1,0,0,0,1,0,0,"2"
0.0280980909633796,0.0527015057573074,0.0902311707680835,0.110278372591006,0,0,0,0,0,0,0,1,1,0,0,0,1,0,0,"2"
0.122232282175262,0.236049601417183,0.0447427293064877,0.0556745182012848,0,0,0,0,0,0,0,1,1,0,0,1,1,0,0,"2"
0.087800273545106,0.162090345438441,0.0328113348247576,0.0396145610278373,0.222222222222222,0.125,0.142857142857143,0,0,0.0106965174129353,0.01,1,1,0,0,1,1,0,0,"2"
0.0369786750399723,0.0954384410983171,0.116331096196868,0.201284796573876,0,0,0,0,0,0,0,1,1,0,0,0,1,0,0,"2"
0.0812390437479532,0.170726306465899,0.0387770320656227,0.0653104925053533,0.111111111111111,0,0.142857142857143,0,0,0.0124378109452736,0.0125,1,1,0,0,1,1,0,0,"2"
0.00955481497177862,0.0347652790079717,0.029082774049217,0.0717344753747323,0,0,0,0,0,0,0,1,1,0,0,0,1,0,0,"2"
0.116483982200304,0.276350752878654,0.0596569724086503,0.112419700214133,0.222222222222222,0.25,0,0,0,0.00149253731343284,0.00075,1,1,0,0,1,1,0,0,"2"
0.0177457571612953,0.0549158547387068,0.0596569724086503,0.118843683083512,0.111111111111111,0,0.142857142857143,0,0,0.0149253731343284,0.015,1,1,0,0,0,1,0,0,"2"
0.168191712739111,0.272364924712135,0.0887397464578673,0.109207708779443,0,0,0,0,0,0,0,1,0,1,0,1,1,0,0,"2"
0.0223960239640924,0.0613374667847653,0.0775540641312453,0.13169164882227,0,0,0,0,0,0,0,1,0,1,0,0,1,0,0,"2"
0.0139777696441987,0.0487156775907883,0.0477255779269202,0.100642398286938,0.111111111111111,0,0.142857142857143,0,0,0.00995024875621891,0.01,1,0,1,0,0,1,0,0,"2"
0.0652154649303616,0.142161204605846,0.0320656226696495,0.0546038543897216,0,0,0,0,0,0,0,1,0,1,0,1,1,0,0,"2"
0.0371790179345418,0.0843666961913198,0.136465324384787,0.177730192719486,0,0,0,0,0,0,0,1,0,1,0,0,1,0,0,"2"
0.090042572865096,0.185341009743136,0.0484712900820283,0.0770877944325482,0,0,0,0,0,0,0,1,1,0,0,1,1,0,0,"2"
0.0573866810502591,0.153897254207263,0.0313199105145414,0.0653104925053533,0.111111111111111,0,0.142857142857143,0,0,0.0149253731343284,0.015,1,1,0,0,1,1,0,0,"2"
0.0244456858854578,0.0715234720992028,0.0827740492170022,0.140256959314775,0,0,0,0,0,0,0,1,1,0,0,0,1,0,0,"2"
0.0749282425690123,0.153897254207263,0.0454884414615958,0.0685224839400428,0,0,0,0,0,0,0,1,1,0,0,1,1,0,0,"2"
0.0244456858854578,0.0715234720992028,0.0827740492170022,0.140256959314775,0,0,0,0,0,0,0,1,1,0,0,0,1,0,0,"2"
0.0749282425690123,0.153897254207263,0.0454884414615958,0.0685224839400428,0,0,0,0,0,0,0,1,1,0,0,1,1,0,0,"2"
0.0176918186896804,0.0586802480070859,0.058165548098434,0.109207708779443,0.111111111111111,0,0.142857142857143,0,0,0.0124378109452736,0.0125,1,1,0,0,0,1,0,0,"2"
0.0401803086051126,0.0728520814880425,0.13944817300522,0.133832976445396,0,0,0,0,0,0,0,1,1,0,0,0,1,0,0,"2"
0.110053745834216,0.174712134632418,0.0723340790454884,0.082441113490364,0,0,0,0,0,0,0,1,1,0,0,1,1,0,0,"2"
0.0101751073953497,0.0230292294065545,0.0305741983594333,0.0385438972162741,0,0,0,0,0,0,0,1,1,0,0,0,1,0,0,"2"
0.00981680183390803,0.0261293179805137,0.0313199105145414,0.0460385438972163,0.111111111111111,0,0.142857142857143,0,0,0.0149253731343284,0.015,1,1,0,0,0,1,0,0,"2"
0.114861975303885,0.202391496899911,0.0782997762863535,0.100642398286938,0,0,0,0,0,0,0,1,1,0,0,1,1,0,0,"2"
0.0150026006048814,0.0507085916740478,0.052199850857569,0.0974304068522484,0.111111111111111,0,0.142857142857143,0,0,0.0124378109452736,0.0125,1,1,0,0,0,1,0,0,"2"
0.0211477336210052,0.0398582816651904,0.0723340790454884,0.0728051391862955,0,0,0,0,0,0,0,1,1,0,0,0,1,0,0,"2"
0.0662749706227967,0.118467670504872,0.0454884414615958,0.0588865096359743,0,0,0,0,0,0,0,1,1,0,0,1,1,0,0,"2"
0.00970121939473329,0.0345438441098317,0.0313199105145414,0.0653104925053533,0.111111111111111,0,0.142857142857143,0,0,0.00995024875621891,0.01,1,1,0,0,0,1,0,0,"2"
0.104001078769432,0.158325952170062,0.0790454884414616,0.0877944325481799,0.222222222222222,0.25,0,0,0,0.00199004975124378,0.00125,1,1,0,0,1,1,0,0,"2"
0.0158039721831596,0.0287865367581931,0.0559284116331096,0.056745182012848,0,0,0,0,0,0,0,1,1,0,0,0,1,0,0,"2"
0.00871106316580301,0.0146147032772365,0.029082774049217,0.0278372591006424,0,0,0,0,0,0,0,1,1,0,0,0,1,0,0,"2"
0.00503168885207374,0.00974313551815766,0.0186428038777032,0.0214132762312634,0,0,0,0,0,0,0,1,1,0,0,0,1,0,0,"2"
0.00747433106663328,0.0172719220549159,0.0335570469798658,0.0481798715203426,0.111111111111111,0,0.142857142857143,0,0,0.00995024875621891,0.01,1,1,0,0,0,1,0,0,"2"
0.00495848664059641,0.0112931798051373,0.023117076808352,0.0342612419700214,0,0,0,0,0,0,0,1,1,0,0,0,1,0,0,"2"
0.0641867812217064,0.0799379982285208,0.046234153616704,0.0428265524625268,0,0,0,0,0,0,0,1,1,0,0,1,1,0,0,"2"
0.105592263682071,0.220327723649247,0.0827740492170022,0.139186295503212,0,0,0,0,0,0,0,1,1,0,0,1,1,0,0,"2"
0.0215830941418967,0.0487156775907883,0.146159582401193,0.198072805139186,0.111111111111111,0,0.142857142857143,0,0,0.0124378109452736,0.0125,1,0,1,0,0,1,0,0,"2"
0.0873379437884071,0.158325952170062,0.0730797912005966,0.102783725910064,0,0,0,0,0,0,0,1,0,1,0,1,1,0,0,"2"
0.051834871221899,0.134853852967228,0.0410141685309471,0.0856531049250535,0,0,0,0,0,0,0,1,0,1,0,1,1,0,0,"2"
0.0191905376509796,0.0456155890168291,0.117076808351976,0.168094218415418,0.111111111111111,0,0.142857142857143,0,0,0.00746268656716418,0.0075,1,0,1,0,0,1,0,0,"2"
0.126350869757855,0.156111603188663,0.109619686800895,0.102783725910064,0.111111111111111,0.125,0,0,0,0.000497512437810945,5e-04,1,0,1,0,1,1,0,0,"2"
0.0539346188669068,0.0837023914968999,0.0417598806860552,0.0535331905781585,0,0,0,0,0,0,0,1,0,1,0,1,1,0,0,"2"
0.0164589393384832,0.0327723649247121,0.0924683072334079,0.112419700214133,0.111111111111111,0,0.142857142857143,0,0,0.00746268656716418,0.0075,1,1,0,0,0,1,0,0,"2"
0.0607347190383541,0.0969884853852967,0.0484712900820283,0.0653104925053533,0,0,0,0,0,0,0,1,1,0,0,1,1,0,0,"2"
0.125464737724182,0.236049601417183,0.108873974645787,0.174518201284797,0.111111111111111,0,0.142857142857143,0,0,0.00746268656716418,0.0075,1,1,0,0,1,1,0,0,"2"
0.115744254589586,0.197519929140833,0.0991797166293811,0.142398286937901,0,0,0,0,0,0,0,1,1,0,0,1,1,0,0,"2"
0.179395503843116,0.29295837023915,0.0663683818046234,0.0899357601713062,0.111111111111111,0,0.142857142857143,0,0,0.00995024875621891,0.01,1,1,0,0,1,1,0,0,"2"
0.129644969274335,0.217449069973428,0.0477255779269202,0.0663811563169165,0.111111111111111,0,0.142857142857143,0,0,0.00995024875621891,0.01,1,1,0,0,1,1,0,0,"2"
0.0432278322513533,0.0577945084145261,0.0305741983594333,0.0331905781584582,0,0,0,0,0,0,0,1,1,0,0,0,1,0,0,"2"
0.366515767371077,0.294508414526129,0.144668158090977,0.0952890792291221,0,0,0,0,0,0,0,1,1,0,0,1,1,0,0,"2"
0.0784997399395119,0.104960141718335,0.0611483967188665,0.0685224839400428,0.111111111111111,0,0.142857142857143,0,0,0.00746268656716418,0.0075,1,1,0,0,0,1,0,0,"2"
0.275583209724336,0.425376439326838,0.0984340044742729,0.141327623126338,0.111111111111111,0.125,0,0,0,0.000746268656716418,0.00075,1,1,0,0,1,1,0,0,"2"
0.0617402862591744,0.182905225863596,0.0484712900820283,0.127408993576017,0,0,0,0,0,0,0,1,1,0,0,0,1,0,0,"2"
0.0293001483307969,0.0571302037201063,0.0328113348247576,0.0492505353319058,0.111111111111111,0,0.142857142857143,0,0,0.00995024875621891,0.01,1,1,0,0,0,1,0,0,"2"
0.143738321357708,0.275465013286094,0.0477255779269202,0.0877944325481799,0.111111111111111,0,0.142857142857143,0,0,0.00497512437810945,0.005,1,1,0,0,1,1,0,0,"2"
0.185521373119377,0.371124889282551,0.064131245339299,0.120985010706638,0,0,0,0,0,0,0,1,1,0,0,1,1,0,0,"2"
0.23910924466876,0.395704162976085,0.0842654735272185,0.127408993576017,0,0,0,0,0,0,0,1,1,0,0,1,1,0,0,"2"
0.0381653214154996,0.113374667847653,0.046234153616704,0.107066381156317,0.111111111111111,0,0.142857142857143,0,0,0.00995024875621891,0.01,1,1,0,0,0,1,0,0,"2"
0.108158193831751,0.152125775022144,0.141685309470544,0.144539614561028,0.111111111111111,0,0.142857142857143,0,0,0.00746268656716418,0.0075,1,1,0,0,0,1,0,0,"2"
0.214648147791412,0.363153232949513,0.0730797912005966,0.114561027837259,0,0,0,0,0,0,0,1,1,0,0,1,1,0,0,"2"
0.0253125541792684,0.0569087688219663,0.0283370618941089,0.0503211991434689,0.111111111111111,0,0.142857142857143,0,0,0.00995024875621891,0.01,1,1,0,0,0,1,0,0,"2"
0.104174452428194,0.191098317094774,0.133482475764355,0.186295503211991,0,0,0,0,0,0,0,1,1,0,0,0,1,0,0,"2"
0.118448883666275,0.225420726306466,0.0387770320656227,0.0685224839400428,0,0,0,0,0,0,0,1,1,0,0,1,1,0,0,"2"
0.0196991003833484,0.0487156775907883,0.0208799403430276,0.0417558886509636,0.111111111111111,0,0.142857142857143,0,0,0.00746268656716418,0.0075,1,1,0,0,0,1,0,0,"2"
0.120976286336229,0.199734278122232,0.0410141685309471,0.063169164882227,0,0,0,0,0,0,0,1,1,0,0,1,1,0,0,"2"
0.141873591339023,0.29295837023915,0.0507084265473527,0.0985010706638116,0.111111111111111,0,0.142857142857143,0,0,0.00497512437810945,0.005,1,1,0,0,1,1,0,0,"2"
0.0440908477971914,0.107617360496014,0.0544369873228934,0.102783725910064,0.222222222222222,0,0.285714285714286,0,0,0.0199004975124378,0.0125,1,1,0,0,0,1,0,0,"2"
0.121785363410452,0.240699734278122,0.0439970171513796,0.0802997858672377,0.333333333333333,0.125,0.285714285714286,0,0,0.00671641791044776,0.0025,1,1,0,0,1,1,0,0,"2"
0.0807767139912543,0.203055801594331,0.105891126025354,0.198072805139186,0,0,0,0,0,0,0,1,1,0,0,0,1,0,0,"2"
0.0177996956329102,0.0431798051372896,0.0201342281879195,0.0353319057815846,0.111111111111111,0,0.142857142857143,0,0,0.0124378109452736,0.0125,1,1,0,0,0,1,0,0,"2"
0.143430101519909,0.279450841452613,0.052199850857569,0.0931477516059957,0,0,0,0,0,0,0,1,1,0,0,1,1,0,0,"2"
0.0183891660727014,0.0580159433126661,0.023117076808352,0.0524625267665953,0.111111111111111,0,0.142857142857143,0,0,0.00746268656716418,0.0075,1,1,0,0,0,1,0,0,"2"
0.152734487873476,0.267271922054916,0.064131245339299,0.088865096359743,0.111111111111111,0,0.142857142857143,0,0,0.0149253731343284,0.015,1,1,0,0,1,1,0,0,"2"
0.0337654832309145,0.0786093888396811,0.0492170022371365,0.0770877944325482,0,0,0,0,0,0,0,1,1,0,0,0,1,0,0,"2"
0.0286914141511433,0.0677590788308237,0.0410141685309471,0.0653104925053533,0.222222222222222,0,0.285714285714286,0,0,0.00995024875621891,0.0075,1,1,0,0,0,1,0,0,"2"
0.0144054246691453,0.0491585473870682,0.0193885160328113,0.0481798715203426,0,0,0,0,0,0,0,1,1,0,0,0,1,0,0,"2"
0.116934753713086,0.228520814880425,0.052199850857569,0.0802997858672377,0,0,0,0,0,0,0,1,1,0,0,1,1,0,0,"2"
0.107156479358903,0.234278122232064,0.0484712900820283,0.0835117773019272,0.111111111111111,0.125,0,0,0,0.00223880597014925,0.00225,1,1,0,0,1,1,0,0,"2"
0.0249773651056616,0.0600088573959256,0.0454884414615958,0.0674518201284797,0.111111111111111,0,0.142857142857143,0,0,0.0124378109452736,0.0125,1,1,0,0,0,1,0,0,"2"
0.192198185355705,0.319973427812223,0.0939597315436242,0.120985010706638,0.111111111111111,0.125,0,0,0,0.00223880597014925,0.00225,1,1,0,0,1,1,0,0,"2"
0.170923311051608,0.29207263064659,0.0865026099925429,0.113490364025696,0,0,0,0,0,0,0,1,1,0,0,1,1,0,0,"2"
0.0152260599872859,0.0427369353410097,0.0260999254287845,0.0460385438972163,0.111111111111111,0,0.142857142857143,0,0,0.00995024875621891,0.01,1,1,0,0,0,1,0,0,"2"
0.303646625955963,0.328166519043401,0.0708426547352722,0.101713062098501,0,0,0,0,0,0,0,1,1,0,0,1,1,0,0,"2"
0.0459863997996571,0.0591231178033658,0.0193885160328113,0.0342612419700214,0,0,0,0,0,0,0,1,1,0,0,0,1,0,0,"2"
0.025042861821194,0.037643932683791,0.0104399701715138,0.0224839400428266,0.111111111111111,0,0.142857142857143,0,0,0.00746268656716418,0.0075,1,1,0,0,0,1,0,0,"2"
0.404338194217025,0.399689991142604,0.0947054436987323,0.125267665952891,0,0,0,0,0,0,0,1,0,1,0,1,1,0,0,"2"
0.275641000943923,0.325287865367582,0.0618941088739746,0.0985010706638116,0.222222222222222,0.25,0,0,0,0.00223880597014925,0.0015,1,0,1,0,1,1,0,0,"1"
0.0356070967617653,0.0369796279893711,0.017151379567487,0.0235546038543897,0.111111111111111,0,0,0.333333333333333,0,0.0248756218905473,0.025,1,0,1,0,0,1,0,0,"1"
0.375384793203753,0.404340124003543,0.0865026099925429,0.124197002141328,0.222222222222222,0.125,0,0.333333333333333,0,0.0512437810945274,0.05,0,0,0,1,1,1,0,0,"2"
0.268293810560382,0.302480070859167,0.0596569724086503,0.0899357601713062,0.222222222222222,0.125,0.142857142857143,0,0,0.00597014925373134,0.005,0,0,0,1,1,1,0,0,"2"
0.023702105526767,0.0427369353410097,0.0469798657718121,0.0985010706638116,0.111111111111111,0,0.142857142857143,0,0,0.00746268656716418,0.0075,0,0,0,1,0,1,0,0,"2"
0.433337828205968,0.476306465899026,0.0991797166293811,0.144539614561028,0.333333333333333,0.125,0.285714285714286,0,0,0.00970149253731343,0.005,1,0,0,1,1,1,0,0,"2"
0.246853268093468,0.273029229406554,0.0529455630126771,0.0781584582441113,0.111111111111111,0,0.142857142857143,0,0,0.0124378109452736,0.0125,1,0,1,0,1,1,0,0,"2"
0.422573250370827,0.450620017714792,0.0947054436987323,0.133832976445396,0.222222222222222,0.125,0.142857142857143,0,0,0.00920398009950249,0.0075,1,0,1,0,1,1,0,0,"2"
0.059887114484406,0.0799379982285208,0.126771066368382,0.187366167023555,0,0,0,0,0,0,0,1,0,1,0,0,1,0,0,"2"
0.27835718826453,0.470106288751107,0.0589112602535421,0.134903640256959,0.222222222222222,0,0.285714285714286,0,0,0.0124378109452736,0.01,1,0,1,0,1,1,0,0,"2"
0.224461096877348,0.272364924712135,0.0477255779269202,0.0728051391862955,0.111111111111111,0,0.142857142857143,0,0,0.0174129353233831,0.0175,1,0,1,0,1,1,0,0,"2"
0.266305792606577,0.313108945969885,0.0611483967188665,0.0963597430406852,0,0,0,0,0,0,0,1,0,1,0,1,1,0,0,"2"
0.269195353585945,0.282772364924712,0.0633855331841909,0.0877944325481799,0.333333333333333,0,0.428571428571429,0,0,0.0199004975124378,0.01,1,0,1,0,1,1,0,0,"2"
0.0362196836893915,0.0690876882196634,0.0149142431021626,0.0406852248394004,0,0,0,0,0,0,0,1,0,1,0,0,1,0,0,"2"
0.276060950472925,0.370903454384411,0.0656226696495153,0.117773019271949,0.222222222222222,0.25,0,0,0,0.00174129353233831,0.00125,1,1,0,0,1,1,0,0,"2"
0.246968850532642,0.347431355181577,0.0589112602535421,0.109207708779443,0.111111111111111,0.125,0,0,0,0.00199004975124378,0.002,1,1,0,0,1,1,0,0,"2"
0.147995607867311,0.16585473870682,0.0745712155108128,0.109207708779443,0.333333333333333,0.125,0.285714285714286,0,0,0.0241293532338308,0.015,1,1,0,0,0,1,0,0,"1"
0.304648340428811,0.317094774136404,0.0753169276659209,0.0985010706638116,0.222222222222222,0,0.142857142857143,0.333333333333333,0,0.0323383084577114,0.025,1,1,0,0,1,1,0,0,"2"
0.150287992910944,0.20726306465899,0.0760626398210291,0.138115631691649,0,0,0,0,0,0,0,1,0,1,0,0,1,0,0,"2"
0.0266841324574753,0.0564658990256864,0.0111856823266219,0.0331905781584582,0.111111111111111,0,0.142857142857143,0,0,0.00995024875621891,0.01,1,0,1,0,0,1,0,0,"2"
0.36090616632313,0.384189548272808,0.0894854586129754,0.120985010706638,0.222222222222222,0.125,0.142857142857143,0,0,0.00646766169154229,0.005,1,0,1,0,1,1,0,0,"2"
0.166666024542005,0.223649247121346,0.0939597315436242,0.156316916488223,0,0,0,0,0,0,0,1,0,1,0,0,1,0,0,"2"
0.170237521912504,0.222320637732507,0.0402684563758389,0.0674518201284797,0.333333333333333,0,0.428571428571429,0,0,0.0149253731343284,0.0075,1,1,0,0,1,1,0,0,"2"
0.351674982181041,0.442648361381754,0.0902311707680835,0.142398286937901,0,0,0,0,0,0,0,1,1,0,0,1,1,0,0,"2"
0.171874939800813,0.227635075287865,0.0417598806860552,0.0685224839400428,0,0,0,0,0,0,0,1,1,0,0,1,1,0,0,"2"
0.0325672786114696,0.0511514614703277,0.0156599552572707,0.0310492505353319,0,0,0,0,0,0,0,1,1,0,0,0,1,0,0,"2"
0.0298356802989732,0.0380868024800709,0.0156599552572707,0.0246252676659529,0,0,0,0,0,0,0,1,1,0,0,0,1,0,0,"2"
0.0450540347903142,0.0721877767936227,0.029082774049217,0.0546038543897216,0.111111111111111,0,0.142857142857143,0,0,0.00497512437810945,0.005,1,1,0,0,0,1,0,0,"2"
0.159734930939493,0.198848538529672,0.123042505592841,0.170235546038544,0,0,0,0,0,0,0,1,1,0,0,0,1,0,0,"2"
0.370121939473329,0.468334809565988,0.0984340044742729,0.149892933618844,0,0,0,0,0,0,0,1,1,0,0,1,1,0,0,"2"
0.294126485715937,0.45992028343667,0.0753169276659209,0.141327623126338,0,0,0,0,0,0,0,1,0,1,0,1,0,1,0,"2"
0.208410548823949,0.286315323294951,0.052199850857569,0.082441113490364,0.444444444444444,0.375,0.142857142857143,0,0,0.0104477611940299,0.0075,1,0,1,0,1,0,1,0,"2"
0.434331837182871,0.670726306465899,0.114839671886652,0.199143468950749,0.111111111111111,0.125,0,0,0,0.000746268656716418,0.00075,1,0,1,0,1,1,0,0,"2"
0.255818612625455,0.403454384410983,0.0626398210290828,0.10813704496788,0.222222222222222,0.25,0,0,0,0.0027363184079602,0.0015,1,0,1,0,1,1,0,0,"2"
0.123307198859587,0.223649247121346,0.0283370618941089,0.0578158458244111,0.222222222222222,0,0.285714285714286,0,0,0.0124378109452736,0.0075,1,1,0,0,1,1,0,0,"2"
0.295883338791393,0.469884853852967,0.0775540641312453,0.12847965738758,0.111111111111111,0.125,0,0,0,0.000746268656716418,0.00075,1,1,0,0,1,1,0,0,"2"
0.182878388010248,0.33436669619132,0.0477255779269202,0.0877944325481799,0,0,0,0,0,0,0,1,1,0,0,1,1,0,0,"2"
0.263069484309684,0.328609388839681,0.0700969425801641,0.0835117773019272,0.222222222222222,0,0.285714285714286,0,0,0.0149253731343284,0.01,1,1,0,0,1,1,0,0,"2"
0.484086224499624,0.727856510186005,0.135719612229679,0.197002141327623,0.333333333333333,0.25,0.142857142857143,0,0,0.0154228855721393,0.0125,1,1,0,0,1,1,0,0,"2"
0.221895166727669,0.340788308237378,0.0536912751677852,0.0792291220556745,0.111111111111111,0.125,0,0,0,0.00223880597014925,0.00225,1,1,0,0,1,1,0,0,"2"
0.301535320067038,0.352302922940655,0.0782997762863535,0.0845824411134904,0.222222222222222,0,0.285714285714286,0,0,0.0149253731343284,0.0075,1,1,0,0,1,1,0,0,"2"
0.528327329467743,0.672719220549159,0.13944817300522,0.170235546038544,0.111111111111111,0.125,0,0,0,0.000746268656716418,0.00075,1,1,0,0,1,1,0,0,"2"
0.343518714723276,0.450620017714792,0.0797912005965697,0.102783725910064,0,0,0,0,0,0,0,1,1,0,0,1,1,0,0,"2"
0.398605305233958,0.406333038086802,0.0961968680089485,0.0963597430406852,0.111111111111111,0,0.142857142857143,0,0,0.00497512437810945,0.005,1,1,0,0,1,1,0,0,"1"
0.820219221359635,0.823737821080602,0.191648023862789,0.200214132762313,0.222222222222222,0.125,0,0.333333333333333,0,0.0512437810945274,0.05,0,0,1,0,1,0,1,0,"2"
0.595985436612664,0.677147918511957,0.112602535421327,0.143468950749465,0.333333333333333,0.125,0.285714285714286,0,0,0.0161691542288557,0.01,0,0,1,0,1,1,0,0,"2"
0.356305985243975,0.413418954827281,0.0611483967188665,0.082441113490364,0,0,0,0,0,0,0,0,0,1,0,1,1,0,0,"2"
0.766261486004893,0.818201948627104,0.129753914988814,0.163811563169165,0,0,0,0,0,0,0,1,1,0,0,1,1,0,0,"2"
0.0841941014428541,0.142382639503986,0.0633855331841909,0.117773019271949,0.111111111111111,0,0.142857142857143,0,0,0.00746268656716418,0.0075,1,1,0,0,0,1,0,0,"2"
0.392309915046907,0.50066430469442,0.0574198359433259,0.0899357601713062,0,0,0,0,0,0,0,1,1,0,0,1,1,0,0,"2"
0.45814567240084,0.477635075287865,0.0693512304250559,0.0899357601713062,0.333333333333333,0.25,0.142857142857143,0,0,0.0129353233830846,0.01,1,1,0,0,1,1,0,0,"2"
0.609678102906898,0.563108945969885,0.0887397464578673,0.103854389721627,0,0,0,0,0,0,0,1,1,0,0,1,1,0,0,"2"
0.357315405212768,0.393046944198406,0.0477255779269202,0.0685224839400428,0.111111111111111,0,0.142857142857143,0,0,0.00746268656716418,0.0075,1,1,0,0,1,1,0,0,"2"
0.790741846622103,0.804472984942427,0.112602535421327,0.15203426124197,0.111111111111111,0.125,0,0,0,0.00199004975124378,0.002,1,1,0,0,1,1,0,0,"2"
0.485446244533914,0.557351638618246,0.0626398210290828,0.0974304068522484,0.111111111111111,0.125,0,0,0,0.00149253731343284,0.0015,1,1,0,0,1,1,0,0,"2"
0.409231184142089,0.438441098317095,0.0514541387024608,0.0738758029978587,0.222222222222222,0.125,0.142857142857143,0,0,0.0129353233830846,0.0125,1,1,0,0,1,1,0,0,"2"
0.846109687734777,0.851638618246236,0.117822520507084,0.157387580299786,0.333333333333333,0.125,0.285714285714286,0,0,0.0211442786069652,0.01,1,1,0,0,1,1,0,0,"2"
0.438535185220859,0.465899025686448,0.0566741237882177,0.0813704496788009,0.222222222222222,0,0.285714285714286,0,0,0.027363184079602,0.0225,1,1,0,0,1,1,0,0,"2"
0.353651441890929,0.389061116031887,0.0447427293064877,0.0663811563169165,0.222222222222222,0,0.285714285714286,0,0,0.0124378109452736,0.0075,1,1,0,0,1,1,0,0,"2"
0.680688100787887,0.641496899911426,0.0954511558538404,0.122055674518201,0,0,0,0,0,0,0,1,1,0,0,1,1,0,0,"1"
0.654655082737763,0.757971656333038,0.087248322147651,0.141327623126338,0.111111111111111,0,0,0.333333333333333,0,0.124378109452736,0.125,0,1,0,0,1,1,0,0,"2"
0.116141087630753,0.203720106288751,0.0954511558538404,0.173447537473233,0.111111111111111,0,0.142857142857143,0,0,0.00746268656716418,0.0075,0,0,1,0,0,1,0,0,"2"
0.522382539346189,0.514614703277236,0.0663683818046234,0.0899357601713062,0,0,0,0,0,0,0,0,0,1,0,1,1,0,0,"2"
1,0.966120460584588,0.131991051454139,0.173447537473233,0,0,0,0,0,0,0,1,0,1,0,1,1,0,0,"2"
0.832463254416212,1,0.0976882923191648,0.163811563169165,0.444444444444444,0.25,0.285714285714286,0,0,0.0126865671641791,0.005,1,0,1,0,1,1,0,0,"2"
0.526959603937508,0.694198405668733,0.0604026845637584,0.10813704496788,0.111111111111111,0,0.142857142857143,0,0,0.00248756218905473,0.0025,1,1,0,0,1,1,0,0,"2"
0.0967116796054786,0.137732506643047,0.0723340790454884,0.103854389721627,0,0,0,0,0,0,0,1,1,0,0,0,1,0,0,"2"
0.0606229893471519,0.0921169176262179,0.0469798657718121,0.069593147751606,0,0,0,0,0,0,0,1,1,0,0,0,1,0,0,"2"
0.0499470247153782,0.0673162090345438,0.0425055928411633,0.0556745182012848,0,0,0,0,0,0,0,1,1,0,0,0,1,0,0,"2"
0.0556413862187205,0.0896811337466785,0.046234153616704,0.0738758029978587,0.111111111111111,0,0.142857142857143,0,0,0.00746268656716418,0.0075,1,1,0,0,0,1,0,0,"2"
0.518248540771705,0.776793622674934,0.0589112602535421,0.119914346895075,0,0,0,0,0,0,0,1,1,0,0,1,1,0,0,"2"
0.809924678777138,0.888396811337467,0.0917225950782998,0.130620985010707,0.222222222222222,0,0.285714285714286,0,0,0.00995024875621891,0.0075,1,1,0,0,1,1,0,0,"2"
0.0843636223536437,0.104738706820195,0.0827740492170022,0.0985010706638116,0,0,0,0,0,0,0,1,1,0,0,0,1,0,0,"2"
0.242052744119743,0.140389725420726,0.0439970171513796,0.0406852248394004,0.222222222222222,0.125,0.142857142857143,0,0,0.00572139303482587,0.005,1,1,0,0,1,1,0,0,"2"
0.558606075783553,0.349645704162976,0.109619686800895,0.115631691648822,0,0,0,0,0,0,0,1,1,0,0,1,1,0,0,"2"
0.590021382751247,0.371567759078831,0.110365398956003,0.122055674518201,0.222222222222222,0,0.285714285714286,0,0,0.0124378109452736,0.0075,1,1,0,0,1,1,0,0,"2"
0.075286548130454,0.070637732506643,0.0260999254287845,0.0417558886509636,0.111111111111111,0,0.142857142857143,0,0,0.0149253731343284,0.015,1,0,1,0,0,1,0,0,"2"
0.505484386738841,0.325287865367582,0.0894854586129754,0.104925053533191,0.111111111111111,0,0.142857142857143,0,0,0.00746268656716418,0.0075,1,0,1,0,1,1,0,0,"2"
0.121573462271965,0.142382639503986,0.0469798657718121,0.0931477516059957,0.111111111111111,0,0.142857142857143,0,0,0.0124378109452736,0.0125,1,0,1,0,0,1,0,0,"2"
0.40903084124752,0.319087688219663,0.0693512304250559,0.102783725910064,0.111111111111111,0,0.142857142857143,0,0,0.00746268656716418,0.0075,1,0,1,0,1,1,0,0,"1"
0.494542582496966,0.344109831709477,0.0842654735272185,0.112419700214133,0.222222222222222,0.125,0,0.333333333333333,0,0.100995024875622,0.1,0,0,1,0,1,1,0,0,"2"
0.437071140991312,0.301372896368468,0.0723340790454884,0.0974304068522484,0.222222222222222,0,0.285714285714286,0,0,0.0174129353233831,0.0125,0,0,1,0,1,1,0,0,"2"
0.202473464198339,0.162090345438441,0.0313199105145414,0.0513918629550321,0.111111111111111,0.125,0,0,0,0.000497512437810945,5e-04,0,1,0,0,1,1,0,0,"2"
0.639941438230818,0.391939769707706,0.110365398956003,0.137044967880086,0.111111111111111,0,0.142857142857143,0,0,0.0223880597014925,0.0225,1,1,0,0,1,1,0,0,"2"
0.504952707518638,0.3325952170062,0.081282624906786,0.112419700214133,0.222222222222222,0.125,0.142857142857143,0,0,0.0104477611940299,0.01,1,1,0,0,1,1,0,0,"2"
0.42435707268209,0.261957484499557,0.0663683818046234,0.0877944325481799,0,0,0,0,0,0,0,1,1,0,0,1,1,0,0,"2"
0.576652347286702,0.363817537643933,0.087248322147651,0.118843683083512,0.333333333333333,0.25,0.142857142857143,0,0,0.0141791044776119,0.0125,1,0,1,0,1,1,0,0,"2"
0.509965132630849,0.310673162090345,0.0768083519761372,0.100642398286938,0.111111111111111,0,0.142857142857143,0,0,0.00746268656716418,0.0075,1,0,1,0,1,1,0,0,"2"
0.363391188765387,0.218113374667848,0.0544369873228934,0.0706638115631692,0.222222222222222,0.125,0.142857142857143,0,0,0.00348258706467662,0.0025,1,0,1,0,1,1,0,0,"2"
0.134337616304829,0.159654561558902,0.0544369873228934,0.107066381156317,0.111111111111111,0.125,0,0,0,0.000746268656716418,0.00075,1,0,1,0,0,1,0,0,"2"
0.059455606711487,0.0701948627103632,0.0372856077554064,0.056745182012848,0.111111111111111,0,0.142857142857143,0,0,0.00746268656716418,0.0075,1,0,1,0,0,1,0,0,"2"
0.58331374853114,0.335695305580159,0.0924683072334079,0.115631691648822,0.333333333333333,0.25,0.142857142857143,0,0,0.00472636815920398,0.0025,1,0,1,0,1,1,0,0,"1"
0.697940706208703,0.426262178919398,0.106636838180462,0.146680942184154,0.111111111111111,0,0,0.333333333333333,0,0.0995024875621891,0.1,0,0,1,0,1,1,0,0,"2"
0.55736549093641,0.325287865367582,0.081282624906786,0.10813704496788,0,0,0,0,0,0,0,0,0,1,0,1,1,0,0,"2"
0.436404615592071,0.41873339238264,0.0611483967188665,0.139186295503212,0.555555555555556,0.375,0.285714285714286,0,0,0.0174129353233831,0.0075,0,0,1,0,1,1,0,0,"1"
0.526897959969949,0.642161204605846,0.0715883668903803,0.199143468950749,0.444444444444444,0.25,0.142857142857143,0.333333333333333,0,0.06318407960199,0.05,0,0,1,0,1,1,0,0,"2"
0.313640654196606,0.460584588131089,0.0425055928411633,0.13169164882227,0.222222222222222,0.125,0.142857142857143,0,0,0.00422885572139303,0.0025,0,0,1,0,1,0,1,0,"2"
0.231280460788658,0.37333923826395,0.0313199105145414,0.101713062098501,0.222222222222222,0.125,0.142857142857143,0,0,0.0054726368159204,0.005,0,0,1,0,1,0,1,0,"1"
0.341623162720811,0.557351638618246,0.0499627143922446,0.149892933618844,0.333333333333333,0,0.285714285714286,0.333333333333333,0,0.121890547263682,0.1,0,0,1,0,1,1,0,0,"2"
0.22686135886421,0.399689991142604,0.0343027591349739,0.100642398286938,0.111111111111111,0,0.142857142857143,0,0,0.00995024875621891,0.01,0,0,1,0,1,1,0,0,"1"
0.20912330719886,0.358945969884854,0.0335570469798658,0.0877944325481799,0.333333333333333,0,0.285714285714286,0.333333333333333,0,0.0621890547263682,0.05,0,1,0,0,1,1,0,0,"2"
0.425574541041398,0.571744906997343,0.0738255033557047,0.138115631691649,0,0,0,0,0,0,0,0,1,0,0,1,1,0,0,"2"
0.283111479262584,0.456155890168291,0.0499627143922446,0.103854389721627,0.222222222222222,0.125,0.142857142857143,0,0,0.0119402985074627,0.01,0,1,0,0,1,1,0,0,"2"
0.196139546531564,0.388839681133747,0.0380313199105145,0.0867237687366167,0.222222222222222,0.125,0.142857142857143,0,0,0.00572139303482587,0.005,1,1,0,0,1,1,0,0,"1"
0.184989693899174,0.523914968999114,0.0402684563758389,0.116702355460385,0.222222222222222,0,0.142857142857143,0.333333333333333,0,0.0845771144278607,0.075,0,1,0,0,1,1,0,0,"2"
0.16514418909287,0.449291408325952,0.0387770320656227,0.0974304068522484,0.111111111111111,0,0.142857142857143,0,0,0.00995024875621891,0.01,0,1,0,0,1,1,0,0,"2"
0.173358247770222,0.446634189548273,0.0469798657718121,0.100642398286938,0.333333333333333,0,0.428571428571429,0,0,0.0348258706467662,0.02,0,1,0,0,1,1,0,0,"2"
0.241675174818439,0.698184233835252,0.0708426547352722,0.160599571734475,0.111111111111111,0.125,0,0,0,0.00199004975124378,0.002,1,1,0,0,1,1,0,0,"1"
0.172911329005413,0.478299379982285,0.0499627143922446,0.101713062098501,0.555555555555556,0.125,0.428571428571429,0.333333333333333,0,0.0783582089552239,0.05,0,1,0,0,1,1,0,0,"2"
0.174818439251796,0.436448184233835,0.0544369873228934,0.0931477516059957,0.111111111111111,0,0.142857142857143,0,0,0.0199004975124378,0.02,0,1,0,0,1,1,0,0,"2"
0.300418023155015,0.663640389725421,0.0976882923191648,0.143468950749465,0.222222222222222,0.125,0.142857142857143,0,0,0.0139303482587065,0.0125,0,1,0,0,1,1,0,0,"2"
0.0565352237483385,0.164304694419841,0.0208799403430276,0.0535331905781585,0.111111111111111,0,0.142857142857143,0,0,0.00497512437810945,0.005,1,1,0,0,0,1,0,0,"2"
0.260033518907361,0.440655447298494,0.0805369127516778,0.0877944325481799,0.444444444444444,0.125,0.428571428571429,0,0,0.01318407960199,0.005,1,1,0,0,1,1,0,0,"2"
0.312442449577161,0.636625332152347,0.105145413870246,0.132762312633833,0.222222222222222,0.25,0,0,0,0.00223880597014925,0.00175,1,1,0,0,1,1,0,0,"2"
0.207262429928146,0.45903454384411,0.0678598061148397,0.0910064239828694,0.222222222222222,0.25,0,0,0,0.00223880597014925,0.00175,1,1,0,0,1,1,0,0,"1"
0.143464776251661,0.408768821966342,0.0454884414615958,0.0792291220556745,0.333333333333333,0,0.285714285714286,0.333333333333333,0,0.174129353233831,0.15,0,1,0,0,1,1,0,0,"1"
0.169178016220069,0.49977856510186,0.0559284116331096,0.100642398286938,0.666666666666667,0.375,0.285714285714286,0.333333333333333,0,0.0447761194029851,0.025,0,0,1,0,1,1,0,0,"2"
0.110265646972703,0.305358724534987,0.035048471290082,0.0588865096359743,0,0,0,0,0,0,0,0,0,1,0,1,1,0,0,"2"
0.221956810695228,0.344552701505757,0.0827740492170022,0.0792291220556745,0.666666666666667,0.375,0.428571428571429,0,0,0.0529850746268657,0.02,1,0,1,0,1,1,0,0,"1"
0.320991697328119,0.406997342781222,0.119313944817301,0.0963597430406852,0.444444444444444,0.125,0.285714285714286,0.333333333333333,0,0.036318407960199,0.025,1,0,1,0,1,1,0,0,"2"
0.322243840419179,0.511736049601417,0.112602535421327,0.123126338329764,0.444444444444444,0,0.571428571428571,0,0,0.0472636815920398,0.0225,1,0,1,0,1,1,0,0,"1"
0.22033480379881,0.355624446412755,0.0715883668903803,0.0835117773019272,0.444444444444444,0,0.428571428571429,0.333333333333333,0,0.109452736318408,0.075,0,0,1,0,1,1,0,0,"2"
0.290751478492034,0.490699734278122,0.0939597315436242,0.118843683083512,0.222222222222222,0.125,0.142857142857143,0,0,0.00796019900497512,0.0075,0,0,1,0,1,1,0,0,"1"
0.321573462271965,0.510407440212578,0.0991797166293811,0.122055674518201,0.444444444444444,0,0.285714285714286,0.666666666666667,0,0.134328358208955,0.075,0,0,1,0,1,1,0,0,"2"
0.173523915933039,0.317759078830824,0.0492170022371365,0.0728051391862955,0.666666666666667,0.25,0.571428571428571,0,0,0.031592039800995,0.01,0,1,0,0,1,1,0,0,"1"
0.359195546223344,0.545172719220549,0.106636838180462,0.132762312633833,0.777777777777778,0.5,0.285714285714286,0.333333333333333,0,0.0907960199004975,0.075,0,1,0,0,1,1,0,0,"1"
0.218874612317235,0.405668733392383,0.0596569724086503,0.0952890792291221,0.444444444444444,0.25,0.142857142857143,0.333333333333333,0,0.0813432835820895,0.075,0,1,0,0,1,1,0,0,"1"
0.174386931478877,0.298272807794508,0.046234153616704,0.069593147751606,0.333333333333333,0,0.142857142857143,0.666666666666667,0,0.159203980099502,0.075,0,1,0,0,1,1,0,0,"2"
0.321149659994991,0.551594331266608,0.0879940343027591,0.137044967880086,0.444444444444444,0.25,0.285714285714286,0,0,0.027363184079602,0.015,0,1,0,0,1,1,0,0,"2"
0.0507483962936564,0.128653675819309,0.0365398956002983,0.0578158458244111,0.111111111111111,0,0.142857142857143,0,0,0.00248756218905473,0.0025,0,1,0,0,0,1,0,0,"2"
0.0277975766215253,0.0746235606731621,0.0193885160328113,0.0331905781584582,0,0,0,0,0,0,0,1,1,0,0,0,1,0,0,"2"
0.0226348943383869,0.0518157661647476,0.017151379567487,0.0235546038543897,0,0,0,0,0,0,0,1,1,0,0,0,1,0,0,"2"
0.0210552676696654,0.0511514614703277,0.0432513049962714,0.0599571734475375,0,0,0,0,0,0,0,1,1,0,0,0,1,0,0,"2"
0.0167594536803375,0.0425155004428698,0.0357941834451902,0.0513918629550321,0,0,0,0,0,0,0,1,1,0,0,0,1,0,0,"2"
0.0223844657201749,0.0480513728963685,0.0514541387024608,0.0620985010706638,0.111111111111111,0,0.142857142857143,0,0,0.00746268656716418,0.0075,1,1,0,0,0,1,0,0,"2"
0.0205043247095991,0.0445084145261293,0.0484712900820283,0.0610278372591006,0.111111111111111,0,0.142857142857143,0,0,0.00995024875621891,0.01,1,1,0,0,0,1,0,0,"2"
0.172318005817649,0.294508414526129,0.0439970171513796,0.0674518201284797,0.222222222222222,0.125,0.142857142857143,0,0,0.0208955223880597,0.02,1,1,0,0,1,1,0,0,"1"
0.382570168172449,0.668954827280779,0.108128262490679,0.162740899357602,0.333333333333333,0.125,0,0.666666666666667,0,0.176119402985075,0.1,0,1,0,0,1,1,0,0,"1"
0.228795438346401,0.436226749335695,0.0618941088739746,0.100642398286938,0.444444444444444,0.25,0.142857142857143,0.333333333333333,0,0.081592039800995,0.075,0,1,0,0,1,1,0,0,"2"
0.219722216871183,0.4185119574845,0.0589112602535421,0.0952890792291221,0.222222222222222,0,0.285714285714286,0,0,0.027363184079602,0.0175,0,1,0,0,1,1,0,0,"2"
0.303808441370808,0.522364924712135,0.0850111856823266,0.120985010706638,0.333333333333333,0.25,0.142857142857143,0,0,0.0151741293532338,0.0125,0,1,0,0,1,1,0,0,"1"
0.147710504517347,0.309787422497786,0.0402684563758389,0.0706638115631692,0.111111111111111,0,0,0.333333333333333,0,0.0746268656716418,0.075,0,1,0,0,1,1,0,0,"2"
0.160116352988769,0.328609388839681,0.0439970171513796,0.0749464668094218,0.111111111111111,0,0.142857142857143,0,0,0.0174129353233831,0.0175,0,1,0,0,1,1,0,0,"1"
0.248752672843906,0.450177147918512,0.0768083519761372,0.109207708779443,0.444444444444444,0.125,0.142857142857143,0.666666666666667,0,0.158706467661692,0.1,0,1,0,0,1,1,0,0,"2"
0.250328446764655,0.49911426040744,0.0760626398210291,0.120985010706638,0.333333333333333,0.125,0.285714285714286,0,0,0.0208955223880597,0.0175,0,1,0,0,1,1,0,0,"1"
0.146489183410067,0.341674047829938,0.0417598806860552,0.0770877944325482,0.444444444444444,0.125,0.285714285714286,0.333333333333333,0,0.076865671641791,0.05,0,1,0,0,1,1,0,0,"1"
0.154737916819171,0.293844109831709,0.0477255779269202,0.069593147751606,0.333333333333333,0.25,0,0.333333333333333,0,0.228109452736318,0.225,0,1,0,0,1,1,0,0,"1"
0.176864248425189,0.379096545615589,0.0559284116331096,0.0910064239828694,0.111111111111111,0,0,0.333333333333333,0,0.0995024875621891,0.1,0,1,0,0,1,1,0,0,"2"
0.110146211785556,0.245128432240921,0.121551081282625,0.169164882226981,0.111111111111111,0,0.142857142857143,0,0,0.0149253731343284,0.015,0,1,0,0,0,1,0,0,"2"
0.214756024734642,0.430469441984057,0.0753169276659209,0.11134903640257,0.333333333333333,0.25,0.142857142857143,0,0,0.0144278606965174,0.0125,0,1,0,0,1,1,0,0,"1"
0.206568935293098,0.383303808680248,0.0730797912005966,0.0985010706638116,0.222222222222222,0,0.142857142857143,0.333333333333333,0,0.18407960199005,0.175,0,1,0,0,1,1,0,0,"2"
0.0346978482402574,0.0936669619131975,0.0357941834451902,0.0610278372591006,0,0,0,0,0,0,0,0,1,0,0,0,1,0,0,"2"
0.0212864325480149,0.054030115146147,0.023117076808352,0.0374732334047109,0.111111111111111,0,0.142857142857143,0,0,0.00746268656716418,0.0075,0,1,0,0,0,1,0,0,"2"
0.0280017722640673,0.0591231178033658,0.0357941834451902,0.0471092077087794,0.111111111111111,0,0.142857142857143,0,0,0.00746268656716418,0.0075,1,1,0,0,0,1,0,0,"2"
0.191982431469245,0.364260407440213,0.0686055182699478,0.0942184154175589,0.111111111111111,0.125,0,0,0,0.000746268656716418,0.00075,1,1,0,0,1,1,0,0,"2"
0.131744716919343,0.355403011514615,0.0700969425801641,0.0813704496788009,0,0,0,0,0,0,0,1,1,0,0,0,1,0,0,"2"
0.167309433453411,0.350310008857396,0.0432513049962714,0.0385438972162741,0.222222222222222,0,0.285714285714286,0,0,0.0223880597014925,0.015,1,1,0,0,1,1,0,0,"1"
0.141164685712084,0.328166519043401,0.0372856077554064,0.0374732334047109,0.111111111111111,0,0,0.333333333333333,0,0.0746268656716418,0.075,0,1,0,0,1,1,0,0,"2"
0.195384407928955,0.468113374667848,0.0559284116331096,0.0599571734475375,0.111111111111111,0,0.142857142857143,0,0,0.00746268656716418,0.0075,0,1,0,0,1,1,0,0,"2"
0.149652289495483,0.340345438441098,0.0633855331841909,0.0910064239828694,0.222222222222222,0.125,0.142857142857143,0,0,0.00796019900497512,0.0075,0,1,0,0,1,1,0,0,"1"
0.126978867677371,0.280336581045173,0.0536912751677852,0.0749464668094218,0.111111111111111,0,0,0.333333333333333,0,0.174129353233831,0.175,0,1,0,0,1,1,0,0,"2"
0.223205101038316,0.518379096545616,0.0999254287844892,0.146680942184154,0.111111111111111,0,0.142857142857143,0,0,0.00746268656716418,0.0075,0,1,0,0,1,1,0,0,"2"
0.112477124308913,0.272586359610275,0.0469798657718121,0.0717344753747323,0,0,0,0,0,0,0,0,1,0,0,1,1,0,0,"2"
0.100522047350273,0.298937112488928,0.0432513049962714,0.082441113490364,0.222222222222222,0.125,0.142857142857143,0,0,0.00920398009950249,0.0075,1,1,0,0,1,1,0,0,"1"
0.15201402400262,0.390168290522586,0.0700969425801641,0.11134903640257,0.333333333333333,0.125,0.142857142857143,0.333333333333333,0,0.0893034825870647,0.075,0,1,0,0,1,1,0,0,"1"
0.17881373889927,0.399911426040744,0.0835197613721104,0.113490364025696,0.222222222222222,0.125,0,0.333333333333333,0,0.101243781094527,0.1,0,1,0,0,1,1,0,0,"2"
0.151428406310801,0.372674933569531,0.0700969425801641,0.104925053533191,0.333333333333333,0.25,0.142857142857143,0,0,0.0129353233830846,0.01,0,0,1,0,1,1,0,0,"2"
0.286124328177072,0.672054915854739,0.136465324384787,0.193790149892934,0.444444444444444,0,0.571428571428571,0,0,0.0447761194029851,0.02,0,0,1,0,1,1,0,0,"2"
0.316117971142918,0.775907883082374,0.140193885160328,0.206638115631692,0.222222222222222,0.125,0.142857142857143,0,0,0.0216417910447761,0.02,1,0,1,0,1,1,0,0,"1"
0.11152934830768,0.439326837909655,0.0432513049962714,0.104925053533191,0.222222222222222,0,0.142857142857143,0.333333333333333,0,0.134328358208955,0.125,0,0,1,0,1,1,0,0,"2"
0.22256169212691,0.611824623560673,0.0917225950782998,0.143468950749465,0.111111111111111,0,0.142857142857143,0,0,0.00497512437810945,0.005,0,1,0,0,1,1,0,0,"1"
0.133805937084626,0.372453498671391,0.0507084265473527,0.0792291220556745,0.222222222222222,0,0.142857142857143,0.333333333333333,0,0.0771144278606965,0.075,0,1,0,0,1,1,0,0,"2"
0.0278438095971952,0.128210806023029,0.0126771066368382,0.0278372591006424,0,0,0,0,0,0,0,0,1,0,0,0,1,0,0,"2"
0.0227735932653965,0.0969884853852967,0.0104399701715138,0.0214132762312634,0.111111111111111,0,0.142857142857143,0,0,0.00497512437810945,0.005,0,1,0,0,0,1,0,0,"2"
0.0163587678911984,0.08348095659876,0.017151379567487,0.0417558886509636,0.111111111111111,0,0.142857142857143,0,0,0.00995024875621891,0.01,1,1,0,0,0,1,0,0,"2"
0.103280614898576,0.298937112488928,0.0410141685309471,0.0653104925053533,0.111111111111111,0.125,0,0,0,0.00099502487562189,0.001,1,1,0,0,1,1,0,0,"1"
0.24376336421953,0.654782993799823,0.100671140939597,0.146680942184154,0.222222222222222,0,0.142857142857143,0.333333333333333,0,0.0621890547263682,0.05,0,1,0,0,1,1,0,0,"2"
0.127942054670494,0.41806908768822,0.0469798657718121,0.0856531049250535,0.111111111111111,0,0.142857142857143,0,0,0.00248756218905473,0.0025,0,1,0,0,1,1,0,0,"1"
0.0663250563464391,0.276350752878654,0.0395227442207308,0.0492505353319058,0.222222222222222,0,0.142857142857143,0.333333333333333,0,0.181592039800995,0.175,0,1,0,0,1,1,0,0,"2"
0.0989193041937162,0.364924712134632,0.0633855331841909,0.069593147751606,0.444444444444444,0.5,0,0,0,0.00447761194029851,0.00175,0,1,0,0,1,1,0,0,"2"
0.076642715416771,0.277457927369353,0.0492170022371365,0.0546038543897216,0.222222222222222,0.25,0,0,0,0.00174129353233831,0.001,0,1,0,0,1,1,0,0,"1"
0.0741846622103215,0.261957484499557,0.0656226696495153,0.0877944325481799,0.444444444444444,0.25,0.142857142857143,0.333333333333333,0,0.0674129353233831,0.05,0,1,0,0,1,1,0,0,"1"
0.123291787867697,0.407883082373782,0.111856823266219,0.140256959314775,0.222222222222222,0.125,0,0.333333333333333,0,0.0512437810945274,0.05,0,1,0,0,1,1,0,0,"1"
0.0900387201171235,0.29074402125775,0.0768083519761372,0.0952890792291221,0.333333333333333,0.25,0,0.333333333333333,0,0.0514925373134328,0.05,0,1,0,0,1,1,0,0,"2"
0.0795630983799195,0.314216120460585,0.0663683818046234,0.103854389721627,0.222222222222222,0.125,0.142857142857143,0,0,0.0104477611940299,0.01,0,1,0,0,1,1,0,0,"1"
0.0941534549517443,0.348538529672276,0.0797912005965697,0.115631691648822,0.333333333333333,0.25,0,0.333333333333333,0,0.127363184079602,0.125,0,1,0,0,1,1,0,0,"2"
0.165749070524552,0.432462356067316,0.140193885160328,0.142398286937901,0.222222222222222,0.125,0.142857142857143,0,0,0.00298507462686567,0.0025,0,1,0,0,1,1,0,0,"2"
0.119858989424207,0.253542958370239,0.0432513049962714,0.0364025695931477,0.333333333333333,0.125,0.285714285714286,0,0,0.0358208955223881,0.0225,0,1,0,0,1,1,0,0,"2"
0.184323168499933,0.330159433126661,0.0708426547352722,0.0524625267665953,0.444444444444444,0.375,0.142857142857143,0,0,0.0106965174129353,0.0075,1,1,0,0,1,1,0,0,"2"
0.0251006530407813,0.0992028343666962,0.0164056674123788,0.0278372591006424,0,0,0,0,0,0,0,1,1,0,0,0,1,0,0,"1"
0.146238754791855,0.321966341895483,0.0559284116331096,0.0546038543897216,0.222222222222222,0,0,0.666666666666667,0,0.0995024875621891,0.05,0,1,0,0,1,1,0,0,"2"
0.341754156151875,0.736271036315323,0.167039522744221,0.256959314775161,0.555555555555556,0.375,0.285714285714286,0,0,0.0154228855721393,0.005,0,0,1,0,1,0,1,0,"1"
0.266012983760667,0.866474756421612,0.0924683072334079,0.133832976445396,0.333333333333333,0.125,0.142857142857143,0.333333333333333,0,0.0855721393034826,0.075,0,0,1,0,1,1,0,0,"1"
0.153023443971413,0.360496014171833,0.0499627143922446,0.0513918629550321,0.333333333333333,0.125,0.142857142857143,0.333333333333333,0,0.0778606965174129,0.075,0,0,1,0,1,1,0,0,"2"
0.234832694419295,0.518600531443756,0.0797912005965697,0.0792291220556745,0.222222222222222,0.25,0,0,0,0.00223880597014925,0.00125,0,1,0,0,1,1,0,0,"1"
0.0526709175319297,0.16474756421612,0.0410141685309471,0.0524625267665953,0.111111111111111,0,0,0.333333333333333,0,0.0995024875621891,0.1,0,1,0,0,0,1,0,0,"2"
0.138078634586119,0.272143489813995,0.0447427293064877,0.0406852248394004,0.111111111111111,0.125,0,0,0,0.00099502487562189,0.001,0,1,0,0,1,1,0,0,"2"
0.224014178112539,0.465013286093888,0.0768083519761372,0.0781584582441113,0.222222222222222,0.125,0.142857142857143,0,0,0.0161691542288557,0.015,0,1,0,0,1,1,0,0,"1"
0.210117316175762,0.418954827280779,0.0708426547352722,0.0717344753747323,0.444444444444444,0.125,0.142857142857143,0.666666666666667,0,0.133333333333333,0.075,0,1,0,0,1,1,0,0,"2"
0.0394714029781742,0.161426040744021,0.0320656226696495,0.0546038543897216,0,0,0,0,0,0,0,0,1,0,0,0,1,0,0,"2"
0.0256978289765175,0.0972099202834367,0.046234153616704,0.069593147751606,0,0,0,0,0,0,0,0,0,1,0,0,1,0,0,"2"
0.0258557916433896,0.0925597874224978,0.0484712900820283,0.0685224839400428,0.111111111111111,0,0.142857142857143,0,0,0.00995024875621891,0.01,1,0,1,0,0,1,0,0,"2"
0.205039394348019,0.454605845881311,0.0686055182699478,0.082441113490364,0.222222222222222,0,0.285714285714286,0,0,0.00995024875621891,0.005,1,0,1,0,1,1,0,0,"2"
0.197052647801044,0.487821080602303,0.0648769574944072,0.0920770877944325,0.555555555555556,0.25,0.428571428571429,0,0,0.0241293532338308,0.0125,1,0,1,0,1,1,0,0,"2"
0.210699081119609,0.489371124889283,0.0693512304250559,0.0952890792291221,0.111111111111111,0.125,0,0,0,0.000248756218905473,0.00025,1,0,1,0,1,1,0,0,"1"
0.0600566353951956,0.163861824623561,0.120059656972409,0.12847965738758,0.111111111111111,0,0,0.333333333333333,0,0.0497512437810945,0.05,0,1,0,0,0,1,0,0,"2"
0.00471576351832945,0.0272364924712135,0.00596569724086503,0.0182012847965739,0.111111111111111,0.125,0,0,0,0.00099502487562189,0.001,0,1,0,0,0,1,0,0,"2"
0.00224229931998998,0.0177147918511957,0.00149142431021626,0.0117773019271949,0,0,0,0,0,0,0,0,1,0,0,0,1,0,0,"2"
0.00156036292885901,0.0143932683790965,0.000745712155108128,0.00963597430406852,0,0,0,0,0,0,0,1,1,0,0,0,1,0,0,"2"
0.0039760359076111,0.0132860938883968,0.00820283370618941,0.0107066381156317,0.111111111111111,0,0.142857142857143,0,0,0.00248756218905473,0.0025,1,1,0,0,0,1,0,0,"2"
0.00110573866810503,0.0106288751107174,0.000745712155108128,0.00963597430406852,0,0,0,0,0,0,0,1,1,0,0,0,1,0,0,"2"
0.00159118491263894,0.0101860053144376,0.00298284862043251,0.0117773019271949,0,0,0,0,0,0,0,1,1,0,0,0,1,0,0,"2"
0.00119820461944482,0.00996457041629761,0.00223713646532438,0.0149892933618844,0,0,0,0,0,0,0,1,1,0,0,0,1,0,0,"2"
0.00132919805050953,0.00797165633303809,0.0052199850857569,0.0149892933618844,0,0,0,0,0,0,0,1,1,0,0,0,1,0,0,"2"
0.00118279362755485,0.00752878653675819,0.00596569724086503,0.0182012847965739,0,0,0,0,0,0,0,1,1,0,0,0,1,0,0,"2"
0.00169135635992372,0.00730735163861825,0.0134228187919463,0.0246252676659529,0,0,0,0,0,0,0,1,1,0,0,0,1,0,0,"2"
0.00334803798809501,0.0112931798051373,0.00372856077554064,0.00535331905781585,0.111111111111111,0,0.142857142857143,0,0,0.00746268656716418,0.0075,1,1,0,0,0,1,0,0,"2"
0.0214328369709695,0.0852524357838795,0.0052199850857569,0.00963597430406852,0.333333333333333,0.25,0.142857142857143,0,0,0.0238805970149254,0.02,1,1,0,0,1,1,0,0,"1"
0.0364624068116584,0.161647475642161,0.0126771066368382,0.0246252676659529,0.333333333333333,0.25,0,0.333333333333333,0,0.0522388059701493,0.05,0,1,0,0,1,1,0,0,"2"
0.0352179692165437,0.169619131975199,0.0134228187919463,0.0289079229122056,0.333333333333333,0.25,0.142857142857143,0,0,0.0146766169154229,0.0125,0,1,0,0,1,1,0,0,"1"
0.0355801275259579,0.171612046058459,0.0827740492170022,0.12847965738758,0.444444444444444,0.125,0.285714285714286,0.333333333333333,0,0.0686567164179104,0.025,0,1,0,0,1,1,0,0,"2"
0.0731020400300514,0.282108060230292,0.0343027591349739,0.0546038543897216,0.666666666666667,0.125,0.714285714285714,0,0,0.0445273631840796,0.0175,1,1,0,0,1,1,0,0,"1"
0.0415750033711545,0.196412754650133,0.0193885160328113,0.0385438972162741,0.444444444444444,0.125,0.285714285714286,0.333333333333333,0,0.102487562189055,0.075,0,1,0,0,1,1,0,0,"2"
0.0275702644911483,0.117360496014172,0.0134228187919463,0.0235546038543897,0.222222222222222,0.125,0.142857142857143,0,0,0.00696517412935323,0.005,0,1,0,0,1,1,0,0,"2"
0.0472924813623317,0.195748449955713,0.0283370618941089,0.0471092077087794,0.333333333333333,0.25,0.142857142857143,0,0,0.0171641791044776,0.015,0,1,0,0,1,1,0,0,"1"
0.0425381903642773,0.156333038086802,0.0283370618941089,0.0406852248394004,0.444444444444444,0.25,0.142857142857143,0.333333333333333,0,0.109950248756219,0.1,0,1,0,0,1,1,0,0,"2"
0.0351832944847913,0.170947741364039,0.0260999254287845,0.0503211991434689,0.444444444444444,0.125,0.428571428571429,0,0,0.031592039800995,0.0225,0,1,0,0,1,1,0,0,"1"
0.0583922482710793,0.198848538529672,0.0529455630126771,0.0674518201284797,0.777777777777778,0.25,0.428571428571429,0.666666666666667,0,0.168407960199005,0.075,0,1,0,0,1,1,0,0,"2"
0.0396987151085512,0.16829052258636,0.0402684563758389,0.0653104925053533,0.333333333333333,0.125,0.285714285714286,0,0,0.0186567164179104,0.0125,0,1,0,0,1,1,0,0,"2"
0.0294581109976691,0.129317980513729,0.0365398956002983,0.0588865096359743,0.555555555555556,0.125,0.571428571428571,0,0,0.0236318407960199,0.01,0,1,0,0,1,1,0,0,"2"
0.0472115736549094,0.216341895482728,0.0790454884414616,0.125267665952891,0.666666666666667,0.5,0.285714285714286,0,0,0.0228855721393035,0.015,1,1,0,0,1,1,0,0,"1"
0.0680896149178401,0.286758193091231,0.111856823266219,0.162740899357602,0.555555555555556,0.25,0.285714285714286,0.333333333333333,0,0.0900497512437811,0.075,0,0,1,0,1,1,0,0,"2"
0.0471229604515421,0.199291408325952,0.0775540641312453,0.112419700214133,0.333333333333333,0.25,0.142857142857143,0,0,0.00895522388059702,0.0075,0,0,1,0,1,1,0,0,"1"
0.0711255803201634,0.327723649247121,0.117076808351976,0.186295503211991,1,0.125,1,0.333333333333333,0,0.123880597014925,0.075,0,0,1,0,1,1,0,0,"2"
0.0307988672920961,0.16585473870682,0.0439970171513796,0.082441113490364,0.222222222222222,0.125,0.142857142857143,0,0,0.00398009950248756,0.0025,0,0,1,0,1,1,0,0,"2"
0.00724316618828379,0.0456155890168291,0.0111856823266219,0.0310492505353319,0.111111111111111,0,0.142857142857143,0,0,0.00746268656716418,0.0075,0,0,0,1,0,1,0,0,"2"
0.0043343414690528,0.0203720106288751,0.00671140939597315,0.012847965738758,0,0,0,0,0,0,0,1,0,0,1,0,1,0,0,"2"
0.00400300514341854,0.0201505757307352,0.00671140939597315,0.0149892933618844,0.111111111111111,0,0.142857142857143,0,0,0.00746268656716418,0.0075,1,0,0,1,0,1,0,0,"2"
0.0320086301554584,0.164304694419841,0.0477255779269202,0.082441113490364,0.333333333333333,0.125,0.285714285714286,0,0,0.036318407960199,0.0225,1,0,0,1,1,1,0,0,"1"
0.0491880333647974,0.252214348981399,0.0768083519761372,0.12847965738758,0.444444444444444,0.25,0.142857142857143,0.333333333333333,0,0.11044776119403,0.1,0,0,1,0,1,1,0,0,"2"
0.0416713220704668,0.196855624446413,0.0626398210290828,0.0952890792291221,0.555555555555556,0.375,0.285714285714286,0,0,0.0149253731343284,0.0075,0,0,1,0,1,1,0,0,"2"
0.00748203656257826,0.0462798937112489,0.0700969425801641,0.109207708779443,0.222222222222222,0.125,0.142857142857143,0,0,0.00796019900497512,0.0075,0,1,0,0,1,1,0,0,"1"
0.0184469572922887,0.0841452612931798,0.052199850857569,0.0685224839400428,0.333333333333333,0.125,0.142857142857143,0.333333333333333,0,0.0960199004975124,0.075,0,1,0,0,1,1,0,0,"2"
0.020785575311591,0.0821523472099203,0.0611483967188665,0.069593147751606,0.333333333333333,0.125,0.285714285714286,0,0,0.0233830845771144,0.015,0,1,0,0,1,1,0,0,"2"
0.0146712642792472,0.070859167404783,0.0671140939597315,0.102783725910064,0.333333333333333,0.125,0.285714285714286,0,0,0.0286069651741294,0.02,0,1,0,0,1,1,0,0,"1"
0.0265338752865481,0.137732506643047,0.124533929903057,0.203426124197002,0.555555555555556,0.25,0.285714285714286,0.333333333333333,0,0.0855721393034826,0.05,0,0,1,0,1,1,0,0,"1"
0.0112885515593997,0.0728520814880425,0.0477255779269202,0.0963597430406852,0.222222222222222,0,0.142857142857143,0.333333333333333,0,0.054726368159204,0.05,0,0,1,0,1,1,0,0,"2"
0.013869892700969,0.062666076173605,0.0611483967188665,0.082441113490364,0.666666666666667,0.375,0.428571428571429,0,0,0.0355721393034826,0.0225,0,0,1,0,1,1,0,0,"1"
0.0173643351120186,0.122896368467671,0.0782997762863535,0.165952890792291,0.333333333333333,0.25,0,0.333333333333333,0,0.175870646766169,0.175,0,1,0,0,1,1,0,0,"2"
0.0146057675637148,0.0903454384410983,0.064131245339299,0.113490364025696,0.111111111111111,0,0.142857142857143,0,0,0.00248756218905473,0.0025,0,1,0,0,1,1,0,0,"2"
0.00847219279150854,0.0380868024800709,0.0365398956002983,0.0449678800856531,0.444444444444444,0.125,0.428571428571429,0,0,0.0218905472636816,0.0125,0,1,0,0,1,1,0,0,"2"
0.0132919805050953,0.0856953055801594,0.0618941088739746,0.109207708779443,0.444444444444444,0,0.571428571428571,0,0,0.0373134328358209,0.02,1,1,0,0,1,1,0,0,"1"
0.00876885438539038,0.0688662533215235,0.0402684563758389,0.0856531049250535,0.666666666666667,0.125,0.428571428571429,0.666666666666667,0,0.175373134328358,0.125,0,1,0,0,1,1,0,0,"2"
0.00995550076091772,0.0511514614703277,0.0484712900820283,0.063169164882227,0.555555555555556,0.125,0.571428571428571,0,0,0.0383084577114428,0.0175,0,1,0,0,1,1,0,0,"2"
0.0175569725106432,0.0841452612931798,0.0909768829231916,0.10813704496788,0.555555555555556,0.125,0.571428571428571,0,0,0.026865671641791,0.0125,0,1,0,0,1,1,0,0,"1"
0.01005181946023,0.054030115146147,0.0499627143922446,0.0674518201284797,0.333333333333333,0.25,0,0.333333333333333,0,0.0509950248756219,0.05,0,1,0,0,1,1,0,0,"2"
0.00842595981583865,0.0400797165633304,0.0469798657718121,0.0546038543897216,0.555555555555556,0.375,0.285714285714286,0,0,0.0286069651741294,0.0225,0,1,0,0,1,1,0,0,"2"
0.0073279266436786,0.0425155004428698,0.0417598806860552,0.0610278372591006,0.333333333333333,0.125,0.285714285714286,0,0,0.023134328358209,0.015,0,1,0,0,1,1,0,0,"2"
0.00195719597002562,0.0157218777679362,0.0164056674123788,0.0481798715203426,0.111111111111111,0.125,0,0,0,0.00099502487562189,0.001,1,1,0,0,0,1,0,0,"2"
0.00676542543969486,0.0491585473870682,0.0410141685309471,0.0738758029978587,0.555555555555556,0.25,0.428571428571429,0,0,0.0246268656716418,0.01,1,0,1,0,1,1,0,0,"1"
0.0169212690951821,0.116474756421612,0.117076808351976,0.201284796573876,0.777777777777778,0.375,0.428571428571429,0.333333333333333,0,0.0624378109452736,0.05,0,0,1,0,1,1,0,0,"2"
0.0210013291980505,0.116253321523472,0.142431021625652,0.19271948608137,0.666666666666667,0.125,0.714285714285714,0,0,0.0365671641791045,0.01,0,0,1,0,1,1,0,0,"1"
0.0112924043073722,0.0759521700620018,0.0671140939597315,0.110278372591006,0.777777777777778,0.125,0.428571428571429,1,0,0.284577114427861,0.175,0,0,1,0,1,1,0,0,"1"
0.0232282175261505,0.137289636846767,0.143176733780761,0.205567451820128,1,0.5,0.571428571428571,0.333333333333333,0,0.100995024875622,0.05,0,0,1,0,1,1,0,0,"1"
0.0203771840265069,0.106510186005314,0.111856823266219,0.144539614561028,0.555555555555556,0.375,0,0.666666666666667,0,0.177363184079602,0.125,0,1,0,0,1,1,0,0,"2"
0.0151143302960837,0.0901240035429584,0.0760626398210291,0.113490364025696,0.666666666666667,0.5,0.285714285714286,0,0,0.0203980099502488,0.015,0,0,1,0,1,1,0,0,"1"
0.0179961857795072,0.121789193976971,0.0924683072334079,0.153104925053533,0.333333333333333,0.125,0.142857142857143,0.333333333333333,0,0.068407960199005,0.05,0,0,1,0,1,1,0,0,"2"
0.022808267997149,0.152347209920283,0.111111111111111,0.177730192719486,0.666666666666667,0.125,0.714285714285714,0,0,0.0639303482587065,0.02,0,0,1,0,1,1,0,0,"2"
0.00395677216774865,0.029229406554473,0.0387770320656227,0.0963597430406852,0.333333333333333,0.125,0.285714285714286,0,0,0.0156716417910448,0.01,0,0,1,0,0,1,0,0,"1"
0.0182620253896091,0.147475642161205,0.0805369127516778,0.15203426124197,0.888888888888889,0.5,0.285714285714286,0.666666666666667,0,0.241542288557214,0.125,0,0,1,0,1,1,0,0,"2"
0.0178497813565526,0.162754650132861,0.0738255033557047,0.15203426124197,0.444444444444444,0.25,0.285714285714286,0,0,0.0373134328358209,0.0225,0,0,1,0,1,1,0,0,"2"
0.0134306794321049,0.12466784765279,0.0514541387024608,0.104925053533191,0.555555555555556,0.125,0.571428571428571,0,0,0.0353233830845771,0.0175,0,0,1,0,1,1,0,0,"1"
0.00779796189632255,0.0595659875996457,0.0835197613721104,0.202355460385439,0.222222222222222,0,0.142857142857143,0,1,0.502487562189055,0.5,0,0,1,0,0,1,0,0,"2"
0.00186087727071334,0.0236935341009743,0.0275913497390007,0.069593147751606,0.111111111111111,0,0.142857142857143,0,0,0.0124378109452736,0.0125,1,0,1,0,0,1,0,0,"2"
0.0237598967463543,0.234720992028344,0.0947054436987323,0.199143468950749,0.666666666666667,0.25,0.571428571428571,0,0,0.026865671641791,0.015,1,0,1,0,1,1,0,0,"1"
0.0282483481343068,0.265721877767936,0.111111111111111,0.205567451820128,0.555555555555556,0.25,0.285714285714286,0.333333333333333,0,0.0751243781094527,0.05,0,1,0,0,1,1,0,0,"2"
0.0146674115312747,0.173162090345438,0.0514541387024608,0.115631691648822,0.333333333333333,0.125,0.285714285714286,0,0,0.00870646766169154,0.005,0,1,0,0,1,1,0,0,"2"
0.00208048390514535,0.033215234720992,0.0335570469798658,0.101713062098501,0.222222222222222,0.125,0,0,0,0.000621890547263682,5e-04,0,1,0,0,0,1,0,0,"2"
0.00174529483153859,0.0192648361381754,0.0298284862043251,0.0578158458244111,0.111111111111111,0,0,0,0,0.000124378109452736,0.000125,1,1,0,0,0,1,0,0,"1"
0.00121361561133478,0.0146147032772365,0.0216256524981357,0.0449678800856531,0.111111111111111,0,0,0.333333333333333,0,0.0746268656716418,0.075,0,1,0,0,0,1,0,0,"1"
0.0116969428444838,0.100752878653676,0.0425055928411633,0.0642398286937901,0.333333333333333,0.25,0,0.333333333333333,0,0.175621890547264,0.175,0,1,0,0,1,1,0,0,"2"
0.0108647492824257,0.12555358724535,0.0410141685309471,0.0813704496788009,0.111111111111111,0,0.142857142857143,0,0,0.0199004975124378,0.02,0,1,0,0,1,1,0,0,"2"
0.00593323187763672,0.0560230292294066,0.125279642058166,0.194860813704497,0.111111111111111,0,0.142857142857143,0,0,0.00497512437810945,0.005,0,0,1,0,0,1,0,0,"2"
0.00740498160312843,0.0704162976085031,0.150633855331842,0.229122055674518,0.222222222222222,0.125,0.142857142857143,0,0,0.00572139303482587,0.005,1,0,1,0,0,0,1,0,"1"
0.0228390899809289,0.20969884853853,0.0917225950782998,0.134903640256959,0.555555555555556,0.25,0.285714285714286,0.333333333333333,0,0.0661691542288557,0.05,0,0,1,0,1,1,0,0,"2"
0.0152568819710659,0.177812223206377,0.0589112602535421,0.10813704496788,0.333333333333333,0.125,0.285714285714286,0,0,0.0216417910447761,0.0125,0,0,1,0,1,1,0,0,"1"
0.0235171736240874,0.0673162090345438,0.0879940343027591,0.0289079229122056,0.888888888888889,0.625,0.285714285714286,0.333333333333333,0,0.222388059701493,0.2,0,0,1,0,1,1,0,0,"1"
0.0358652308759222,0.0967670504871568,0.132736763609247,0.0460385438972163,0.444444444444444,0.125,0.285714285714286,0.333333333333333,0,0.202487562189055,0.175,0,0,1,0,1,1,0,0,"2"
0.0418601067211188,0.0845881310894597,0.143176733780761,0.0428265524625268,0.444444444444444,0.25,0.285714285714286,0,0,0.0154228855721393,0.0075,0,0,1,0,1,1,0,0,"1"
0.0284024580532064,0.070859167404783,0.0596569724086503,0.0877944325481799,0.888888888888889,0.375,0.428571428571429,0.666666666666667,0,0.131094527363184,0.075,0,0,1,0,1,1,0,0,"2"
0.0394059062626418,0.112046058458813,0.0857568978374347,0.142398286937901,0.888888888888889,0.5,0.571428571428571,0,0,0.0333333333333333,0.02,0,0,1,0,1,1,0,0,"2"
0.0340043536052089,0.0976527900797166,0.0723340790454884,0.118843683083512,0.444444444444444,0.25,0.285714285714286,0,0,0.0156716417910448,0.01,0,0,1,0,1,1,0,0,"2"
0.0218489337519986,0.062666076173605,0.0454884414615958,0.0738758029978587,0.555555555555556,0.25,0.428571428571429,0,0,0.0151741293532338,0.005,1,1,0,0,1,1,0,0,"2"
0.0410356186550057,0.120460584588131,0.0909768829231916,0.148822269807281,0.666666666666667,0.25,0.571428571428571,0,0,0.0517412935323383,0.0175,1,1,0,0,1,1,0,0,"1"
0.0237367802585194,0.0828166519043401,0.0499627143922446,0.0963597430406852,0.444444444444444,0.125,0.285714285714286,0.333333333333333,0,0.0569651741293532,0.025,1,1,0,0,1,1,0,0,"2"
0.0207277840920036,0.0704162976085031,0.0447427293064877,0.0813704496788009,0.222222222222222,0,0.285714285714286,0,0,0.00995024875621891,0.005,1,1,0,0,1,1,0,0,"2"
0.0256515960008476,0.0947741364038973,0.0589112602535421,0.112419700214133,0.222222222222222,0.125,0.142857142857143,0,0,0.0134328358208955,0.0125,1,1,0,0,1,1,0,0,"2"
0.0167825701681724,0.0617803365810452,0.0387770320656227,0.0717344753747323,0.111111111111111,0.125,0,0,0,0.00174129353233831,0.00175,1,1,0,0,1,1,0,0,"2"
0.00448074589200747,0.012621789193977,0.0320656226696495,0.00856531049250535,0.111111111111111,0.125,0,0,0,0.000746268656716418,0.00075,1,1,0,0,0,1,0,0,"2"
0.00247731694631196,0.00797165633303809,0.0178970917225951,0.00428265524625268,0.111111111111111,0.125,0,0,0,0.000248756218905473,0.00025,1,1,0,0,0,1,0,0,"2"
0.00353682263874709,0.00907883082373782,0.029082774049217,0.00642398286937901,0.111111111111111,0,0.142857142857143,0,0,0.00497512437810945,0.005,1,1,0,0,0,1,0,0,"2"
0.0333802084336653,0.107174490699734,0.0842654735272185,0.129550321199143,0.222222222222222,0,0.285714285714286,0,0,0.0223880597014925,0.0175,1,1,0,0,1,1,0,0,"2"
0.0355531582901504,0.113374667847653,0.0902311707680835,0.133832976445396,0.666666666666667,0.625,0.142857142857143,0,0,0.0106965174129353,0.005,1,1,0,0,1,1,0,0,"2"
0.0202962763190846,0.0770593445527015,0.0492170022371365,0.0856531049250535,0.111111111111111,0.125,0,0,0,0.000497512437810945,5e-04,1,1,0,0,1,1,0,0,"2"
0.0218566392479436,0.0868024800708592,0.0566741237882177,0.100642398286938,0.555555555555556,0.25,0.428571428571429,0,0,0.0261194029850746,0.0125,1,1,0,0,1,1,0,0,"2"
0.0308643640076284,0.115810451727192,0.0850111856823266,0.137044967880086,0.333333333333333,0.125,0.285714285714286,0,0,0.00671641791044776,0.0025,1,1,0,0,1,1,0,0,"1"
0.030178574868525,0.100310008857396,0.0805369127516778,0.11134903640257,0.555555555555556,0.125,0.428571428571429,0,1,0.517164179104478,0.5,1,1,0,0,1,1,0,0,"2"
0.0182119396659668,0.0651018600531444,0.0492170022371365,0.0728051391862955,0.444444444444444,0.25,0.285714285714286,0,0,0.0218905472636816,0.0175,1,1,0,0,1,1,0,0,"2"
0.028155882182967,0.107617360496014,0.0797912005965697,0.124197002141328,0.555555555555556,0.375,0.285714285714286,0,0,0.0238805970149254,0.015,1,0,1,0,1,1,0,0,"2"
0.0401880141010576,0.139282550930027,0.111856823266219,0.156316916488223,0.333333333333333,0.25,0.142857142857143,0,0,0.00398009950248756,0.0025,1,0,1,0,1,1,0,0,"2"
0.00311687310974553,0.0137289636846767,0.0633855331841909,0.141327623126338,0,0,0,0,0,0,0,1,0,1,0,0,1,0,0,"2"
0.00127525957889465,0.00686448184233835,0.0253542132736764,0.0685224839400428,0,0,0,0,0,0,0,1,0,1,0,0,1,0,0,"2"
0.000678083643158483,0.00686448184233835,0.0134228187919463,0.0706638115631692,0.111111111111111,0,0.142857142857143,0,0,0.00995024875621891,0.01,1,0,1,0,0,1,0,0,"1"
0.0121438616092928,0.0456155890168291,0.0238627889634601,0.0546038543897216,0.222222222222222,0.125,0,0.333333333333333,0,0.100497512437811,0.1,0,0,1,0,1,1,0,0,"1"
0.0313998959758047,0.138618246235607,0.0708426547352722,0.183083511777302,0.666666666666667,0.375,0.285714285714286,0.333333333333333,0,0.109452736318408,0.1,0,0,1,0,1,1,0,0,"2"
0.016293271175666,0.0783879539415412,0.0357941834451902,0.0952890792291221,0.333333333333333,0.125,0.285714285714286,0,0,0.0164179104477612,0.0075,0,0,1,0,1,1,0,0,"2"
0.0139854751401437,0.066651904340124,0.0320656226696495,0.0802997858672377,0.222222222222222,0.125,0.142857142857143,0,0,0.00348258706467662,0.0025,0,1,0,0,1,1,0,0,"2"
0.026572402766273,0.111381753764393,0.0686055182699478,0.140256959314775,0.555555555555556,0.375,0.285714285714286,0,0,0.0141791044776119,0.005,1,1,0,0,1,1,0,0,"2"
0.0155342798250852,0.0591231178033658,0.0402684563758389,0.069593147751606,0,0,0,0,0,0,0,1,1,0,0,1,1,0,0,"2"
0.00434975246094277,0.0192648361381754,0.106636838180462,0.203426124197002,0.111111111111111,0.125,0,0,0,0.000746268656716418,0.00075,1,1,0,0,0,1,0,0,"2"
0.0020997476450078,0.00930026572187777,0.0484712900820283,0.0899357601713062,0.222222222222222,0.125,0.142857142857143,0,0,0.0106965174129353,0.01,1,1,0,0,0,1,0,0,"2"
0.00267380709290902,0.00775022143489814,0.0656226696495153,0.0749464668094218,0.222222222222222,0.125,0.142857142857143,0,0,0.013681592039801,0.0125,1,1,0,0,0,1,0,0,"2"
0.0150064533528539,0.0670947741364039,0.0417598806860552,0.082441113490364,0.333333333333333,0.375,0,0,0,0.00497512437810945,0.00175,1,1,0,0,1,1,0,0,"2"
0.0213557820115197,0.0965456155890168,0.0656226696495153,0.122055674518201,0.111111111111111,0,0.142857142857143,0,0,0.00497512437810945,0.005,1,1,0,0,1,1,0,0,"2"
0.0205312939454066,0.0952170062001771,0.0663683818046234,0.118843683083512,0.222222222222222,0.125,0.142857142857143,0,0,0.00796019900497512,0.0075,1,1,0,0,1,1,0,0,"2"
0.0143206642137505,0.0644375553587245,0.0484712900820283,0.0781584582441113,0.333333333333333,0.125,0.285714285714286,0,0,0.0154228855721393,0.01,1,1,0,0,1,1,0,0,"2"
0.0204465334900117,0.101638618246236,0.0782997762863535,0.127408993576017,0.555555555555556,0.25,0.428571428571429,0,0,0.0119402985074627,0.005,1,1,0,0,1,1,0,0,"2"
0.0162508909479686,0.0825952170062002,0.0589112602535421,0.0963597430406852,0.555555555555556,0.375,0.285714285714286,0,0,0.0300995024875622,0.0175,1,1,0,0,1,1,0,0,"2"
0.010741461347306,0.0533658104517272,0.0417598806860552,0.0653104925053533,0.666666666666667,0.375,0.428571428571429,0,0,0.0174129353233831,0.0075,1,1,0,0,1,1,0,0,"2"
0.0231550153146732,0.0989813994685562,0.0954511558538404,0.12847965738758,0.555555555555556,0.375,0.285714285714286,0,0,0.0228855721393035,0.0125,1,1,0,0,1,1,0,0,"2"
0.0247307892354222,0.109167404782994,0.0969425801640567,0.135974304068522,0.333333333333333,0.125,0.285714285714286,0,0,0.0126865671641791,0.01,1,1,0,0,1,1,0,0,"2"
0.0127949760166439,0.0602302922940655,0.0492170022371365,0.0738758029978587,0.666666666666667,0.375,0.428571428571429,0,0,0.0169154228855721,0.0075,1,1,0,0,1,1,0,0,"2"
0.023239775770068,0.118467670504872,0.0939597315436242,0.148822269807281,0.222222222222222,0.125,0.142857142857143,0,0,0.0111940298507463,0.01,1,1,0,0,1,1,0,0,"2"
0.0190056057483,0.095659875996457,0.0723340790454884,0.112419700214133,0.222222222222222,0.25,0,0,0,0.00373134328358209,0.002,1,1,0,0,1,1,0,0,"2"
0.00781337288821252,0.0354295837023915,0.0283370618941089,0.0396145610278373,0.222222222222222,0.125,0.142857142857143,0,0,0.0116915422885572,0.01,1,1,0,0,1,1,0,0,"1"
0.033534318352565,0.150132860938884,0.141685309470544,0.191648822269807,0.444444444444444,0.25,0.142857142857143,0.333333333333333,0,0.0674129353233831,0.05,0,1,0,0,1,1,0,0,"2"
0.00939685230490647,0.0520372010628875,0.0335570469798658,0.0578158458244111,0.333333333333333,0.375,0,0,0,0.00248756218905473,0.00125,0,1,0,0,1,1,0,0,"2"
0.00232705977538479,0.0128432240921169,0.0589112602535421,0.127408993576017,0.111111111111111,0.125,0,0,0,0.00099502487562189,0.001,0,0,1,0,0,1,0,0,"2"
0.000805224326250698,0.00597874224977857,0.0201342281879195,0.0578158458244111,0.111111111111111,0.125,0,0,0,0.000497512437810945,5e-04,1,0,1,0,0,1,0,0,"2"
0.00112500240796748,0.00597874224977857,0.0320656226696495,0.0599571734475375,0,0,0,0,0,0,0,1,0,1,0,0,1,0,0,"2"
0.000589470439791181,0.00531443755535872,0.0178970917225951,0.0556745182012848,0.111111111111111,0.125,0,0,0,0.00199004975124378,0.002,1,0,1,0,0,1,0,0,"2"
0.000947776001232879,0.00797165633303809,0.035048471290082,0.0877944325481799,0.222222222222222,0.125,0.142857142857143,0,0,0.00323383084577114,0.0025,1,0,1,0,0,1,0,0,"2"
0.00131378705861956,0.00553587245349867,0.0551826994780015,0.0653104925053533,0,0,0,0,0,0,0,1,1,0,0,0,1,0,0,"2"
0.00287800273545106,0.0148361381753764,0.123042505592841,0.174518201284797,0.111111111111111,0,0.142857142857143,0,0,0.0124378109452736,0.0125,1,1,0,0,0,1,0,0,"1"
0.0174259790795785,0.106953055801594,0.0686055182699478,0.129550321199143,0.333333333333333,0,0.285714285714286,0,1,1,1,0,1,0,0,1,1,0,0,"2"
0.0125561056423494,0.0837023914968999,0.0484712900820283,0.0974304068522484,0.222222222222222,0.25,0,0,0,0.0027363184079602,0.00175,1,0,1,0,1,1,0,0,"1"
0.010286837086552,0.0673162090345438,0.0387770320656227,0.0749464668094218,0.111111111111111,0,0,0.333333333333333,0,0.0248756218905473,0.025,1,0,1,0,1,1,0,0,"2"
0.018550981487546,0.12643932683791,0.0782997762863535,0.149892933618844,0.333333333333333,0.125,0.285714285714286,0,0,0.0313432835820895,0.02,1,0,1,0,1,1,0,0,"2"
0.00257748839359673,0.0143932683790965,0.0969425801640567,0.156316916488223,0,0,0,0,0,0,0,1,0,1,0,0,1,0,0,"2"
0.0107067866155535,0.0606731620903454,0.0178970917225951,0.0256959314775161,0.666666666666667,0.375,0.428571428571429,0,0,0.0243781094527363,0.015,1,0,1,0,1,1,0,0,"2"
0.0210822369054728,0.129096545615589,0.0410141685309471,0.063169164882227,0.333333333333333,0.125,0.285714285714286,0,0,0.0139303482587065,0.0075,1,0,1,0,1,1,0,0,"2"
0.0145402708481825,0.103188662533215,0.029082774049217,0.0524625267665953,0.222222222222222,0.25,0,0,0,0.00298507462686567,0.0015,1,0,1,0,1,1,0,0,"2"
0.0121014813815954,0.0710806023029229,0.0551826994780015,0.0738758029978587,0.444444444444444,0.375,0.142857142857143,0,0,0.00671641791044776,0.005,1,0,1,0,1,1,0,0,"2"
0.0139854751401437,0.0905668733392383,0.0663683818046234,0.0974304068522484,0.222222222222222,0.125,0.142857142857143,0,0,0.0216417910447761,0.02,1,1,0,0,1,1,0,0,"2"
0.00361002485022442,0.0170504871567759,0.0111856823266219,0.012847965738758,0.111111111111111,0,0.142857142857143,0,0,0.00497512437810945,0.005,1,1,0,0,0,1,0,0,"2"
0.0112654350715648,0.0646589902568645,0.0529455630126771,0.069593147751606,0.333333333333333,0.375,0,0,0,0.00348258706467662,0.0015,1,1,0,0,1,1,0,0,"2"
0.0172834274045963,0.141939769707706,0.0857568978374347,0.162740899357602,0.444444444444444,0.125,0.428571428571429,0,0,0.0358208955223881,0.0225,1,1,0,0,1,1,0,0,"2"
0.0109418042418755,0.0741806908768822,0.052199850857569,0.0792291220556745,0.111111111111111,0.125,0,0,0,0.00099502487562189,0.001,1,1,0,0,1,1,0,0,"2"
0.0120013099343106,0.0947741364038973,0.0596569724086503,0.104925053533191,0.333333333333333,0,0.428571428571429,0,0,0.00995024875621891,0.005,1,1,0,0,1,1,0,0,"1"
0.012968349675406,0.12533215234721,0.0663683818046234,0.140256959314775,0.333333333333333,0.125,0.142857142857143,0.333333333333333,0,0.20273631840796,0.2,0,1,0,0,1,1,0,0,"2"
0.00974745237040319,0.087688219663419,0.0499627143922446,0.0942184154175589,0.222222222222222,0,0.285714285714286,0,0,0.0149253731343284,0.01,0,1,0,0,1,1,0,0,"2"
0.0124829034308721,0.104517271922055,0.0678598061148397,0.113490364025696,0.111111111111111,0.125,0,0,0,0.00174129353233831,0.00175,0,1,0,0,1,1,0,0,"2"
0.00480822946966924,0.0261293179805137,0.017151379567487,0.0235546038543897,0.111111111111111,0.125,0,0,0,0.00149253731343284,0.0015,1,0,1,0,0,1,0,0,"2"
0.00306678738610314,0.0121789193976971,0.0111856823266219,0.0107066381156317,0.111111111111111,0,0.142857142857143,0,0,0.00746268656716418,0.0075,1,0,1,0,0,1,0,0,"2"
0.00772861243281771,0.0575730735163862,0.0417598806860552,0.0610278372591006,0.333333333333333,0.375,0,0,0,0.00398009950248756,0.002,1,0,1,0,1,1,0,0,"2"
0.013839070717189,0.107395925597874,0.0827740492170022,0.122055674518201,0.111111111111111,0.125,0,0,0,0.00099502487562189,0.001,1,1,0,0,1,1,0,0,"2"
0.0101905183872397,0.0726306465899026,0.0589112602535421,0.0781584582441113,0.222222222222222,0.125,0.142857142857143,0,0,0.00422885572139303,0.0025,1,1,0,0,1,1,0,0,"2"
0.00591782088574676,0.0456155890168291,0.0343027591349739,0.0481798715203426,0.111111111111111,0,0.142857142857143,0,0,0.00995024875621891,0.01,1,1,0,0,1,1,0,0,"2"
0.00906551597927222,0.0646589902568645,0.0566741237882177,0.0717344753747323,0.333333333333333,0.375,0,0,0,0.00447761194029851,0.00225,1,1,0,0,1,1,0,0,"2"
0.0123403517558899,0.0941098317094774,0.0850111856823266,0.116702355460385,0,0,0,0,0,0,0,1,1,0,0,1,1,0,0,"2"
0.010968773477683,0.0739592559787423,0.0738255033557047,0.088865096359743,0.111111111111111,0,0.142857142857143,0,0,0.00497512437810945,0.005,1,1,0,0,1,1,0,0,"2"
0.0144632158887326,0.131532329495128,0.0991797166293811,0.164882226980728,0,0,0,0,0,0,0,1,1,0,0,1,1,0,0,"2"
0.0165013195661806,0.075066430469442,0.111856823266219,0.0910064239828694,0.555555555555556,0.25,0.428571428571429,0,0,0.0154228855721393,0.0075,1,0,1,0,1,1,0,0,"2"
0.00573674173103966,0.0405225863596103,0.035048471290082,0.0481798715203426,0.222222222222222,0.125,0.142857142857143,0,0,0.0111940298507463,0.01,1,0,1,0,1,1,0,0,"1"
0.0174799175511934,0.12643932683791,0.119313944817301,0.17237687366167,0.888888888888889,0.625,0.285714285714286,0.333333333333333,0,0.0835820895522388,0.05,0,0,1,0,1,1,0,0,"2"
0.00525514823447824,0.0478299379982285,0.0305741983594333,0.0578158458244111,0,0,0,0,0,0,0,0,0,1,0,1,1,0,0,"1"
0.0065689352930978,0.0434012400354296,0.0425055928411633,0.0556745182012848,0.333333333333333,0.125,0.142857142857143,0.333333333333333,0,0.0601990049751244,0.05,0,0,1,0,1,1,0,0,"2"
0.0171447284775866,0.130425155004429,0.119313944817301,0.183083511777302,0.111111111111111,0,0.142857142857143,0,0,0.00497512437810945,0.005,0,1,0,0,1,1,0,0,"2"
0.015430255629828,0.115810451727192,0.0961968680089485,0.145610278372591,0,0,0,0,0,0,0,0,1,0,0,1,1,0,0,"2"
0.00684248039914469,0.0438441098317095,0.0387770320656227,0.0492505353319058,0.222222222222222,0.125,0.142857142857143,0,0,0.0104477611940299,0.01,1,1,0,0,1,1,0,0,"2"
0.00157577392074897,0.00907883082373782,0.0283370618941089,0.0503211991434689,0,0,0,0,0,0,0,1,1,0,0,0,1,0,0,"2"
0.000404538537111595,0.00442869796279894,0.00596569724086503,0.0246252676659529,0.111111111111111,0.125,0,0,0,0.000248756218905473,0.00025,1,1,0,0,0,1,0,0,"2"
0.000739727610718345,0.00354295837023915,0.0149142431021626,0.0214132762312634,0.111111111111111,0.125,0,0,0,0.00099502487562189,0.001,1,1,0,0,0,1,0,0,"2"
0.000597175935736164,0.00420726306465899,0.0126771066368382,0.0289079229122056,0,0,0,0,0,0,0,1,1,0,0,0,1,0,0,"2"
0.00228853229565988,0.00863596102745793,0.0618941088739746,0.0674518201284797,0.222222222222222,0.125,0.142857142857143,0,0,0.0082089552238806,0.0075,1,1,0,0,0,1,0,0,"2"
0.00523588449461578,0.0321080602302923,0.0223713646532438,0.0310492505353319,0.222222222222222,0.125,0.142857142857143,0,0,0.0082089552238806,0.0075,1,1,0,0,1,1,0,0,"2"
0.0210860896534453,0.153232949512843,0.105891126025354,0.17558886509636,0.555555555555556,0.375,0.285714285714286,0,0,0.00995024875621891,0.0025,1,1,0,0,1,1,0,0,"2"
0.0131686925699755,0.101417183348096,0.0626398210290828,0.10813704496788,0.111111111111111,0,0.142857142857143,0,0,0.00746268656716418,0.0075,1,1,0,0,1,1,0,0,"2"
0.00958178420758606,0.0715234720992028,0.0454884414615958,0.0749464668094218,0.222222222222222,0,0.285714285714286,0,0,0.00995024875621891,0.0075,1,1,0,0,1,1,0,0,"2"
0.0179692165436998,0.122010628875111,0.0917225950782998,0.133832976445396,0.666666666666667,0.375,0.428571428571429,0,0,0.0144278606965174,0.005,1,1,0,0,1,1,0,0,"2"
0.00883820384889522,0.0699734278122232,0.0425055928411633,0.0728051391862955,0.222222222222222,0.125,0.142857142857143,0,0,0.00323383084577114,0.0025,1,1,0,0,1,1,0,0,"2"
0.00203425092947545,0.0194862710363153,0.058165548098434,0.164882226980728,0.111111111111111,0,0.142857142857143,0,0,0.00497512437810945,0.005,1,0,1,0,0,1,0,0,"2"
0.0128835892200112,0.12577502214349,0.0671140939597315,0.139186295503212,0,0,0,0,0,0,0,1,0,1,0,1,1,0,0,"2"
0.0153647589142956,0.138839681133747,0.0820283370618941,0.148822269807281,0.222222222222222,0.125,0.142857142857143,0,0,0.00696517412935323,0.005,1,0,1,0,1,0,1,0,"2"
0.0109495097378205,0.106510186005314,0.0574198359433259,0.10813704496788,0.333333333333333,0.375,0,0,0,0.00422885572139303,0.00175,1,0,1,0,1,0,1,0,"1"
0.0357072682090501,0.277679362267493,0.200596569724087,0.286937901498929,0.555555555555556,0.25,0.285714285714286,0.333333333333333,0,0.0584577114427861,0.05,0,0,1,0,1,0,1,0,"1"
0.0234285604207201,0.194862710363153,0.112602535421327,0.169164882226981,0.222222222222222,0,0.142857142857143,0,1,0.753731343283582,0.75,1,0,1,0,1,1,0,0,"2"
0.0313266937643274,0.0972099202834367,0.0574198359433259,0.0428265524625268,0.333333333333333,0.25,0.142857142857143,0,0,0.0253731343283582,0.0225,1,0,1,0,1,1,0,0,"1"
0.0578374525630406,0.156554472984942,0.111111111111111,0.076017130620985,0.222222222222222,0,0.142857142857143,0.333333333333333,0,0.0572139303482587,0.05,1,0,1,0,1,1,0,0,"2"
0.0419988056481285,0.0918954827280779,0.0760626398210291,0.0449678800856531,0.222222222222222,0.25,0,0,0,0.00323383084577114,0.002,0,0,1,0,1,1,0,0,"2"
0.0271194929783668,0.0726306465899026,0.0432513049962714,0.063169164882227,0.666666666666667,0.125,0.714285714285714,0,0,0.0256218905472637,0.0075,0,0,1,0,1,1,0,0,"2"
0.0321588873263855,0.107617360496014,0.0536912751677852,0.0995717344753747,0.333333333333333,0.25,0.142857142857143,0,0,0.00447761194029851,0.0025,1,0,1,0,1,1,0,0,"2"
0.0179075725761399,0.0571302037201063,0.0298284862043251,0.0513918629550321,0.111111111111111,0,0.142857142857143,0,0,0.00497512437810945,0.005,1,0,1,0,1,1,0,0,"2"
0.00246575870239448,0.0143932683790965,0.00671140939597315,0.00963597430406852,0,0,0,0,0,0,0,1,1,0,0,0,1,0,0,"2"
0.00200728169366801,0.0104074402125775,0.00596569724086503,0.00749464668094218,0,0,0,0,0,0,0,1,1,0,0,0,1,0,0,"2"
0.00218450810040261,0.00952170062001772,0.00745712155108128,0.00749464668094218,0.111111111111111,0,0.142857142857143,0,0,0.00497512437810945,0.005,1,1,0,0,0,1,0,0,"2"
0.0208241027913159,0.0675376439326838,0.0372856077554064,0.0653104925053533,0.333333333333333,0.375,0,0,0,0.00199004975124378,0.00075,1,1,0,0,1,1,0,0,"1"
0.0369748222919998,0.118467670504872,0.0738255033557047,0.123126338329764,0.333333333333333,0.125,0.142857142857143,0.333333333333333,0,0.122388059701493,0.1,0,1,0,0,1,1,0,0,"2"
0.0156806842480399,0.0487156775907883,0.0298284862043251,0.0481798715203426,0.333333333333333,0.125,0.285714285714286,0,0,0.0144278606965174,0.0075,0,1,0,0,1,1,0,0,"2"
0.0146288840515498,0.0482728077945084,0.0305741983594333,0.0513918629550321,0.222222222222222,0.125,0.142857142857143,0,0,0.0196517412935323,0.0175,0,1,0,0,1,1,0,0,"2"
0.02679971489665,0.0797165633303809,0.064131245339299,0.0942184154175589,0.222222222222222,0.25,0,0,0,0.00199004975124378,0.00125,1,1,0,0,1,1,0,0,"1"
0.0124097012193947,0.0425155004428698,0.0298284862043251,0.0503211991434689,0.444444444444444,0.125,0.285714285714286,0.333333333333333,0,0.0706467661691542,0.05,0,1,0,0,1,1,0,0,"2"
0.0152799984589008,0.0462798937112489,0.0432513049962714,0.0610278372591006,0.333333333333333,0.375,0,0,0,0.00398009950248756,0.00225,0,1,0,0,1,1,0,0,"2"
0.0288339658261255,0.079273693534101,0.0947054436987323,0.118843683083512,0.222222222222222,0.25,0,0,0,0.00124378109452736,0.001,0,1,0,0,1,1,0,0,"2"
0.0245997958043575,0.0653232949512843,0.0797912005965697,0.0963597430406852,0,0,0,0,0,0,0,1,1,0,0,1,1,0,0,"2"
0.020777869815646,0.0737378210806023,0.0693512304250559,0.116702355460385,0.666666666666667,0.375,0.428571428571429,0,0,0.0330845771144279,0.0225,1,1,0,0,1,1,0,0,"2"
0.0169443855830171,0.0746235606731621,0.0551826994780015,0.114561027837259,0.222222222222222,0.125,0.142857142857143,0,0,0.00920398009950249,0.0075,1,1,0,0,1,1,0,0,"2"
0.0128990002119011,0.0589016829052259,0.0425055928411633,0.088865096359743,0.111111111111111,0,0.142857142857143,0,0,0.00995024875621891,0.01,1,1,0,0,1,1,0,0,"2"
0.0134383849280499,0.0651018600531444,0.0499627143922446,0.10813704496788,0,0,0,0,0,0,0,1,1,0,0,1,1,0,0,"2"
0.0156999479879024,0.074844995571302,0.0596569724086503,0.122055674518201,0.222222222222222,0.25,0,0,0,0.00099502487562189,5e-04,1,1,0,0,1,1,0,0,"2"
0.00152183544913409,0.0070859167404783,0.0484712900820283,0.063169164882227,0.111111111111111,0.125,0,0,0,0.00149253731343284,0.0015,1,1,0,0,0,1,0,0,"2"
0.00239640923888964,0.00664304694419841,0.0797912005965697,0.0620985010706638,0.111111111111111,0,0.142857142857143,0,0,0.00995024875621891,0.01,1,1,0,0,0,1,0,0,"2"
0.0100287029723951,0.0482728077945084,0.0372856077554064,0.0738758029978587,0.222222222222222,0.125,0.142857142857143,0,0,0.0054726368159204,0.005,1,1,0,0,1,1,0,0,"2"
0.0133767409604901,0.0593445527015058,0.0551826994780015,0.0963597430406852,0.111111111111111,0.125,0,0,0,0.000746268656716418,0.00075,1,1,0,0,1,1,0,0,"2"
0.00166053437614378,0.0163861824623561,0.0544369873228934,0.159528907922912,0,0,0,0,0,0,0,1,1,0,0,0,1,0,0,"2"
0.00122517385525226,0.00841452612931798,0.0410141685309471,0.0781584582441113,0.111111111111111,0.125,0,0,0,0.000497512437810945,5e-04,1,1,0,0,0,1,0,0,"2"
0.00230009053957735,0.00974313551815766,0.0820283370618941,0.0931477516059957,0.111111111111111,0,0.142857142857143,0,0,0.00746268656716418,0.0075,1,1,0,0,0,1,0,0,"2"
0.00676542543969486,0.0305580159433127,0.0268456375838926,0.0471092077087794,0.111111111111111,0.125,0,0,0,0.00223880597014925,0.00225,1,1,0,0,1,1,0,0,"2"
0.00814470921384678,0.0301151461470328,0.0343027591349739,0.0471092077087794,0.111111111111111,0.125,0,0,0,0.00174129353233831,0.00175,1,1,0,0,1,1,0,0,"2"
0.0144901851245401,0.0511514614703277,0.0730797912005966,0.0899357601713062,0.111111111111111,0,0.142857142857143,0,0,0.00497512437810945,0.005,1,1,0,0,1,1,0,0,"2"
0.00776328716457013,0.0343224092116918,0.0410141685309471,0.0610278372591006,0.444444444444444,0.375,0.142857142857143,0,0,0.00646766169154229,0.0025,1,1,0,0,1,1,0,0,"1"
0.0168904471114022,0.0719663418954827,0.102162565249814,0.141327623126338,0.222222222222222,0,0.142857142857143,0.333333333333333,0,0.101990049751244,0.1,0,1,0,0,1,1,0,0,"2"
0.0122016528288802,0.0507085916740478,0.0730797912005966,0.0995717344753747,0.333333333333333,0.125,0.285714285714286,0,0,0.0258706467661692,0.02,0,1,0,0,1,1,0,0,"2"
0.00629924293502341,0.0307794508414526,0.0365398956002983,0.0599571734475375,0.333333333333333,0.25,0.142857142857143,0,0,0.00945273631840796,0.0075,0,1,0,0,1,1,0,0,"2"
0.0111922328600875,0.0569087688219663,0.0715883668903803,0.122055674518201,0.111111111111111,0.125,0,0,0,0.00149253731343284,0.0015,1,1,0,0,1,1,0,0,"1"
0.0152414709791759,0.0715234720992028,0.102908277404922,0.160599571734475,0.555555555555556,0.25,0.285714285714286,0.333333333333333,0,0.0845771144278607,0.075,0,1,0,0,1,1,0,0,"2"
0.00736645412340352,0.0325509300265722,0.046234153616704,0.0674518201284797,0.666666666666667,0.25,0.571428571428571,0,0,0.0266169154228856,0.0125,0,1,0,0,1,1,0,0,"2"
0.0154495193696904,0.0735163861824624,0.105145413870246,0.165952890792291,0.111111111111111,0.125,0,0,0,0.00223880597014925,0.00225,0,1,0,0,1,1,0,0,"1"
0.0180732407389571,0.0825952170062002,0.114093959731544,0.170235546038544,0.444444444444444,0.25,0.142857142857143,0,1,0.508457711442786,0.5,0,1,0,0,1,1,0,0,"2"
0.00327868852459016,0.0170504871567759,0.0164056674123788,0.0289079229122056,0.111111111111111,0,0.142857142857143,0,0,0.0124378109452736,0.0125,0,1,0,0,1,1,0,0,"2"
0.0106759646317736,0.058237378210806,0.0671140939597315,0.114561027837259,0.111111111111111,0.125,0,0,0,0.00124378109452736,0.00125,0,1,0,0,1,1,0,0,"2"
0.0140625300995935,0.075066430469442,0.0865026099925429,0.142398286937901,0.333333333333333,0,0.428571428571429,0,0,0.0323383084577114,0.0175,1,1,0,0,1,1,0,0,"2"
0.00213442237676022,0.012400354295837,0.0760626398210291,0.120985010706638,0.111111111111111,0,0.142857142857143,0,0,0.0124378109452736,0.0125,1,1,0,0,0,1,0,0,"2"
0.0106990811196086,0.0522586359610275,0.0671140939597315,0.0974304068522484,0,0,0,0,0,0,0,1,1,0,0,1,1,0,0,"2"
0.0131186068463331,0.0761736049601417,0.0842654735272185,0.143468950749465,0.222222222222222,0.125,0.142857142857143,0,0,0.0156716417910448,0.015,1,1,0,0,1,1,0,0,"2"
0.00113270790391247,0.0135075287865368,0.0395227442207308,0.130620985010707,0,0,0,0,0,0,0,1,1,0,0,0,1,0,0,"2"
0.000889984781645509,0.00819309123117803,0.0328113348247576,0.0770877944325482,0,0,0,0,0,0,0,1,1,0,0,0,1,0,0,"2"
0.00148716071738167,0.00730735163861825,0.0611483967188665,0.0738758029978587,0.111111111111111,0,0.142857142857143,0,0,0.00248756218905473,0.0025,1,1,0,0,0,1,0,0,"2"
0.00166438712411628,0.0128432240921169,0.0700969425801641,0.132762312633833,0,0,0,0,0,0,0,1,1,0,0,0,1,0,0,"1"
0.0190402804800524,0.0892382639503986,0.116331096196868,0.15524625267666,0.444444444444444,0,0.428571428571429,0.333333333333333,0,0.17910447761194,0.15,0,1,0,0,1,1,0,0,"2"
0.0199610872454778,0.109167404782994,0.114093959731544,0.180942184154176,0,0,0,0,0,0,0,0,0,1,0,1,0,1,0,"2"
0.00520120976286336,0.0471656333038087,0.0268456375838926,0.0717344753747323,0.222222222222222,0.125,0.142857142857143,0,0,0.00895522388059702,0.0075,0,0,1,0,1,0,1,0,"2"
0.0154264028818555,0.0918954827280779,0.0857568978374347,0.140256959314775,0.666666666666667,0.25,0.571428571428571,0,0,0.0281094527363184,0.01,1,0,1,0,1,1,0,0,"2"
0.0120552484059255,0.0828166519043401,0.0663683818046234,0.122055674518201,0.222222222222222,0,0.285714285714286,0,0,0.0149253731343284,0.01,1,0,1,0,1,1,0,0,"1"
0.00428810849338291,0.0223649247121346,0.023117076808352,0.0299785867237687,0.444444444444444,0.125,0.285714285714286,0.333333333333333,0,0.0626865671641791,0.05,0,1,0,0,1,1,0,0,"1"
0.00889984781645509,0.0580159433126661,0.0507084265473527,0.0835117773019272,0.333333333333333,0.25,0,0.333333333333333,0,0.100995024875622,0.1,0,1,0,0,1,1,0,0,"2"
0.0102367513629096,0.0978742249778565,0.0589112602535421,0.144539614561028,0,0,0,0,0,0,0,0,1,0,0,1,1,0,0,"2"
0.0103099535743869,0.0620017714791851,0.0372856077554064,0.0556745182012848,0.222222222222222,0,0.285714285714286,0,0,0.0124378109452736,0.0075,0,1,0,0,1,1,0,0,"2"
0.00834505210841633,0.0549158547387068,0.0313199105145414,0.0513918629550321,0.222222222222222,0.25,0,0,0,0.00149253731343284,0.001,1,1,0,0,1,1,0,0,"1"
0.00673075070794244,0.0462798937112489,0.0260999254287845,0.0460385438972163,0.444444444444444,0.375,0,0.333333333333333,0,0.176119402985075,0.175,0,1,0,0,1,1,0,0,"2"
0.00450771512781491,0.029007971656333,0.0365398956002983,0.0535331905781585,0.222222222222222,0.125,0.142857142857143,0,0,0.0082089552238806,0.0075,0,1,0,0,1,1,0,0,"2"
0.0154687831095529,0.0994242692648361,0.13944817300522,0.200214132762313,0.444444444444444,0.375,0.142857142857143,0,0,0.00721393034825871,0.005,0,1,0,0,1,1,0,0,"2"
0.0173681878599911,0.0814880425155004,0.144668158090977,0.149892933618844,0.444444444444444,0.25,0.285714285714286,0,0,0.0144278606965174,0.0075,1,1,0,0,1,1,0,0,"2"
0.00984377106971547,0.0343224092116918,0.0730797912005966,0.0578158458244111,0.444444444444444,0.125,0.428571428571429,0,0,0.0420398009950249,0.02,1,1,0,0,1,1,0,0,"2"
0.0186588584307758,0.106953055801594,0.138702460850112,0.19593147751606,0.222222222222222,0.125,0.142857142857143,0,0,0.00323383084577114,0.0025,1,1,0,0,1,1,0,0,"2"
0.0174336845755235,0.103410097431355,0.0820283370618941,0.125267665952891,0.444444444444444,0.125,0.428571428571429,0,0,0.0159203980099502,0.0075,1,1,0,0,1,1,0,0,"2"
0.0121785363410453,0.0775022143489814,0.0566741237882177,0.0931477516059957,0.222222222222222,0.25,0,0,0,0.00248756218905473,0.00125,1,0,1,0,1,1,0,0,"2"
0.00170291460384119,0.0106288751107174,0.0104399701715138,0.0171306209850107,0,0,0,0,0,0,0,1,0,1,0,0,1,0,0,"2"
0.00281250601991871,0.00996457041629761,0.0208799403430276,0.0171306209850107,0.111111111111111,0,0.142857142857143,0,0,0.00746268656716418,0.0075,1,0,1,0,0,1,0,0,"2"
0.00772861243281771,0.0533658104517272,0.0365398956002983,0.0642398286937901,0.222222222222222,0.125,0.142857142857143,0,0,0.00671641791044776,0.005,1,0,1,0,1,1,0,0,"1"
0.0195681069522837,0.132860938883968,0.102908277404922,0.176659528907923,0.222222222222222,0.125,0,0.333333333333333,0,0.175373134328358,0.175,0,0,1,0,1,1,0,0,"2"
0.0157115062318198,0.114481842338353,0.0805369127516778,0.145610278372591,0.111111111111111,0.125,0,0,0,0.00149253731343284,0.0015,0,1,0,0,1,1,0,0,"2"
0.0116853846005664,0.0677590788308237,0.0596569724086503,0.082441113490364,0.222222222222222,0.125,0.142857142857143,0,0,0.0111940298507463,0.01,0,1,0,0,1,1,0,0,"2"
0.0273468051087438,0.169397697077059,0.137211036539896,0.203426124197002,0.555555555555556,0.375,0.285714285714286,0,0,0.0114427860696517,0.005,1,1,0,0,1,1,0,0,"1"
0.0251931189921211,0.162311780336581,0.116331096196868,0.179871520342612,0.333333333333333,0,0.285714285714286,0.333333333333333,0,0.17910447761194,0.15,0,1,0,0,1,1,0,0,"2"
0.012074512145788,0.0794951284322409,0.0514541387024608,0.0792291220556745,0.333333333333333,0.25,0.142857142857143,0,0,0.0114427860696517,0.01,0,1,0,0,1,1,0,0,"2"
0.0198647685461656,0.138175376439327,0.0857568978374347,0.133832976445396,0.111111111111111,0.125,0,0,0,0.00124378109452736,0.00125,0,1,0,0,1,1,0,0,"2"
0.0173296603802662,0.103188662533215,0.0738255033557047,0.0963597430406852,0.333333333333333,0.25,0.142857142857143,0,0,0.00497512437810945,0.0025,1,1,0,0,1,1,0,0,"2"
0.0184931902679586,0.128432240921169,0.0790454884414616,0.120985010706638,0.444444444444444,0.25,0.285714285714286,0,0,0.0300995024875622,0.0175,1,1,0,0,1,1,0,0,"2"
0.0347633449557897,0.201727192205492,0.144668158090977,0.183083511777302,0.444444444444444,0.25,0.285714285714286,0,0,0.0350746268656716,0.0175,1,1,0,0,1,1,0,0,"2"
0.0192598871144844,0.154340124003543,0.0678598061148397,0.123126338329764,0.333333333333333,0.125,0.285714285714286,0,0,0.0313432835820895,0.0175,1,1,0,0,1,1,0,0,"1"
0.0139970333840612,0.110274579273694,0.0484712900820283,0.0856531049250535,0.222222222222222,0,0.142857142857143,0.333333333333333,0,0.233830845771144,0.225,0,0,1,0,1,1,0,0,"2"
0.0250621255610564,0.21036315323295,0.0902311707680835,0.167023554603854,0.444444444444444,0.375,0.142857142857143,0,0,0.0101990049751244,0.005,0,0,1,0,1,1,0,0,"2"
0.0153840226541581,0.127325066430469,0.0507084265473527,0.088865096359743,0,0,0,0,0,0,0,0,0,1,0,1,1,0,0,"2"
0.0173643351120186,0.127767936226749,0.0611483967188665,0.0920770877944325,0.111111111111111,0,0.142857142857143,0,0,0.00497512437810945,0.005,1,0,1,0,1,1,0,0,"2"
0.035988518811042,0.304030115146147,0.135719612229679,0.231263383297645,0.333333333333333,0.25,0.142857142857143,0,0,0.0141791044776119,0.0125,1,0,1,0,1,0,1,0,"2"
0.022785151509314,0.20792736935341,0.0753169276659209,0.133832976445396,0.333333333333333,0.125,0.285714285714286,0,0,0.0129353233830846,0.0075,1,0,1,0,1,1,0,0,"2"
0.00424958101365799,0.0274579273693534,0.0365398956002983,0.0599571734475375,0.333333333333333,0.125,0.285714285714286,0,0,0.0121890547263682,0.0075,1,0,1,0,0,1,0,0,"2"
0.00110188592013253,0.0104074402125775,0.0253542132736764,0.0663811563169165,0,0,0,0,0,0,0,1,0,1,0,0,1,0,0,"2"
0.00401456338733602,0.0155004428697963,0.105891126025354,0.103854389721627,0.111111111111111,0,0.142857142857143,0,0,0.0124378109452736,0.0125,1,0,1,0,0,1,0,0,"2"
0.017210225193119,0.170062001771479,0.0551826994780015,0.104925053533191,0.111111111111111,0,0.142857142857143,0,0,0.00248756218905473,0.0025,1,0,1,0,1,1,0,0,"1"
0.0307025485927838,0.313773250664305,0.100671140939597,0.188436830835118,0.333333333333333,0.25,0,0.333333333333333,0,0.0527363184079602,0.05,0,1,0,0,1,1,0,0,"2"
0.0223690547282849,0.198184233835252,0.0686055182699478,0.105995717344754,0.333333333333333,0.25,0.142857142857143,0,0,0.00472636815920398,0.0025,0,1,0,0,1,1,0,0,"2"
0.0196991003833484,0.20859167404783,0.064131245339299,0.11134903640257,0.222222222222222,0,0.285714285714286,0,0,0.0124378109452736,0.0075,0,1,0,0,1,1,0,0,"1"
0.0214944809385294,0.266164747564216,0.0693512304250559,0.139186295503212,0.555555555555556,0,0.285714285714286,1,0,0.370646766169154,0.2,0,1,0,0,1,1,0,0,"2"
0.0114811889580243,0.146811337466785,0.0343027591349739,0.069593147751606,0.111111111111111,0.125,0,0,0,0.00223880597014925,0.00225,0,1,0,0,1,1,0,0,"1"
0.00329795226445262,0.0449512843224092,0.0835197613721104,0.30406852248394,0.111111111111111,0,0,0.333333333333333,0,0.0248756218905473,0.025,0,0,1,0,0,0,1,0,"2"
0.00893452254820751,0.130646589902569,0.0283370618941089,0.063169164882227,0.111111111111111,0.125,0,0,0,0.00124378109452736,0.00125,1,0,1,0,1,0,1,0,"2"
0.00805224326250698,0.115367581930912,0.0260999254287845,0.0556745182012848,0.111111111111111,0,0.142857142857143,0,0,0.0199004975124378,0.02,1,0,1,0,1,0,1,0,"2"
0.00942767428868641,0.095659875996457,0.0328113348247576,0.0460385438972163,0.222222222222222,0.125,0.142857142857143,0,0,0.00895522388059702,0.0075,1,0,1,0,1,1,0,0,"2"
0.021671707345264,0.220770593445527,0.0909768829231916,0.123126338329764,0.222222222222222,0.25,0,0,0,0.00248756218905473,0.002,1,0,1,0,1,1,0,0,"2"
0.0122517385525226,0.141939769707706,0.0507084265473527,0.0770877944325482,0.222222222222222,0.25,0,0,0,0.0027363184079602,0.00175,1,1,0,0,1,1,0,0,"2"
0.00917724567047447,0.079052258635961,0.0380313199105145,0.0417558886509636,0.111111111111111,0,0.142857142857143,0,0,0.0124378109452736,0.0125,1,1,0,0,1,1,0,0,"2"
0.0250968002928088,0.222763507528787,0.126025354213274,0.144539614561028,0.444444444444444,0.375,0.142857142857143,0,0,0.00621890547263682,0.0025,1,0,1,0,1,1,0,0,"2"
0.0188669068212903,0.129539415411869,0.0924683072334079,0.0813704496788009,0.222222222222222,0.125,0.142857142857143,0,0,0.00597014925373134,0.005,1,0,1,0,1,1,0,0,"2"
0.0472809231184142,0.263286093888397,0.0425055928411633,0.0599571734475375,0.111111111111111,0,0.142857142857143,0,0,0.00746268656716418,0.0075,1,0,1,0,1,1,0,0,"2"
0.0510180886517308,0.259521700620018,0.0484712900820283,0.0610278372591006,0.111111111111111,0.125,0,0,0,0.000497512437810945,5e-04,1,0,1,0,1,1,0,0,"2"
0.00986688755755042,0.0566873339238264,0.0164056674123788,0.0235546038543897,0.111111111111111,0,0.142857142857143,0,0,0.0174129353233831,0.0175,1,0,1,0,0,1,0,0,"2"
0.00678083643158483,0.0380868024800709,0.0111856823266219,0.0160599571734475,0.111111111111111,0,0.142857142857143,0,0,0.00497512437810945,0.005,1,1,0,0,0,1,0,0,"2"
0.0278168403613878,0.0338795394154119,0.0611483967188665,0.0149892933618844,0.111111111111111,0,0.142857142857143,0,0,0.0124378109452736,0.0125,1,1,0,0,0,1,0,0,"2"
0.00649573308162047,0.0283436669619132,0.0298284862043251,0.0663811563169165,0.111111111111111,0,0.142857142857143,0,0,0.00995024875621891,0.01,1,1,0,0,0,1,0,0,"2"
0.0337500722390245,0.20659875996457,0.0320656226696495,0.0503211991434689,0.222222222222222,0.125,0.142857142857143,0,0,0.00398009950248756,0.0025,1,1,0,0,1,1,0,0,"2"
0.0457552349213076,0.24800708591674,0.0745712155108128,0.104925053533191,0,0,0,0,0,0,0,1,1,0,0,1,1,0,0,"2"
0.039533046945734,0.256200177147919,0.0633855331841909,0.10813704496788,0.111111111111111,0.125,0,0,0,0.00099502487562189,0.001,1,1,0,0,1,1,0,0,"2"
0.0365818419988056,0.189991142604074,0.0596569724086503,0.0792291220556745,0.222222222222222,0,0.285714285714286,0,0,0.0124378109452736,0.0075,1,1,0,0,1,1,0,0,"2"
0.0701623933270405,0.390611160318866,0.118568232662192,0.170235546038544,0.666666666666667,0.125,0.714285714285714,0,0,0.0442786069651741,0.0175,1,1,0,0,1,1,0,0,"2"
0.0365702837548882,0.189769707705934,0.0566741237882177,0.076017130620985,0.111111111111111,0.125,0,0,0,0.00149253731343284,0.0015,1,1,0,0,1,1,0,0,"2"
0.0112461713317023,0.0515943312666076,0.0566741237882177,0.12847965738758,0.111111111111111,0.125,0,0,0,0.00124378109452736,0.00125,1,1,0,0,0,1,0,0,"2"
0.00436901620080522,0.0263507528786537,0.0208799403430276,0.063169164882227,0,0,0,0,0,0,0,1,1,0,0,0,1,0,0,"2"
0.010286837086552,0.0203720106288751,0.058165548098434,0.0503211991434689,0.111111111111111,0,0.142857142857143,0,0,0.00746268656716418,0.0075,1,1,0,0,0,1,0,0,"2"
0.0167787174202,0.0735163861824624,0.0999254287844892,0.199143468950749,0,0,0,0,0,0,0,1,1,0,0,0,1,0,0,"2"
0.0596135693783591,0.276793622674934,0.0961968680089485,0.114561027837259,0.222222222222222,0.25,0,0,0,0.0027363184079602,0.00175,1,1,0,0,1,1,0,0,"2"
0.0468571208414402,0.258635961027458,0.0723340790454884,0.104925053533191,0.111111111111111,0,0.142857142857143,0,0,0.0124378109452736,0.0125,1,0,1,0,1,1,0,0,"2"
0.0430929860723161,0.220327723649247,0.0656226696495153,0.088865096359743,0.444444444444444,0.375,0.142857142857143,0,0,0.0109452736318408,0.0075,1,0,1,0,1,1,0,0,"2"
0.0735335478029705,0.365146147032772,0.114839671886652,0.150963597430407,0.222222222222222,0,0.285714285714286,0,0,0.027363184079602,0.0225,1,0,1,0,1,1,0,0,"2"
0.0368014486332377,0.220106288751107,0.052199850857569,0.0845824411134904,0,0,0,0,0,0,0,1,0,1,0,1,1,0,0,"2"
0.0513686887172276,0.237378210806023,0.0753169276659209,0.0931477516059957,0.666666666666667,0.25,0.571428571428571,0,0,0.0415422885572139,0.02,1,0,1,0,1,1,0,0,"2"
0.097632486370904,0.45770593445527,0.144668158090977,0.184154175588865,0.444444444444444,0.25,0.285714285714286,0,0,0.0176616915422886,0.01,1,0,1,0,1,1,0,0,"2"
0.0469149120610275,0.20659875996457,0.0604026845637584,0.0749464668094218,0.222222222222222,0.25,0,0,0,0.00223880597014925,0.00125,1,0,1,0,1,1,0,0,"2"
0.0570437864807074,0.283436669619132,0.0723340790454884,0.102783725910064,0.222222222222222,0.25,0,0,0,0.00323383084577114,0.00225,1,0,1,0,1,1,0,0,"2"
0.0603648552329949,0.287643932683791,0.0790454884414616,0.109207708779443,0.444444444444444,0.375,0.142857142857143,0,0,0.0116915422885572,0.0075,1,0,1,0,1,1,0,0,"2"
0.00882279285700526,0.0343224092116918,0.0507084265473527,0.0845824411134904,0.111111111111111,0,0.142857142857143,0,0,0.00497512437810945,0.005,1,0,1,0,0,1,0,0,"2"
0.0412244033056578,0.221656333038087,0.0507084265473527,0.0802997858672377,0.333333333333333,0.375,0,0,0,0.00398009950248756,0.0015,1,1,0,0,1,1,0,0,"1"
0.048933751998613,0.25199291408326,0.0626398210290828,0.0931477516059957,0.333333333333333,0.125,0.142857142857143,0.333333333333333,0,0.0562189054726368,0.05,0,1,0,0,1,1,0,0,"1"
0.0629577546184816,0.339238263950399,0.081282624906786,0.127408993576017,0.222222222222222,0,0.142857142857143,0.333333333333333,0,0.17910447761194,0.175,0,1,0,0,1,1,0,0,"2"
0.0519311899212113,0.312001771479185,0.064131245339299,0.112419700214133,0.111111111111111,0,0.142857142857143,0,0,0.0149253731343284,0.015,0,1,0,0,1,1,0,0,"1"
0.118009670397411,0.558015943312666,0.155108128262491,0.207708779443255,0.333333333333333,0.25,0,0.333333333333333,0,0.0771144278606965,0.075,0,0,1,0,1,0,1,0,"1"
0.0321280653426056,0.198405668733392,0.035048471290082,0.063169164882227,0.222222222222222,0.125,0,0,1,0.249502487562189,0.25,0,0,1,0,1,0,1,0,"1"
0.0356995627131051,0.213684676705049,0.0402684563758389,0.069593147751606,0.555555555555556,0.375,0.142857142857143,0.333333333333333,0,0.163681592039801,0.15,0,0,1,0,1,0,1,0,"2"
0.0407273988172064,0.211691762621789,0.0514541387024608,0.0749464668094218,0.333333333333333,0.125,0.285714285714286,0,0,0.0370646766169154,0.02,0,0,1,0,1,1,0,0,"2"
0.0493768180154495,0.273029229406554,0.064131245339299,0.0974304068522484,0.111111111111111,0,0.142857142857143,0,0,0.00248756218905473,0.0025,0,0,1,0,1,1,0,0,"2"
0.0366704552021729,0.227856510186005,0.0477255779269202,0.0802997858672377,0.222222222222222,0.125,0.142857142857143,0,0,0.00895522388059702,0.0075,1,1,0,0,1,1,0,0,"1"
0.0717304617518445,0.424933569530558,0.100671140939597,0.157387580299786,0.333333333333333,0.125,0.142857142857143,0.333333333333333,0,0.180348258706468,0.175,0,1,0,0,1,1,0,0,"2"
0.0754560690412437,0.423162090345438,0.0999254287844892,0.145610278372591,0.444444444444444,0.375,0.142857142857143,0,0,0.00671641791044776,0.0025,0,1,0,0,1,1,0,0,"2"
0.0450848567740941,0.242028343666962,0.0551826994780015,0.0770877944325482,0.333333333333333,0.25,0.142857142857143,0,0,0.0141791044776119,0.01,0,1,0,0,1,1,0,0,"2"
0.10521854712874,0.528122232063773,0.137956748695004,0.178800856531049,0.222222222222222,0.125,0.142857142857143,0,0,0.00845771144278607,0.0075,1,0,1,0,1,1,0,0,"2"
0.0467338329063204,0.234942426926484,0.0544369873228934,0.0717344753747323,0.222222222222222,0,0.285714285714286,0,0,0.0199004975124378,0.015,1,0,1,0,1,1,0,0,"2"
0.0771512781491399,0.368910540301151,0.10365398956003,0.12847965738758,0,0,0,0,0,0,0,1,0,1,0,1,1,0,0,"2"
0.0504093544720772,0.308901682905226,0.0611483967188665,0.100642398286938,0.111111111111111,0,0.142857142857143,0,0,0.00497512437810945,0.005,1,1,0,0,1,1,0,0,"2"
0.0147752884745044,0.0755093002657219,0.0909768829231916,0.193790149892934,0.111111111111111,0,0.142857142857143,0,0,0.00248756218905473,0.0025,1,1,0,0,0,1,0,0,"2"
0.00477355473791682,0.0265721877767936,0.0275913497390007,0.0610278372591006,0.111111111111111,0.125,0,0,0,0.00174129353233831,0.00175,1,1,0,0,0,1,0,0,"1"
0.00473117451021941,0.0274579273693534,0.0298284862043251,0.0653104925053533,0.111111111111111,0,0,0.333333333333333,0,0.174129353233831,0.175,0,1,0,0,0,1,0,0,"2"
0.00464256130685211,0.0256864481842338,0.0328113348247576,0.0642398286937901,0.111111111111111,0,0.142857142857143,0,0,0.00746268656716418,0.0075,0,1,0,0,0,1,0,0,"2"
0.0640018493190268,0.389725420726306,0.0768083519761372,0.124197002141328,0,0,0,0,0,0,0,0,1,0,0,1,1,0,0,"1"
0.102155612490609,0.631089459698849,0.119313944817301,0.19271948608137,0.222222222222222,0,0.142857142857143,0.333333333333333,0,0.0572139303482587,0.05,0,1,0,0,1,1,0,0,"2"
0.0624491918861128,0.37643932683791,0.0663683818046234,0.102783725910064,0,0,0,0,0,0,0,0,1,0,0,1,1,0,0,"2"
0.0488952245188881,0.306908768821966,0.0492170022371365,0.0792291220556745,0.333333333333333,0,0.428571428571429,0,0,0.0223880597014925,0.0125,0,1,0,0,1,1,0,0,"1"
0.0882163703261351,0.574623560673162,0.0939597315436242,0.157387580299786,0.222222222222222,0,0,0.666666666666667,0,0.248756218905473,0.2,0,1,0,0,1,1,0,0,"2"
0.064340891140606,0.37378210806023,0.0663683818046234,0.0963597430406852,0.111111111111111,0,0.142857142857143,0,0,0.0174129353233831,0.0175,0,1,0,0,1,1,0,0,"1"
0.0509988249118684,0.343224092116918,0.0507084265473527,0.0856531049250535,0.555555555555556,0.25,0.285714285714286,0.333333333333333,0,0.136318407960199,0.125,0,1,0,0,1,1,0,0,"2"
0.098110227119493,0.648804251550044,0.108873974645787,0.173447537473233,0.111111111111111,0,0.142857142857143,0,0,0.00497512437810945,0.005,0,1,0,0,1,1,0,0,"1"
0.0582188746123172,0.381975199291408,0.058165548098434,0.0899357601713062,0.444444444444444,0.125,0.285714285714286,0.333333333333333,0,0.0791044776119403,0.05,0,1,0,0,1,1,0,0,"2"
0.0454662788233708,0.367139061116032,0.046234153616704,0.0867237687366167,0.111111111111111,0,0.142857142857143,0,0,0.00497512437810945,0.005,0,1,0,0,1,1,0,0,"1"
0.0454701315713433,0.379539415411869,0.0469798657718121,0.0877944325481799,0.111111111111111,0,0,0.333333333333333,0,0.0497512437810945,0.05,0,1,0,0,1,1,0,0,"2"
0.0715879100768623,0.54229406554473,0.0775540641312453,0.12847965738758,0.888888888888889,0.5,0.571428571428571,0,0,0.0281094527363184,0.01,0,1,0,0,1,1,0,0,"2"
0.0760879197087323,0.620460584588131,0.0865026099925429,0.149892933618844,0.888888888888889,1,0,0,0,0.0116915422885572,0.002,0,1,0,0,1,1,0,0,"2"
0.010279131590607,0.0759521700620018,0.0850111856823266,0.203426124197002,0,0,0,0,0,0,0,1,1,0,0,0,1,0,0,"2"
0.00368707980967425,0.0407440212577502,0.0275913497390007,0.0952890792291221,0,0,0,0,0,0,0,1,1,0,0,0,1,0,0,"2"
0.00380651499682148,0.0372010628875111,0.0313199105145414,0.088865096359743,0.111111111111111,0,0.142857142857143,0,0,0.00248756218905473,0.0025,1,1,0,0,0,1,0,0,"2"
0.00333647974417753,0.029007971656333,0.0275913497390007,0.0674518201284797,0.111111111111111,0.125,0,0,0,0.00149253731343284,0.0015,1,1,0,0,0,1,0,0,"2"
0.00280094777600123,0.0239149689991143,0.0246085011185682,0.0535331905781585,0,0,0,0,0,0,0,1,1,0,0,0,1,0,0,"2"
0.00172603109167614,0.0197077059344553,0.0178970917225951,0.0492505353319058,0.111111111111111,0,0.142857142857143,0,0,0.00248756218905473,0.0025,1,1,0,0,0,1,0,0,"2"
0.00173758933559361,0.016829052258636,0.0208799403430276,0.0438972162740899,0,0,0,0,0,0,0,1,1,0,0,0,1,0,0,"2"
0.00228853229565988,0.0243578387953942,0.0387770320656227,0.0770877944325482,0.222222222222222,0.125,0.142857142857143,0,0,0.00597014925373134,0.005,1,1,0,0,0,1,0,0,"1"
0.0265146115466857,0.221877767936227,0.0275913497390007,0.0481798715203426,0.333333333333333,0,0.285714285714286,0.333333333333333,0,0.164179104477612,0.15,0,1,0,0,1,1,0,0,"2"
0.0519234844252663,0.463684676705049,0.0589112602535421,0.107066381156317,0.444444444444444,0.25,0.285714285714286,0,0,0.0126865671641791,0.0075,0,1,0,0,1,1,0,0,"2"
0.0275664117431758,0.259300265721878,0.0320656226696495,0.0599571734475375,0.111111111111111,0,0.142857142857143,0,0,0.0174129353233831,0.0175,0,1,0,0,1,1,0,0,"2"
0.0615707653483847,0.518821966341895,0.0805369127516778,0.127408993576017,0.333333333333333,0.125,0.285714285714286,0,0,0.0109452736318408,0.0075,1,1,0,0,1,1,0,0,"2"
0.0664329332896689,0.635739592559787,0.0850111856823266,0.149892933618844,0.333333333333333,0.25,0.142857142857143,0,0,0.00572139303482587,0.0025,1,1,0,0,1,1,0,0,"2"
0.0358382616401148,0.273693534100974,0.0477255779269202,0.0620985010706638,0.111111111111111,0,0.142857142857143,0,0,0.00497512437810945,0.005,1,1,0,0,1,1,0,0,"2"
0.0106836701277186,0.04162976085031,0.0126771066368382,0.00642398286937901,0.444444444444444,0,0.571428571428571,0,0,0.0472636815920398,0.02,1,1,0,0,1,1,0,0,"2"
0.0170368515343569,0.0591231178033658,0.0238627889634601,0.0117773019271949,0.222222222222222,0,0.285714285714286,0,0,0.00746268656716418,0.005,1,1,0,0,1,1,0,0,"2"
0.0102983953304695,0.0420726306465899,0.0141685309470544,0.00856531049250535,0.111111111111111,0.125,0,0,0,0.00149253731343284,0.0015,1,1,0,0,1,1,0,0,"2"
0.0112269075918399,0.0476085031000886,0.0186428038777032,0.0117773019271949,0.222222222222222,0,0.285714285714286,0,0,0.0199004975124378,0.0125,1,1,0,0,1,1,0,0,"2"
0.0183544913409489,0.0606731620903454,0.0402684563758389,0.0214132762312634,0.444444444444444,0.125,0.428571428571429,0,0,0.0194029850746269,0.0075,1,1,0,0,1,1,0,0,"2"
0.0140317081158136,0.045837023914969,0.0305741983594333,0.0160599571734475,0.333333333333333,0.25,0.142857142857143,0,0,0.0243781094527363,0.0225,1,1,0,0,1,1,0,0,"2"
0.0108878657702606,0.0396368467670505,0.0268456375838926,0.0171306209850107,0.222222222222222,0.125,0.142857142857143,0,0,0.00945273631840796,0.0075,1,1,0,0,1,1,0,0,"2"
0.0115158636897767,0.0445084145261293,0.0305741983594333,0.0224839400428266,0.333333333333333,0.125,0.285714285714286,0,0,0.0233830845771144,0.015,1,1,0,0,1,1,0,0,"2"
0.00807535975034193,0.0230292294065545,0.0260999254287845,0.0149892933618844,0,0,0,0,0,0,0,1,1,0,0,1,1,0,0,"2"
0.00698888482209936,0.0188219663418955,0.0320656226696495,0.0256959314775161,0.222222222222222,0.125,0.142857142857143,0,0,0.00621890547263682,0.005,1,1,0,0,1,1,0,0,"2"
0.0129298221956811,0.0544729849424269,0.0782997762863535,0.132762312633833,0.444444444444444,0.25,0.285714285714286,0,0,0.0276119402985075,0.02,1,1,0,0,1,1,0,0,"2"
0.00831037737666391,0.0287865367581931,0.0484712900820283,0.0663811563169165,0.333333333333333,0.25,0.142857142857143,0,0,0.00845771144278607,0.005,1,1,0,0,1,1,0,0,"2"
0.00226926855579742,0.0112931798051373,0.0402684563758389,0.0342612419700214,0,0,0,0,0,0,0,1,1,0,0,0,1,0,0,"2"
0.00243878946658704,0.00620017714791851,0.0469798657718121,0.0182012847965739,0.111111111111111,0.125,0,0,0,0.000746268656716418,0.00075,1,1,0,0,0,1,0,0,"2"
0.00112500240796748,0.0037643932683791,0.0223713646532438,0.0117773019271949,0.111111111111111,0,0.142857142857143,0,0,0.00497512437810945,0.005,1,1,0,0,0,1,0,0,"2"
0.00897690277590491,0.0305580159433127,0.0566741237882177,0.0770877944325482,0.333333333333333,0.375,0,0,0,0.00497512437810945,0.002,1,1,0,0,1,1,0,0,"2"
0.0176802604457629,0.0768379096545616,0.11558538404176,0.203426124197002,0.333333333333333,0.25,0.142857142857143,0,0,0.0104477611940299,0.0075,1,1,0,0,1,1,0,0,"2"
0.00750130030244072,0.033436669619132,0.0447427293064877,0.0802997858672377,0.111111111111111,0.125,0,0,0,0.00174129353233831,0.00175,1,1,0,0,1,1,0,0,"2"
0.0125021671707345,0.0365367581930912,0.0842654735272185,0.0942184154175589,1,0.625,0.571428571428571,0,0,0.0328358208955224,0.015,1,1,0,0,1,1,0,0,"2"
0.0207123731001137,0.0761736049601417,0.143176733780761,0.205567451820128,0.555555555555556,0.125,0.571428571428571,0,0,0.0340796019900498,0.0225,1,0,1,0,1,1,0,0,"2"
0.014528712604265,0.0522586359610275,0.0909768829231916,0.127408993576017,0.666666666666667,0.625,0.142857142857143,0,0,0.0134328358208955,0.005,1,0,1,0,1,1,0,0,"2"
0.00386430621640885,0.029007971656333,0.0216256524981357,0.0685224839400428,0.111111111111111,0,0.142857142857143,0,0,0.00497512437810945,0.005,1,0,1,0,1,1,0,0,"2"
0.0222534722891102,0.0843666961913198,0.142431021625652,0.201284796573876,0.222222222222222,0.125,0.142857142857143,0,0,0.0116915422885572,0.01,1,0,1,0,1,1,0,0,"2"
0.016324093159446,0.0717449069973428,0.0909768829231916,0.147751605995717,0.222222222222222,0.25,0,0,0,0.00298507462686567,0.00175,1,0,1,0,1,1,0,0,"2"
0.0164666448344282,0.0544729849424269,0.0894854586129754,0.10813704496788,0.333333333333333,0,0.428571428571429,0,0,0.00995024875621891,0.005,1,0,1,0,1,1,0,0,"2"
0.00499316137234883,0.0174933569530558,0.143176733780761,0.0835117773019272,0,0,0,0,0,0,0,1,0,1,0,0,1,0,0,"2"
0.00609890004045385,0.0387511071744907,0.029082774049217,0.0717344753747323,0.222222222222222,0.125,0.142857142857143,0,0,0.00646766169154229,0.005,1,0,1,0,1,1,0,0,"2"
0.0232089537862881,0.109167404782994,0.122296793437733,0.205567451820128,0.555555555555556,0.375,0.285714285714286,0,0,0.0310945273631841,0.02,1,0,1,0,1,1,0,0,"2"
0.0152530292230934,0.091674047829938,0.0760626398210291,0.162740899357602,0.222222222222222,0.125,0.142857142857143,0,0,0.00422885572139303,0.0025,1,0,1,0,1,1,0,0,"2"
0.0126485715936892,0.0595659875996457,0.0596569724086503,0.0952890792291221,0.111111111111111,0,0.142857142857143,0,0,0.00746268656716418,0.0075,1,0,1,0,1,1,0,0,"2"
0.00697732657818189,0.0327723649247121,0.0313199105145414,0.0481798715203426,0.333333333333333,0.125,0.285714285714286,0,0,0.0191542288557214,0.0125,1,1,0,0,1,1,0,0,"2"
0.00951243474408122,0.0518157661647476,0.0484712900820283,0.0845824411134904,0.111111111111111,0.125,0,0,0,0.00149253731343284,0.0015,1,1,0,0,1,1,0,0,"2"
0.0167170734526401,0.0775022143489814,0.0909768829231916,0.12847965738758,0,0,0,0,0,0,0,1,1,0,0,1,1,0,0,"2"
0.00414170407042823,0.0285651018600531,0.112602535421327,0.15524625267666,0,0,0,0,0,0,0,1,1,0,0,0,1,0,0,"2"
0.00141395850590434,0.0106288751107174,0.0365398956002983,0.0599571734475375,0,0,0,0,0,0,0,1,1,0,0,0,1,0,0,"2"
0.00136772553023444,0.00863596102745793,0.0387770320656227,0.0535331905781585,0.111111111111111,0,0.142857142857143,0,0,0.00995024875621891,0.01,1,1,0,0,0,1,0,0,"2"
0.00319007532122286,0.00996457041629761,0.0134228187919463,0.0117773019271949,0.111111111111111,0,0.142857142857143,0,0,0.0149253731343284,0.015,1,1,0,0,1,1,0,0,"2"
0.0235056153801699,0.0967670504871568,0.135719612229679,0.169164882226981,0.444444444444444,0.5,0,0,0,0.00398009950248756,0.0015,1,0,1,0,1,1,0,0,"2"
0.0153262314345707,0.0752878653675819,0.0827740492170022,0.125267665952891,0.333333333333333,0.125,0.285714285714286,0,0,0.00696517412935323,0.0025,1,0,1,0,1,1,0,0,"2"
0.00734719038354106,0.0345438441098317,0.0387770320656227,0.0535331905781585,0.222222222222222,0.125,0.142857142857143,0,0,0.0111940298507463,0.01,1,0,1,0,1,1,0,0,"2"
0.00680010017144729,0.0329937998228521,0.035048471290082,0.0513918629550321,0.111111111111111,0.125,0,0,0,0.00099502487562189,0.001,1,1,0,0,1,1,0,0,"2"
0.0160428425574541,0.0728520814880425,0.0991797166293811,0.133832976445396,0.222222222222222,0.25,0,0,0,0.0027363184079602,0.00175,1,1,0,0,1,1,0,0,"2"
0.0137543102617942,0.075066430469442,0.0835197613721104,0.143468950749465,0,0,0,0,0,0,0,1,1,0,0,1,1,0,0,"2"
0.018770588121978,0.0983170947741364,0.114093959731544,0.183083511777302,0.555555555555556,0.5,0.142857142857143,0,0,0.00970149253731343,0.005,1,0,1,0,1,0,1,0,"2"
0.0113155207952072,0.0763950398582817,0.0611483967188665,0.126338329764454,0,0,0,0,0,0,0,1,0,1,0,1,0,1,0,"2"
0.00884205659686772,0.0442869796279894,0.0469798657718121,0.0685224839400428,0.444444444444444,0.25,0.285714285714286,0,0,0.0126865671641791,0.0075,1,0,1,0,1,0,1,0,"2"
0.0145325653522375,0.0763950398582817,0.0835197613721104,0.12847965738758,0.333333333333333,0.25,0.142857142857143,0,0,0.00995024875621891,0.0075,1,0,1,0,1,1,0,0,"2"
0.0129837606672959,0.0695305580159433,0.0678598061148397,0.104925053533191,0.222222222222222,0.125,0.142857142857143,0,0,0.00845771144278607,0.0075,1,0,1,0,1,1,0,0,"2"
0.00528982296623066,0.0316651904340124,0.0283370618941089,0.0481798715203426,0.333333333333333,0.25,0.142857142857143,0,0,0.00970149253731343,0.0075,1,1,0,0,1,1,0,0,"2"
0.0177496099092678,0.0890168290522586,0.111111111111111,0.150963597430407,0.111111111111111,0.125,0,0,0,0.00174129353233831,0.00175,1,1,0,0,1,1,0,0,"2"
0.013642580570592,0.0688662533215235,0.0775540641312453,0.105995717344754,0.111111111111111,0.125,0,0,0,0.00124378109452736,0.00125,1,1,0,0,1,1,0,0,"2"
0.0119204022268883,0.070859167404783,0.064131245339299,0.103854389721627,0.555555555555556,0.25,0.428571428571429,0,0,0.0223880597014925,0.01,1,1,0,0,1,1,0,0,"2"
0.0183352276010865,0.114260407440213,0.102908277404922,0.170235546038544,0.666666666666667,0.5,0.285714285714286,0,0,0.018407960199005,0.0075,1,1,0,0,1,1,0,0,"2"
0.0107992525668933,0.0763950398582817,0.0574198359433259,0.105995717344754,0.333333333333333,0.25,0.142857142857143,0,0,0.00771144278606965,0.005,1,1,0,0,1,1,0,0,"2"
0.00179538055518098,0.0203720106288751,0.0544369873228934,0.142398286937901,0,0,0,0,0,0,0,1,1,0,0,0,1,0,0,"2"
0.00144863323765676,0.016607617360496,0.0432513049962714,0.115631691648822,0,0,0,0,0,0,0,1,1,0,0,0,1,0,0,"2"
0.000812929822195681,0.0070859167404783,0.0238627889634601,0.0481798715203426,0.222222222222222,0.125,0.142857142857143,0,0,0.00845771144278607,0.0075,1,1,0,0,0,1,0,0,"2"
0.00481978771358672,0.0343224092116918,0.0260999254287845,0.0471092077087794,0.111111111111111,0,0.142857142857143,0,0,0.00497512437810945,0.005,1,1,0,0,1,1,0,0,"2"
0.0151374467839186,0.101417183348096,0.0917225950782998,0.156316916488223,0.666666666666667,0.625,0.142857142857143,0,0,0.0119402985074627,0.005,1,1,0,0,1,1,0,0,"2"
0.00752441679027566,0.0648804251550044,0.0417598806860552,0.0910064239828694,0.333333333333333,0.25,0.142857142857143,0,0,0.0206467661691542,0.0175,1,1,0,0,1,1,0,0,"2"
0.0100287029723951,0.0571302037201063,0.0604026845637584,0.0802997858672377,0.666666666666667,0.375,0.428571428571429,0,0,0.0191542288557214,0.0075,1,1,0,0,1,1,0,0,"2"
0.00744350908285334,0.0613374667847653,0.0454884414615958,0.088865096359743,0.444444444444444,0.375,0.142857142857143,0,0,0.00696517412935323,0.0025,1,1,0,0,1,1,0,0,"2"
0.00726628267611874,0.0389725420726306,0.0432513049962714,0.0524625267665953,0.333333333333333,0.25,0.142857142857143,0,0,0.0144278606965174,0.0125,1,1,0,0,1,1,0,0,"1"
0.0100903469399549,0.0225863596102746,0.0671140939597315,0.0310492505353319,0.555555555555556,0.25,0.285714285714286,0.333333333333333,0,0.0629353233830846,0.05,0,0,1,0,1,1,0,0,"2"
0.00711987825316407,0.0263507528786537,0.0484712900820283,0.0396145610278373,0.222222222222222,0.25,0,0,0,0.00298507462686567,0.002,0,0,1,0,1,1,0,0,"2"
0.00347903141915972,0.0146147032772365,0.0238627889634601,0.0224839400428266,0.333333333333333,0.25,0.142857142857143,0,0,0.00497512437810945,0.0025,0,0,1,0,1,1,0,0,"2"
0.00240411473483462,0.00354295837023915,0.0790454884414616,0.0278372591006424,0.222222222222222,0.125,0.142857142857143,0,0,0.023134328358209,0.0225,1,0,1,0,0,1,0,0,"2"
0.000423802276974052,0.00287865367581931,0.0126771066368382,0.0235546038543897,0,0,0,0,0,0,0,1,0,1,0,0,1,0,0,"2"
0.000354452813469207,0.00177147918511957,0.0111856823266219,0.0149892933618844,0,0,0,0,0,0,0,1,0,1,0,0,1,0,0,"2"
0.000870721041783052,0.00310008857395926,0.0313199105145414,0.0267665952890792,0,0,0,0,0,0,0,1,1,0,0,0,1,0,0,"2"
0.000373716553331664,0.0033215234720992,0.017151379567487,0.0331905781584582,0,0,0,0,0,0,0,1,1,0,0,0,1,0,0,"2"
0.000154109918899655,0.00110717449069973,0.00969425801640567,0.0149892933618844,0,0,0,0,0,0,0,1,1,0,0,0,1,0,0,"2"
9.24659513397931e-05,0.000885739592559787,0.00671140939597315,0.0117773019271949,0,0,0,0,0,0,0,1,1,0,0,0,1,0,0,"2"
0,0.000442869796279894,0,0.00642398286937901,0,0,0,0,0,0,0,1,1,0,0,0,1,0,0,"2"
0.000238870374294466,0,0.0253542132736764,0.00107066381156317,0,0,0,0,0,0,0,1,1,0,0,0,1,0,0,"2"
0.000327483577661767,0.000442869796279894,0.0417598806860552,0.00642398286937901,0,0,0,0,0,0,0,1,1,0,0,0,1,0,0,"2"
0.000127140683092216,0.000221434898139947,0.0186428038777032,0.00428265524625268,0,0,0,0,0,0,0,1,1,0,0,0,1,0,0,"2"
7.32022114773362e-05,0.000221434898139947,0.0216256524981357,0.00428265524625268,0.111111111111111,0,0.142857142857143,0,0,0.00746268656716418,0.0075,1,1,0,0,0,1,0,0,"2"
0.00124443759511472,0.00775022143489814,0.0402684563758389,0.0610278372591006,0.222222222222222,0.25,0,0,0,0.00298507462686567,0.00225,1,1,0,0,0,1,0,0,"2"
0.00448459863997997,0.00974313551815766,0.00447427293064877,0,0.111111111111111,0,0.142857142857143,0,0,0.00995024875621891,0.01,1,1,0,0,1,1,0,0,"2"
0.000288956097936853,0.000885739592559787,0.00820283370618941,0.00642398286937901,0,0,0,0,0,0,0,1,1,0,0,0,1,0,0,"2"
0.00198031245786057,0.00354295837023915,0,0,0.111111111111111,0.125,0,0,0,0.00149253731343284,0.0015,1,1,0,0,1,1,0,0,"2"
0.00686174413900715,0.0186005314437555,0.00820283370618941,0.0182012847965739,0.444444444444444,0,0.571428571428571,0,0,0.0298507462686567,0.015,1,1,0,0,1,1,0,0,"2"
0.0559958390321897,0.0788308237378211,0.0693512304250559,0.0728051391862955,0,0,0,0,0,0,0,1,1,0,0,1,1,0,0,"2"
0.0259598158386469,0.0307794508414526,0.064131245339299,0.0556745182012848,0.333333333333333,0.25,0.142857142857143,0,0,0.00696517412935323,0.005,1,0,1,0,0,1,0,0,"2"
0.0922964304290035,0.110496014171833,0.116331096196868,0.105995717344754,0.111111111111111,0,0.142857142857143,0,0,0.0199004975124378,0.02,1,0,1,0,1,1,0,0,"2"
0.0884552407004296,0.106953055801594,0.105145413870246,0.102783725910064,0.444444444444444,0.375,0.142857142857143,0,0,0.00621890547263682,0.0025,1,0,1,0,1,1,0,0,"2"
0.018997900252355,0.0159433126660762,0.0469798657718121,0.0289079229122056,0.222222222222222,0,0.285714285714286,0,0,0.0149253731343284,0.0075,1,0,1,0,0,1,0,0,"2"
0.0760994779526497,0.0894596988485385,0.0857568978374347,0.0856531049250535,0,0,0,0,0,0,0,1,0,1,0,1,1,0,0,"2"
0.0262372136926663,0.0298937112488928,0.0678598061148397,0.0620985010706638,0,0,0,0,0,0,0,1,0,1,0,0,1,0,0,"2"
0.0205274411974341,0.0234720992028344,0.0618941088739746,0.0942184154175589,0.333333333333333,0.25,0.142857142857143,0,0,0.00422885572139303,0.0025,1,0,1,0,0,1,0,0,"2"
0.0691992063339177,0.0602302922940655,0.0753169276659209,0.0578158458244111,0.444444444444444,0.375,0.142857142857143,0,0,0.00746268656716418,0.005,1,0,1,0,1,1,0,0,"2"
0.011384870258712,0.0201505757307352,0.0335570469798658,0.0813704496788009,0,0,0,0,0,0,0,1,0,1,0,0,1,0,0,"2"
0.0429234651615265,0.0369796279893711,0.0447427293064877,0.0353319057815846,0.222222222222222,0,0.285714285714286,0,0,0.0124378109452736,0.0075,1,0,1,0,1,1,0,0,"2"
0.00705052878965922,0.00974313551815766,0.0208799403430276,0.0385438972162741,0,0,0,0,0,0,0,1,0,1,0,0,1,0,0,"2"
0.00265069060507407,0.00620017714791851,0.00671140939597315,0.0256959314775161,0,0,0,0,0,0,0,1,0,1,0,0,1,0,0,"2"
0.00501627786018378,0.0037643932683791,0.017151379567487,0.0160599571734475,0,0,0,0,0,0,0,1,0,1,0,0,1,0,0,"2"
0.00344820943537978,0.0033215234720992,0.0126771066368382,0.0160599571734475,0,0,0,0,0,0,0,1,1,0,0,0,1,0,0,"2"
0.00589470439791181,0.00487156775907883,0.0275913497390007,0.0289079229122056,0.111111111111111,0,0.142857142857143,0,0,0.00248756218905473,0.0025,1,1,0,0,0,1,0,0,"2"
0.0149101346535416,0.00797165633303809,0.0842654735272185,0.0546038543897216,0.222222222222222,0.125,0.142857142857143,0,0,0.00422885572139303,0.0025,1,1,0,0,0,1,0,0,"2"
0.0401109591416078,0.0405225863596103,0.0425055928411633,0.0428265524625268,0.222222222222222,0.25,0,0,0,0.00124378109452736,0.00075,1,1,0,0,1,1,0,0,"2"
0.0284448382809039,0.0203720106288751,0.0305741983594333,0.0214132762312634,0.111111111111111,0,0.142857142857143,0,0,0.00248756218905473,0.0025,1,1,0,0,1,1,0,0,"2"
0.0162585964439136,0.0117360496014172,0.0991797166293811,0.0920770877944325,0.111111111111111,0,0.142857142857143,0,0,0.00995024875621891,0.01,1,1,0,0,0,1,0,0,"2"
0.0686251468860165,0.0817094774136404,0.081282624906786,0.110278372591006,0.222222222222222,0.25,0,0,0,0.00199004975124378,0.001,1,1,0,0,1,1,0,0,"2"
0.0467800658819903,0.054251550044287,0.0529455630126771,0.0749464668094218,0.111111111111111,0.125,0,0,0,0.00099502487562189,0.001,1,0,1,0,1,1,0,0,"2"
0.00854154225501339,0.0112931798051373,0.0544369873228934,0.0995717344753747,0.111111111111111,0,0.142857142857143,0,0,0.00995024875621891,0.01,1,0,1,0,0,1,0,0,"2"
0.0980177611681532,0.0918954827280779,0.117076808351976,0.140256959314775,0.222222222222222,0.25,0,0,0,0.00124378109452736,0.00075,1,0,1,0,1,1,0,0,"2"
0.069515131667662,0.0713020372010629,0.0768083519761372,0.105995717344754,0,0,0,0,0,0,0,1,0,1,0,1,1,0,0,"2"
0.00949702375219125,0.0132860938883968,0.0708426547352722,0.132762312633833,0.111111111111111,0,0.142857142857143,0,0,0.00497512437810945,0.005,1,0,1,0,0,1,0,0,"2"
0.139569648051473,0.12688219663419,0.162565249813572,0.202355460385439,0.444444444444444,0.25,0.285714285714286,0,0,0.0258706467661692,0.0175,1,0,1,0,1,0,1,0,"2"
0.0541349617614764,0.0558015943312666,0.0566741237882177,0.0845824411134904,0.111111111111111,0.125,0,0,0,0.00199004975124378,0.002,1,0,1,0,1,0,1,0,"2"
0.0102560151027721,0.0112931798051373,0.087248322147651,0.125267665952891,0.111111111111111,0,0.142857142857143,0,0,0.00248756218905473,0.0025,1,0,1,0,0,0,1,0,"2"
0.0814239756506328,0.0887953941541187,0.0894854586129754,0.143468950749465,0.444444444444444,0.25,0.285714285714286,0,0,0.0181592039800995,0.01,1,0,1,0,1,1,0,0,"2"
0.0728439059158945,0.0817094774136404,0.0782997762863535,0.126338329764454,0.111111111111111,0,0.142857142857143,0,0,0.00248756218905473,0.0025,1,0,1,0,1,1,0,0,"2"
0.0895263046367822,0.0794951284322409,0.0924683072334079,0.114561027837259,0.333333333333333,0.25,0.142857142857143,0,0,0.00995024875621891,0.0075,1,0,1,0,1,1,0,0,"2"
0.0925622700391054,0.100974313551816,0.0894854586129754,0.139186295503212,0.444444444444444,0.375,0.142857142857143,0,0,0.00746268656716418,0.005,1,0,1,0,1,1,0,0,"2"
0.0156883897439849,0.016829052258636,0.136465324384787,0.204496788008565,0,0,0,0,0,0,0,1,0,1,0,0,1,0,0,"2"
0.00758606075783553,0.00907883082373782,0.058165548098434,0.102783725910064,0,0,0,0,0,0,0,1,0,1,0,0,1,0,0,"2"
0.00428810849338291,0.00531443755535872,0.0298284862043251,0.0588865096359743,0,0,0,0,0,0,0,1,0,1,0,0,1,0,0,"2"
0.0073279266436786,0.00752878653675819,0.0536912751677852,0.0813704496788009,0,0,0,0,0,0,0,1,0,1,0,0,1,0,0,"2"
0.00463100306293464,0.00487156775907883,0.0313199105145414,0.0503211991434689,0.111111111111111,0.125,0,0,0,0.000746268656716418,0.00075,1,0,1,0,0,1,0,0,"2"
0.0568164743503304,0.0569087688219663,0.0492170022371365,0.069593147751606,0.333333333333333,0.25,0.142857142857143,0,0,0.00497512437810945,0.0025,1,0,1,0,1,1,0,0,"2"
0.0542428387047061,0.0504871567759079,0.0477255779269202,0.063169164882227,0.222222222222222,0.25,0,0,0,0.00149253731343284,0.001,1,1,0,0,1,1,0,0,"2"
0.00620677698368361,0.00930026572187777,0.0439970171513796,0.0963597430406852,0.111111111111111,0,0.142857142857143,0,0,0.0223880597014925,0.0225,1,1,0,0,0,1,0,0,"2"
0.0469765560285874,0.0462798937112489,0.0402684563758389,0.0578158458244111,0.111111111111111,0.125,0,0,0,0.00124378109452736,0.00125,1,1,0,0,1,1,0,0,"2"
0.0594748704513494,0.0577945084145261,0.0559284116331096,0.0770877944325482,0.333333333333333,0.125,0.285714285714286,0,0,0.0208955223880597,0.015,1,1,0,0,1,1,0,0,"2"
0.0211438808730327,0.025022143489814,0.0178970917225951,0.0321199143468951,0.111111111111111,0.125,0,0,0,0.00149253731343284,0.0015,1,1,0,0,1,1,0,0,"2"
0.0398220030436709,0.0456155890168291,0.0439970171513796,0.0717344753747323,0,0,0,0,0,0,0,1,1,0,0,1,1,0,0,"2"
0.0328022962377916,0.0305580159433127,0.0365398956002983,0.0481798715203426,0.111111111111111,0.125,0,0,0,0.000497512437810945,5e-04,1,1,0,0,1,1,0,0,"2"
0.0153300841825432,0.0141718334809566,0.123042505592841,0.144539614561028,0.111111111111111,0.125,0,0,0,0.00099502487562189,0.001,1,1,0,0,0,1,0,0,"2"
0.0464602878002735,0.0327723649247121,0.058165548098434,0.056745182012848,0,0,0,0,0,0,0,1,1,0,0,1,1,0,0,"2"
0.0272158116776791,0.0336581045172719,0.0343027591349739,0.0642398286937901,0,0,0,0,0,0,0,1,1,0,0,1,1,0,0,"2"
0.031738937797384,0.037643932683791,0.046234153616704,0.0802997858672377,0.111111111111111,0,0.142857142857143,0,0,0.00248756218905473,0.0025,1,1,0,0,1,1,0,0,"2"
0.0621409720483135,0.0690876882196634,0.108128262490679,0.17237687366167,0,0,0,0,0,0,0,1,1,0,0,1,1,0,0,"2"
0.0388934907823005,0.0467227635075288,0.0656226696495153,0.112419700214133,0,0,0,0,0,0,0,1,1,0,0,1,1,0,0,"2"
0.0231164878349483,0.0203720106288751,0.0395227442207308,0.0471092077087794,0.222222222222222,0.25,0,0,0,0.00248756218905473,0.002,1,1,0,0,1,1,0,0,"2"
0.031731232301439,0.0336581045172719,0.0589112602535421,0.0856531049250535,0,0,0,0,0,0,0,1,1,0,0,1,1,0,0,"2"
0.0251276222765888,0.0279007971656333,0.0499627143922446,0.076017130620985,0.111111111111111,0.125,0,0,0,0.00199004975124378,0.002,1,1,0,0,1,1,0,0,"2"
0.00723160794436632,0.00996457041629761,0.0574198359433259,0.0995717344753747,0.222222222222222,0.125,0.142857142857143,0,0,0.0119402985074627,0.01,1,1,0,0,0,1,0,0,"2"
0.00839899058003121,0.0128432240921169,0.0678598061148397,0.129550321199143,0,0,0,0,0,0,0,1,1,0,0,0,1,0,0,"2"
0.00793666082333224,0.00775022143489814,0.0648769574944072,0.0792291220556745,0,0,0,0,0,0,0,1,1,0,0,0,1,0,0,"2"
0.0199764982373678,0.0314437555358725,0.0387770320656227,0.0845824411134904,0.222222222222222,0,0.285714285714286,0,0,0.00746268656716418,0.005,1,1,0,0,1,1,0,0,"2"
0.0497351235768912,0.0611160318866253,0.106636838180462,0.174518201284797,0.444444444444444,0.125,0.428571428571429,0,0,0.0335820895522388,0.02,1,1,0,0,1,1,0,0,"2"
0.048251815607482,0.0642161204605846,0.0976882923191648,0.169164882226981,0,0,0,0,0,0,0,1,1,0,0,1,1,0,0,"2"
0.0186973859105007,0.0274579273693534,0.0357941834451902,0.0653104925053533,0,0,0,0,0,0,0,1,1,0,0,1,1,0,0,"2"
0.0152414709791759,0.0186005314437555,0.131245339299031,0.19593147751606,0,0,0,0,0,0,0,1,1,0,0,0,1,0,0,"2"
0.038889638034328,0.0467227635075288,0.0797912005965697,0.114561027837259,0.222222222222222,0.125,0.142857142857143,0,0,0.00422885572139303,0.0025,1,1,0,0,1,1,0,0,"2"
0.00770164319701027,0.0159433126660762,0.0134228187919463,0.0364025695931477,0,0,0,0,0,0,0,1,1,0,0,1,1,0,0,"2"
0.0404769701989944,0.062444641275465,0.0969425801640567,0.173447537473233,0.111111111111111,0,0.142857142857143,0,0,0.0149253731343284,0.015,1,1,0,0,1,1,0,0,"2"
0.0135231453834447,0.0201505757307352,0.0305741983594333,0.0513918629550321,0.111111111111111,0,0.142857142857143,0,0,0.0124378109452736,0.0125,1,1,0,0,1,1,0,0,"2"
0.00855310049893086,0.0117360496014172,0.0730797912005966,0.120985010706638,0,0,0,0,0,0,0,1,1,0,0,0,1,0,0,"2"
0.0117701450559612,0.0172719220549159,0.0999254287844892,0.173447537473233,0.111111111111111,0.125,0,0,0,0.00124378109452736,0.00125,1,1,0,0,0,1,0,0,"2"
0.00799059929494712,0.0110717449069973,0.0611483967188665,0.0995717344753747,0,0,0,0,0,0,0,1,0,1,0,0,1,0,0,"2"
0.0113501955269596,0.0243578387953942,0.0879940343027591,0.213062098501071,0,0,0,0,0,0,0,1,0,1,0,0,0,1,0,"2"
0.0108300745506733,0.0179362267493357,0.0775540641312453,0.134903640256959,0.111111111111111,0,0.142857142857143,0,0,0.00746268656716418,0.0075,1,0,1,0,0,1,0,0,"2"
0.00549016586080022,0.00752878653675819,0.0365398956002983,0.0524625267665953,0,0,0,0,0,0,0,1,0,1,0,0,1,0,0,"2"
0.0126100441139643,0.0183790965456156,0.0961968680089485,0.135974304068522,0,0,0,0,0,0,0,1,0,1,0,0,1,0,0,"2"
0.0256361850089576,0.0338795394154119,0.0618941088739746,0.088865096359743,0.111111111111111,0.125,0,0,0,0.00099502487562189,0.001,1,0,1,0,1,1,0,0,"2"
0.0186241836990233,0.0163861824623561,0.135719612229679,0.114561027837259,0,0,0,0,0,0,0,1,0,1,0,0,1,0,0,"2"
0.0101596964034598,0.00775022143489814,0.0656226696495153,0.0524625267665953,0.222222222222222,0.25,0,0,0,0.00223880597014925,0.0015,1,0,1,0,0,1,0,0,"2"
0.00128296507483963,0.00354295837023915,0.00596569724086503,0.0235546038543897,0,0,0,0,0,0,0,1,0,1,0,0,1,0,0,"2"
0.00468879428252201,0.00487156775907883,0.0328113348247576,0.0364025695931477,0,0,0,0,0,0,0,1,0,1,0,0,1,0,0,"2"
0.0130800793666082,0.0146147032772365,0.0999254287844892,0.116702355460385,0,0,0,0,0,0,0,1,0,1,0,0,1,0,0,"2"
0.0107568723391959,0.0108503100088574,0.0805369127516778,0.0877944325481799,0,0,0,0,0,0,0,1,1,0,0,0,1,0,0,"2"
0.017217930689064,0.0121789193976971,0.126771066368382,0.0995717344753747,0,0,0,0,0,0,0,1,0,1,0,0,1,0,0,"2"
0.0262102444568589,0.0354295837023915,0.0648769574944072,0.0931477516059957,0.222222222222222,0.25,0,0,0,0.00248756218905473,0.0015,1,0,1,0,1,1,0,0,"2"
0.0412821945252451,0.0367581930912312,0.10365398956003,0.0942184154175589,0,0,0,0,0,0,0,1,0,1,0,1,1,0,0,"2"
0.0278784843289476,0.0327723649247121,0.19537658463833,0.295503211991435,0.111111111111111,0,0.142857142857143,0,0,0.00248756218905473,0.0025,1,0,1,0,0,0,1,0,"2"
0.0224653734275972,0.0245792736935341,0.134228187919463,0.197002141327623,0,0,0,0,0,0,0,1,0,1,0,0,1,0,0,"2"
0.0199957619772303,0.029229406554473,0.104399701715138,0.206638115631692,0,0,0,0,0,0,0,1,0,1,0,0,1,0,0,"1"
0.0186819749186107,0.029229406554473,0.0924683072334079,0.19271948608137,0.111111111111111,0,0,0.333333333333333,0,0.0497512437810945,0.05,0,0,1,0,0,0,1,0,"2"
0.00742424534299089,0.0135075287865368,0.035048471290082,0.0813704496788009,0,0,0,0,0,0,0,0,0,1,0,0,0,1,0,"2"
0.00565198127564485,0.0101860053144376,0.0268456375838926,0.0588865096359743,0,0,0,0,0,0,0,0,0,1,0,0,0,1,0,"2"
0.00575985821887461,0.0110717449069973,0.0260999254287845,0.0620985010706638,0,0,0,0,0,0,0,1,0,1,0,0,1,0,0,"2"
0.00720463870855888,0.0143932683790965,0.0335570469798658,0.0781584582441113,0,0,0,0,0,0,0,1,0,1,0,0,1,0,0,"2"
0.0113270790391247,0.0199291408325952,0.0559284116331096,0.109207708779443,0.111111111111111,0.125,0,0,0,0.000746268656716418,0.00075,1,1,0,0,0,1,0,0,"2"
0.00495078114465142,0.00863596102745793,0.023117076808352,0.0438972162740899,0,0,0,0,0,0,0,1,1,0,0,0,1,0,0,"2"
0.00794821906724972,0.0101860053144376,0.0425055928411633,0.0535331905781585,0.111111111111111,0.125,0,0,0,0.00099502487562189,0.001,1,1,0,0,0,1,0,0,"2"
0.0158887326385544,0.0192648361381754,0.102908277404922,0.115631691648822,0,0,0,0,0,0,0,1,1,0,0,0,1,0,0,"2"
0.00705438153763172,0.00620017714791851,0.0469798657718121,0.0374732334047109,0,0,0,0,0,0,0,1,1,0,0,0,1,0,0,"2"
0.00361773034616941,0.00531443755535872,0.0268456375838926,0.0374732334047109,0,0,0,0,0,0,0,1,1,0,0,0,1,0,0,"2"
0.00241567297875209,0.0070859167404783,0.0208799403430276,0.0610278372591006,0,0,0,0,0,0,0,1,1,0,0,0,1,0,0,"2"
0.00359461385833446,0.00930026572187777,0.0343027591349739,0.0845824411134904,0,0,0,0,0,0,0,1,1,0,0,0,1,0,0,"2"
0.0115698021613916,0.0177147918511957,0.120059656972409,0.163811563169165,0.333333333333333,0.375,0,0,0,0.00124378109452736,5e-04,1,1,0,0,0,1,0,0,"2"
0.00492381190884398,0.0132860938883968,0.0454884414615958,0.115631691648822,0,0,0,0,0,0,0,1,1,0,0,0,1,0,0,"2"
0.00631080117894088,0.00930026572187777,0.0611483967188665,0.0813704496788009,0,0,0,0,0,0,0,1,1,0,0,0,1,0,0,"2"
0.00729710465989867,0.0106288751107174,0.0768083519761372,0.102783725910064,0,0,0,0,0,0,0,1,0,1,0,0,1,0,0,"2"
0.00596020111344416,0.00863596102745793,0.0596569724086503,0.082441113490364,0,0,0,0,0,0,0,1,0,1,0,0,1,0,0,"2"
0.00776328716457013,0.00952170062001772,0.081282624906786,0.0920770877944325,0,0,0,0,0,0,0,1,0,1,0,0,1,0,0,"2"
0.00729325191192618,0.00974313551815766,0.0865026099925429,0.102783725910064,0.111111111111111,0,0.142857142857143,0,0,0.0223880597014925,0.0225,1,0,1,0,0,1,0,0,"2"
0.00833349386449885,0.0119574844995571,0.0991797166293811,0.122055674518201,0,0,0,0,0,0,0,1,0,1,0,0,1,0,0,"2"
0.00941996879274142,0.0132860938883968,0.104399701715138,0.127408993576017,0,0,0,0,0,0,0,1,0,1,0,0,1,0,0,"2"
0.0058561769181869,0.00597874224977857,0.0574198359433259,0.0546038543897216,0,0,0,0,0,0,0,1,0,1,0,0,1,0,0,"2"
0.0123827319835873,0.0130646589902569,0.120059656972409,0.122055674518201,0,0,0,0,0,0,0,1,0,1,0,0,1,0,0,"2"
0.0105526766966539,0.0117360496014172,0.100671140939597,0.114561027837259,0,0,0,0,0,0,0,1,0,1,0,0,1,0,0,"2"
0.0187050914064456,0.0157218777679362,0.0335570469798658,0.0481798715203426,0,0,0,0,0,0,0,1,0,1,0,0,1,0,0,"2"
0.056750977634798,0.0414083259521701,0.112602535421327,0.138115631691649,0.111111111111111,0.125,0,0,0,0.00174129353233831,0.00175,1,0,1,0,0,1,0,0,"2"
0.0676388434050587,0.0551372896368468,0.128262490678598,0.179871520342612,0,0,0,0,0,0,0,1,0,1,0,0,1,0,0,"2"
0.017194814201229,0.0170504871567759,0.0283370618941089,0.0503211991434689,0,0,0,0,0,0,0,1,0,1,0,0,1,0,0,"2"
0.0097898325981006,0.0128432240921169,0.0156599552572707,0.0385438972162741,0,0,0,0,0,0,0,1,1,0,0,0,1,0,0,"2"
0.00533990868987305,0.00752878653675819,0.00820283370618941,0.0235546038543897,0,0,0,0,0,0,0,1,1,0,0,0,1,0,0,"2"
0.00179538055518098,0.00730735163861825,0.00149142431021626,0.0246252676659529,0,0,0,0,0,0,0,1,1,0,0,0,1,0,0,"2"
0.00180693879909846,0.00420726306465899,0.00149142431021626,0.0149892933618844,0,0,0,0,0,0,0,1,1,0,0,0,1,0,0,"2"
0.00364084683400435,0.00487156775907883,0.00745712155108128,0.0203426124197002,0,0,0,0,0,0,0,1,1,0,0,0,1,0,0,"2"
0.00385274797249138,0.00465013286093888,0.0104399701715138,0.0224839400428266,0,0,0,0,0,0,0,1,1,0,0,0,1,0,0,"2"
0.00443836566431007,0.00465013286093888,0.0149142431021626,0.0267665952890792,0,0,0,0,0,0,0,1,1,0,0,0,1,0,0,"2"
0.00262372136926663,0.00509300265721878,0.00820283370618941,0.0321199143468951,0,0,0,0,0,0,0,1,1,0,0,0,1,0,0,"2"
0.00341353470362736,0.00575730735163862,0.0186428038777032,0.0481798715203426,0,0,0,0,0,0,0,1,1,0,0,0,1,0,0,"2"
0.00487757893317409,0.00531443755535872,0.0648769574944072,0.0653104925053533,0,0,0,0,0,0,0,1,1,0,0,0,1,0,0,"2"
0.00482364046155921,0.00775022143489814,0.0835197613721104,0.0942184154175589,0,0,0,0,0,0,0,1,1,0,0,0,1,0,0,"2"
0.00281250601991871,0.00487156775907883,0.0544369873228934,0.0599571734475375,0,0,0,0,0,0,0,1,1,0,0,0,1,0,0,"2"
0.00345591493132477,0.00575730735163862,0.0723340790454884,0.0706638115631692,0,0,0,0,0,0,0,1,1,0,0,0,1,0,0,"2"
0.00699273757007185,0.0143932683790965,0.142431021625652,0.17558886509636,0,0,0,0,0,0,0,1,1,0,0,0,1,0,0,"2"
0.00427269750149294,0.00553587245349867,0.0745712155108128,0.0685224839400428,0,0,0,0,0,0,0,1,1,0,0,0,1,0,0,"2"
0.00410702933867581,0.00575730735163862,0.0708426547352722,0.0706638115631692,0,0,0,0,0,0,0,1,0,1,0,0,1,0,0,"2"
0.00428810849338291,0.00553587245349867,0.0730797912005966,0.0685224839400428,0,0,0,0,0,0,0,1,0,1,0,0,1,0,0,"2"
0.00475043825008187,0.00664304694419841,0.0820283370618941,0.0813704496788009,0,0,0,0,0,0,0,1,0,1,0,0,1,0,0,"2"
0.00500086686829381,0.00885739592559787,0.0820283370618941,0.10813704496788,0,0,0,0,0,0,0,1,0,1,0,0,1,0,0,"2"
0.00561345379591994,0.00930026572187777,0.0887397464578673,0.113490364025696,0,0,0,0,0,0,0,1,0,1,0,0,1,0,0,"2"
0.00308605112596559,0.00597874224977857,0.0469798657718121,0.0728051391862955,0,0,0,0,0,0,0,1,0,1,0,0,1,0,0,"2"
0.00356379187455453,0.00930026572187777,0.0566741237882177,0.113490364025696,0,0,0,0,0,0,0,1,0,1,0,0,1,0,0,"2"
0.00439213268864017,0.00620017714791851,0.0693512304250559,0.076017130620985,0,0,0,0,0,0,0,1,0,1,0,0,1,0,0,"2"
0.0030398181502957,0.00398582816651904,0.046234153616704,0.0492505353319058,0,0,0,0,0,0,0,1,0,1,0,0,1,0,0,"2"
0.00288570823139604,0.00398582816651904,0.0484712900820283,0.0492505353319058,0,0,0,0,0,0,0,1,1,0,0,0,1,0,0,"2"
0.00256593014967926,0.00487156775907883,0.0439970171513796,0.0599571734475375,0,0,0,0,0,0,0,1,1,0,0,0,1,0,0,"2"
0.00245034771050452,0.00553587245349867,0.0439970171513796,0.0685224839400428,0,0,0,0,0,0,0,1,1,0,0,0,1,0,0,"2"
0.00738186511529348,0.0112931798051373,0.143922445935869,0.137044967880086,0,0,0,0,0,0,0,1,1,0,0,0,1,0,0,"2"
0.00566739226753482,0.00952170062001772,0.102162565249814,0.115631691648822,0,0,0,0,0,0,0,1,1,0,0,0,1,0,0,"2"
0.00767467396120283,0.0104074402125775,0.137211036539896,0.126338329764454,0,0,0,0,0,0,0,1,0,1,0,0,0,1,0,"2"
0.00435360520891526,0.0106288751107174,0.0820283370618941,0.102783725910064,0,0,0,0,0,0,0,1,0,1,0,0,0,1,0,"2"
0.00439213268864017,0.00730735163861825,0.081282624906786,0.0706638115631692,0,0,0,0,0,0,0,1,0,1,0,0,0,1,0,"2"
0.00198416520583306,0.0141718334809566,0.035048471290082,0.141327623126338,0,0,0,0,0,0,0,1,0,1,0,0,1,0,0,"2"
0.00744350908285334,0.0128432240921169,0.144668158090977,0.124197002141328,0,0,0,0,0,0,0,1,0,1,0,0,1,0,0,"2"
0.00198416520583306,0.0141718334809566,0.035048471290082,0.141327623126338,0,0,0,0,0,0,0,1,0,1,0,0,1,0,0,"2"
0.00744350908285334,0.0128432240921169,0.144668158090977,0.124197002141328,0,0,0,0,0,0,0,1,0,1,0,0,1,0,0,"2"
0.00769008495309279,0.0121789193976971,0.136465324384787,0.115631691648822,0,0,0,0,0,0,0,1,0,1,0,0,1,0,0,"2"
0.00303211265435072,0.00930026572187777,0.0477255779269202,0.0867237687366167,0,0,0,0,0,0,0,1,0,1,0,0,1,0,0,"2"
0.00394136117585868,0.00730735163861825,0.0633855331841909,0.0685224839400428,0,0,0,0,0,0,0,1,1,0,0,0,1,0,0,"2"
0.00712758374910905,0.00597874224977857,0.116331096196868,0.0578158458244111,0,0,0,0,0,0,0,1,1,0,0,0,1,0,0,"2"
0.00154880468494153,0.00465013286093888,0.0216256524981357,0.0471092077087794,0,0,0,0,0,0,0,1,1,0,0,0,1,0,0,"2"
0.00257748839359673,0.0033215234720992,0.0395227442207308,0.0364025695931477,0,0,0,0,0,0,0,1,1,0,0,0,1,0,0,"2"
0.00185317177476835,0.00509300265721878,0.0283370618941089,0.0599571734475375,0,0,0,0,0,0,0,1,1,0,0,0,1,0,0,"2"
0.00628383194313344,0.00664304694419841,0.109619686800895,0.0813704496788009,0,0,0,0,0,0,0,1,1,0,0,0,1,0,0,"2"
0.00315154784149795,0.00620017714791851,0.0514541387024608,0.076017130620985,0,0,0,0,0,0,0,1,1,0,0,0,1,0,0,"2"
0.00135231453834447,0.00310008857395926,0.0201342281879195,0.0385438972162741,0,0,0,0,0,0,0,1,1,0,0,0,1,0,0,"2"
0.00127525957889465,0.00310008857395926,0.0223713646532438,0.0385438972162741,0,0,0,0,0,0,0,1,1,0,0,0,1,0,0,"2"
0.00281250601991871,0.00509300265721878,0.0626398210290828,0.0620985010706638,0,0,0,0,0,0,0,1,1,0,0,0,1,0,0,"2"
0.00252354992198185,0.00553587245349867,0.0559284116331096,0.0685224839400428,0,0,0,0,0,0,0,1,1,0,0,0,1,0,0,"2"
0.00224615206796247,0.00642161204605846,0.052199850857569,0.0792291220556745,0,0,0,0,0,0,0,1,1,0,0,0,1,0,0,"2"
0.00286259174356109,0.00664304694419841,0.0805369127516778,0.0813704496788009,0,0,0,0,0,0,0,1,1,0,0,0,1,0,0,"2"
0.00195334322205313,0.0037643932683791,0.0514541387024608,0.0471092077087794,0,0,0,0,0,0,0,1,1,0,0,0,1,0,0,"2"
0.00141010575793184,0.00442869796279894,0.0372856077554064,0.0546038543897216,0,0,0,0,0,0,0,1,1,0,0,0,1,0,0,"2"
0.000408391285084086,0.00398582816651904,0.00969425801640567,0.0492505353319058,0,0,0,0,0,0,0,1,1,0,0,0,1,0,0,"2"
0.00204195642542043,0.00819309123117803,0.0730797912005966,0.100642398286938,0,0,0,0,0,0,0,1,1,0,0,0,1,0,0,"2"
0.000450771512781491,0.00155004428697963,0.0156599552572707,0.019271948608137,0,0,0,0,0,0,0,1,1,0,0,0,1,0,0,"2"
0.00106721118838011,0.00442869796279894,0.0417598806860552,0.0546038543897216,0,0,0,0,0,0,0,1,1,0,0,0,1,0,0,"2"
0.000577912195873707,0.00199291408325952,0.0223713646532438,0.0256959314775161,0,0,0,0,0,0,0,1,1,0,0,0,1,0,0,"2"
0.00100941996879274,0.00465013286093888,0.046234153616704,0.0578158458244111,0,0,0,0,0,0,0,1,1,0,0,0,1,0,0,"2"
0.00162200689641887,0.00597874224977857,0.0827740492170022,0.0728051391862955,0,0,0,0,0,0,0,1,1,0,0,0,1,0,0,"2"
0.00159503766061143,0.00509300265721878,0.0857568978374347,0.0620985010706638,0,0,0,0,0,0,0,1,1,0,0,0,1,0,0,"2"
0.00127911232686714,0.00265721877767936,0.0753169276659209,0.0331905781584582,0,0,0,0,0,0,0,1,1,0,0,0,1,0,0,"2"
0.00108262218027008,0.00487156775907883,0.0678598061148397,0.0599571734475375,0,0,0,0,0,0,0,1,1,0,0,0,1,0,0,"2"
0.000562501203983741,0.00287865367581931,0.0357941834451902,0.0364025695931477,0,0,0,0,0,0,0,1,1,0,0,0,1,0,0,"2"
0.0012945233187571,0.00996457041629761,0.0820283370618941,0.122055674518201,0,0,0,0,0,0,0,1,1,0,0,0,1,0,0,"2"
0.00189555200246576,0.00664304694419841,0.129008202833706,0.0813704496788009,0,0,0,0,0,0,0,1,1,0,0,0,1,0,0,"2"
0.000897690277590491,0.0037643932683791,0.0536912751677852,0.0471092077087794,0,0,0,0,0,0,0,1,1,0,0,0,1,0,0,"2"
0.000832193562058138,0.0033215234720992,0.0499627143922446,0.0406852248394004,0,0,0,0,0,0,0,1,1,0,0,0,1,0,0,"2"
0.00053167922020381,0.00110717449069973,0.0313199105145414,0.0149892933618844,0,0,0,0,0,0,0,1,1,0,0,0,1,0,0,"2"
0.000315925333744293,0.00155004428697963,0.0186428038777032,0.019271948608137,0,0,0,0,0,0,0,1,1,0,0,0,1,0,0,"2"
0.000416096781029069,0.00265721877767936,0.029082774049217,0.0331905781584582,0,0,0,0,0,0,0,1,1,0,0,0,1,0,0,"2"
0.000843751805975612,0.000885739592559787,0.0663683818046234,0.0117773019271949,0,0,0,0,0,0,0,1,1,0,0,0,1,0,0,"2"
0.00153339369305157,0.0037643932683791,0.126025354213274,0.0471092077087794,0,0,0,0,0,0,0,1,1,0,0,0,1,0,0,"2"
0.00126370133497717,0.00265721877767936,0.0991797166293811,0.0331905781584582,0,0,0,0,0,0,0,1,1,0,0,0,1,0,0,"2"
0.000315925333744293,0.00155004428697963,0.023117076808352,0.019271948608137,0,0,0,0,0,0,0,1,1,0,0,0,1,0,0,"2"
0.00144092774171178,0.00243578387953942,0.116331096196868,0.0299785867237687,0,0,0,0,0,0,0,1,1,0,0,0,1,0,0,"2"
0.000940070505287897,0.0037643932683791,0.0805369127516778,0.0471092077087794,0,0,0,0,0,0,0,1,1,0,0,0,1,0,0,"2"
0.000188784650652078,0.00199291408325952,0.0164056674123788,0.0256959314775161,0,0,0,0,0,0,0,1,1,0,0,0,1,0,0,"2"
0.00139469476604188,0.00907883082373782,0.12751677852349,0.11134903640257,0,0,0,0,0,0,0,1,1,0,0,0,1,0,0,"2"
0.000188784650652078,0.00199291408325952,0.0164056674123788,0.0256959314775161,0,0,0,0,0,0,0,1,1,0,0,0,1,0,0,"2"
0.00139469476604188,0.00907883082373782,0.12751677852349,0.11134903640257,0,0,0,0,0,0,0,1,1,0,0,0,1,0,0,"2"
0.000863015545838069,0.0037643932683791,0.0715883668903803,0.0471092077087794,0,0,0,0,0,0,0,1,1,0,0,0,1,0,0,"2"
0.000967039741095336,0.00819309123117803,0.0753169276659209,0.100642398286938,0,0,0,0,0,0,0,1,1,0,0,0,1,0,0,"2"
0.00112885515593997,0.00597874224977857,0.0827740492170022,0.0728051391862955,0,0,0,0,0,0,0,1,1,0,0,0,1,0,0,"2"
0.00128296507483963,0.00465013286093888,0.0917225950782998,0.0578158458244111,0,0,0,0,0,0,0,1,1,0,0,0,1,0,0,"2"
0.00124443759511472,0.0033215234720992,0.0909768829231916,0.0406852248394004,0,0,0,0,0,0,0,1,1,0,0,0,1,0,0,"2"
0.000712758374910905,0.0037643932683791,0.052199850857569,0.0471092077087794,0,0,0,0,0,0,0,1,1,0,0,0,1,0,0,"2"
0.00135231453834447,0.00398582816651904,0.0954511558538404,0.0492505353319058,0,0,0,0,0,0,0,1,1,0,0,0,1,0,0,"2"
0.00132149255456454,0.00553587245349867,0.0939597315436242,0.0685224839400428,0,0,0,0,0,0,0,1,1,0,0,0,1,0,0,"2"
0.000404538537111595,0.000885739592559787,0.0275913497390007,0.0117773019271949,0,0,0,0,0,0,0,1,1,0,0,0,1,0,0,"2"
0.000801371578278207,0.00177147918511957,0.0536912751677852,0.0224839400428266,0,0,0,0,0,0,0,1,1,0,0,0,1,0,0,"2"
0.00102483096068271,0.00487156775907883,0.0730797912005966,0.0599571734475375,0,0,0,0,0,0,0,1,1,0,0,0,1,0,0,"2"
0.00101712546473772,0.0033215234720992,0.0715883668903803,0.0406852248394004,0,0,0,0,0,0,0,1,1,0,0,0,1,0,0,"2"
0.00025042861821194,0.00287865367581931,0.017151379567487,0.0364025695931477,0,0,0,0,0,0,0,1,1,0,0,0,1,0,0,"2"
0.00190711024638323,0.0117360496014172,0.145413870246085,0.143468950749465,0,0,0,0,0,0,0,1,1,0,0,0,1,0,0,"2"
0.000701200130993431,0.00664304694419841,0.0499627143922446,0.0813704496788009,0,0,0,0,0,0,0,1,1,0,0,0,1,0,0,"2"
0.00104794744851766,0.00509300265721878,0.0790454884414616,0.0620985010706638,0,0,0,0,0,0,0,1,1,0,0,0,1,0,0,"2"
0.00123287935119724,0.00287865367581931,0.0894854586129754,0.0364025695931477,0,0,0,0,0,0,0,1,1,0,0,0,1,0,0,"2"
0.000789813334360733,0.00243578387953942,0.058165548098434,0.0299785867237687,0,0,0,0,0,0,0,1,1,0,0,0,1,0,0,"2"
0.00123673209916973,0.0033215234720992,0.0961968680089485,0.0406852248394004,0,0,0,0,0,0,0,1,1,0,0,0,1,0,0,"2"
0.000843751805975612,0.00597874224977857,0.0604026845637584,0.0728051391862955,0,0,0,0,0,0,0,1,1,0,0,0,1,0,0,"2"
0.000493151740478897,0.0119574844995571,0.035048471290082,0.145610278372591,0,0,0,0,0,0,0,1,1,0,0,0,1,0,0,"2"
0.00103253645662769,0.0037643932683791,0.0775540641312453,0.0471092077087794,0,0,0,0,0,0,0,1,1,0,0,0,1,0,0,"2"
0.00108647492824257,0.00310008857395926,0.081282624906786,0.0385438972162741,0,0,0,0,0,0,0,1,1,0,0,0,1,0,0,"2"
0.00100171447284776,0.00265721877767936,0.0693512304250559,0.0331905781584582,0,0,0,0,0,0,0,1,1,0,0,0,1,0,0,"2"
0.000261986862129414,0.000885739592559787,0.0193885160328113,0.0117773019271949,0,0,0,0,0,0,0,1,1,0,0,0,1,0,0,"2"
0.00104409470054516,0.00110717449069973,0.0827740492170022,0.0149892933618844,0,0,0,0,0,0,0,1,1,0,0,0,1,0,0,"2"
0.00086686829381056,0.0037643932683791,0.0686055182699478,0.0471092077087794,0,0,0,0,0,0,0,1,1,0,0,0,1,0,0,"2"
0.000535531968176302,0.00177147918511957,0.0439970171513796,0.0224839400428266,0,0,0,0,0,0,0,1,1,0,0,0,1,0,0,"2"
0.000720463870855888,0.0033215234720992,0.0611483967188665,0.0406852248394004,0,0,0,0,0,0,0,1,1,0,0,0,1,0,0,"2"
0.00146019148157423,0.00974313551815766,0.131991051454139,0.118843683083512,0,0,0,0,0,0,0,1,1,0,0,0,1,0,0,"2"
0.000477740748588931,0.00420726306465899,0.0402684563758389,0.0513918629550321,0,0,0,0,0,0,0,1,1,0,0,0,1,0,0,"2"
0.00058561769181869,0.00199291408325952,0.0492170022371365,0.0256959314775161,0,0,0,0,0,0,0,1,1,0,0,0,1,0,0,"2"
0.000951628749205371,0.00177147918511957,0.0850111856823266,0.0224839400428266,0,0,0,0,0,0,0,1,1,0,0,0,1,0,0,"2"
0.00041994952900156,0.00155004428697963,0.0380313199105145,0.019271948608137,0,0,0,0,0,0,0,1,1,0,0,0,1,0,0,"2"
0.000994008976902776,0.00265721877767936,0.0969425801640567,0.0331905781584582,0,0,0,0,0,0,0,1,1,0,0,0,1,0,0,"2"
0.00126755408294966,0.00243578387953942,0.112602535421327,0.0299785867237687,0,0,0,0,0,0,0,1,1,0,0,0,1,0,0,"2"
0.0016528288801988,0.00310008857395926,0.142431021625652,0.0385438972162741,0,0,0,0,0,0,0,1,1,0,0,0,1,0,0,"2"
0.000681936391130974,0.00199291408325952,0.0536912751677852,0.0256959314775161,0,0,0,0,0,0,0,1,1,0,0,0,1,0,0,"2"
0.000982450732985302,0.00354295837023915,0.0768083519761372,0.0438972162740899,0,0,0,0,0,0,0,1,1,0,0,0,1,0,0,"2"
0.00137928377415191,0.00442869796279894,0.104399701715138,0.0546038543897216,0,0,0,0,0,0,0,1,1,0,0,0,1,0,0,"2"
0.00105950569243513,0.00177147918511957,0.0805369127516778,0.0224839400428266,0,0,0,0,0,0,0,1,1,0,0,0,1,0,0,"2"
0.000758991350580802,0.00265721877767936,0.0544369873228934,0.0331905781584582,0,0,0,0,0,0,0,1,1,0,0,0,1,0,0,"2"
0.00177996956329102,0.00531443755535872,0.126025354213274,0.0653104925053533,0,0,0,0,0,0,0,1,1,0,0,0,1,0,0,"2"
0.000373716553331664,0.00177147918511957,0.0238627889634601,0.0224839400428266,0,0,0,0,0,0,0,1,1,0,0,0,1,0,0,"2"
0.00115967713971991,0.00465013286093888,0.0760626398210291,0.0578158458244111,0,0,0,0,0,0,0,1,1,0,0,0,1,0,0,"2"
0.00115582439174741,0.00442869796279894,0.0745712155108128,0.0546038543897216,0,0,0,0,0,0,0,1,1,0,0,0,1,0,0,"2"
0.00116738263566489,0.00509300265721878,0.0760626398210291,0.0620985010706638,0,0,0,0,0,0,0,1,1,0,0,0,1,0,0,"2"
0.00107491668432509,0.00575730735163862,0.0730797912005966,0.0706638115631692,0,0,0,0,0,0,0,1,1,0,0,0,1,0,0,"2"
0.00106721118838011,0.00420726306465899,0.0700969425801641,0.0513918629550321,0,0,0,0,0,0,0,1,1,0,0,0,1,0,0,"2"
0.00115197164377492,0.00354295837023915,0.0753169276659209,0.0438972162740899,0,0,0,0,0,0,0,1,1,0,0,0,1,0,0,"2"
0.00131378705861956,0.0037643932683791,0.0879940343027591,0.0471092077087794,0,0,0,0,0,0,0,1,1,0,0,0,1,0,0,"2"
0.00110573866810503,0.0037643932683791,0.0715883668903803,0.0471092077087794,0,0,0,0,0,0,0,1,1,0,0,0,1,0,0,"2"
0.00161430140047389,0.00952170062001772,0.102162565249814,0.115631691648822,0,0,0,0,0,0,0,1,1,0,0,0,1,0,0,"2"
0.000928512261370422,0.0033215234720992,0.0596569724086503,0.0406852248394004,0,0,0,0,0,0,0,1,1,0,0,0,1,0,0,"2"
0.00108647492824257,0.00398582816651904,0.0663683818046234,0.0492505353319058,0,0,0,0,0,0,0,1,1,0,0,0,1,0,0,"2"
0.00233091252335728,0.00509300265721878,0.143922445935869,0.0620985010706638,0,0,0,0,0,0,0,1,1,0,0,0,1,0,0,"2"
0.00134846179037198,0.00398582816651904,0.0753169276659209,0.0492505353319058,0,0,0,0,0,0,0,1,1,0,0,0,1,0,0,"2"
0.000724316618828379,0.00354295837023915,0.0395227442207308,0.0438972162740899,0,0,0,0,0,0,0,1,1,0,0,0,1,0,0,"2"
0.00119820461944482,0.00243578387953942,0.0678598061148397,0.0299785867237687,0,0,0,0,0,0,0,1,1,0,0,0,1,0,0,"2"
0.00157577392074897,0.00509300265721878,0.0879940343027591,0.0620985010706638,0,0,0,0,0,0,0,1,1,0,0,0,1,0,0,"2"
0.000177226406734603,0.00110717449069973,0.00894854586129754,0.0149892933618844,0,0,0,0,0,0,0,1,1,0,0,0,1,0,0,"2"
0.000385274797249138,0.000885739592559787,0.0223713646532438,0.0117773019271949,0,0,0,0,0,0,0,1,1,0,0,0,1,0,0,"2"
0.00118664637552734,0.00199291408325952,0.0745712155108128,0.0256959314775161,0,0,0,0,0,0,0,1,1,0,0,0,1,0,0,"2"
0.00163741788830884,0.00442869796279894,0.10738255033557,0.0546038543897216,0,0,0,0,0,0,0,1,1,0,0,0,1,0,0,"2"
0.0019225212382732,0.00730735163861825,0.118568232662192,0.0899357601713062,0,0,0,0,0,0,0,1,1,0,0,0,1,0,0,"2"
0.000901543025562983,0.00310008857395926,0.0514541387024608,0.0385438972162741,0,0,0,0,0,0,0,1,1,0,0,0,1,0,0,"2"
0.000327483577661767,0.00974313551815766,0.0208799403430276,0.118843683083512,0,0,0,0,0,0,0,1,1,0,0,0,1,0,0,"2"
0.000901543025562983,0.0135075287865368,0.064131245339299,0.164882226980728,0,0,0,0,0,0,0,1,1,0,0,0,1,0,0,"2"
0.000662672651268517,0.0117360496014172,0.046234153616704,0.143468950749465,0,0,0,0,0,0,0,1,1,0,0,0,1,0,0,"2"
0.000597175935736164,0.00974313551815766,0.0439970171513796,0.118843683083512,0,0,0,0,0,0,0,1,1,0,0,0,1,0,0,"2"
0.00162200689641887,0.0141718334809566,0.133482475764355,0.17237687366167,0,0,0,0,0,0,0,1,1,0,0,0,1,0,0,"2"
0.00157962666872147,0.0159433126660762,0.111856823266219,0.193790149892934,0,0,0,0,0,0,0,1,1,0,0,0,1,0,0,"2"
0.00270848182466144,0.0228077945084145,0.171513795674869,0.254817987152034,0,0,0,0,0,0,0,1,0,1,0,0,0,1,0,"2"
0.00213056962878773,0.0212577502214349,0.119313944817301,0.194860813704497,0,0,0,0,0,0,0,1,0,1,0,0,1,0,0,"2"
0.00214212787270521,0.0256864481842338,0.11558538404176,0.204496788008565,0,0,0,0,0,0,0,1,0,1,0,0,1,0,0,"2"
0.00273159831249639,0.0267936226749336,0.144668158090977,0.187366167023555,0,0,0,0,0,0,0,1,0,1,0,0,0,1,0,"2"
0.00235788175916472,0.0241364038972542,0.110365398956003,0.145610278372591,0,0,0,0,0,0,0,1,0,1,0,0,0,1,0,"2"
0.00151412995318911,0.0276793622674934,0.0618941088739746,0.154175588865096,0,0,0,0,0,0,0,1,0,1,0,0,0,1,0,"2"
0.00330180501242511,0.0329937998228521,0.0529455630126771,0.0406852248394004,0,0,0,0,0,0,0,1,0,1,0,0,1,0,0,"2"
0.00285488624761611,0.0369796279893711,0.0454884414615958,0.0460385438972163,0,0,0,0,0,0,0,1,0,1,0,0,1,0,0,"2"
0.00115967713971991,0.0358724534986714,0.017151379567487,0.0449678800856531,0,0,0,0,0,0,0,1,0,1,0,0,1,0,0,"2"
0.0020997476450078,0.0367581930912312,0.0328113348247576,0.0460385438972163,0,0,0,0,0,0,0,1,0,1,0,0,1,0,0,"2"
0.00287414998747857,0.029007971656333,0.046234153616704,0.0524625267665953,0.111111111111111,0,0.142857142857143,0,0,0.00995024875621891,0.01,1,0,1,0,0,1,0,0,"2"
0.00135231453834447,0.0336581045172719,0.0216256524981357,0.0438972162740899,0,0,0,0,0,0,0,1,1,0,0,0,1,0,0,"2"
0.00169135635992372,0.0387511071744907,0.0268456375838926,0.0503211991434689,0,0,0,0,0,0,0,1,1,0,0,0,1,0,0,"2"
0.00115582439174741,0.0403011514614703,0.0178970917225951,0.0524625267665953,0,0,0,0,0,0,0,1,1,0,0,0,1,0,0,"2"
0.00707749802546666,0.115810451727192,0.0372856077554064,0.0588865096359743,0,0,0,0,0,0,0,1,1,0,0,1,1,0,0,"2"
0.00659590452890524,0.116696191319752,0.0343027591349739,0.0588865096359743,0,0,0,0,0,0,0,1,1,0,0,1,1,0,0,"2"
0.00959719519947603,0.115589016829052,0.0514541387024608,0.0588865096359743,0,0,0,0,0,0,0,1,1,0,0,1,1,0,0,"2"
0.00671919246402497,0.0553587245349867,0.0544369873228934,0.0513918629550321,0,0,0,0,0,0,0,1,1,0,0,1,1,0,0,"2"
0.00580609119454451,0.0912311780336581,0.0298284862043251,0.0449678800856531,0,0,0,0,0,0,0,1,1,0,0,1,1,0,0,"2"
0.0304906474542968,0.305358724534987,0.164056674123788,0.153104925053533,0,0,0,0,0,0,0,1,1,0,0,1,1,0,0,"1"
0.039791181059891,0.597652790079717,0.215510812826249,0.302997858672377,0.111111111111111,0,0,0,1,0.497512437810945,0.5,1,1,0,0,1,1,0,0,"2"
0.0146905280191096,0.184455270150576,0.117076808351976,0.170235546038544,0,0,0,0,0,0,0,1,1,0,0,1,1,0,0,"2"
0.0166746932249427,0.153011514614703,0.133482475764355,0.141327623126338,0,0,0,0,0,0,0,1,1,0,0,1,1,0,0,"2"
0.0101519909075148,0.116696191319752,0.0805369127516778,0.105995717344754,0,0,0,0,0,0,0,1,1,0,0,1,1,0,0,"2"
0.0105372657047639,0.112931798051373,0.0835197613721104,0.102783725910064,0.111111111111111,0.125,0,0,0,0.000746268656716418,0.00075,1,1,0,0,1,1,0,0,"2"
0.00988229854944039,0.108945969884854,0.0782997762863535,0.0995717344753747,0,0,0,0,0,0,0,1,1,0,0,1,1,0,0,"2"
0.00894222804415249,0.0531443755535872,0.0700969425801641,0.0460385438972163,0.111111111111111,0.125,0,0,0,0.00174129353233831,0.00175,1,1,0,0,1,1,0,0,"2"
0.010044113964285,0.0854738706820195,0.0887397464578673,0.082441113490364,0,0,0,0,0,0,0,0,1,0,0,1,1,0,0,"2"
0.016316387663501,0.0945527015057573,0.145413870246085,0.0920770877944325,0,0,0,0,0,0,0,0,1,0,0,1,1,0,0,"2"
0.0244495386334303,0.0697519929140833,0.21923937360179,0.0674518201284797,0,0,0,0,0,0,0,0,1,0,0,1,1,0,0,"2"
0.0225848086147445,0.113153232949513,0.202087994034303,0.11134903640257,0,0,0,0,0,0,0,0,1,0,0,1,1,0,0,"2"
0.0119088439829709,0.112931798051373,0.105145413870246,0.110278372591006,0,0,0,0,0,0,0,0,1,0,0,1,1,0,0,"2"
0.0120783648937605,0.0628875110717449,0.106636838180462,0.0599571734475375,0,0,0,0,0,0,0,0,1,0,0,1,1,0,0,"2"
0.0120244264221456,0.111160318866253,0.106636838180462,0.109207708779443,0,0,0,0,0,0,0,0,1,0,0,1,1,0,0,"2"
0.0103715975419468,0.0646589902568645,0.320656226696495,0.0974304068522484,0,0,0,0,0,0,0,0,1,0,0,1,0,1,0,"2"
0.00387586446032633,0.0611160318866253,0.0678598061148397,0.118843683083512,0,0,0,0,0,0,0,1,1,0,0,0,1,0,0,"2"
0.00721234420450386,0.0657661647475642,0.12751677852349,0.12847965738758,0.111111111111111,0,0.142857142857143,0,0,0.00995024875621891,0.01,1,1,0,0,0,1,0,0,"2"
0.00527055922636821,0.0635518157661648,0.0924683072334079,0.124197002141328,0,0,0,0,0,0,0,1,1,0,0,0,1,0,0,"2"
0.00538614166554295,0.037643932683791,0.0432513049962714,0.0331905781584582,0,0,0,0,0,0,0,1,1,0,0,1,1,0,0,"2"
0.00446533490011751,0.0515943312666076,0.0357941834451902,0.0471092077087794,0,0,0,0,0,0,0,1,1,0,0,1,1,0,0,"2"
0.0128681782281212,0.0507085916740478,0.10738255033557,0.0460385438972163,0,0,0,0,0,0,0,1,1,0,0,1,1,0,0,"2"
0.0223806129722024,0.0923383525243578,0.189410887397465,0.0877944325481799,0,0,0,0,0,0,0,1,1,0,0,1,1,0,0,"2"
0.0120552484059255,0.0797165633303809,0.100671140939597,0.0749464668094218,0,0,0,0,0,0,0,1,1,0,0,1,1,0,0,"2"
0.0099208260291653,0.104960141718335,0.0723340790454884,0.0963597430406852,0,0,0,0,0,0,0,1,0,1,0,1,1,0,0,"2"
0.00883820384889522,0.0863596102745793,0.064131245339299,0.0792291220556745,0,0,0,0,0,0,0,1,0,1,0,1,1,0,0,"2"
0.0058561769181869,0.0648804251550044,0.0417598806860552,0.0588865096359743,0,0,0,0,0,0,0,1,0,1,0,1,1,0,0,"2"
0.00537458342162547,0.050044286979628,0.0380313199105145,0.0438972162740899,0,0,0,0,0,0,0,1,0,1,0,1,1,0,0,"2"
0.00360231935427944,0.045837023914969,0.0246085011185682,0.0396145610278373,0,0,0,0,0,0,0,1,0,1,0,1,1,0,0,"2"
0.0139276839205563,0.0794951284322409,0.102908277404922,0.0728051391862955,0,0,0,0,0,0,0,1,0,1,0,1,1,0,0,"2"
0.00942767428868641,0.0719663418954827,0.0686055182699478,0.0653104925053533,0,0,0,0,0,0,0,1,0,1,0,1,1,0,0,"2"
0.0103099535743869,0.0701948627103632,0.0753169276659209,0.063169164882227,0,0,0,0,0,0,0,1,0,1,0,1,1,0,0,"2"
0.00612586927626129,0.0688662533215235,0.0432513049962714,0.0642398286937901,0,0,0,0,0,0,0,1,0,1,0,1,1,0,0,"2"
0.00838357958814124,0.0429583702391497,0.0596569724086503,0.0385438972162741,0,0,0,0,0,0,0,1,0,1,0,1,1,0,0,"2"
0.00493151740478897,0.0440655447298494,0.0343027591349739,0.0396145610278373,0,0,0,0,0,0,0,1,0,1,0,1,1,0,0,"2"
0.0105912041763788,0.0690876882196634,0.0760626398210291,0.0653104925053533,0,0,0,0,0,0,0,1,0,1,0,1,1,0,0,"2"
0.00574444722698465,0.0810451727192205,0.0402684563758389,0.0770877944325482,0.111111111111111,0.125,0,0,0,0.00199004975124378,0.002,1,0,1,0,1,1,0,0,"2"
0.00380266224884899,0.0710806023029229,0.0253542132736764,0.0674518201284797,0,0,0,0,0,0,0,1,0,1,0,1,1,0,0,"2"
0.00727013542409123,0.0662090345438441,0.0514541387024608,0.0620985010706638,0.111111111111111,0,0.142857142857143,0,0,0.00248756218905473,0.0025,1,0,1,0,1,1,0,0,"2"
0.00497004488451388,0.0684233835252436,0.0343027591349739,0.0642398286937901,0,0,0,0,0,0,0,1,0,1,0,1,1,0,0,"2"
0.00572903623509468,0.0901240035429584,0.100671140939597,0.176659528907923,0,0,0,0,0,0,0,1,0,1,0,0,1,0,0,"2"
0.00550557685269018,0.0724092116917626,0.0969425801640567,0.141327623126338,0,0,0,0,0,0,0,1,0,1,0,0,1,0,0,"2"
0.00257748839359673,0.0522586359610275,0.0439970171513796,0.100642398286938,0,0,0,0,0,0,0,1,0,1,0,0,1,0,0,"2"
0.0147675829785595,0.0894596988485385,0.111856823266219,0.0920770877944325,0,0,0,0,0,0,0,1,0,1,0,1,1,0,0,"2"
0.0112808460634548,0.0839238263950399,0.0850111856823266,0.0867237687366167,0,0,0,0,0,0,0,1,0,1,0,1,1,0,0,"2"
0.0137234882780143,0.0673162090345438,0.10365398956003,0.0685224839400428,0,0,0,0,0,0,0,1,0,1,0,1,1,0,0,"2"
0.00881894010903277,0.0870239149689991,0.0656226696495153,0.0899357601713062,0,0,0,0,0,0,0,1,0,1,0,1,1,0,0,"2"
0.00581379669048949,0.0808237378210806,0.0425055928411633,0.0835117773019272,0,0,0,0,0,0,0,1,0,1,0,1,1,0,0,"2"
0.0133497717246826,0.0810451727192205,0.0984340044742729,0.0845824411134904,0,0,0,0,0,0,0,1,0,1,0,1,1,0,0,"2"
0.0326635973107819,0.178255093002657,0.245339299030574,0.190578158458244,0.111111111111111,0.125,0,0,0,0.00199004975124378,0.002,1,0,1,0,1,1,0,0,"2"
0.0175145922829458,0.130425155004429,0.130499627143922,0.138115631691649,0,0,0,0,0,0,0,1,0,1,0,1,1,0,0,"2"
0.0141935235306582,0.0967670504871568,0.105145413870246,0.101713062098501,0,0,0,0,0,0,0,1,0,1,0,1,1,0,0,"2"
0.0111190306486101,0.0978742249778565,0.0820283370618941,0.102783725910064,0.111111111111111,0.125,0,0,0,0.000746268656716418,0.00075,1,0,1,0,1,1,0,0,"2"
0.0085376895070409,0.108724534986714,0.0618941088739746,0.114561027837259,0.111111111111111,0.125,0,0,0,0.00223880597014925,0.00225,1,0,1,0,1,1,0,0,"2"
0.0054978713567452,0.0744021257750221,0.0387770320656227,0.0770877944325482,0.111111111111111,0.125,0,0,0,0.00099502487562189,0.001,1,0,1,0,1,1,0,0,"2"
0.00631080117894088,0.0883525243578388,0.0454884414615958,0.0920770877944325,0,0,0,0,0,0,0,1,0,1,0,1,1,0,0,"2"
0.00547090212093776,0.0604517271922055,0.0961968680089485,0.117773019271949,0,0,0,0,0,0,0,1,0,1,0,0,1,0,0,"2"
0.0046926470304945,0.0637732506643047,0.0820283370618941,0.124197002141328,0,0,0,0,0,0,0,1,0,1,0,0,1,0,0,"2"
0.00425343376163048,0.0648804251550044,0.0745712155108128,0.126338329764454,0,0,0,0,0,0,0,1,0,1,0,0,1,0,0,"2"
0.00169520910789621,0.0453941541186891,0.0283370618941089,0.0877944325481799,0,0,0,0,0,0,0,1,0,1,0,0,1,0,0,"2"
0.00281250601991871,0.0451727192205492,0.0484712900820283,0.0867237687366167,0,0,0,0,0,0,0,1,0,1,0,0,1,0,0,"2"
0.003575350118472,0.0513728963684677,0.0618941088739746,0.0995717344753747,0,0,0,0,0,0,0,1,0,1,0,0,1,0,0,"2"
0.00441139642850263,0.0447298494242693,0.0775540641312453,0.0856531049250535,0.111111111111111,0.125,0,0,0,0.00149253731343284,0.0015,1,0,1,0,0,1,0,0,"2"
0.00384118972857391,0.0533658104517272,0.0671140939597315,0.102783725910064,0,0,0,0,0,0,0,1,0,1,0,0,1,0,0,"2"
0.00225000481593497,0.0398582816651904,0.0410141685309471,0.0802997858672377,0,0,0,0,0,0,0,1,0,1,0,0,1,0,0,"2"
0.00298973242665331,0.0360938883968113,0.0559284116331096,0.0728051391862955,0,0,0,0,0,0,0,1,0,1,0,0,1,0,0,"2"
0.00204966192136541,0.0356510186005314,0.0372856077554064,0.0717344753747323,0,0,0,0,0,0,0,1,0,1,0,0,1,0,0,"2"
0.00282791701180867,0.0283436669619132,0.052199850857569,0.056745182012848,0,0,0,0,0,0,0,1,0,1,0,0,1,0,0,"2"
0.00325557203675522,0.0449512843224092,0.0604026845637584,0.0910064239828694,0,0,0,0,0,0,0,1,0,1,0,0,1,0,0,"2"
0.00425728650960297,0.0440655447298494,0.0797912005965697,0.0899357601713062,0,0,0,0,0,0,0,1,0,1,0,0,1,0,0,"2"
0.00246961145036697,0.0409654561558902,0.0454884414615958,0.082441113490364,0,0,0,0,0,0,0,1,0,1,0,0,1,0,0,"2"
0.00188784650652078,0.0356510186005314,0.0343027591349739,0.0717344753747323,0,0,0,0,0,0,0,1,0,1,0,0,1,0,0,"2"
0.00248502244225694,0.0356510186005314,0.0469798657718121,0.0717344753747323,0,0,0,0,0,0,0,1,0,1,0,0,1,0,0,"2"
0.00222688832810002,0.0383082373782108,0.0417598806860552,0.0770877944325482,0,0,0,0,0,0,0,1,0,1,0,0,1,0,0,"2"
0.00315540058947044,0.0502657218777679,0.0604026845637584,0.102783725910064,0,0,0,0,0,0,0,1,0,1,0,0,1,0,0,"2"
0.00257748839359673,0.0425155004428698,0.0492170022371365,0.0867237687366167,0,0,0,0,0,0,0,1,0,1,0,0,1,0,0,"2"
0.00272389281655141,0.0372010628875111,0.0514541387024608,0.0749464668094218,0,0,0,0,0,0,0,1,0,1,0,0,1,0,0,"2"
0.00334418524012252,0.0496014171833481,0.064131245339299,0.101713062098501,0,0,0,0,0,0,0,1,0,1,0,0,1,0,0,"2"
0.00650343857756545,0.0994242692648361,0.0492170022371365,0.0620985010706638,0,0,0,0,0,0,0,1,0,1,0,1,1,0,0,"2"
0.0084028433280037,0.153454384410983,0.064131245339299,0.0985010706638116,0.111111111111111,0.125,0,0,0,0.000746268656716418,0.00075,1,0,1,0,1,1,0,0,"2"
0.0107992525668933,0.066873339238264,0.0827740492170022,0.0728051391862955,0.111111111111111,0,0.142857142857143,0,0,0.0149253731343284,0.015,1,0,1,0,1,1,0,0,"2"
0.0108300745506733,0.136403897254207,0.0827740492170022,0.153104925053533,0,0,0,0,0,0,0,1,0,1,0,1,1,0,0,"2"
0.00807535975034193,0.0531443755535872,0.0611483967188665,0.0578158458244111,0,0,0,0,0,0,0,1,0,1,0,1,1,0,0,"1"
0.00848760378339851,0.0859167404782994,0.064131245339299,0.0952890792291221,0.222222222222222,0.125,0,0.333333333333333,0,0.0753731343283582,0.075,1,0,1,0,1,1,0,0,"2"
0.00376028202115159,0.0713020372010629,0.0768083519761372,0.15203426124197,0,0,0,0,0,0,0,1,0,1,0,0,1,0,0,"2"
0.00721619695247635,0.0440655447298494,0.0544369873228934,0.0471092077087794,0,0,0,0,0,0,0,1,0,1,0,1,1,0,0,"2"
0.0131995145537555,0.133303808680248,0.101416853094705,0.149892933618844,0,0,0,0,0,0,0,1,0,1,0,1,1,0,0,"2"
0.0059871703492516,0.114038972542073,0.121551081282625,0.179871520342612,0,0,0,0,0,0,0,1,0,1,0,0,1,0,0,"2"
0.00757450251391805,0.0980956598759965,0.156599552572707,0.210920770877944,0,0,0,0,0,0,0,0,0,1,0,0,1,0,0,"2"
0.00445377665620003,0.0726306465899026,0.0909768829231916,0.15524625267666,0,0,0,0,0,0,0,0,0,1,0,0,1,0,0,"2"
0.0066614012444376,0.0611160318866253,0.0484712900820283,0.0685224839400428,0.111111111111111,0.125,0,0,0,0.00149253731343284,0.0015,0,0,1,0,1,1,0,0,"2"
0.0158733216466645,0.0739592559787423,0.119313944817301,0.0845824411134904,0.111111111111111,0,0.142857142857143,0,0,0.00995024875621891,0.01,0,0,1,0,1,1,0,0,"2"
0.0103176590703319,0.0697519929140833,0.0760626398210291,0.0792291220556745,0,0,0,0,0,0,0,0,0,1,0,1,1,0,0,"2"
0.0118356417714935,0.0856953055801594,0.0879940343027591,0.0985010706638116,0,0,0,0,0,0,0,0,0,1,0,1,1,0,0,"2"
0.00790198609157982,0.0602302922940655,0.058165548098434,0.0674518201284797,0,0,0,0,0,0,0,0,0,1,0,1,1,0,0,"2"
0.0182504671456917,0.102745792736935,0.137211036539896,0.117773019271949,0,0,0,0,0,0,0,0,0,1,0,1,1,0,0,"2"
0.0190364277320799,0.114924712134632,0.137956748695004,0.13169164882227,0,0,0,0,0,0,0,0,1,0,0,1,1,0,0,"1"
0.0335805513282349,0.54362267493357,0.276659209545116,0.379014989293362,0.111111111111111,0,0,0.333333333333333,0,0.199004975124378,0.2,0,1,0,0,1,1,0,0,"2"
0.0115428329255842,0.25088573959256,0.093214019388516,0.173447537473233,0,0,0,0,0,0,0,0,1,0,0,1,1,0,0,"2"
0.00908092697116218,0.159211691762622,0.185682326621924,0.252676659528908,0.111111111111111,0.125,0,0,0,0.000746268656716418,0.00075,0,1,0,0,0,1,0,0,"2"
0.00597175935736164,0.120903454384411,0.121551081282625,0.191648822269807,0,0,0,0,0,0,0,0,1,0,0,0,1,0,0,"2"
0.00517038777908343,0.116474756421612,0.0402684563758389,0.0781584582441113,0,0,0,0,0,0,0,0,1,0,0,1,1,0,0,"2"
0.00635318140663828,0.0713020372010629,0.117076808351976,0.120985010706638,0.111111111111111,0.125,0,0,0,0.000746268656716418,0.00075,0,1,0,0,1,1,0,0,"2"
0.00381422049276647,0.0456155890168291,0.0253542132736764,0.0503211991434689,0.111111111111111,0.125,0,0,0,0.00124378109452736,0.00125,0,1,0,0,1,1,0,0,"2"
0.00733563213962359,0.120239149689991,0.064131245339299,0.0899357601713062,0,0,0,0,0,0,0,0,1,0,0,1,1,0,0,"2"
0.0130685211226908,0.189548272807795,0.116331096196868,0.143468950749465,0,0,0,0,0,0,0,0,1,0,0,1,1,0,0,"2"
0.00974745237040319,0.178919397697077,0.0857568978374347,0.135974304068522,0,0,0,0,0,0,0,0,1,0,0,1,1,0,0,"2"
0.00763229373350542,0.0821523472099203,0.0536912751677852,0.100642398286938,0.111111111111111,0,0.142857142857143,0,0,0.0124378109452736,0.0125,0,1,0,0,1,1,0,0,"2"
0.00603725607289399,0.121124889282551,0.052199850857569,0.0899357601713062,0,0,0,0,0,0,0,0,1,0,0,1,1,0,0,"2"
0.00761302999364297,0.0659875996457042,0.0536912751677852,0.0802997858672377,0,0,0,0,0,0,0,0,1,0,0,1,1,0,0,"2"
0.0134961761476373,0.189769707705934,0.120059656972409,0.143468950749465,0,0,0,0,0,0,0,0,1,0,0,1,1,0,0,"2"
0.0102213403710196,0.173383525243578,0.0902311707680835,0.13169164882227,0,0,0,0,0,0,0,0,1,0,0,1,1,0,0,"2"
0.00584847142224191,0.114924712134632,0.118568232662192,0.182012847965739,0,0,0,0,0,0,0,0,1,0,0,0,1,0,0,"2"
0.00413014582651076,0.115589016829052,0.0835197613721104,0.183083511777302,0,0,0,0,0,0,0,0,1,0,0,0,1,0,0,"2"
0.00272389281655141,0.0611160318866253,0.0544369873228934,0.0952890792291221,0,0,0,0,0,0,0,0,1,0,0,0,1,0,0,"2"
0.00571362524320472,0.0535872453498671,0.0372856077554064,0.0578158458244111,0,0,0,0,0,0,0,0,1,0,0,1,1,0,0,"2"
0.00792510257941477,0.0828166519043401,0.0529455630126771,0.0920770877944325,0,0,0,0,0,0,0,0,1,0,0,1,1,0,0,"2"
0.00664984300052012,0.0837023914968999,0.0439970171513796,0.0931477516059957,0,0,0,0,0,0,0,0,1,0,0,1,1,0,0,"2"
0.00490840091695402,0.0770593445527015,0.188665175242356,0.145610278372591,0,0,0,0,0,0,0,0,1,0,0,1,1,0,0,"2"
0.0107530195912234,0.153011514614703,0.0887397464578673,0.105995717344754,0,0,0,0,0,0,0,0,1,0,0,1,1,0,0,"2"
0.0067500144478049,0.122896368467671,0.13944817300522,0.264453961456103,0.111111111111111,0.125,0,0,0,0.000746268656716418,0.00075,0,1,0,0,0,1,0,0,"2"
0.00495078114465142,0.0943312666076174,0.0432513049962714,0.069593147751606,0,0,0,0,0,0,0,0,1,0,0,1,1,0,0,"2"
0.00663443200863016,0.129317980513729,0.0589112602535421,0.0963597430406852,0,0,0,0,0,0,0,0,1,0,0,1,1,0,0,"2"
0.0109841844695729,0.0726306465899026,0.0805369127516778,0.0867237687366167,0.222222222222222,0.125,0.142857142857143,0,0,0.0171641791044776,0.015,0,1,0,0,1,1,0,0,"2"
0.00619136599179365,0.0912311780336581,0.0439970171513796,0.109207708779443,0,0,0,0,0,0,0,0,1,0,0,1,1,0,0,"2"
0.00597175935736164,0.0602302922940655,0.0425055928411633,0.0706638115631692,0,0,0,0,0,0,0,0,1,0,0,1,1,0,0,"2"
0.02013446090424,0.221877767936227,0.1834451901566,0.168094218415418,0,0,0,0,0,0,0,0,1,0,0,1,1,0,0,"2"
0.0172834274045963,0.259078830823738,0.157345264727815,0.197002141327623,0.111111111111111,0.125,0,0,0,0.000497512437810945,5e-04,0,1,0,0,1,1,0,0,"2"
0.00711987825316407,0.1662976085031,0.0663683818046234,0.129550321199143,0,0,0,0,0,0,0,1,1,0,0,1,1,0,0,"2"
0.00467723603860453,0.0996457041629761,0.0961968680089485,0.214132762312634,0,0,0,0,0,0,0,1,1,0,0,0,1,0,0,"2"
0.00644950010595057,0.0699734278122232,0.0507084265473527,0.0845824411134904,0,0,0,0,0,0,0,1,1,0,0,1,1,0,0,"2"
0.00605651981275645,0.0841452612931798,0.0477255779269202,0.102783725910064,0,0,0,0,0,0,0,1,1,0,0,1,1,0,0,"2"
0.00677698368361234,0.062444641275465,0.0536912751677852,0.0749464668094218,0.111111111111111,0.125,0,0,0,0.000746268656716418,0.00075,1,1,0,0,1,1,0,0,"2"
0.00588699890196683,0.0551372896368468,0.046234153616704,0.0663811563169165,0,0,0,0,0,0,0,1,1,0,0,1,1,0,0,"2"
0.00363699408603186,0.0746235606731621,0.0738255033557047,0.159528907922912,0,0,0,0,0,0,0,1,1,0,0,0,1,0,0,"2"
0.00691182986264953,0.0697519929140833,0.142431021625652,0.148822269807281,0,0,0,0,0,0,0,1,1,0,0,0,1,0,0,"2"
0.0030821983779931,0.0659875996457042,0.0626398210290828,0.140256959314775,0,0,0,0,0,0,0,1,1,0,0,0,1,0,0,"2"
0.0033095105083701,0.0575730735163862,0.0671140939597315,0.122055674518201,0,0,0,0,0,0,0,1,1,0,0,0,1,0,0,"2"
0.00270462907668895,0.049822852081488,0.0544369873228934,0.104925053533191,0,0,0,0,0,0,0,1,1,0,0,0,1,0,0,"2"
0.00319007532122286,0.0513728963684677,0.0648769574944072,0.109207708779443,0,0,0,0,0,0,0,1,1,0,0,0,1,0,0,"2"
0.00199572344975053,0.0509300265721878,0.0395227442207308,0.10813704496788,0,0,0,0,0,0,0,1,1,0,0,0,1,0,0,"2"
0.00237329275105469,0.0589016829052259,0.0469798657718121,0.0910064239828694,0,0,0,0,0,0,0,1,1,0,0,0,1,0,0,"2"
0.00233861801930227,0.0409654561558902,0.0469798657718121,0.0856531049250535,0,0,0,0,0,0,0,1,1,0,0,0,1,0,0,"2"
0.00208433665311784,0.0343224092116918,0.0417598806860552,0.0717344753747323,0,0,0,0,0,0,0,1,1,0,0,0,1,0,0,"2"
0.0021883608483751,0.0356510186005314,0.0447427293064877,0.076017130620985,0,0,0,0,0,0,0,1,1,0,0,0,1,0,0,"2"
0.00242337847469708,0.0301151461470328,0.0499627143922446,0.0642398286937901,0,0,0,0,0,0,0,1,1,0,0,0,1,0,0,"2"
0.00278938953208376,0.0467227635075288,0.0574198359433259,0.0728051391862955,0,0,0,0,0,0,0,1,1,0,0,0,1,0,0,"2"
0.0067923946755023,0.029229406554473,0.143922445935869,0.0620985010706638,0,0,0,0,0,0,0,1,1,0,0,0,1,0,0,"2"
0.000211901138487026,0.0172719220549159,0.0104399701715138,0.0728051391862955,0,0,0,0,0,0,0,1,1,0,0,0,1,0,0,"2"
0.000500857236423879,0.012400354295837,0.0253542132736764,0.0524625267665953,0,0,0,0,0,0,0,1,1,0,0,0,1,0,0,"2"
0.000882279285700526,0.0106288751107174,0.017151379567487,0.0203426124197002,0,0,0,0,0,0,0,1,1,0,0,0,1,0,0,"2"
0.00218065535243012,0.0139503985828167,0.0447427293064877,0.0278372591006424,0,0,0,0,0,0,0,1,1,0,0,0,1,0,0,"2"
0.00069734738302094,0.0188219663418955,0.0357941834451902,0.0813704496788009,0,0,0,0,0,0,0,1,1,0,0,0,1,0,0,"2"
0.00235788175916472,0.0163861824623561,0.052199850857569,0.0331905781584582,0,0,0,0,0,0,0,1,1,0,0,0,1,0,0,"2"
0.0010286837086552,0.00952170062001772,0.0216256524981357,0.0182012847965739,0,0,0,0,0,0,0,1,1,0,0,0,1,0,0,"2"
0.00109418042418755,0.0139503985828167,0.0566741237882177,0.0599571734475375,0,0,0,0,0,0,0,1,1,0,0,0,1,0,0,"2"
0.00110188592013253,0.0197077059344553,0.0574198359433259,0.0856531049250535,0,0,0,0,0,0,0,1,1,0,0,0,1,0,0,"2"
0.00149871896129915,0.0507085916740478,0.120805369127517,0.207708779443255,0,0,0,0,0,0,0,1,1,0,0,0,1,0,0,"2"
0.00105565294446264,0.025022143489814,0.0850111856823266,0.101713062098501,0,0,0,0,0,0,0,1,1,0,0,0,1,0,0,"2"
0.002234593824045,0.0135075287865368,0.0492170022371365,0.0267665952890792,0.111111111111111,0,0.142857142857143,0,0,0.00497512437810945,0.005,1,1,0,0,0,1,0,0,"2"
0.00265069060507407,0.00775022143489814,0.064131245339299,0.0160599571734475,0.111111111111111,0.125,0,0,0,0.000746268656716418,0.00075,1,1,0,0,0,1,0,0,"2"
0.00132534530253703,0.0407440212577502,0.117822520507084,0.182012847965739,0,0,0,0,0,0,0,1,1,0,0,0,1,0,0,"2"
0.00395291941977616,0.0285651018600531,0.128262490678598,0.0503211991434689,0,0,0,0,0,0,0,1,1,0,0,1,1,0,0,"2"
0.00335959623201248,0.0533658104517272,0.108873974645787,0.0974304068522484,0,0,0,0,0,0,0,1,1,0,0,1,1,0,0,"2"
0.0010710639363526,0.0199291408325952,0.0164056674123788,0.0310492505353319,0.111111111111111,0,0.142857142857143,0,0,0.00497512437810945,0.005,1,1,0,0,1,1,0,0,"2"
0.00592167363371925,0.0628875110717449,0.193139448173005,0.115631691648822,0,0,0,0,0,0,0,1,1,0,0,1,1,0,0,"2"
0.00578682745468205,0.0363153232949513,0.0454884414615958,0.0406852248394004,0.111111111111111,0,0.142857142857143,0,0,0.00746268656716418,0.0075,1,1,0,0,1,1,0,0,"2"
0.0054092581533779,0.0438441098317095,0.0425055928411633,0.0492505353319058,0,0,0,0,0,0,0,1,1,0,0,1,1,0,0,"2"
0.00311302036177303,0.0296722763507529,0.0238627889634601,0.0321199143468951,0,0,0,0,0,0,0,1,1,0,0,1,1,0,0,"2"
0.00626456820327098,0.0325509300265722,0.0507084265473527,0.0353319057815846,0.111111111111111,0.125,0,0,0,0.00199004975124378,0.002,1,1,0,0,1,1,0,0,"2"
0.0032170445570303,0.0263507528786537,0.0246085011185682,0.0278372591006424,0,0,0,0,0,0,0,1,1,0,0,1,1,0,0,"2"
0.00269307083277147,0.0270150575730735,0.0201342281879195,0.0289079229122056,0,0,0,0,0,0,0,1,1,0,0,1,1,0,0,"2"
0.00580223844657202,0.0394154118689105,0.0469798657718121,0.0438972162740899,0.111111111111111,0.125,0,0,0,0.00124378109452736,0.00125,1,1,0,0,1,1,0,0,"2"
0.008491456531371,0.04162976085031,0.0700969425801641,0.0460385438972163,0.111111111111111,0,0.142857142857143,0,0,0.00497512437810945,0.005,1,1,0,0,1,1,0,0,"2"
0.00678468917955732,0.04185119574845,0.0551826994780015,0.0471092077087794,0,0,0,0,0,0,0,1,1,0,0,1,1,0,0,"2"
0.00629153743907842,0.0467227635075288,0.0514541387024608,0.0524625267665953,0.111111111111111,0,0.142857142857143,0,0,0.0149253731343284,0.015,1,1,0,0,1,1,0,0,"2"
0.0149178401494866,0.142825509300266,0.264727815063386,0.249464668094218,0,0,0,0,0,0,0,1,1,0,0,1,1,0,0,"2"
0.0105719404365163,0.0639946855624446,0.0924683072334079,0.0770877944325482,0,0,0,0,0,0,0,1,1,0,0,1,1,0,0,"2"
0.00816012020573674,0.0476085031000886,0.0708426547352722,0.056745182012848,0,0,0,0,0,0,0,1,1,0,0,1,1,0,0,"2"
0.00441910192444761,0.0363153232949513,0.0372856077554064,0.0428265524625268,0,0,0,0,0,0,0,1,1,0,0,1,1,0,0,"2"
0.00471961626630194,0.0651018600531444,0.146905294556301,0.125267665952891,0,0,0,0,0,0,0,1,1,0,0,1,1,0,0,"2"
0.00722390244842134,0.0471656333038087,0.0618941088739746,0.056745182012848,0,0,0,0,0,0,0,1,1,0,0,1,1,0,0,"2"
0.00535531968176302,0.0349867139061116,0.131991051454139,0.0813704496788009,0,0,0,0,0,0,0,1,1,0,0,0,1,0,0,"2"
0.00476584924197184,0.0270150575730735,0.117076808351976,0.0620985010706638,0,0,0,0,0,0,0,1,1,0,0,0,1,0,0,"2"
0.00269692358074397,0.049822852081488,0.0439970171513796,0.082441113490364,0,0,0,0,0,0,0,1,1,0,0,1,1,0,0,"2"
0.0022808267997149,0.0281222320637733,0.0186428038777032,0.0342612419700214,0,0,0,0,0,0,0,1,1,0,0,1,1,0,0,"2"
0.00681936391130974,0.0961027457927369,0.114839671886652,0.162740899357602,0,0,0,0,0,0,0,1,1,0,0,1,1,0,0,"2"
0.00785960586388241,0.158325952170062,0.132736763609247,0.270877944325482,0,0,0,0,0,0,0,1,1,0,0,1,1,0,0,"2"
0.00890370056442758,0.0580159433126661,0.0805369127516778,0.0738758029978587,0.111111111111111,0.125,0,0,0,0.00223880597014925,0.00225,1,1,0,0,1,1,0,0,"2"
0.00538228891757046,0.111160318866253,0.0902311707680835,0.189507494646681,0,0,0,0,0,0,0,1,1,0,0,1,1,0,0,"2"
0.00924659513397931,0.0431798051372896,0.0835197613721104,0.0546038543897216,0,0,0,0,0,0,0,1,1,0,0,1,1,0,0,"2"
0.00588699890196683,0.0921169176262179,0.0991797166293811,0.156316916488223,0,0,0,0,0,0,0,1,1,0,0,1,1,0,0,"2"
0.0128912947159562,0.130203720106289,0.216256524981357,0.221627408993576,0,0,0,0,0,0,0,1,1,0,0,1,1,0,0,"2"
0.0148176687022018,0.163640389725421,0.248322147651007,0.28051391862955,0.111111111111111,0,0.142857142857143,0,0,0.0174129353233831,0.0175,1,1,0,0,1,1,0,0,"2"
0.00436901620080522,0.111381753764393,0.0715883668903803,0.189507494646681,0,0,0,0,0,0,0,1,1,0,0,1,1,0,0,"2"
0.00447689314403498,0.0389725420726306,0.0425055928411633,0.0524625267665953,0.111111111111111,0.125,0,0,0,0.00174129353233831,0.00175,1,1,0,0,1,1,0,0,"2"
0.0048698734372291,0.0445084145261293,0.0469798657718121,0.0610278372591006,0,0,0,0,0,0,0,1,1,0,0,1,1,0,0,"2"
0.007597619001753,0.116253321523472,0.126025354213274,0.198072805139186,0,0,0,0,0,0,0,1,1,0,0,1,1,0,0,"2"
0.0047388800061644,0.0885739592559787,0.0782997762863535,0.149892933618844,0,0,0,0,0,0,0,1,1,0,0,1,1,0,0,"2"
0.00878426537728035,0.0730735163861825,0.0865026099925429,0.101713062098501,0,0,0,0,0,0,0,1,1,0,0,1,1,0,0,"2"
0.00432278322513533,0.104074402125775,0.0671140939597315,0.162740899357602,0,0,0,0,0,0,0,1,0,1,0,1,0,1,0,"2"
0.00565198127564485,0.0529229406554473,0.0574198359433259,0.0770877944325482,0,0,0,0,0,0,0,1,0,1,0,1,1,0,0,"2"
0.00696191558629192,0.0899025686448184,0.108873974645787,0.140256959314775,0,0,0,0,0,0,0,1,0,1,0,1,0,1,0,"2"
0.00739727610718345,0.112267493356953,0.116331096196868,0.176659528907923,0,0,0,0,0,0,0,1,0,1,0,1,0,1,0,"2"
0.00637244514650074,0.0896811337466785,0.0999254287844892,0.140256959314775,0,0,0,0,0,0,0,1,0,1,0,1,0,1,0,"2"
0.00472732176224692,0.0761736049601417,0.0730797912005966,0.118843683083512,0,0,0,0,0,0,0,1,0,1,0,1,0,1,0,"2"
0.00794436631927722,0.062444641275465,0.081282624906786,0.0910064239828694,0,0,0,0,0,0,0,1,0,1,0,1,1,0,0,"2"
0.00475043825008187,0.0409654561558902,0.0477255779269202,0.0588865096359743,0,0,0,0,0,0,0,1,0,1,0,1,1,0,0,"2"
0.0024118202307796,0.0602302922940655,0.0335570469798658,0.0856531049250535,0,0,0,0,0,0,0,1,0,1,0,1,0,1,0,"2"
0.00288956097936853,0.054030115146147,0.0402684563758389,0.076017130620985,0,0,0,0,0,0,0,1,0,1,0,1,0,1,0,"2"
0.0033095105083701,0.0551372896368468,0.046234153616704,0.0781584582441113,0,0,0,0,0,0,0,1,0,1,0,1,0,1,0,"2"
0.00419178979407062,0.0719663418954827,0.0596569724086503,0.102783725910064,0,0,0,0,0,0,0,1,0,1,0,1,0,1,0,"2"
0.0061682495039587,0.0885739592559787,0.0887397464578673,0.127408993576017,0,0,0,0,0,0,0,1,0,1,0,1,0,1,0,"2"
0.0149409566373216,0.152125775022144,0.218493661446682,0.220556745182013,0.111111111111111,0,0.142857142857143,0,0,0.00497512437810945,0.005,1,0,1,0,1,0,1,0,"2"
0.0139199784246114,0.181576616474756,0.203579418344519,0.264453961456103,0.111111111111111,0,0.142857142857143,0,0,0.0199004975124378,0.02,1,0,1,0,1,0,1,0,"2"
0.00913101269480457,0.119131975199291,0.132736763609247,0.17237687366167,0,0,0,0,0,0,0,1,0,1,0,1,0,1,0,"2"
0.00673845620388742,0.110274579273694,0.0984340044742729,0.159528907922912,0,0,0,0,0,0,0,1,0,1,0,1,0,1,0,"2"
0.00759376625378051,0.045837023914969,0.087248322147651,0.0792291220556745,0,0,0,0,0,0,0,1,0,1,0,1,1,0,0,"2"
0.00489298992506405,0.0467227635075288,0.0551826994780015,0.0813704496788009,0,0,0,0,0,0,0,1,0,1,0,1,1,0,0,"2"
0.0101134634277899,0.12555358724535,0.149142431021626,0.183083511777302,0,0,0,0,0,0,0,1,0,1,0,1,0,1,0,"2"
0.0099208260291653,0.131310894596988,0.146159582401193,0.191648822269807,0,0,0,0,0,0,0,1,0,1,0,1,0,1,0,"2"
0.00953169848394367,0.134410983170948,0.140193885160328,0.19593147751606,0,0,0,0,0,0,0,1,0,1,0,1,0,1,0,"2"
0.00741268709907341,0.0478299379982285,0.0850111856823266,0.082441113490364,0.111111111111111,0,0.142857142857143,0,0,0.00746268656716418,0.0075,1,0,1,0,1,1,0,0,"2"
0.011157558128335,0.145704162976085,0.164802386278896,0.213062098501071,0.111111111111111,0.125,0,0,0,0.000746268656716418,0.00075,1,0,1,0,1,0,1,0,"2"
0.0153609061663231,0.183569530558016,0.217747949291573,0.26017130620985,0,0,0,0,0,0,0,1,0,1,0,1,0,1,0,"2"
0.0111036196567202,0.145482728077945,0.156599552572707,0.205567451820128,0,0,0,0,0,0,0,1,0,1,0,1,0,1,0,"2"
0.00838357958814124,0.0622232063773251,0.100671140939597,0.117773019271949,0.111111111111111,0,0.142857142857143,0,0,0.00995024875621891,0.01,1,0,1,0,1,1,0,0,"2"
0.005809943942517,0.0429583702391497,0.0693512304250559,0.0802997858672377,0,0,0,0,0,0,0,1,0,1,0,1,1,0,0,"2"
0.00387201171235384,0.0717449069973428,0.0529455630126771,0.0995717344753747,0,0,0,0,0,0,0,1,0,1,0,1,0,1,0,"2"
0.00314384234555297,0.0755093002657219,0.0425055928411633,0.104925053533191,0,0,0,0,0,0,0,1,0,1,0,1,0,1,0,"2"
0.0106220261601587,0.0670947741364039,0.282624906785981,0.159528907922912,0,0,0,0,0,0,0,1,0,1,0,1,1,0,0,"2"
0.0125715166342394,0.267271922054916,0.33482475764355,0.644539614561028,0,0,0,0,0,0,0,1,0,1,0,1,0,1,0,"2"
0.00423417002176803,0.141054030115146,0.111856823266219,0.369379014989293,0,0,0,0,0,0,0,1,0,1,0,1,1,0,0,"2"
0.00602569782897652,0.0611160318866253,0.0775540641312453,0.0770877944325482,0.111111111111111,0,0.142857142857143,0,0,0.00746268656716418,0.0075,1,0,1,0,1,0,1,0,"2"
0.00409547109475834,0.0511514614703277,0.052199850857569,0.0642398286937901,0,0,0,0,0,0,0,1,0,1,0,1,0,1,0,"2"
0.010263720598717,0.128653675819309,0.133482475764355,0.167023554603854,0.222222222222222,0.25,0,0,0,0.00348258706467662,0.002,1,0,1,0,1,0,1,0,"2"
0.0103484810541118,0.113374667847653,0.134973900074571,0.146680942184154,0,0,0,0,0,0,0,1,0,1,0,1,0,1,0,"2"
0.00633391766677583,0.0467227635075288,0.0730797912005966,0.0910064239828694,0,0,0,0,0,0,0,1,0,1,0,1,1,0,0,"2"
0.00518194602300091,0.0788308237378211,0.0663683818046234,0.100642398286938,0,0,0,0,0,0,0,1,0,1,0,1,0,1,0,"2"
0.00913871819074955,0.115810451727192,0.118568232662192,0.149892933618844,0,0,0,0,0,0,0,1,0,1,0,1,0,1,0,"2"
0.00805224326250698,0.106510186005314,0.101416853094705,0.132762312633833,0.111111111111111,0.125,0,0,0,0.000497512437810945,5e-04,1,0,1,0,1,0,1,0,"2"
0.0120359846660631,0.160318866253322,0.152870991797166,0.201284796573876,0.222222222222222,0.125,0.142857142857143,0,0,0.0236318407960199,0.0225,1,0,1,0,1,0,1,0,"2"
0.00875729614147291,0.134189548272808,0.111111111111111,0.168094218415418,0,0,0,0,0,0,0,1,0,1,0,1,0,1,0,"2"
0.00962416443528347,0.0535872453498671,0.117822520507084,0.115631691648822,0.222222222222222,0.125,0.142857142857143,0,0,0.0236318407960199,0.0225,1,0,1,0,1,1,0,0,"2"
0.0049623393885689,0.0961027457927369,0.0618941088739746,0.119914346895075,0,0,0,0,0,0,0,1,0,1,0,1,0,1,0,"2"
0.00391824468802373,0.0673162090345438,0.0484712900820283,0.082441113490364,0,0,0,0,0,0,0,1,0,1,0,1,0,1,0,"2"
0.00801756853075456,0.120460584588131,0.205070842654735,0.352248394004283,0,0,0,0,0,0,0,1,0,1,0,1,0,1,0,"2"
0.00358690836238947,0.0843666961913198,0.0439970171513796,0.104925053533191,0,0,0,0,0,0,0,1,0,1,0,1,0,1,0,"2"
0.0160428425574541,0.213463241806909,0.193885160328113,0.255888650963597,0,0,0,0,0,0,0,1,0,1,0,1,1,0,0,"2"
0.00871106316580301,0.106067316209035,0.214019388516033,0.28051391862955,0,0,0,0,0,0,0,1,0,1,0,1,1,0,0,"2"
0.00601413958505904,0.0677590788308237,0.146905294556301,0.177730192719486,0,0,0,0,0,0,0,1,0,1,0,1,1,0,0,"2"
0.00575215272292963,0.106731620903454,0.0678598061148397,0.126338329764454,0,0,0,0,0,0,0,1,0,1,0,1,1,0,0,"2"
0.0103099535743869,0.100974313551816,0.253542132736764,0.266595289079229,0,0,0,0,0,0,0,1,0,1,0,1,1,0,0,"2"
0.00444221841228256,0.106067316209035,0.0514541387024608,0.125267665952891,0,0,0,0,0,0,0,1,0,1,0,1,1,0,0,"2"
0.0094739072643563,0.12466784765279,0.113348247576435,0.147751605995717,0,0,0,0,0,0,0,1,0,1,0,1,1,0,0,"2"
0.00557492631619503,0.0717449069973428,0.0656226696495153,0.0835117773019272,0,0,0,0,0,0,0,1,0,1,0,1,1,0,0,"2"
0.00389512820018878,0.0868024800708592,0.197613721103654,0.37152034261242,0,0,0,0,0,0,0,1,0,1,0,0,1,0,0,"2"
0.00307064013407563,0.0890168290522586,0.272930648769575,0.400428265524625,0,0,0,0,0,0,0,1,0,1,0,0,1,0,0,"2"
0.00609890004045385,0.037422497785651,0.0700969425801641,0.0802997858672377,0,0,0,0,0,0,0,1,0,1,0,1,1,0,0,"2"
0.0129144112037911,0.16829052258636,0.143922445935869,0.185224839400428,0.111111111111111,0.125,0,0,0,0.00174129353233831,0.00175,1,0,1,0,1,1,0,0,"2"
0.0126601298376067,0.217006200177148,0.140939597315436,0.23982869379015,0,0,0,0,0,0,0,1,0,1,0,1,1,0,0,"2"
0.00868409392999557,0.152568644818423,0.0954511558538404,0.167023554603854,0.222222222222222,0.25,0,0,0,0.00099502487562189,0.00075,1,0,1,0,1,1,0,0,"2"
0.0122132110727977,0.169840566873339,0.291573452647278,0.437901498929336,0,0,0,0,0,0,0,1,0,1,0,1,0,1,0,"1"
0.00648802758567548,0.100310008857396,0.0708426547352722,0.109207708779443,0.111111111111111,0,0,0.333333333333333,0,0.0746268656716418,0.075,1,0,1,0,1,1,0,0,"2"
0.00530908670609312,0.111824623560673,0.0551826994780015,0.114561027837259,0,0,0,0,0,0,0,0,0,1,0,1,1,0,0,"2"
0.00702741230182428,0.117803365810452,0.0738255033557047,0.120985010706638,0,0,0,0,0,0,0,0,0,1,0,1,1,0,0,"2"
0.00744350908285334,0.130425155004429,0.0782997762863535,0.133832976445396,0,0,0,0,0,0,0,0,0,1,0,1,1,0,0,"2"
0.00816782570168172,0.156775907883082,0.0857568978374347,0.161670235546039,0.111111111111111,0,0.142857142857143,0,0,0.00497512437810945,0.005,0,0,1,0,1,1,0,0,"2"
0.00901157750765734,0.1651904340124,0.0954511558538404,0.170235546038544,0,0,0,0,0,0,0,0,0,1,0,1,1,0,0,"2"
0.0068848606268421,0.114260407440213,0.0723340790454884,0.116702355460385,0,0,0,0,0,0,0,0,0,1,0,1,1,0,0,"2"
0.00663057926065766,0.106953055801594,0.0693512304250559,0.109207708779443,0,0,0,0,0,0,0,0,0,1,0,1,1,0,0,"2"
0.0067923946755023,0.12533215234721,0.0708426547352722,0.12847965738758,0,0,0,0,0,0,0,0,0,1,0,1,1,0,0,"2"
0.00966269191500838,0.130646589902569,0.100671140939597,0.12847965738758,0,0,0,0,0,0,0,0,0,1,0,1,1,0,0,"2"
0.0123827319835873,0.155004428697963,0.129008202833706,0.153104925053533,0,0,0,0,0,0,0,0,0,1,0,1,1,0,0,"2"
0.00834890485638882,0.0642161204605846,0.0976882923191648,0.132762312633833,0,0,0,0,0,0,0,0,0,1,0,1,1,0,0,"2"
0.00754368053013812,0.0633303808680248,0.161819537658464,0.142398286937901,0,0,0,0,0,0,0,0,0,1,0,1,0,1,0,"1"
0.00856080599487584,0.0741806908768822,0.100671140939597,0.154175588865096,0.111111111111111,0,0,0.333333333333333,0,0.0248756218905473,0.025,0,0,1,0,1,1,0,0,"2"
0.0057637109668471,0.136403897254207,0.0589112602535421,0.133832976445396,0,0,0,0,0,0,0,0,0,1,0,1,1,0,0,"2"
0.00883049835295024,0.147697077059345,0.0917225950782998,0.145610278372591,0,0,0,0,0,0,0,0,0,1,0,1,1,0,0,"2"
0.00722390244842134,0.129539415411869,0.0745712155108128,0.127408993576017,0,0,0,0,0,0,0,0,0,1,0,1,1,0,0,"2"
0.00346362042726975,0.112710363153233,0.0335570469798658,0.107066381156317,0,0,0,0,0,0,0,0,0,1,0,1,1,0,0,"2"
0.00408006010286837,0.0808237378210806,0.20730797912006,0.345824411134904,0,0,0,0,0,0,0,0,0,1,0,0,1,0,0,"2"
0.00421490628190557,0.0695305580159433,0.214019388516033,0.296573875802998,0,0,0,0,0,0,0,0,0,1,0,0,1,0,0,"2"
0.00744736183082584,0.099867139061116,0.0753169276659209,0.0942184154175589,0.111111111111111,0.125,0,0,0,0.00149253731343284,0.0015,0,0,1,0,1,1,0,0,"2"
0.00816782570168172,0.0564658990256864,0.0961968680089485,0.113490364025696,0,0,0,0,0,0,0,0,0,1,0,1,1,0,0,"2"
0.00504709984396371,0.0436226749335695,0.058165548098434,0.0867237687366167,0,0,0,0,0,0,0,0,0,1,0,1,1,0,0,"2"
0.00526670647839572,0.0558015943312666,0.0611483967188665,0.112419700214133,0,0,0,0,0,0,0,0,0,1,0,1,1,0,0,"2"
0.0128296507483963,0.16541186891054,0.131991051454139,0.158458244111349,0,0,0,0,0,0,0,0,0,1,0,1,1,0,0,"2"
0.0177149351775154,0.20814880425155,0.180462341536167,0.19593147751606,0,0,0,0,0,0,0,1,0,1,0,1,1,0,0,"2"
0.010726050355416,0.0735163861824624,0.126771066368382,0.144539614561028,0,0,0,0,0,0,0,1,0,1,0,1,1,0,0,"2"
0.00674230895185991,0.119796279893711,0.0671140939597315,0.11134903640257,0,0,0,0,0,0,0,1,0,1,0,1,1,0,0,"2"
0.00653040781337289,0.104960141718335,0.0648769574944072,0.0974304068522484,0,0,0,0,0,0,0,1,0,1,0,1,1,0,0,"2"
0.00389898094816128,0.095659875996457,0.0380313199105145,0.0877944325481799,0,0,0,0,0,0,0,1,0,1,0,1,1,0,0,"2"
0.0056750977634798,0.108503100088574,0.0559284116331096,0.100642398286938,0,0,0,0,0,0,0,1,0,1,0,1,1,0,0,"2"
0.00903854674346478,0.120460584588131,0.0909768829231916,0.112419700214133,0,0,0,0,0,0,0,1,0,1,0,1,1,0,0,"2"
0.0131031958544432,0.0899025686448184,0.155108128262491,0.177730192719486,0.333333333333333,0.25,0.142857142857143,0,0,0.01318407960199,0.01,1,0,1,0,1,1,0,0,"2"
0.0100248502244226,0.075066430469442,0.117822520507084,0.144539614561028,0.111111111111111,0.125,0,0,0,0.00099502487562189,0.001,1,0,1,0,1,1,0,0,"2"
0.00426113925757547,0.119796279893711,0.0410141685309471,0.110278372591006,0,0,0,0,0,0,0,1,0,1,0,1,1,0,0,"2"
0.00451927337173239,0.0440655447298494,0.0514541387024608,0.0835117773019272,0,0,0,0,0,0,0,1,0,1,0,1,1,0,0,"2"
0.00464256130685211,0.0794951284322409,0.0447427293064877,0.0717344753747323,0,0,0,0,0,0,0,1,0,1,0,1,1,0,0,"2"
0.00465411955076959,0.0772807794508415,0.0536912751677852,0.149892933618844,0,0,0,0,0,0,0,1,0,1,0,1,1,0,0,"2"
0.00573288898306717,0.0586802480070859,0.0663683818046234,0.112419700214133,0,0,0,0,0,0,0,1,0,1,0,1,1,0,0,"2"
0.0169713548188245,0.21014171833481,0.171513795674869,0.197002141327623,0,0,0,0,0,0,0,1,0,1,0,1,1,0,0,"2"
0.0125484001464044,0.104960141718335,0.148396718866518,0.204496788008565,0.111111111111111,0.125,0,0,0,0.00199004975124378,0.002,1,0,1,0,1,1,0,0,"2"
0.00669222322821753,0.141939769707706,0.0648769574944072,0.127408993576017,0.111111111111111,0.125,0,0,0,0.000746268656716418,0.00075,1,0,1,0,1,1,0,0,"2"
0.00490840091695402,0.103852967227635,0.0991797166293811,0.157387580299786,0.111111111111111,0.125,0,0,0,0.000497512437810945,5e-04,1,0,1,0,0,1,0,0,"2"
0.00468494153454952,0.0910097431355182,0.0947054436987323,0.137044967880086,0.111111111111111,0.125,0,0,0,0.000497512437810945,5e-04,1,0,1,0,0,1,0,0,"2"
0.00227697405174241,0.0724092116917626,0.0447427293064877,0.10813704496788,0,0,0,0,0,0,0,1,0,1,0,0,1,0,0,"2"
0.00360231935427944,0.0768379096545616,0.0723340790454884,0.115631691648822,0,0,0,0,0,0,0,1,0,1,0,0,1,0,0,"2"
0.0041571150623182,0.0622232063773251,0.0835197613721104,0.0931477516059957,0,0,0,0,0,0,0,1,0,1,0,0,1,0,0,"2"
0.00295891044287338,0.0639946855624446,0.0589112602535421,0.0952890792291221,0,0,0,0,0,0,0,1,0,1,0,0,1,0,0,"2"
0.00359461385833446,0.0267936226749336,0.0879940343027591,0.0620985010706638,0.111111111111111,0.125,0,0,0,0.00099502487562189,0.001,1,0,1,0,0,1,0,0,"2"
0.00351370615091214,0.0608945969884854,0.0700969425801641,0.0910064239828694,0,0,0,0,0,0,0,1,1,0,0,0,1,0,0,"2"
0.00211515863689777,0.0573516386182462,0.0417598806860552,0.0856531049250535,0.111111111111111,0.125,0,0,0,0.000746268656716418,0.00075,1,1,0,0,0,1,0,0,"2"
0.00189940475043825,0.0272364924712135,0.0507084265473527,0.0717344753747323,0,0,0,0,0,0,0,1,1,0,0,0,1,0,0,"2"
0.00278553678411127,0.0221434898139947,0.0753169276659209,0.0578158458244111,0,0,0,0,0,0,0,1,1,0,0,0,1,0,0,"2"
0.00207277840920036,0.0489371124889283,0.0559284116331096,0.13169164882227,0,0,0,0,0,0,0,1,1,0,0,0,1,0,0,"2"
0.00418793704609813,0.0752878653675819,0.0842654735272185,0.112419700214133,0.111111111111111,0.125,0,0,0,0.00124378109452736,0.00125,1,1,0,0,0,1,0,0,"2"
0.00124058484714222,0.0212577502214349,0.0328113348247576,0.0556745182012848,0,0,0,0,0,0,0,1,1,0,0,0,1,0,0,"2"
0.00108262218027008,0.0172719220549159,0.0283370618941089,0.0449678800856531,0,0,0,0,0,0,0,1,1,0,0,0,1,0,0,"2"
0.00324016104486525,0.0225863596102746,0.0879940343027591,0.0620985010706638,0,0,0,0,0,0,0,1,1,0,0,0,1,0,0,"2"
0.0028163587678912,0.029007971656333,0.0760626398210291,0.0813704496788009,0,0,0,0,0,0,0,1,1,0,0,0,1,0,0,"2"
0.00245420045847701,0.0212577502214349,0.0663683818046234,0.0588865096359743,0,0,0,0,0,0,0,1,1,0,0,0,1,0,0,"2"
0.00221147733621005,0.0221434898139947,0.0589112602535421,0.0610278372591006,0,0,0,0,0,0,0,1,1,0,0,0,1,0,0,"2"
0.00265069060507407,0.0183790965456156,0.0715883668903803,0.0503211991434689,0,0,0,0,0,0,0,1,1,0,0,0,1,0,0,"2"
0.00181464429504344,0.0310008857395926,0.035048471290082,0.0428265524625268,0,0,0,0,0,0,0,1,1,0,0,0,1,0,0,"2"
0.00325171928878272,0.0177147918511957,0.0879940343027591,0.0481798715203426,0.222222222222222,0.125,0.142857142857143,0,0,0.00646766169154229,0.005,1,1,0,0,0,1,0,0,"2"
0.001340756294427,0.0181576616474756,0.035048471290082,0.0492505353319058,0,0,0,0,0,0,0,1,1,0,0,0,1,0,0,"2"
0.00244649496253203,0.0356510186005314,0.0492170022371365,0.0513918629550321,0,0,0,0,0,0,0,1,0,1,0,0,1,0,0,"2"
0.000732022114773362,0.0283436669619132,0.0134228187919463,0.0406852248394004,0,0,0,0,0,0,0,1,0,1,0,0,1,0,0,"2"
0.00154880468494153,0.0143932683790965,0.0417598806860552,0.0396145610278373,0,0,0,0,0,0,0,1,0,1,0,0,1,0,0,"2"
0.00133305079848202,0.0179362267493357,0.0126771066368382,0.0310492505353319,0,0,0,0,0,0,0,1,0,1,0,1,1,0,0,"2"
0.00240411473483462,0.0221434898139947,0.0253542132736764,0.0385438972162741,0,0,0,0,0,0,0,1,0,1,0,1,1,0,0,"2"
0.00292038296314847,0.0555801594331267,0.0275913497390007,0.0385438972162741,0,0,0,0,0,0,0,1,0,1,0,1,1,0,0,"2"
0.00301284891448826,0.0389725420726306,0.0320656226696495,0.0706638115631692,0,0,0,0,0,0,0,1,0,1,0,1,1,0,0,"2"
0.00332106875228757,0.0383082373782108,0.0357941834451902,0.069593147751606,0,0,0,0,0,0,0,1,0,1,0,1,1,0,0,"2"
0.00416867330623567,0.0296722763507529,0.114839671886652,0.0856531049250535,0.111111111111111,0.125,0,0,0,0.000497512437810945,5e-04,1,0,1,0,0,1,0,0,"2"
0.00376413476912408,0.0799379982285208,0.0775540641312453,0.119914346895075,0.111111111111111,0,0.142857142857143,0,0,0.0199004975124378,0.02,1,0,1,0,0,1,0,0,"2"
0.00253896091387182,0.0356510186005314,0.0693512304250559,0.102783725910064,0,0,0,0,0,0,0,1,0,1,0,0,1,0,0,"2"
0.00220377184026507,0.0677590788308237,0.0439970171513796,0.101713062098501,0,0,0,0,0,0,0,1,0,1,0,0,1,0,0,"2"
0.00478511298183429,0.070637732506643,0.0991797166293811,0.105995717344754,0,0,0,0,0,0,0,1,0,1,0,0,1,0,0,"2"
0.00335959623201248,0.0615589016829052,0.0686055182699478,0.0920770877944325,0,0,0,0,0,0,0,1,0,1,0,0,1,0,0,"2"
0.004022268883281,0.070637732506643,0.0827740492170022,0.105995717344754,0,0,0,0,0,0,0,1,0,1,0,0,1,0,0,"2"
0.00612972202423378,0.0983170947741364,0.12751677852349,0.148822269807281,0,0,0,0,0,0,0,1,0,1,0,0,1,0,0,"2"
0.00674616169983241,0.050044286979628,0.0753169276659209,0.088865096359743,0,0,0,0,0,0,0,1,0,1,0,1,1,0,0,"2"
0.00532835044595558,0.0932240921169176,0.052199850857569,0.0685224839400428,0,0,0,0,0,0,0,1,0,1,0,1,1,0,0,"2"
0.00585232417021441,0.0961027457927369,0.12751677852349,0.153104925053533,0,0,0,0,0,0,0,1,0,1,0,0,1,0,0,"2"
0.00542852189324035,0.0845881310894597,0.117822520507084,0.134903640256959,0,0,0,0,0,0,0,1,0,1,0,0,1,0,0,"2"
0.00448074589200747,0.0739592559787423,0.0969425801640567,0.116702355460385,0,0,0,0,0,0,0,1,0,1,0,0,1,0,0,"2"
0.00368707980967425,0.0608945969884854,0.0357941834451902,0.0428265524625268,0,0,0,0,0,0,0,1,0,1,0,1,1,0,0,"2"
0.00542466914526786,0.0766164747564216,0.0536912751677852,0.0556745182012848,0,0,0,0,0,0,0,1,0,1,0,1,1,0,0,"2"
0.0185471287395735,0.12466784765279,0.2110365398956,0.226980728051392,0,0,0,0,0,0,0,1,0,1,0,1,1,0,0,"2"
0.00214983336865019,0.0460584588131089,0.0223713646532438,0.0813704496788009,0,0,0,0,0,0,0,1,0,1,0,1,1,0,0,"2"
0.00365625782589432,0.0487156775907883,0.035048471290082,0.0342612419700214,0.111111111111111,0.125,0,0,0,0.000746268656716418,0.00075,1,0,1,0,1,1,0,0,"2"
0.00224615206796247,0.0261293179805137,0.023117076808352,0.0449678800856531,0,0,0,0,0,0,0,1,0,1,0,1,1,0,0,"2"
0.00156806842480399,0.0491585473870682,0.0134228187919463,0.0342612419700214,0,0,0,0,0,0,0,1,0,1,0,1,1,0,0,"2"
0.0118048197877136,0.0699734278122232,0.133482475764355,0.126338329764454,0.111111111111111,0.125,0,0,0,0.00223880597014925,0.00225,1,0,1,0,1,1,0,0,"2"
0.0115158636897767,0.0779450841452613,0.130499627143922,0.140256959314775,0.111111111111111,0.125,0,0,0,0.00099502487562189,0.001,1,0,1,0,1,1,0,0,"2"
0.00625300995935351,0.0989813994685562,0.0618941088739746,0.0728051391862955,0,0,0,0,0,0,0,1,0,1,0,1,1,0,0,"2"
0.00651114407351043,0.0739592559787423,0.0723340790454884,0.132762312633833,0,0,0,0,0,0,0,1,0,1,0,1,1,0,0,"2"
0.0037525765252066,0.0927812223206377,0.0395227442207308,0.0728051391862955,0,0,0,0,0,0,0,1,1,0,0,1,1,0,0,"2"
0.00653040781337289,0.0890168290522586,0.0700969425801641,0.0706638115631692,0.111111111111111,0.125,0,0,0,0.00174129353233831,0.00175,1,1,0,0,1,1,0,0,"2"
0.0100633777041475,0.156111603188663,0.109619686800895,0.126338329764454,0,0,0,0,0,0,0,1,1,0,0,1,1,0,0,"2"
0.010286837086552,0.145039858281665,0.111856823266219,0.116702355460385,0,0,0,0,0,0,0,1,1,0,0,1,1,0,0,"2"
0.0121708308451003,0.144818423383525,0.132736763609247,0.116702355460385,0,0,0,0,0,0,0,1,1,0,0,1,1,0,0,"2"
0.0115620966654466,0.191762621789194,0.126025354213274,0.15524625267666,0.111111111111111,0,0.142857142857143,0,0,0.00995024875621891,0.01,1,1,0,0,1,1,0,0,"2"
0.00524358999056077,0.135296722763508,0.0559284116331096,0.109207708779443,0,0,0,0,0,0,0,1,1,0,0,1,1,0,0,"2"
0.0058561769181869,0.0531443755535872,0.0700969425801641,0.0985010706638116,0.111111111111111,0.125,0,0,0,0.00099502487562189,0.001,1,1,0,0,1,1,0,0,"2"
0.0058561769181869,0.0644375553587245,0.0700969425801641,0.118843683083512,0,0,0,0,0,0,0,1,1,0,0,1,1,0,0,"2"
0.00385274797249138,0.0648804251550044,0.0454884414615958,0.119914346895075,0,0,0,0,0,0,0,1,1,0,0,1,1,0,0,"2"
0.00407235460692339,0.0489371124889283,0.106636838180462,0.143468950749465,0,0,0,0,0,0,0,1,1,0,0,0,1,0,0,"2"
0.00378339850898653,0.0484942426926484,0.0991797166293811,0.141327623126338,0,0,0,0,0,0,0,1,1,0,0,0,1,0,0,"2"
0.00199572344975053,0.0646589902568645,0.0417598806860552,0.101713062098501,0,0,0,0,0,0,0,1,1,0,0,0,1,0,0,"2"
0.00450771512781491,0.0405225863596103,0.118568232662192,0.117773019271949,0,0,0,0,0,0,0,1,1,0,0,0,1,0,0,"2"
0.00851457301920595,0.151240035429584,0.185682326621924,0.241970021413276,0.111111111111111,0,0.142857142857143,0,0,0.00746268656716418,0.0075,1,1,0,0,0,1,0,0,"2"
0.00749744755446822,0.145482728077945,0.16331096196868,0.232334047109208,0.111111111111111,0.125,0,0,0,0.00174129353233831,0.00175,1,1,0,0,0,1,0,0,"2"
0.00676927818766735,0.118689105403012,0.0745712155108128,0.0995717344753747,0,0,0,0,0,0,0,1,1,0,0,1,1,0,0,"1"
0.00623759896746354,0.102081488042516,0.0686055182699478,0.0845824411134904,0.111111111111111,0,0,0.333333333333333,0,0.0497512437810945,0.05,1,1,0,0,1,1,0,0,"2"
0.00387586446032633,0.0963241806908769,0.0417598806860552,0.0802997858672377,0,0,0,0,0,0,0,1,1,0,0,1,1,0,0,"2"
0.00383348423262892,0.0752878653675819,0.0410141685309471,0.0610278372591006,0,0,0,0,0,0,0,1,1,0,0,1,1,0,0,"2"
0.00312457860569051,0.0772807794508415,0.0328113348247576,0.063169164882227,0,0,0,0,0,0,0,1,1,0,0,1,1,0,0,"2"
0.00338271271984743,0.0679805137289637,0.0357941834451902,0.0556745182012848,0,0,0,0,0,0,0,1,1,0,0,1,1,0,0,"2"
0.011415692242492,0.104074402125775,0.282624906785981,0.231263383297645,0,0,0,0,0,0,0,1,1,0,0,1,1,0,0,"2"
0.00517809327502841,0.0963241806908769,0.0566741237882177,0.0802997858672377,0,0,0,0,0,0,0,1,1,0,0,1,1,0,0,"2"
0.0079983047908921,0.103631532329495,0.205816554809843,0.243040685224839,0,0,0,0,0,0,0,0,1,0,0,1,1,0,0,"1"
0.00533990868987305,0.0644375553587245,0.0626398210290828,0.115631691648822,0.111111111111111,0,0,0.333333333333333,0,0.0746268656716418,0.075,0,1,0,0,1,1,0,0,"2"
0.00954710947583364,0.116253321523472,0.134973900074571,0.142398286937901,0,0,0,0,0,0,0,0,1,0,0,1,1,0,0,"2"
0.0129221166997361,0.154340124003543,0.1834451901566,0.189507494646681,0,0,0,0,0,0,0,0,1,0,0,1,1,0,0,"2"
0.0114388087303269,0.153454384410983,0.161819537658464,0.188436830835118,0,0,0,0,0,0,0,0,1,0,0,1,1,0,0,"2"
0.0113270790391247,0.175376439326838,0.160328113348248,0.21627408993576,0,0,0,0,0,0,0,0,1,0,0,1,1,0,0,"1"
0.010279131590607,0.221656333038087,0.145413870246085,0.274089935760171,0.111111111111111,0,0,0.333333333333333,0,0.149253731343284,0.15,0,1,0,0,1,1,0,0,"2"
0.00742424534299089,0.157883082373782,0.104399701715138,0.193790149892934,0,0,0,0,0,0,0,0,1,0,0,1,1,0,0,"2"
0.00878811812525284,0.138839681133747,0.125279642058166,0.169164882226981,0,0,0,0,0,0,0,0,1,0,0,1,1,0,0,"2"
0.00621833522760109,0.148582816651904,0.0879940343027591,0.182012847965739,0,0,0,0,0,0,0,0,1,0,0,1,1,0,0,"2"
0.010733755851361,0.163418954827281,0.153616703952274,0.200214132762313,0,0,0,0,0,0,0,0,1,0,0,1,1,0,0,"2"
0.0152799984589008,0.172940655447299,0.21923937360179,0.211991434689507,0.111111111111111,0.125,0,0,0,0.00223880597014925,0.00225,0,1,0,0,1,1,0,0,"2"
0.00861474446649073,0.161647475642161,0.123042505592841,0.198072805139186,0.111111111111111,0.125,0,0,0,0.00099502487562189,0.001,0,1,0,0,1,1,0,0,"2"
0.00432278322513533,0.113374667847653,0.0604026845637584,0.138115631691649,0,0,0,0,0,0,0,0,1,0,0,1,1,0,0,"2"
0.00624915721138102,0.100088573959256,0.0887397464578673,0.120985010706638,0,0,0,0,0,0,0,0,1,0,0,1,1,0,0,"2"
0.00901157750765734,0.131310894596988,0.128262490678598,0.160599571734475,0.111111111111111,0,0.142857142857143,0,0,0.00248756218905473,0.0025,0,1,0,0,1,1,0,0,"2"
0.00507021633179866,0.12422497785651,0.0656226696495153,0.141327623126338,0,0,0,0,0,0,0,0,1,0,0,1,1,0,0,"2"
0.00547090212093776,0.0949955713020372,0.0715883668903803,0.107066381156317,0.222222222222222,0,0.285714285714286,0,0,0.0199004975124378,0.015,0,1,0,0,1,1,0,0,"2"
0.0046464140548246,0.0801594331266608,0.0604026845637584,0.0899357601713062,0,0,0,0,0,0,0,0,1,0,0,1,1,0,0,"2"
0.00459632833118222,0.0677590788308237,0.0596569724086503,0.0749464668094218,0,0,0,0,0,0,0,0,1,0,0,1,1,0,0,"2"
0.00653040781337289,0.0808237378210806,0.0857568978374347,0.0899357601713062,0,0,0,0,0,0,0,0,1,0,0,1,1,0,0,"2"
0.0241875517713009,0.182462356067316,0.323639075316928,0.208779443254818,0.111111111111111,0.125,0,0,0,0.00174129353233831,0.00175,0,1,0,0,1,0,1,0,"2"
0.0173258076322937,0.224534986713906,0.23117076808352,0.258029978586724,0,0,0,0,0,0,0,0,1,0,0,1,1,0,0,"2"
0.010733755851361,0.177590788308237,0.142431021625652,0.203426124197002,0,0,0,0,0,0,0,0,1,0,0,1,1,0,0,"2"
0.00995164801294523,0.139282550930027,0.123788217747949,0.148822269807281,0,0,0,0,0,0,0,0,0,1,0,1,0,1,0,"2"
0.015846352410857,0.107395925597874,0.184936614466816,0.177730192719486,0.111111111111111,0.125,0,0,0,0.00099502487562189,0.001,0,0,1,0,1,1,0,0,"2"
0.0128412089923138,0.114260407440213,0.149888143176734,0.188436830835118,0,0,0,0,0,0,0,0,0,1,0,1,1,0,0,"2"
0.0162277744601337,0.113596102745793,0.190156599552573,0.187366167023555,0,0,0,0,0,0,0,0,0,1,0,1,1,0,0,"1"
0.0144439521488702,0.246457041629761,0.180462341536167,0.266595289079229,0.111111111111111,0,0,0.333333333333333,0,0.0995024875621891,0.1,0,0,1,0,1,0,1,0,"2"
0.00861089171851823,0.12533215234721,0.106636838180462,0.133832976445396,0,0,0,0,0,0,0,0,0,1,0,1,0,1,0,"2"
0.00912715994683208,0.129982285208149,0.113348247576435,0.139186295503212,0,0,0,0,0,0,0,0,0,1,0,1,0,1,0,"2"
0.0168288031438423,0.116696191319752,0.196868008948546,0.19271948608137,0.111111111111111,0,0.142857142857143,0,0,0.00248756218905473,0.0025,0,0,1,0,1,1,0,0,"2"
0.0169174163472096,0.212356067316209,0.196122296793438,0.21948608137045,0.111111111111111,0.125,0,0,0,0.00124378109452736,0.00125,0,0,1,0,1,0,1,0,"2"
0.0124829034308721,0.192869796279894,0.143922445935869,0.199143468950749,0.111111111111111,0.125,0,0,0,0.000746268656716418,0.00075,0,0,1,0,1,0,1,0,"2"
0.0210976478973628,0.218556244464128,0.245339299030574,0.225910064239829,0,0,0,0,0,0,0,0,0,1,0,1,0,1,0,"2"
0.0231318988268382,0.176705048715678,0.270693512304251,0.296573875802998,0.222222222222222,0,0.285714285714286,0,0,0.00746268656716418,0.005,0,0,1,0,1,1,0,0,"2"
0.0174991812910558,0.268379096545616,0.203579418344519,0.278372591006424,0,0,0,0,0,0,0,0,0,1,0,1,0,1,0,"2"
0.0277359326539654,0.25177147918512,0.323639075316928,0.26017130620985,0,0,0,0,0,0,0,0,0,1,0,1,0,1,0,"2"
0.0235826703396197,0.205713020372011,0.275913497390007,0.345824411134904,0.111111111111111,0,0.142857142857143,0,0,0.00746268656716418,0.0075,0,0,1,0,1,0,1,0,"2"
0.0253125541792684,0.361381753764393,0.295302013422819,0.375802997858672,0,0,0,0,0,0,0,0,0,1,0,1,0,1,0,"2"
0.015422550133883,0.29273693534101,0.161073825503356,0.276231263383298,0.222222222222222,0.25,0,0,0,0.0027363184079602,0.0015,0,0,1,0,1,0,1,0,"2"
0.0118433472674385,0.225863596102746,0.24683072334079,0.354389721627409,0,0,0,0,0,0,0,0,0,1,0,0,0,1,0,"2"
0.00875344339350041,0.184012400354296,0.0902311707680835,0.17237687366167,0,0,0,0,0,0,0,0,0,1,0,1,0,1,0,"2"
0.00911174895494211,0.0974313551815766,0.0954511558538404,0.149892933618844,0.111111111111111,0.125,0,0,0,0.00149253731343284,0.0015,0,0,1,0,1,0,1,0,"2"
0.00892296430429003,0.16474756421612,0.0917225950782998,0.154175588865096,0,0,0,0,0,0,0,0,0,1,0,1,0,1,0,"2"
0.0195565487083662,0.217006200177148,0.204325130499627,0.203426124197002,0,0,0,0,0,0,0,0,0,1,0,1,0,1,0,"2"
0.0291999768835122,0.385296722763508,0.306487695749441,0.365096359743041,0.111111111111111,0,0.142857142857143,0,0,0.00248756218905473,0.0025,0,0,1,0,1,0,1,0,"2"
0.0185047485118761,0.294065544729849,0.193139448173005,0.277301927194861,0,0,0,0,0,0,0,0,0,1,0,1,0,1,0,"2"
0.00939685230490647,0.238485385296723,0.0790454884414616,0.190578158458244,0,0,0,0,0,0,0,0,0,1,0,1,1,0,0,"2"
0.0123596154957523,0.20637732506643,0.104399701715138,0.163811563169165,0.111111111111111,0.125,0,0,0,0.00099502487562189,0.001,0,0,1,0,1,1,0,0,"2"
0.0155882182967001,0.24977856510186,0.132736763609247,0.199143468950749,0.222222222222222,0.25,0,0,0,0.00298507462686567,0.00175,0,0,1,0,1,1,0,0,"2"
0.0192752981063744,0.356731620903454,0.164802386278896,0.286937901498929,0.222222222222222,0.25,0,0,0,0.0027363184079602,0.0015,0,0,1,0,1,1,0,0,"2"
0.02234593824045,0.280115146147033,0.191648023862789,0.223768736616702,0.111111111111111,0.125,0,0,0,0.000746268656716418,0.00075,0,0,1,0,1,1,0,0,"2"
0.0117547340640712,0.278565101860053,0.0991797166293811,0.222698072805139,0.111111111111111,0.125,0,0,0,0.000746268656716418,0.00075,0,0,1,0,1,1,0,0,"2"
0.023702105526767,0.267714791851196,0.202833706189411,0.214132762312634,0,0,0,0,0,0,0,0,0,1,0,1,1,0,0,"1"
0.0350060680780567,0.451062887511072,0.301267710663684,0.362955032119914,0.222222222222222,0,0.142857142857143,0.333333333333333,0,0.0796019900497512,0.075,0,0,1,0,1,0,1,0,"2"
0.035102386777369,0.522586359610275,0.270693512304251,0.375802997858672,0,0,0,0,0,0,0,0,0,1,0,1,1,0,0,"2"
0.0256901234805725,0.447298494242693,0.197613721103654,0.321199143468951,0,0,0,0,0,0,0,0,0,1,0,1,1,0,0,"2"
0.0179306890639749,0.318201948627104,0.137211036539896,0.226980728051392,0,0,0,0,0,0,0,0,0,1,0,1,1,0,0,"1"
0.0206622873764713,0.319309123117803,0.158090976882923,0.228051391862955,0.111111111111111,0,0,0.333333333333333,0,0.199004975124378,0.2,0,0,1,0,1,1,0,0,"2"
0.0218027007763287,0.176705048715678,0.189410887397465,0.225910064239829,0.111111111111111,0,0.142857142857143,0,0,0.00248756218905473,0.0025,0,0,1,0,1,0,1,0,"2"
0.0175608252586157,0.282108060230292,0.134228187919463,0.201284796573876,0.111111111111111,0.125,0,0,0,0.00124378109452736,0.00125,0,0,1,0,1,1,0,0,"2"
0.0243840419178979,0.229627989371125,0.211782252050708,0.294432548179872,0.111111111111111,0,0.142857142857143,0,0,0.0174129353233831,0.0175,0,0,1,0,1,1,0,0,"2"
0.0162778601837761,0.359388839681134,0.123788217747949,0.256959314775161,0,0,0,0,0,0,0,0,0,1,0,1,1,0,0,"2"
0.0124482286991196,0.266386182462356,0.259507829977629,0.418629550321199,0,0,0,0,0,0,0,0,0,1,0,0,0,1,0,"2"
0.00826029165302152,0.190434012400354,0.171513795674869,0.297644539614561,0.222222222222222,0.125,0.142857142857143,0,0,0.0104477611940299,0.01,0,0,1,0,0,0,1,0,"2"
0.00940455780085146,0.186669619131975,0.0596569724086503,0.112419700214133,0,0,0,0,0,0,0,0,0,1,0,1,0,1,0,"2"
0.0182119396659668,0.294729849424269,0.117822520507084,0.178800856531049,0,0,0,0,0,0,0,0,0,1,0,1,0,1,0,"2"
0.0118009670397411,0.196634189548273,0.0753169276659209,0.117773019271949,0,0,0,0,0,0,0,0,0,1,0,1,0,1,0,"2"
0.00864941919824315,0.189769707705934,0.0544369873228934,0.113490364025696,0.111111111111111,0.125,0,0,0,0.000746268656716418,0.00075,0,0,1,0,1,0,1,0,"2"
0.00758606075783553,0.182240921169176,0.0477255779269202,0.109207708779443,0.111111111111111,0.125,0,0,0,0.00099502487562189,0.001,0,0,1,0,1,0,1,0,"2"
0.0068810078788696,0.172276350752879,0.0432513049962714,0.102783725910064,0,0,0,0,0,0,0,0,0,1,0,1,0,1,0,"2"
0.00772861243281771,0.151904340124004,0.0417598806860552,0.076017130620985,0,0,0,0,0,0,0,0,0,1,0,1,0,1,0,"2"
0.0037101962975092,0.107617360496014,0.0186428038777032,0.0524625267665953,0,0,0,0,0,0,0,0,0,1,0,1,0,1,0,"2"
0.00807535975034193,0.129760850310009,0.0439970171513796,0.0642398286937901,0,0,0,0,0,0,0,0,0,1,0,1,0,1,0,"1"
0.0288416713220705,0.325287865367582,0.164056674123788,0.167023554603854,0.111111111111111,0,0,0.333333333333333,0,0.0248756218905473,0.025,0,0,1,0,1,0,1,0,"2"
0.0175492670146982,0.146589902568645,0.112602535421327,0.139186295503212,0,0,0,0,0,0,0,0,0,1,0,1,0,1,0,"2"
0.0119666352025582,0.25044286979628,0.0663683818046234,0.127408993576017,0.111111111111111,0,0.142857142857143,0,0,0.0124378109452736,0.0125,0,0,1,0,1,0,1,0,"2"
0.0119974571863382,0.184676705048716,0.0663683818046234,0.0931477516059957,0.111111111111111,0,0.142857142857143,0,0,0.00497512437810945,0.005,0,0,1,0,1,0,1,0,"2"
0.0111074724046926,0.20947741364039,0.0618941088739746,0.105995717344754,0,0,0,0,0,0,0,0,0,1,0,1,0,1,0,"2"
0.0097435996224307,0.190212577502214,0.202833706189411,0.297644539614561,0,0,0,0,0,0,0,0,0,1,0,0,0,1,0,"2"
0.00631850667488586,0.070637732506643,0.157345264727815,0.205567451820128,0,0,0,0,0,0,0,0,0,1,0,0,0,1,0,"2"
0.00696576833426441,0.134410983170948,0.0365398956002983,0.0642398286937901,0,0,0,0,0,0,0,0,0,1,0,1,0,1,0,"2"
0.00905395773535474,0.155447298494243,0.0484712900820283,0.0749464668094218,0,0,0,0,0,0,0,0,0,1,0,1,0,1,0,"2"
0.00821791142532411,0.171390611160319,0.0439970171513796,0.082441113490364,0,0,0,0,0,0,0,0,0,1,0,1,0,1,0,"2"
0.0266956907013928,0.244685562444641,0.149142431021626,0.119914346895075,0.222222222222222,0.125,0.142857142857143,0,0,0.00920398009950249,0.0075,0,0,1,0,1,0,1,0,"2"
0.0185818034713259,0.307130203720106,0.102908277404922,0.150963597430407,0,0,0,0,0,0,0,0,0,1,0,1,0,1,0,"2"
0.0245420045847701,0.468113374667848,0.137211036539896,0.232334047109208,0,0,0,0,0,0,0,0,0,1,0,1,0,1,0,"2"
0.0114118394945195,0.106288751107174,0.285607755406413,0.311563169164882,0,0,0,0,0,0,0,1,0,1,0,0,1,0,0,"2"
0.00747433106663328,0.149689991142604,0.155108128262491,0.233404710920771,0,0,0,0,0,0,0,1,0,1,0,0,1,0,0,"2"
0.00835275760436131,0.20859167404783,0.173005219985086,0.326552462526767,0,0,0,0,0,0,0,1,0,1,0,0,1,0,0,"2"
0.0066614012444376,0.158990256864482,0.137956748695004,0.248394004282655,0,0,0,0,0,0,0,1,0,1,0,0,1,0,0,"2"
0.00676927818766735,0.0560230292294066,0.168530947054437,0.162740899357602,0,0,0,0,0,0,0,1,0,1,0,0,1,0,0,"2"
0.0063030956829959,0.129317980513729,0.130499627143922,0.201284796573876,0,0,0,0,0,0,0,1,0,1,0,0,1,0,0,"2"
0.0042919612413554,0.122232063773251,0.0879940343027591,0.190578158458244,0,0,0,0,0,0,0,1,0,1,0,0,1,0,0,"2"
0.00470035252643948,0.0934455270150576,0.0969425801640567,0.144539614561028,0,0,0,0,0,0,0,1,0,1,0,0,1,0,0,"2"
0.00416096781029069,0.0385296722763508,0.0969425801640567,0.107066381156317,0.111111111111111,0.125,0,0,0,0.00174129353233831,0.00175,1,0,1,0,0,1,0,0,"2"
0.00428810849338291,0.0843666961913198,0.0857568978374347,0.126338329764454,0,0,0,0,0,0,0,1,0,1,0,0,1,0,0,"2"
0.00376413476912408,0.079273693534101,0.0753169276659209,0.117773019271949,0,0,0,0,0,0,0,1,0,1,0,0,1,0,0,"2"
0.00360231935427944,0.0715234720992028,0.0715883668903803,0.105995717344754,0,0,0,0,0,0,0,1,0,1,0,0,1,0,0,"2"
0.00240026198686213,0.0719663418954827,0.0469798657718121,0.107066381156317,0,0,0,0,0,0,0,1,0,1,0,0,1,0,0,"2"
0.00537073067365298,0.0899025686448184,0.108128262490679,0.133832976445396,0,0,0,0,0,0,0,1,0,1,0,0,1,0,0,"2"
0.00469649977846699,0.103852967227635,0.0939597315436242,0.15524625267666,0.111111111111111,0.125,0,0,0,0.00124378109452736,0.00125,1,0,1,0,0,1,0,0,"2"
0.00311687310974553,0.0715234720992028,0.0618941088739746,0.105995717344754,0,0,0,0,0,0,0,1,0,1,0,0,1,0,0,"2"
0.00319392806919535,0.00686448184233835,0.26696495152871,0.0331905781584582,0,0,0,0,0,0,0,1,1,0,0,0,1,0,0,"2"
0.00223074107607251,0.0662090345438441,0.0395227442207308,0.088865096359743,0,0,0,0,0,0,0,1,1,0,0,0,1,0,0,"2"
0.00151412995318911,0.0575730735163862,0.0260999254287845,0.0770877944325482,0,0,0,0,0,0,0,1,1,0,0,0,1,0,0,"2"
0.00301284891448826,0.0544729849424269,0.0544369873228934,0.0728051391862955,0,0,0,0,0,0,0,1,1,0,0,0,1,0,0,"2"
0.00227697405174241,0.0471656333038087,0.0410141685309471,0.0620985010706638,0,0,0,0,0,0,0,1,1,0,0,0,1,0,0,"2"
0.00334418524012252,0.0389725420726306,0.279642058165548,0.200214132762313,0,0,0,0,0,0,0,1,1,0,0,0,1,0,0,"2"
0.0034867369151047,0.0564658990256864,0.0633855331841909,0.0749464668094218,0,0,0,0,0,0,0,1,1,0,0,0,1,0,0,"2"
0.00275086205235884,0.0648804251550044,0.0499627143922446,0.0877944325481799,0,0,0,0,0,0,0,1,1,0,0,0,1,0,0,"2"
0.00237329275105469,0.0212577502214349,0.052199850857569,0.0578158458244111,0,0,0,0,0,0,0,1,1,0,0,0,1,0,0,"2"
0.00283562250775366,0.0527015057573074,0.0507084265473527,0.0685224839400428,0,0,0,0,0,0,0,1,1,0,0,0,1,0,0,"2"
0.00322089730500279,0.0553587245349867,0.058165548098434,0.0728051391862955,0.111111111111111,0.125,0,0,0,0.000497512437810945,5e-04,1,1,0,0,0,1,0,0,"2"
0.0106066151682688,0.161868910540301,0.0544369873228934,0.0738758029978587,0,0,0,0,0,0,0,1,1,0,0,1,1,0,0,"2"
0.00926971162181426,0.0797165633303809,0.0544369873228934,0.0685224839400428,0,0,0,0,0,0,0,1,1,0,0,1,1,0,0,"2"
0.00967039741095336,0.0699734278122232,0.0566741237882177,0.0599571734475375,0.111111111111111,0,0.142857142857143,0,0,0.00248756218905473,0.0025,1,1,0,0,1,1,0,0,"1"
0.0362505056731714,0.484720992028344,0.191648023862789,0.228051391862955,0.555555555555556,0.25,0.142857142857143,0.666666666666667,0,0.289800995024876,0.225,1,1,0,0,1,1,0,0,"2"
0.0357997341603899,0.535872453498671,0.189410887397465,0.252676659528908,0.111111111111111,0.125,0,0,0,0.00149253731343284,0.0015,1,1,0,0,1,1,0,0,"2"
0.017884456088305,0.350974313551816,0.0902311707680835,0.158458244111349,0,0,0,0,0,0,0,0,1,0,0,1,1,0,0,"2"
0.0148061104582844,0.272364924712135,0.0738255033557047,0.122055674518201,0.111111111111111,0.125,0,0,0,0.00174129353233831,0.00175,0,1,0,0,1,1,0,0,"2"
0.010710639363526,0.255978742249779,0.0529455630126771,0.114561027837259,0,0,0,0,0,0,0,0,1,0,0,1,1,0,0,"2"
0.0227890042572865,0.321080602302923,0.11558538404176,0.144539614561028,0.111111111111111,0.125,0,0,0,0.00124378109452736,0.00125,0,1,0,0,1,1,0,0,"2"
0.0416790275664117,0.477192205491585,0.213273676360925,0.21627408993576,0.222222222222222,0.125,0.142857142857143,0,0,0.0236318407960199,0.0225,0,1,0,0,1,1,0,0,"2"
0.0228506482248464,0.343224092116918,0.11558538404176,0.154175588865096,0.222222222222222,0.25,0,0,0,0.00223880597014925,0.0015,0,1,0,0,1,1,0,0,"2"
0.0087611488894454,0.186005314437555,0.180462341536167,0.43576017130621,0,0,0,0,0,0,0,0,1,0,0,1,0,1,0,"2"
0.00812929822195681,0.175376439326838,0.0395227442207308,0.0770877944325482,0.111111111111111,0.125,0,0,0,0.000497512437810945,5e-04,0,1,0,0,1,1,0,0,"2"
0.0147290554988345,0.230292294065545,0.0708426547352722,0.0995717344753747,0.111111111111111,0.125,0,0,0,0.00149253731343284,0.0015,0,1,0,0,1,1,0,0,"2"
0.0348866328909094,0.443534100974314,0.172259507829978,0.194860813704497,0.222222222222222,0,0.285714285714286,0,0,0.00995024875621891,0.0075,0,1,0,0,1,1,0,0,"2"
0.0190942189516673,0.16496899911426,0.10738255033557,0.141327623126338,0,0,0,0,0,0,0,0,1,0,0,1,1,0,0,"2"
0.0106759646317736,0.110053144375554,0.0589112602535421,0.0931477516059957,0,0,0,0,0,0,0,0,1,0,0,1,1,0,0,"2"
0.00630694843096839,0.147475642161205,0.029082774049217,0.0620985010706638,0,0,0,0,0,0,0,0,1,0,0,1,1,0,0,"2"
0.0135616728631697,0.180248007085917,0.0648769574944072,0.0770877944325482,0,0,0,0,0,0,0,0,1,0,0,1,1,0,0,"2"
0.0255128970738379,0.363596102745793,0.125279642058166,0.159528907922912,0.222222222222222,0,0.285714285714286,0,0,0.0149253731343284,0.0125,0,1,0,0,1,1,0,0,"2"
0.0101558436554873,0.122232063773251,0.0559284116331096,0.103854389721627,0.111111111111111,0,0.142857142857143,0,0,0.00248756218905473,0.0025,0,1,0,0,1,1,0,0,"2"
0.00638785613839071,0.129317980513729,0.0275913497390007,0.0503211991434689,0.111111111111111,0.125,0,0,0,0.000248756218905473,0.00025,0,0,1,0,1,1,0,0,"2"
0.00772090693687272,0.0544729849424269,0.0395227442207308,0.0417558886509636,0.111111111111111,0,0.142857142857143,0,0,0.00746268656716418,0.0075,0,0,1,0,1,1,0,0,"2"
0.00569821425131475,0.119131975199291,0.0238627889634601,0.0460385438972163,0,0,0,0,0,0,0,0,0,1,0,1,1,0,0,"2"
0.0113347845350696,0.172054915854739,0.0507084265473527,0.0685224839400428,0,0,0,0,0,0,0,0,0,1,0,1,1,0,0,"2"
0.0212286413284275,0.278343666961913,0.0976882923191648,0.112419700214133,0.111111111111111,0,0.142857142857143,0,0,0.00995024875621891,0.01,0,0,1,0,1,1,0,0,"1"
0.0168750361195122,0.188441098317095,0.0894854586129754,0.154175588865096,0.111111111111111,0,0,0.333333333333333,0,0.199004975124378,0.2,0,0,1,0,1,1,0,0,"2"
0.0108069580628383,0.231399468556244,0.0484712900820283,0.0931477516059957,0,0,0,0,0,0,0,0,0,1,0,1,1,0,0,"2"
0.0071044672612741,0.197962798937112,0.0305741983594333,0.0792291220556745,0,0,0,0,0,0,0,0,0,1,0,1,1,0,0,"2"
0.00630694843096839,0.145925597874225,0.116331096196868,0.197002141327623,0,0,0,0,0,0,0,0,0,1,0,0,1,0,0,"2"
0.00629539018705091,0.142161204605846,0.11558538404176,0.191648822269807,0,0,0,0,0,0,0,0,0,1,0,0,1,0,0,"2"
0.00385660072046387,0.117139061116032,0.0700969425801641,0.157387580299786,0,0,0,0,0,0,0,0,0,1,0,0,1,0,0,"2"
0.00509718556760609,0.0976527900797166,0.093214019388516,0.130620985010707,0,0,0,0,0,0,0,0,0,1,0,0,1,0,0,"2"
0.00377954576101404,0.0949955713020372,0.0686055182699478,0.126338329764454,0,0,0,0,0,0,0,0,0,1,0,0,1,0,0,"2"
0.00840669607597619,0.1685119574845,0.155108128262491,0.228051391862955,0.111111111111111,0,0.142857142857143,0,0,0.00995024875621891,0.01,0,0,1,0,0,1,0,0,"2"
0.00407620735489588,0.111603188662533,0.0738255033557047,0.149892933618844,0,0,0,0,0,0,0,0,0,1,0,0,1,0,0,"2"
0.00582150218643447,0.116253321523472,0.0238627889634601,0.0428265524625268,0,0,0,0,0,0,0,0,0,1,0,1,1,0,0,"2"
0.0146250313035773,0.107174490699734,0.337807606263982,0.305139186295503,0,0,0,0,0,0,0,0,0,1,0,0,0,1,0,"2"
0.00790583883955231,0.178476527900797,0.149888143176734,0.244111349036403,0,0,0,0,0,0,0,0,0,1,0,0,1,0,0,"2"
0.006703781472135,0.142825509300266,0.126771066368382,0.194860813704497,0,0,0,0,0,0,0,0,0,1,0,0,1,0,0,"2"
0.0135578201151972,0.16651904340124,0.0596569724086503,0.0642398286937901,0,0,0,0,0,0,0,0,0,1,0,1,1,0,0,"2"
0.0213711930034097,0.12356067316209,0.111856823266219,0.0963597430406852,0.222222222222222,0.125,0.142857142857143,0,0,0.00771144278606965,0.0075,0,0,1,0,1,1,0,0,"2"
0.011407986746547,0.104295837023915,0.058165548098434,0.0813704496788009,0,0,0,0,0,0,0,0,0,1,0,1,1,0,0,"2"
0.0180231550153147,0.115367581930912,0.0939597315436242,0.0899357601713062,0,0,0,0,0,0,0,0,0,1,0,1,1,0,0,"2"
0.0299628209820655,0.0595659875996457,0.538404175988069,0.122055674518201,0,0,0,0,0,0,0,0,0,1,0,1,0,1,0,"2"
0.0315655641386219,0.0768379096545616,0.579418344519016,0.163811563169165,0.333333333333333,0.375,0,0,0,0.00323383084577114,0.0015,0,0,1,0,1,0,1,0,"2"
0.00817553119762671,0.0885739592559787,0.0432513049962714,0.0706638115631692,0,0,0,0,0,0,0,0,0,1,0,1,1,0,0,"2"
0.00662672651268517,0.144818423383525,0.0298284862043251,0.056745182012848,0.111111111111111,0,0.142857142857143,0,0,0.0174129353233831,0.0175,0,0,1,0,1,1,0,0,"2"
0.00757450251391805,0.0721877767936227,0.0402684563758389,0.056745182012848,0,0,0,0,0,0,0,0,0,1,0,1,1,0,0,"2"
0.0183275221051415,0.111824623560673,0.101416853094705,0.0910064239828694,0,0,0,0,0,0,0,0,0,1,0,1,1,0,0,"2"
0.0154803413534704,0.185562444641275,0.283370618941089,0.400428265524625,0,0,0,0,0,0,0,0,0,1,0,1,1,0,0,"2"
0.00739342335921096,0.189769707705934,0.0335570469798658,0.076017130620985,0.111111111111111,0.125,0,0,0,0.000497512437810945,5e-04,0,0,1,0,1,1,0,0,"2"
0.0227735932653965,0.155668733392383,0.126025354213274,0.127408993576017,0.222222222222222,0,0.285714285714286,0,0,0.00995024875621891,0.005,0,0,1,0,1,1,0,0,"2"
0.0121323033653754,0.0830380868024801,0.202087994034303,0.182012847965739,0,0,0,0,0,0,0,1,1,0,0,1,1,0,0,"2"
0.00945849627246634,0.0730735163861825,0.0499627143922446,0.0588865096359743,0,0,0,0,0,0,0,1,1,0,0,1,1,0,0,"2"
0.00742424534299089,0.0772807794508415,0.0387770320656227,0.0620985010706638,0,0,0,0,0,0,0,1,1,0,0,1,1,0,0,"2"
0.0187282078942806,0.120682019486271,0.102162565249814,0.0995717344753747,0,0,0,0,0,0,0,1,1,0,0,1,1,0,0,"2"
0.0164743503303731,0.129760850310009,0.0894854586129754,0.10813704496788,0,0,0,0,0,0,0,1,1,0,0,1,1,0,0,"2"
0.0130338463909383,0.107174490699734,0.0700969425801641,0.0877944325481799,0.111111111111111,0,0.142857142857143,0,0,0.00995024875621891,0.01,1,1,0,0,1,1,0,0,"2"
0.015399433646048,0.110496014171833,0.0835197613721104,0.0910064239828694,0,0,0,0,0,0,0,1,1,0,0,1,1,0,0,"1"
0.0217872897844388,0.153011514614703,0.119313944817301,0.127408993576017,0.111111111111111,0,0,0.333333333333333,0,0.0248756218905473,0.025,1,1,0,0,1,1,0,0,"2"
0.0175030340390283,0.162533215234721,0.0991797166293811,0.142398286937901,0,0,0,0,0,0,0,1,0,1,0,1,1,0,0,"2"
0.0144169829130627,0.186226749335695,0.081282624906786,0.163811563169165,0,0,0,0,0,0,0,1,0,1,0,1,1,0,0,"2"
0.0247654639671746,0.186448184233835,0.141685309470544,0.163811563169165,0.444444444444444,0.375,0.142857142857143,0,0,0.0104477611940299,0.0075,1,0,1,0,1,1,0,0,"1"
0.0258519388954172,0.20881310894597,0.147651006711409,0.184154175588865,0.222222222222222,0,0.142857142857143,0.333333333333333,0,0.0298507462686567,0.025,1,0,1,0,1,1,0,0,"2"
0.0137966904894916,0.140389725420726,0.0775540641312453,0.123126338329764,0,0,0,0,0,0,0,1,0,1,0,1,1,0,0,"2"
0.0156074820365626,0.148361381753764,0.0879940343027591,0.129550321199143,0,0,0,0,0,0,0,1,0,1,0,1,1,0,0,"2"
0.00509718556760609,0.148139946855624,0.0238627889634601,0.0610278372591006,0,0,0,0,0,0,0,1,0,1,0,1,1,0,0,"2"
0.00475429099805436,0.0732949512843224,0.0246085011185682,0.0620985010706638,0,0,0,0,0,0,0,1,0,1,0,1,1,0,0,"2"
0.00481593496561422,0.058458813108946,0.0268456375838926,0.0524625267665953,0,0,0,0,0,0,0,1,0,1,0,1,1,0,0,"2"
0.0172217834370365,0.0770593445527015,0.260253542132737,0.158458244111349,0,0,0,0,0,0,0,1,0,1,0,1,0,1,0,"2"
0.00458477008726474,0.08348095659876,0.0678598061148397,0.171306209850107,0,0,0,0,0,0,0,1,0,1,0,1,0,1,0,"2"
0.00709290901735663,0.0635518157661648,0.0402684563758389,0.0578158458244111,0,0,0,0,0,0,0,1,0,1,0,1,1,0,0,"2"
0.0142590202461906,0.106731620903454,0.0842654735272185,0.0995717344753747,0.111111111111111,0,0.142857142857143,0,0,0.00248756218905473,0.0025,1,0,1,0,1,1,0,0,"2"
0.0253087014312959,0.181576616474756,0.15137956748695,0.171306209850107,0.111111111111111,0,0.142857142857143,0,0,0.0174129353233831,0.0175,1,0,1,0,1,1,0,0,"2"
0.0108377800466183,0.113153232949513,0.0633855331841909,0.105995717344754,0,0,0,0,0,0,0,1,0,1,0,1,1,0,0,"2"
0.00825258615707654,0.105181576616475,0.0477255779269202,0.0974304068522484,0,0,0,0,0,0,0,1,0,1,0,1,1,0,0,"2"
0.013619464082757,0.12511071744907,0.0760626398210291,0.11134903640257,0.222222222222222,0.25,0,0,0,0.00149253731343284,0.00125,1,0,1,0,1,1,0,0,"1"
0.0191982431469245,0.337245349867139,0.10365398956003,0.15524625267666,0.222222222222222,0.125,0,0.333333333333333,0,0.0253731343283582,0.025,1,0,1,0,1,1,0,0,"2"
0.0110496811851053,0.286093888396811,0.058165548098434,0.130620985010707,0,0,0,0,0,0,0,1,0,1,0,1,1,0,0,"2"
0.00878426537728035,0.106067316209035,0.0477255779269202,0.0942184154175589,0,0,0,0,0,0,0,1,0,1,0,1,1,0,0,"2"
0.0166323129972453,0.148582816651904,0.093214019388516,0.132762312633833,0,0,0,0,0,0,0,1,0,1,0,1,1,0,0,"1"
0.052054477856331,0.721656333038087,1,1,0.222222222222222,0,0.142857142857143,0,1,0.517412935323383,0.5,1,0,1,0,0,0,1,0,"2"
0.0210629731656104,0.423162090345438,0.403430275913497,0.58458244111349,0,0,0,0,0,0,0,1,0,1,0,0,0,0,1,"2"
0.0115620966654466,0.236049601417183,0.219985085756898,0.32441113490364,0.111111111111111,0,0.142857142857143,0,0,0.00497512437810945,0.005,1,0,1,0,0,0,1,0,"2"
0.0103600392980293,0.169840566873339,0.0566741237882177,0.0770877944325482,0,0,0,0,0,0,0,0,0,1,0,1,1,0,0,"2"
0.0142050817745757,0.228299379982285,0.0782997762863535,0.105995717344754,0,0,0,0,0,0,0,0,0,1,0,1,1,0,0,"2"
0.0119666352025582,0.137511071744907,0.0671140939597315,0.124197002141328,0.111111111111111,0.125,0,0,0,0.00099502487562189,0.001,0,0,1,0,1,1,0,0,"2"
0.0156691260041224,0.201062887511072,0.0865026099925429,0.0920770877944325,0,0,0,0,0,0,0,0,0,1,0,1,1,0,0,"2"
0.0198262410664406,0.240478299379982,0.110365398956003,0.11134903640257,0,0,0,0,0,0,0,0,0,1,0,1,1,0,0,"2"
0.0144516576448152,0.221877767936227,0.0797912005965697,0.102783725910064,0,0,0,0,0,0,0,0,0,1,0,1,1,0,0,"2"
0.013869892700969,0.134189548272808,0.0775540641312453,0.120985010706638,0,0,0,0,0,0,0,0,0,1,0,1,1,0,0,"1"
0.012521430910597,0.194419840566873,0.238627889634601,0.266595289079229,0.222222222222222,0.125,0,0.333333333333333,0,0.150497512437811,0.15,0,0,1,0,0,1,0,0,"2"
0.00721234420450386,0.0872453498671391,0.0380313199105145,0.0728051391862955,0,0,0,0,0,0,0,1,0,1,0,1,1,0,0,"1"
0.00986688755755042,0.0803808680248007,0.0529455630126771,0.0674518201284797,0.111111111111111,0,0,0.333333333333333,0,0.0248756218905473,0.025,1,0,1,0,1,1,0,0,"2"
0.00535531968176302,0.0628875110717449,0.0275913497390007,0.0513918629550321,0,0,0,0,0,0,0,1,0,1,0,1,1,0,0,"2"
0.00715840573288898,0.129317980513729,0.0365398956002983,0.0556745182012848,0.222222222222222,0.125,0.142857142857143,0,0,0.00621890547263682,0.005,1,0,1,0,1,1,0,0,"2"
0.0143861609292828,0.151461470327724,0.0768083519761372,0.0653104925053533,0,0,0,0,0,0,0,1,0,1,0,1,1,0,0,"2"
0.0140085916279787,0.199291408325952,0.0745712155108128,0.0877944325481799,0,0,0,0,0,0,0,1,0,1,0,1,1,0,0,"2"
0.00790198609157982,0.147918511957485,0.0410141685309471,0.0642398286937901,0,0,0,0,0,0,0,1,0,1,0,1,1,0,0,"2"
0.00818708944154418,0.0828166519043401,0.0432513049962714,0.069593147751606,0,0,0,0,0,0,0,1,0,1,0,1,1,0,0,"2"
0.0153146731906532,0.157661647475642,0.081282624906786,0.0685224839400428,0.111111111111111,0.125,0,0,0,0.000746268656716418,0.00075,1,0,1,0,1,1,0,0,"2"
0.0151451522798636,0.253321523472099,0.0805369127516778,0.112419700214133,0.111111111111111,0,0.142857142857143,0,0,0.00746268656716418,0.0075,1,0,1,0,1,1,0,0,"2"
0.0109186877540406,0.0892382639503986,0.0574198359433259,0.0738758029978587,0,0,0,0,0,0,0,1,0,1,0,1,1,0,0,"2"
0.00834119936044384,0.140168290522586,0.0432513049962714,0.0599571734475375,0,0,0,0,0,0,0,1,0,1,0,1,1,0,0,"2"
0.0264799368149333,0.139725420726306,0.143176733780761,0.116702355460385,0.222222222222222,0,0.285714285714286,0,0,0.0124378109452736,0.0075,1,0,1,0,1,1,0,0,"2"
0.0113463427789871,0.107174490699734,0.0596569724086503,0.088865096359743,0,0,0,0,0,0,0,1,0,1,0,1,1,0,0,"2"
0.00909633796305215,0.0852524357838795,0.0477255779269202,0.069593147751606,0.111111111111111,0,0.142857142857143,0,0,0.00248756218905473,0.0025,1,0,1,0,1,1,0,0,"2"
0.00945849627246634,0.0861381753764393,0.0492170022371365,0.0706638115631692,0,0,0,0,0,0,0,1,0,1,0,1,1,0,0,"2"
0.0119165494789158,0.117803365810452,0.0656226696495153,0.102783725910064,0.111111111111111,0.125,0,0,0,0.00149253731343284,0.0015,0,0,1,0,1,1,0,0,"2"
0.00735874862745853,0.0921169176262179,0.169276659209545,0.262312633832976,0,0,0,0,0,0,0,0,0,1,0,0,1,0,0,"2"
0.00889984781645509,0.0806023029229407,0.205070842654735,0.229122055674518,0,0,0,0,0,0,0,0,0,1,0,0,1,0,0,"2"
0.00413014582651076,0.0938883968113375,0.0775540641312453,0.126338329764454,0.111111111111111,0,0.142857142857143,0,0,0.00746268656716418,0.0075,0,0,1,0,0,1,0,0,"2"
0.00510874381152357,0.0843666961913198,0.0275913497390007,0.0374732334047109,0,0,0,0,0,0,0,0,0,1,0,1,1,0,0,"2"
0.0224846371674597,0.119131975199291,0.126025354213274,0.103854389721627,0.222222222222222,0.125,0.142857142857143,0,0,0.00970149253731343,0.0075,0,0,1,0,1,1,0,0,"1"
0.0101211689237349,0.115589016829052,0.126025354213274,0.230192719486081,0.111111111111111,0,0,0.333333333333333,0,0.0746268656716418,0.075,0,0,1,0,1,1,0,0,"2"
0.00501242511221128,0.0918954827280779,0.114093959731544,0.261241970021413,0,0,0,0,0,0,0,0,0,1,0,0,1,0,0,"2"
0.0042033480379881,0.0701948627103632,0.0954511558538404,0.199143468950749,0,0,0,0,0,0,0,0,1,0,0,0,1,0,0,"2"
0.00606422530870143,0.0604517271922055,0.138702460850112,0.171306209850107,0.111111111111111,0,0.142857142857143,0,0,0.00995024875621891,0.01,0,1,0,0,0,1,0,0,"2"
0.00483519870547668,0.0469441984056687,0.110365398956003,0.13169164882227,0,0,0,0,0,0,0,0,1,0,0,0,1,0,0,"2"
0.00382192598871145,0.0814880425155004,0.0715883668903803,0.109207708779443,0,0,0,0,0,0,0,0,1,0,0,0,1,0,0,"2"
0.00434975246094277,0.0511514614703277,0.0223713646532438,0.0438972162740899,0,0,0,0,0,0,0,0,1,0,0,1,1,0,0,"2"
0.00762458823756044,0.0518157661647476,0.0417598806860552,0.0438972162740899,0.111111111111111,0,0.142857142857143,0,0,0.0199004975124378,0.02,0,1,0,0,1,1,0,0,"1"
0.021899019475641,0.169840566873339,0.125279642058166,0.154175588865096,0.111111111111111,0,0,0.333333333333333,0,0.0995024875621891,0.1,0,1,0,0,1,1,0,0,"2"
0.010514149216929,0.148804251550044,0.0589112602535421,0.134903640256959,0,0,0,0,0,0,0,0,1,0,0,1,1,0,0,"2"
0.0103407755581669,0.0945527015057573,0.058165548098434,0.0845824411134904,0,0,0,0,0,0,0,0,1,0,0,1,1,0,0,"2"
0.0060334033249215,0.0699734278122232,0.137956748695004,0.198072805139186,0,0,0,0,0,0,0,0,1,0,0,0,1,0,0,"2"
0.00503168885207374,0.0595659875996457,0.114839671886652,0.168094218415418,0,0,0,0,0,0,0,0,1,0,0,0,1,0,0,"2"
0.00787886960374487,0.0839238263950399,0.0439970171513796,0.0749464668094218,0,0,0,0,0,0,0,0,1,0,0,1,1,0,0,"1"
0.010945656989848,0.177812223206377,0.0663683818046234,0.088865096359743,0.111111111111111,0,0,0.333333333333333,0,0.0248756218905473,0.025,0,1,0,0,1,1,0,0,"2"
0.010059524956175,0.136625332152347,0.0566741237882177,0.124197002141328,0,0,0,0,0,0,0,0,1,0,0,1,1,0,0,"1"
0.00722004970044884,0.095659875996457,0.165548098434004,0.271948608137045,0.111111111111111,0,0,0,1,0.746268656716418,0.75,0,1,0,0,0,1,0,0,"2"
0.00706593978154919,0.087688219663419,0.162565249813572,0.249464668094218,0.111111111111111,0.125,0,0,0,0.000497512437810945,5e-04,0,1,0,0,0,1,0,0,"2"
0.00423031727379553,0.0755093002657219,0.0961968680089485,0.214132762312634,0,0,0,0,0,0,0,0,1,0,0,0,1,0,0,"2"
0.00627227369921597,0.162533215234721,0.118568232662192,0.222698072805139,0,0,0,0,0,0,0,0,1,0,0,0,1,0,0,"2"
0.0105334129567914,0.140168290522586,0.0678598061148397,0.0728051391862955,0.111111111111111,0.125,0,0,0,0.00099502487562189,0.001,0,1,0,0,1,1,0,0,"2"
0.0172911329005413,0.131753764393268,0.105145413870246,0.123126338329764,0,0,0,0,0,0,0,0,1,0,0,1,1,0,0,"2"
0.0120706593978155,0.122010628875111,0.0723340790454884,0.113490364025696,0.111111111111111,0.125,0,0,0,0.00149253731343284,0.0015,0,1,0,0,1,1,0,0,"2"
0.00830652462869141,0.0954384410983171,0.0492170022371365,0.0877944325481799,0,0,0,0,0,0,0,0,1,0,0,1,1,0,0,"2"
0.0146866752711371,0.263507528786537,0.0961968680089485,0.140256959314775,0.111111111111111,0,0.142857142857143,0,0,0.0149253731343284,0.015,0,1,0,0,1,1,0,0,"2"
0.00768237945714781,0.171612046058459,0.145413870246085,0.234475374732334,0,0,0,0,0,0,0,0,1,0,0,0,1,0,0,"2"
0.00368322706170176,0.112710363153233,0.0686055182699478,0.153104925053533,0,0,0,0,0,0,0,1,1,0,0,0,1,0,0,"2"
0.00420720078596059,0.129982285208149,0.0790454884414616,0.176659528907923,0,0,0,0,0,0,0,1,1,0,0,0,1,0,0,"2"
0.00397218315963861,0.0930026572187777,0.0745712155108128,0.125267665952891,0,0,0,0,0,0,0,1,1,0,0,0,1,0,0,"2"
0.00575600547090212,0.100974313551816,0.108873974645787,0.137044967880086,0.111111111111111,0.125,0,0,0,0.00099502487562189,0.001,1,1,0,0,0,1,0,0,"2"
0.00211901138487026,0.0757307351638618,0.0387770320656227,0.101713062098501,0,0,0,0,0,0,0,1,1,0,0,0,1,0,0,"2"
0.00287414998747857,0.113153232949513,0.0529455630126771,0.153104925053533,0.111111111111111,0.125,0,0,0,0.000746268656716418,0.00075,1,1,0,0,0,1,0,0,"2"
0.00395677216774865,0.0885739592559787,0.0738255033557047,0.119914346895075,0,0,0,0,0,0,0,1,1,0,0,0,1,0,0,"2"
0.00337115447592996,0.0794951284322409,0.0626398210290828,0.107066381156317,0,0,0,0,0,0,0,1,1,0,0,0,1,0,0,"2"
0.00213442237676022,0.0651018600531444,0.0365398956002983,0.0802997858672377,0,0,0,0,0,0,0,1,1,0,0,0,1,0,0,"2"
0.00254281366184431,0.0763950398582817,0.0447427293064877,0.0952890792291221,0,0,0,0,0,0,0,1,1,0,0,0,1,0,0,"2"
0.00386815896438135,0.0385296722763508,0.0805369127516778,0.0974304068522484,0,0,0,0,0,0,0,1,1,0,0,0,1,0,0,"2"
0.0027701257922213,0.0405225863596103,0.0566741237882177,0.102783725910064,0,0,0,0,0,0,0,1,1,0,0,0,1,0,0,"1"
0.0034405039394348,0.0752878653675819,0.0611483967188665,0.0942184154175589,0.111111111111111,0,0,0.333333333333333,0,0.199004975124378,0.2,1,1,0,0,0,1,0,0,"2"
0.00126370133497717,0.0575730735163862,0.0208799403430276,0.0706638115631692,0,0,0,0,0,0,0,1,1,0,0,0,1,0,0,"2"
0.00195719597002562,0.0365367581930912,0.0395227442207308,0.0920770877944325,0,0,0,0,0,0,0,1,1,0,0,0,1,0,0,"2"
0.00392980293194121,0.0314437555358725,0.081282624906786,0.0792291220556745,0,0,0,0,0,0,0,1,1,0,0,0,1,0,0,"2"
0.00202269268555797,0.0354295837023915,0.035048471290082,0.0417558886509636,0,0,0,0,0,0,0,0,1,0,0,0,1,0,0,"2"
0.00208818940109033,0.037422497785651,0.0432513049962714,0.0942184154175589,0,0,0,0,0,0,0,0,1,0,0,0,1,0,0,"2"
0.00277397854019379,0.0347652790079717,0.228187919463087,0.191648822269807,0,0,0,0,0,0,0,0,1,0,0,0,1,0,0,"2"
0.00285488624761611,0.0307794508414526,0.0604026845637584,0.0770877944325482,0,0,0,0,0,0,0,0,1,0,0,0,1,0,0,"2"
0.00163356514033634,0.0281222320637733,0.0335570469798658,0.069593147751606,0,0,0,0,0,0,0,0,1,0,0,0,1,0,0,"2"
0.00260060488143168,0.0781665190434012,0.214019388516033,0.433618843683084,0,0,0,0,0,0,0,0,1,0,0,0,0,1,0,"2"
0.00338271271984743,0.0243578387953942,0.0604026845637584,0.0267665952890792,0.111111111111111,0,0.142857142857143,0,0,0.0174129353233831,0.0175,0,1,0,0,0,1,0,0,"2"
0.00122132110727977,0.0256864481842338,0.0201342281879195,0.0289079229122056,0,0,0,0,0,0,0,0,1,0,0,0,1,0,0,"2"
0.00109418042418755,0.0267936226749336,0.0178970917225951,0.0299785867237687,0,0,0,0,0,0,0,0,1,0,0,0,1,0,0,"2"
0.00135231453834447,0.0232506643046944,0.023117076808352,0.0256959314775161,0,0,0,0,0,0,0,0,1,0,0,0,1,0,0,"2"
0.00244649496253203,0.0243578387953942,0.0432513049962714,0.0267665952890792,0,0,0,0,0,0,0,0,1,0,0,0,1,0,0,"2"
0.00356764462252702,0.0343224092116918,0.0201342281879195,0.0299785867237687,0,0,0,0,0,0,0,0,1,0,0,1,1,0,0,"2"
0.00342124019957235,0.0414083259521701,0.0611483967188665,0.0492505353319058,0,0,0,0,0,0,0,0,1,0,0,0,1,0,0,"2"
0.00355993912658203,0.033436669619132,0.064131245339299,0.0385438972162741,0,0,0,0,0,0,0,0,1,0,0,0,1,0,0,"2"
0.00369093255764674,0.0460584588131089,0.0663683818046234,0.0546038543897216,0,0,0,0,0,0,0,0,1,0,0,0,1,0,0,"2"
0.0101751073953497,0.0980956598759965,0.18717375093214,0.120985010706638,0.111111111111111,0.125,0,0,0,0.00223880597014925,0.00225,0,1,0,0,0,1,0,0,"2"
0.0131070486024157,0.114481842338353,0.0820283370618941,0.10813704496788,0.111111111111111,0.125,0,0,0,0.00099502487562189,0.001,0,1,0,0,1,1,0,0,"2"
0.0143476334495579,0.150797165633304,0.0902311707680835,0.143468950749465,0,0,0,0,0,0,0,0,1,0,0,1,1,0,0,"2"
0.00980524358999056,0.0994242692648361,0.0656226696495153,0.0524625267665953,0,0,0,0,0,0,0,0,1,0,0,1,1,0,0,"2"
0.0226348943383869,0.149911426040744,0.155853840417599,0.0813704496788009,0.333333333333333,0.375,0,0,0,0.00323383084577114,0.002,0,1,0,0,1,1,0,0,"1"
0.0162701546878311,0.145925597874225,0.111111111111111,0.0792291220556745,0.111111111111111,0,0,0.333333333333333,0,0.0497512437810945,0.05,0,1,0,0,1,1,0,0,"2"
0.020762458823756,0.158547387068202,0.131245339299031,0.150963597430407,0.111111111111111,0,0.142857142857143,0,0,0.00995024875621891,0.01,0,1,0,0,1,1,0,0,"2"
0.00707749802546666,0.111381753764393,0.0432513049962714,0.104925053533191,0,0,0,0,0,0,0,0,1,0,0,1,1,0,0,"2"
0.00491995916087149,0.0801594331266608,0.029082774049217,0.0749464668094218,0,0,0,0,0,0,0,0,1,0,0,1,1,0,0,"2"
0.0100941996879274,0.114703277236492,0.0648769574944072,0.109207708779443,0.111111111111111,0,0.142857142857143,0,0,0.0174129353233831,0.0175,0,1,0,0,1,1,0,0,"2"
0.0140355608637861,0.154561558901683,0.0917225950782998,0.147751605995717,0,0,0,0,0,0,0,0,1,0,0,1,1,0,0,"2"
0.0275972337269558,0.241585473870682,0.182699478001491,0.233404710920771,0,0,0,0,0,0,0,0,1,0,0,1,1,0,0,"2"
0.0132496002773979,0.131089459698849,0.0865026099925429,0.125267665952891,0,0,0,0,0,0,0,0,1,0,0,1,1,0,0,"2"
0.00550557685269018,0.100310008857396,0.0343027591349739,0.0942184154175589,0.111111111111111,0,0.142857142857143,0,0,0.00248756218905473,0.0025,0,1,0,0,1,1,0,0,"2"
0.0206507291325538,0.12643932683791,0.136465324384787,0.119914346895075,0,0,0,0,0,0,0,0,1,0,0,1,1,0,0,"2"
0.0273082776290189,0.255757307351639,0.191648023862789,0.142398286937901,0.222222222222222,0,0.285714285714286,0,0,0.0248756218905473,0.015,0,1,0,0,1,1,0,0,"2"
0.0136156113347845,0.205491585473871,0.298284862043251,0.513918629550321,0,0,0,0,0,0,0,0,1,0,0,0,0,1,0,"2"
0.0144478048968427,0.184012400354296,0.316927665920955,0.460385438972163,0,0,0,0,0,0,0,0,0,1,0,0,0,1,0,"2"
0.00835275760436131,0.0943312666076174,0.153616703952274,0.116702355460385,0.111111111111111,0,0.142857142857143,0,0,0.0199004975124378,0.02,0,0,1,0,0,1,0,0,"2"
0.00665369574849261,0.0803808680248007,0.0439970171513796,0.0449678800856531,0,0,0,0,0,0,0,0,0,1,0,1,1,0,0,"2"
0.00673460345591493,0.0894596988485385,0.0432513049962714,0.0856531049250535,0,0,0,0,0,0,0,0,0,1,0,1,1,0,0,"2"
0.00839899058003121,0.0606731620903454,0.167039522744221,0.178800856531049,0.111111111111111,0.125,0,0,0,0.00149253731343284,0.0015,0,0,1,0,1,1,0,0,"2"
0.0147367609947795,0.117360496014172,0.0984340044742729,0.113490364025696,0,0,0,0,0,0,0,0,0,1,0,1,1,0,0,"2"
0.0171601394694766,0.164083259521701,0.114839671886652,0.160599571734475,0,0,0,0,0,0,0,0,0,1,0,1,1,0,0,"2"
0.010733755851361,0.130425155004429,0.0708426547352722,0.127408993576017,0.111111111111111,0,0.142857142857143,0,0,0.00497512437810945,0.005,0,0,1,0,1,1,0,0,"2"
0.0091194544508871,0.114481842338353,0.0559284116331096,0.102783725910064,0.111111111111111,0.125,0,0,0,0.00124378109452736,0.00125,0,0,1,0,1,1,0,0,"2"
0.0230086108917185,0.188883968113375,0.146159582401193,0.17237687366167,0.222222222222222,0.25,0,0,0,0.00149253731343284,0.00075,0,0,1,0,1,1,0,0,"2"
0.0184623682841787,0.151904340124004,0.117076808351976,0.138115631691649,0,0,0,0,0,0,0,0,0,1,0,1,1,0,0,"2"
0.00976671611026565,0.111160318866253,0.0604026845637584,0.0995717344753747,0,0,0,0,0,0,0,0,0,1,0,1,1,0,0,"2"
0.0249234266340467,0.200841452612932,0.158836689038031,0.184154175588865,0.111111111111111,0,0.142857142857143,0,0,0.0199004975124378,0.02,0,0,1,0,1,1,0,0,"2"
0.0130954903584982,0.132639503985828,0.0820283370618941,0.119914346895075,0,0,0,0,0,0,0,0,0,1,0,1,1,0,0,"2"
0.00964342817514592,0.100310008857396,0.0618941088739746,0.0578158458244111,0.111111111111111,0,0.142857142857143,0,0,0.00248756218905473,0.0025,0,0,1,0,1,1,0,0,"2"
0.0133767409604901,0.121346324180691,0.0835197613721104,0.109207708779443,0,0,0,0,0,0,0,0,0,1,0,1,1,0,0,"2"
0.0268844753520448,0.188883968113375,0.178970917225951,0.179871520342612,0.222222222222222,0.25,0,0,0,0.00298507462686567,0.002,1,0,1,0,1,1,0,0,"2"
0.0157192117277648,0.171390611160319,0.10365398956003,0.163811563169165,0.111111111111111,0.125,0,0,0,0.00099502487562189,0.001,1,0,1,0,1,1,0,0,"2"
0.0219375469553659,0.16651904340124,0.145413870246085,0.158458244111349,0.111111111111111,0,0.142857142857143,0,0,0.00746268656716418,0.0075,1,0,1,0,1,1,0,0,"2"
0.0266378994818054,0.189326837909655,0.177479492915735,0.180942184154176,0,0,0,0,0,0,0,1,0,1,0,1,1,0,0,"2"
0.0165398470459055,0.137953941541187,0.108873974645787,0.130620985010707,0.111111111111111,0.125,0,0,0,0.000746268656716418,0.00075,1,0,1,0,1,1,0,0,"2"
0.0131263123422781,0.134632418069088,0.0857568978374347,0.127408993576017,0.111111111111111,0.125,0,0,0,0.00124378109452736,0.00125,1,0,1,0,1,1,0,0,"2"
0.00941226329679644,0.138175376439327,0.205816554809843,0.34475374732334,0,0,0,0,0,0,0,1,0,1,0,0,1,0,0,"2"
0.00686944963495213,0.0763950398582817,0.56972408650261,0.448608137044968,0,0,0,0,0,0,0,1,0,1,0,0,0,0,1,"2"
0.00614898576409624,0.0737378210806023,0.133482475764355,0.182012847965739,0,0,0,0,0,0,0,1,0,1,0,0,1,0,0,"2"
0.00926585887384177,0.0801594331266608,0.202833706189411,0.199143468950749,0.111111111111111,0,0.142857142857143,0,0,0.0124378109452736,0.0125,1,0,1,0,0,1,0,0,"2"
0.00662672651268517,0.0808237378210806,0.0417598806860552,0.0738758029978587,0,0,0,0,0,0,0,1,0,1,0,1,1,0,0,"2"
0.0230163163876635,0.153675819309123,0.164056674123788,0.110278372591006,0.222222222222222,0.125,0.142857142857143,0,0,0.0156716417910448,0.015,1,0,1,0,1,1,0,0,"1"
0.0200728169366801,0.182905225863596,0.142431021625652,0.13169164882227,0.111111111111111,0,0,0.333333333333333,0,0.0248756218905473,0.025,1,0,1,0,1,1,0,0,"2"
0.0114426614782994,0.138396811337467,0.0805369127516778,0.0985010706638116,0,0,0,0,0,0,0,1,0,1,0,1,1,0,0,"2"
0.0212710215561249,0.142161204605846,0.15137956748695,0.101713062098501,0.333333333333333,0.25,0.142857142857143,0,0,0.0121890547263682,0.01,1,0,1,0,1,1,0,0,"2"
0.0155573963129202,0.141054030115146,0.109619686800895,0.100642398286938,0,0,0,0,0,0,0,1,0,1,0,1,1,0,0,"2"
0.0126100441139643,0.25066430469442,0.0842654735272185,0.183083511777302,0,0,0,0,0,0,0,1,0,1,0,1,0,1,0,"2"
0.0133150969929302,0.113817537643933,0.0887397464578673,0.0813704496788009,0,0,0,0,0,0,0,1,0,1,0,1,0,1,0,"2"
0.0138082487334091,0.134410983170948,0.0924683072334079,0.0963597430406852,0,0,0,0,0,0,0,1,0,1,0,1,0,1,0,"2"
0.00978212710215561,0.120460584588131,0.058165548098434,0.104925053533191,0,0,0,0,0,0,0,1,0,1,0,1,1,0,0,"2"
0.00875729614147291,0.102967227635075,0.0574198359433259,0.0728051391862955,0.111111111111111,0.125,0,0,0,0.00124378109452736,0.00125,1,0,1,0,1,0,1,0,"2"
0.0254011673826357,0.179362267493357,0.155108128262491,0.158458244111349,0,0,0,0,0,0,0,1,0,1,0,1,1,0,0,"1"
0.025913582862977,0.337245349867139,0.17524235645041,0.247323340471092,0.222222222222222,0.125,0,0.333333333333333,0,0.199502487562189,0.2,1,0,1,0,1,0,1,0,"2"
0.0137543102617942,0.159433126660762,0.0917225950782998,0.114561027837259,0,0,0,0,0,0,0,1,0,1,0,1,0,1,0,"2"
0.00813700371790179,0.119131975199291,0.052199850857569,0.0877944325481799,0,0,0,0,0,0,0,0,0,1,0,1,0,1,0,"1"
0.0125907803741018,0.149468556244464,0.0827740492170022,0.11134903640257,0.111111111111111,0,0,0.333333333333333,0,0.0248756218905473,0.025,0,0,1,0,1,0,1,0,"2"
0.0197684498468533,0.203720106288751,0.131245339299031,0.153104925053533,0,0,0,0,0,0,0,0,0,1,0,1,0,1,0,"2"
0.011604476893144,0.130646589902569,0.0760626398210291,0.0963597430406852,0.111111111111111,0.125,0,0,0,0.000248756218905473,0.00025,0,0,1,0,1,0,1,0,"2"
0.00884205659686772,0.0943312666076174,0.0574198359433259,0.0685224839400428,0,0,0,0,0,0,0,0,0,1,0,1,0,1,0,"2"
0.00812544547398432,0.0885739592559787,0.149888143176734,0.109207708779443,0.111111111111111,0,0.142857142857143,0,0,0.0149253731343284,0.015,0,0,1,0,0,0,1,0,"2"
0.0170060295505769,0.149689991142604,0.315436241610738,0.187366167023555,0,0,0,0,0,0,0,0,0,1,0,0,0,1,0,"2"
0.0101173161757624,0.101195748449956,0.186428038777032,0.125267665952891,0.222222222222222,0.25,0,0,0,0.00174129353233831,0.00125,0,0,1,0,0,0,1,0,"2"
0.00488528442911907,0.0828166519043401,0.0887397464578673,0.101713062098501,0,0,0,0,0,0,0,0,0,1,0,0,0,1,0,"2"
0.00497389763248637,0.070859167404783,0.0909768829231916,0.0867237687366167,0,0,0,0,0,0,0,0,0,1,0,0,0,1,0,"2"
0.00404538537111595,0.0589016829052259,0.0730797912005966,0.0717344753747323,0,0,0,0,0,0,0,0,0,1,0,0,0,1,0,"2"
0.00288570823139604,0.0511514614703277,0.0514541387024608,0.0620985010706638,0,0,0,0,0,0,0,0,0,1,0,0,0,1,0,"2"
0.00432663597310782,0.0447298494242693,0.0782997762863535,0.0535331905781585,0,0,0,0,0,0,0,0,0,1,0,0,0,1,0,"2"
0.00261601587332165,0.0447298494242693,0.046234153616704,0.0535331905781585,0,0,0,0,0,0,0,0,0,1,0,0,0,1,0,"2"
0.00328254127256266,0.037643932683791,0.0589112602535421,0.0438972162740899,0,0,0,0,0,0,0,0,0,1,0,0,0,1,0,"2"
0.00152954094507908,0.0378653675819309,0.0260999254287845,0.0449678800856531,0,0,0,0,0,0,0,0,0,1,0,0,0,1,0,"2"
0.00281250601991871,0.0369796279893711,0.0507084265473527,0.0449678800856531,0,0,0,0,0,0,0,0,0,1,0,0,0,1,0,"2"
0.00252740266995434,0.033436669619132,0.0454884414615958,0.0406852248394004,0,0,0,0,0,0,0,0,0,1,0,0,0,1,0,"2"
0.00380651499682148,0.0316651904340124,0.0693512304250559,0.0385438972162741,0,0,0,0,0,0,0,0,0,1,0,0,0,1,0,"2"
0.0025466664098168,0.0358724534986714,0.0454884414615958,0.0438972162740899,0,0,0,0,0,0,0,0,0,1,0,0,0,1,0,"2"
0.00317081158136041,0.0245792736935341,0.0574198359433259,0.0289079229122056,0,0,0,0,0,0,0,0,0,1,0,0,0,1,0,"2"
0.00110573866810503,0.0310008857395926,0.0186428038777032,0.0374732334047109,0,0,0,0,0,0,0,0,0,1,0,0,0,1,0,"2"
0.00176841131937354,0.0274579273693534,0.0305741983594333,0.0331905781584582,0,0,0,0,0,0,0,0,0,1,0,0,0,1,0,"2"
0.00114811889580243,0.0267936226749336,0.0193885160328113,0.0321199143468951,0,0,0,0,0,0,0,0,0,1,0,0,0,1,0,"2"
0.00455394810348481,0.0307794508414526,0.087248322147651,0.0385438972162741,0.111111111111111,0.125,0,0,0,0.00199004975124378,0.002,1,0,1,0,0,1,0,0,"2"
0.00214983336865019,0.0276793622674934,0.0395227442207308,0.0342612419700214,0,0,0,0,0,0,0,1,0,1,0,0,1,0,0,"2"
0.00184546627882337,0.0354295837023915,0.143922445935869,0.197002141327623,0,0,0,0,0,0,0,1,0,1,0,0,1,0,0,"2"
0.00393750842788619,0.037643932683791,0.0745712155108128,0.0481798715203426,0,0,0,0,0,0,0,1,0,1,0,0,1,0,0,"2"
0.0086725356860781,0.0531443755535872,0.215510812826249,0.134903640256959,0,0,0,0,0,0,0,1,0,1,0,0,1,0,0,"2"
0.000889984781645509,0.0236935341009743,0.0149142431021626,0.0289079229122056,0,0,0,0,0,0,0,1,0,1,0,0,1,0,0,"2"
0.0033095105083701,0.0199291408325952,0.0626398210290828,0.0235546038543897,0.111111111111111,0,0.142857142857143,0,0,0.00995024875621891,0.01,1,0,1,0,0,1,0,0,"2"
0.00170676735181368,0.0212577502214349,0.0313199105145414,0.0256959314775161,0,0,0,0,0,0,0,1,0,1,0,0,1,0,0,"2"
0.0015179827011616,0.0199291408325952,0.029082774049217,0.0256959314775161,0,0,0,0,0,0,0,1,0,1,0,0,1,0,0,"2"
0.00262757411723912,0.0217006200177148,0.052199850857569,0.0289079229122056,0,0,0,0,0,0,0,1,0,1,0,0,1,0,0,"2"
0.00159118491263894,0.0274579273693534,0.0305741983594333,0.0374732334047109,0,0,0,0,0,0,0,1,0,1,0,0,1,0,0,"2"
0.00875344339350041,0.0684233835252436,0.0529455630126771,0.0481798715203426,0,0,0,0,0,0,0,1,0,1,0,1,1,0,0,"2"
0.00795977731116719,0.0717449069973428,0.0477255779269202,0.0503211991434689,0,0,0,0,0,0,0,1,0,1,0,1,1,0,0,"2"
0.0104216832655892,0.0972099202834367,0.0633855331841909,0.069593147751606,0,0,0,0,0,0,0,1,0,1,0,1,1,0,0,"2"
0.0255899520332877,0.151240035429584,0.159582401193139,0.110278372591006,0,0,0,0,0,0,0,1,0,1,0,1,1,0,0,"2"
0.00934676658126409,0.0978742249778565,0.0566741237882177,0.069593147751606,0,0,0,0,0,0,0,1,0,1,0,1,1,0,0,"2"
0.00695806283831943,0.08325952170062,0.0395227442207308,0.0588865096359743,0,0,0,0,0,0,0,1,1,0,0,1,1,0,0,"2"
0.00684248039914469,0.070637732506643,0.0387770320656227,0.0492505353319058,0.111111111111111,0.125,0,0,0,0.00099502487562189,0.001,1,1,0,0,1,1,0,0,"2"
0.0288763460538229,0.149025686448184,0.171513795674869,0.10813704496788,0.333333333333333,0,0.428571428571429,0,0,0.0323383084577114,0.02,1,1,0,0,1,1,0,0,"2"
0.030821983779931,0.191541186891054,0.1834451901566,0.140256959314775,0.222222222222222,0.125,0.142857142857143,0,0,0.00373134328358209,0.0025,1,1,0,0,1,1,0,0,"2"
0.0106489953959662,0.0932240921169176,0.0618941088739746,0.0663811563169165,0,0,0,0,0,0,0,1,1,0,0,1,1,0,0,"2"
0.0124559341950646,0.116253321523472,0.0723340790454884,0.0835117773019272,0,0,0,0,0,0,0,1,1,0,0,1,1,0,0,"2"
0.0118086725356861,0.112046058458813,0.0686055182699478,0.0802997858672377,0,0,0,0,0,0,0,1,1,0,0,1,1,0,0,"2"
0.0249735123576891,0.152347209920283,0.148396718866518,0.110278372591006,0.111111111111111,0,0.142857142857143,0,0,0.00248756218905473,0.0025,1,1,0,0,1,1,0,0,"2"
0.0141896707826858,0.117803365810452,0.0820283370618941,0.088865096359743,0,0,0,0,0,0,0,1,1,0,0,1,1,0,0,"2"
0.0072393134403113,0.0850310008857396,0.147651006711409,0.123126338329764,0.111111111111111,0.125,0,0,0,0.00099502487562189,0.001,1,1,0,0,0,1,0,0,"2"
0.0178382231126351,0.143932683790965,0.10365398956003,0.110278372591006,0,0,0,0,0,0,0,1,1,0,0,1,1,0,0,"2"
0.0372406619021017,0.24867139061116,0.218493661446682,0.19271948608137,0,0,0,0,0,0,0,1,1,0,0,1,1,0,0,"2"
0.0155073105892778,0.142382639503986,0.0894854586129754,0.10813704496788,0,0,0,0,0,0,0,1,1,0,0,1,1,0,0,"2"
0.0347286702240373,0.238706820194863,0.203579418344519,0.185224839400428,0,0,0,0,0,0,0,1,1,0,0,1,1,0,0,"2"
0.0401610448652501,0.280558015943313,0.236390753169277,0.218415417558887,0,0,0,0,0,0,0,1,1,0,0,1,1,0,0,"2"
0.012529136406542,0.158547387068202,0.0715883668903803,0.120985010706638,0,0,0,0,0,0,0,1,1,0,0,1,1,0,0,"2"
0.00862244996243571,0.112046058458813,0.240865026099925,0.311563169164882,0,0,0,0,0,0,0,1,1,0,0,0,1,0,0,"2"
0.0110227119492978,0.100088573959256,0.225950782997763,0.145610278372591,0.111111111111111,0,0.142857142857143,0,0,0.00995024875621891,0.01,1,1,0,0,0,1,0,0,"2"
0.0112538768276473,0.0980956598759965,0.23117076808352,0.143468950749465,0,0,0,0,0,0,0,1,1,0,0,0,1,0,0,"2"
0.00763229373350542,0.12533215234721,0.0402684563758389,0.0995717344753747,0,0,0,0,0,0,0,1,1,0,0,1,1,0,0,"2"
0.00468108878657703,0.0752878653675819,0.0238627889634601,0.0588865096359743,0,0,0,0,0,0,0,1,1,0,0,1,1,0,0,"2"
0.00577141646279209,0.0673162090345438,0.0298284862043251,0.0513918629550321,0,0,0,0,0,0,0,1,1,0,0,1,1,0,0,"2"
0.00658049353701528,0.0682019486271036,0.0343027591349739,0.0524625267665953,0,0,0,0,0,0,0,1,1,0,0,1,1,0,0,"2"
0.0140933520833735,0.113153232949513,0.106636838180462,0.105995717344754,0,0,0,0,0,0,0,1,1,0,0,1,1,0,0,"2"
0.00542081639729537,0.0839238263950399,0.110365398956003,0.122055674518201,0,0,0,0,0,0,0,1,1,0,0,0,1,0,0,"2"
0.00720078596058639,0.070859167404783,0.146905294556301,0.102783725910064,0,0,0,0,0,0,0,1,1,0,0,0,1,0,0,"2"
0.00557877906416752,0.070637732506643,0.0268456375838926,0.0524625267665953,0,0,0,0,0,0,0,1,1,0,0,1,1,0,0,"2"
0.00864171370229816,0.0721877767936227,0.0425055928411633,0.0535331905781585,0.111111111111111,0.125,0,0,0,0.00099502487562189,0.001,1,1,0,0,1,1,0,0,"2"
0.00706593978154919,0.0887953941541187,0.0343027591349739,0.0663811563169165,0,0,0,0,0,0,0,1,1,0,0,1,1,0,0,"2"
0.0250004815934966,0.177147918511957,0.129008202833706,0.137044967880086,0.111111111111111,0,0.142857142857143,0,0,0.00995024875621891,0.01,1,1,0,0,1,1,0,0,"2"
0.0141627015468783,0.150354295837024,0.0715883668903803,0.115631691648822,0.111111111111111,0,0.142857142857143,0,0,0.00746268656716418,0.0075,1,1,0,0,1,1,0,0,"2"
0.00694650459440196,0.102081488042516,0.0335570469798658,0.0770877944325482,0,0,0,0,0,0,0,1,1,0,0,1,1,0,0,"2"
0.00559033730808499,0.0821523472099203,0.113348247576435,0.118843683083512,0,0,0,0,0,0,0,1,1,0,0,0,1,0,0,"2"
0.00382963148465643,0.0659875996457042,0.0768083519761372,0.0952890792291221,0,0,0,0,0,0,0,1,1,0,0,0,1,0,0,"2"
0.00435745795688775,0.0549158547387068,0.0216256524981357,0.0417558886509636,0,0,0,0,0,0,0,1,1,0,0,1,1,0,0,"2"
0.005363025177708,0.0551372896368468,0.108873974645787,0.0792291220556745,0,0,0,0,0,0,0,1,1,0,0,0,1,0,0,"2"
0.0046502668027971,0.0496014171833481,0.0939597315436242,0.0706638115631692,0,0,0,0,0,0,0,1,1,0,0,0,1,0,0,"2"
0.00382963148465643,0.0473870682019486,0.0768083519761372,0.0674518201284797,0,0,0,0,0,0,0,1,1,0,0,0,1,0,0,"2"
0.00370249080156422,0.0544729849424269,0.0178970917225951,0.0417558886509636,0,0,0,0,0,0,0,1,1,0,0,1,1,0,0,"2"
0.021240199572345,0.199734278122232,0.114093959731544,0.162740899357602,0,0,0,0,0,0,0,1,1,0,0,1,1,0,0,"2"
0.00750515305041321,0.0967670504871568,0.0387770320656227,0.0770877944325482,0,0,0,0,0,0,0,1,1,0,0,1,1,0,0,"2"
0.0059871703492516,0.0717449069973428,0.121551081282625,0.103854389721627,0.111111111111111,0.125,0,0,0,0.000497512437810945,5e-04,1,1,0,0,0,1,0,0,"2"
0.00520506251083585,0.0575730735163862,0.105891126025354,0.082441113490364,0,0,0,0,0,0,0,1,1,0,0,0,1,0,0,"2"
0.00353682263874709,0.0646589902568645,0.0976882923191648,0.178800856531049,0,0,0,0,0,0,0,1,1,0,0,0,1,0,0,"2"
0.00342894569551733,0.0529229406554473,0.0947054436987323,0.145610278372591,0,0,0,0,0,0,0,1,1,0,0,0,1,0,0,"2"
0.00899231376779488,0.113374667847653,0.184190902311708,0.165952890792291,0.111111111111111,0,0.142857142857143,0,0,0.0199004975124378,0.02,1,1,0,0,0,1,0,0,"2"
0.00252740266995434,0.0602302922940655,0.0499627143922446,0.0867237687366167,0,0,0,0,0,0,0,1,1,0,0,0,1,0,0,"2"
0.00207277840920036,0.0518157661647476,0.0566741237882177,0.142398286937901,0,0,0,0,0,0,0,1,1,0,0,0,1,0,0,"2"
0.00305522914218566,0.0491585473870682,0.0947054436987323,0.147751605995717,0,0,0,0,0,0,0,1,1,0,0,0,1,0,0,"2"
0.00156806842480399,0.0396368467670505,0.035048471290082,0.0663811563169165,0,0,0,0,0,0,0,1,1,0,0,0,1,0,0,"2"
0.00272004006857891,0.0398582816651904,0.0618941088739746,0.0663811563169165,0,0,0,0,0,0,0,1,1,0,0,0,1,0,0,"2"
0.00521662075475333,0.0460584588131089,0.16331096196868,0.138115631691649,0,0,0,0,0,0,0,1,1,0,0,0,1,0,0,"2"
0.00162200689641887,0.037643932683791,0.0492170022371365,0.112419700214133,0,0,0,0,0,0,0,1,1,0,0,0,1,0,0,"2"
0.00121361561133478,0.0276793622674934,0.0365398956002983,0.0813704496788009,0,0,0,0,0,0,0,1,1,0,0,0,1,0,0,"2"
0.00131763980659205,0.0232506643046944,0.0402684563758389,0.0685224839400428,0,0,0,0,0,0,0,1,1,0,0,0,1,0,0,"2"
0.000836046310030629,0.016829052258636,0.0104399701715138,0.0289079229122056,0,0,0,0,0,0,0,1,1,0,0,0,1,0,0,"2"
0.0023232070274123,0.0241364038972542,0.0507084265473527,0.0396145610278373,0,0,0,0,0,0,0,1,1,0,0,0,1,0,0,"2"
0.00129837606672959,0.0181576616474756,0.0275913497390007,0.0289079229122056,0,0,0,0,0,0,0,1,1,0,0,0,1,0,0,"2"
0.00369093255764674,0.0303365810451727,0.0820283370618941,0.0513918629550321,0.111111111111111,0.125,0,0,0,0.00174129353233831,0.00175,1,1,0,0,0,1,0,0,"2"
0.0033056577603976,0.0411868910540301,0.0947054436987323,0.110278372591006,0,0,0,0,0,0,0,1,1,0,0,0,1,0,0,"2"
0.000901543025562983,0.0225863596102746,0.0186428038777032,0.0374732334047109,0,0,0,0,0,0,0,1,1,0,0,0,1,0,0,"2"
0.000481593496561422,0.0243578387953942,0.0119313944817301,0.0642398286937901,0,0,0,0,0,0,0,1,1,0,0,0,1,0,0,"2"
0.0020573674173104,0.0274579273693534,0.058165548098434,0.0728051391862955,0.111111111111111,0.125,0,0,0,0.000746268656716418,0.00075,1,1,0,0,0,1,0,0,"2"
0.00381036774479397,0.0256864481842338,0.0842654735272185,0.0428265524625268,0.111111111111111,0,0.142857142857143,0,0,0.00248756218905473,0.0025,1,1,0,0,0,1,0,0,"2"
0.00110188592013253,0.0234720992028344,0.0149142431021626,0.0417558886509636,0,0,0,0,0,0,0,1,1,0,0,0,1,0,0,"2"
0.00266610159696403,0.0212577502214349,0.0387770320656227,0.0374732334047109,0,0,0,0,0,0,0,1,1,0,0,0,1,0,0,"2"
0.0023232070274123,0.0281222320637733,0.0514541387024608,0.0492505353319058,0,0,0,0,0,0,0,1,1,0,0,0,1,0,0,"2"
0.00278168403613878,0.0387511071744907,0.0186428038777032,0.0331905781584582,0,0,0,0,0,0,0,1,1,0,0,1,1,0,0,"2"
0.00216139161256766,0.0427369353410097,0.0141685309470544,0.0374732334047109,0,0,0,0,0,0,0,1,1,0,0,1,1,0,0,"2"
0.00282406426383618,0.0429583702391497,0.0193885160328113,0.0374732334047109,0,0,0,0,0,0,0,1,1,0,0,1,1,0,0,"2"
0.00852227851515093,0.0914526129317981,0.0678598061148397,0.0910064239828694,0.111111111111111,0,0.142857142857143,0,0,0.0174129353233831,0.0175,1,1,0,0,1,1,0,0,"2"
0.0101327271676523,0.112488928255093,0.081282624906786,0.112419700214133,0,0,0,0,0,0,0,1,1,0,0,1,1,0,0,"2"
0.00443451291633758,0.0693091231178034,0.0559284116331096,0.105995717344754,0,0,0,0,0,0,0,1,1,0,0,1,1,0,0,"2"
0.00557877906416752,0.0677590788308237,0.0402684563758389,0.0620985010706638,0,0,0,0,0,0,0,1,1,0,0,1,1,0,0,"2"
0.00795977731116719,0.0713020372010629,0.102162565249814,0.109207708779443,0.111111111111111,0.125,0,0,0,0.00099502487562189,0.001,1,1,0,0,1,1,0,0,"1"
0.0108955712662056,0.138618246235607,0.0820283370618941,0.130620985010707,0.111111111111111,0,0,0.333333333333333,0,0.0497512437810945,0.05,1,1,0,0,1,1,0,0,"2"
0.0161969524763538,0.115810451727192,0.2110365398956,0.179871520342612,0.111111111111111,0,0.142857142857143,0,0,0.0124378109452736,0.0125,1,1,0,0,1,1,0,0,"2"
0.00780181464429504,0.0967670504871568,0.100671140939597,0.149892933618844,0,0,0,0,0,0,0,1,1,0,0,1,1,0,0,"2"
0.0122170638207702,0.113374667847653,0.0917225950782998,0.105995717344754,0.111111111111111,0.125,0,0,0,0.000248756218905473,0.00025,1,1,0,0,1,1,0,0,"2"
0.0169867658107145,0.153675819309123,0.221476510067114,0.240899357601713,0.111111111111111,0,0.142857142857143,0,0,0.00497512437810945,0.005,1,1,0,0,1,1,0,0,"2"
0.0108608965344532,0.116253321523472,0.146159582401193,0.187366167023555,0,0,0,0,0,0,0,0,1,0,0,1,1,0,0,"2"
0.00962801718325596,0.0843666961913198,0.129753914988814,0.134903640256959,0,0,0,0,0,0,0,0,1,0,0,1,1,0,0,"2"
0.00641482537419815,0.087688219663419,0.0857568978374347,0.140256959314775,0,0,0,0,0,0,0,0,1,0,0,1,1,0,0,"2"
0.00830267188071892,0.0766164747564216,0.111111111111111,0.122055674518201,0,0,0,0,0,0,0,0,1,0,0,1,1,0,0,"2"
0.0104871799811215,0.099867139061116,0.0842654735272185,0.0985010706638116,0,0,0,0,0,0,0,0,1,0,0,1,1,0,0,"1"
0.0234362659166651,0.191319751992914,0.146905294556301,0.179871520342612,0.111111111111111,0,0,0.333333333333333,0,0.0248756218905473,0.025,0,1,0,0,1,1,0,0,"2"
0.00753597503419314,0.142161204605846,0.0596569724086503,0.141327623126338,0,0,0,0,0,0,0,0,1,0,0,1,1,0,0,"2"
0.00805224326250698,0.102745792736935,0.064131245339299,0.101713062098501,0,0,0,0,0,0,0,0,1,0,0,1,1,0,0,"2"
0.00520120976286336,0.0810451727192205,0.0633855331841909,0.124197002141328,0.111111111111111,0.125,0,0,0,0.00199004975124378,0.002,0,1,0,0,1,1,0,0,"2"
0.0071969332126139,0.0741806908768822,0.0454884414615958,0.0685224839400428,0.222222222222222,0.125,0.142857142857143,0,0,0.0246268656716418,0.0225,0,1,0,0,1,1,0,0,"2"
0.00763614648147791,0.0881310894596988,0.0604026845637584,0.0867237687366167,0,0,0,0,0,0,0,0,1,0,0,1,1,0,0,"2"
0.0076862322051203,0.0648804251550044,0.0611483967188665,0.063169164882227,0,0,0,0,0,0,0,0,1,0,0,1,1,0,0,"2"
0.00705823428560421,0.0560230292294066,0.0559284116331096,0.0535331905781585,0,0,0,0,0,0,0,0,1,0,0,1,1,0,0,"2"
0.013869892700969,0.0770593445527015,0.111856823266219,0.0749464668094218,0.111111111111111,0.125,0,0,0,0.000248756218905473,0.00025,0,1,0,0,1,1,0,0,"2"
0.0219259887114484,0.118024800708592,0.178970917225951,0.117773019271949,0.111111111111111,0.125,0,0,0,0.00149253731343284,0.0015,0,1,0,0,1,1,0,0,"2"
0.0215599776540618,0.132418069087688,0.175988068605518,0.13169164882227,0,0,0,0,0,0,0,0,1,0,0,1,1,0,0,"2"
0.0120282791701181,0.0896811337466785,0.0976882923191648,0.088865096359743,0.111111111111111,0,0.142857142857143,0,0,0.00497512437810945,0.005,0,1,0,0,1,1,0,0,"2"
0.0101057579318449,0.0850310008857396,0.081282624906786,0.0835117773019272,0,0,0,0,0,0,0,0,1,0,0,1,1,0,0,"2"
0.00752826953824816,0.0664304694419841,0.0596569724086503,0.0642398286937901,0,0,0,0,0,0,0,0,1,0,0,1,1,0,0,"2"
0.0158579106547745,0.116696191319752,0.129008202833706,0.116702355460385,0,0,0,0,0,0,0,0,1,0,0,1,1,0,0,"2"
0.0232012482903431,0.139503985828167,0.190156599552573,0.140256959314775,0.111111111111111,0,0.142857142857143,0,0,0.00746268656716418,0.0075,0,1,0,0,1,1,0,0,"2"
0.0183930188206738,0.131089459698849,0.150633855331842,0.13169164882227,0,0,0,0,0,0,0,0,1,0,0,1,1,0,0,"2"
0.00716225848086147,0.0883525243578388,0.0566741237882177,0.0867237687366167,0.111111111111111,0.125,0,0,0,0.00174129353233831,0.00175,0,1,0,0,1,1,0,0,"2"
0.0137658685057117,0.0896811337466785,0.111856823266219,0.088865096359743,0,0,0,0,0,0,0,0,1,0,0,1,1,0,0,"2"
0.0117701450559612,0.0934455270150576,0.093214019388516,0.0942184154175589,0.111111111111111,0,0.142857142857143,0,0,0.00995024875621891,0.01,1,1,0,0,1,1,0,0,"2"
0.014756024734642,0.122453498671391,0.117822520507084,0.125267665952891,0.222222222222222,0,0.285714285714286,0,0,0.0298507462686567,0.02,1,1,0,0,1,1,0,0,"2"
0.0186704166746932,0.160318866253322,0.149888143176734,0.164882226980728,0,0,0,0,0,0,0,1,1,0,0,1,1,0,0,"1"
0.0162239217121612,0.146147032772365,0.129753914988814,0.149892933618844,0.222222222222222,0,0.142857142857143,0.333333333333333,0,0.082089552238806,0.075,1,1,0,0,1,1,0,0,"2"
0.0186049199591609,0.117360496014172,0.149142431021626,0.119914346895075,0,0,0,0,0,0,0,1,1,0,0,1,1,0,0,"2"
0.0127949760166439,0.119353410097431,0.101416853094705,0.122055674518201,0,0,0,0,0,0,0,1,1,0,0,1,1,0,0,"2"
0.0252971431873784,0.170504871567759,0.203579418344519,0.17558886509636,0,0,0,0,0,0,0,1,1,0,0,1,1,0,0,"2"
0.00932365009342914,0.112046058458813,0.0730797912005966,0.114561027837259,0,0,0,0,0,0,0,1,1,0,0,1,1,0,0,"2"
0.00844137080772861,0.0837023914968999,0.0633855331841909,0.0856531049250535,0,0,0,0,0,0,0,0,0,1,0,1,0,1,0,"2"
0.00662287376471268,0.0611160318866253,0.0492170022371365,0.0610278372591006,0.111111111111111,0,0.142857142857143,0,0,0.00995024875621891,0.01,0,0,1,0,1,0,1,0,"2"
0.00553254608849762,0.0595659875996457,0.0402684563758389,0.0599571734475375,0,0,0,0,0,0,0,0,0,1,0,1,0,1,0,"2"
0.0181464429504344,0.12400354295837,0.13944817300522,0.12847965738758,0,0,0,0,0,0,0,0,0,1,0,1,0,1,0,"2"
0.0102675733466895,0.0899025686448184,0.0775540641312453,0.0920770877944325,0,0,0,0,0,0,0,0,0,1,0,1,0,1,0,"2"
0.0073279266436786,0.0856953055801594,0.0544369873228934,0.0877944325481799,0,0,0,0,0,0,0,0,0,1,0,1,0,1,0,"2"
0.00820635318140664,0.0861381753764393,0.0611483967188665,0.0877944325481799,0.111111111111111,0.125,0,0,0,0.000746268656716418,0.00075,0,0,1,0,1,0,1,0,"2"
0.0241798462753559,0.131532329495128,0.186428038777032,0.135974304068522,0.333333333333333,0.375,0,0,0,0.00323383084577114,0.00125,0,0,1,0,1,0,1,0,"2"
0.0232667450058754,0.174047829937998,0.167785234899329,0.177730192719486,0.111111111111111,0.125,0,0,0,0.00149253731343284,0.0015,0,0,1,0,1,0,1,0,"2"
0.0130454046348558,0.130868024800709,0.093214019388516,0.132762312633833,0.111111111111111,0,0.142857142857143,0,0,0.00995024875621891,0.01,0,0,1,0,1,0,1,0,"2"
0.00769779044903778,0.0814880425155004,0.0536912751677852,0.0813704496788009,0,0,0,0,0,0,0,0,0,1,0,1,0,1,0,"2"
0.0174259790795785,0.143046944198406,0.125279642058166,0.145610278372591,0.222222222222222,0.25,0,0,0,0.00223880597014925,0.0015,0,0,1,0,1,0,1,0,"1"
0.0266340467338329,0.211027457927369,0.192393736017897,0.21627408993576,0.222222222222222,0,0.142857142857143,0.333333333333333,0,0.0845771144278607,0.075,0,0,1,0,1,0,1,0,"2"
0.0108878657702606,0.172497785651019,0.0768083519761372,0.17558886509636,0,0,0,0,0,0,0,0,0,1,0,1,0,1,0,"2"
0.00542852189324035,0.099867139061116,0.0372856077554064,0.100642398286938,0,0,0,0,0,0,0,0,0,1,0,1,0,1,0,"2"
0.0060334033249215,0.12577502214349,0.0417598806860552,0.127408993576017,0.111111111111111,0.125,0,0,0,0.000746268656716418,0.00075,0,0,1,0,1,0,1,0,"2"
0.00791354433549729,0.114038972542073,0.0544369873228934,0.117773019271949,0,0,0,0,0,0,0,0,0,1,0,1,1,0,0,"2"
0.0124829034308721,0.12488928255093,0.087248322147651,0.12847965738758,0,0,0,0,0,0,0,0,0,1,0,1,1,0,0,"2"
0.0183005528693341,0.1685119574845,0.129753914988814,0.17558886509636,0,0,0,0,0,0,0,0,0,1,0,1,1,0,0,"2"
0.00949702375219125,0.120903454384411,0.0656226696495153,0.125267665952891,0,0,0,0,0,0,0,0,0,1,0,1,1,0,0,"2"
0.00940070505287897,0.107617360496014,0.0648769574944072,0.110278372591006,0,0,0,0,0,0,0,0,0,1,0,1,1,0,0,"2"
0.0244919188611277,0.186891054030115,0.174496644295302,0.194860813704497,0,0,0,0,0,0,0,0,0,1,0,1,1,0,0,"2"
0.0260869565217391,0.221434898139947,0.185682326621924,0.231263383297645,0,0,0,0,0,0,0,0,0,1,0,1,1,0,0,"2"
0.0115775076573366,0.152568644818423,0.081282624906786,0.158458244111349,0,0,0,0,0,0,0,0,0,1,0,1,1,0,0,"2"
0.00708520352141165,0.0994242692648361,0.046234153616704,0.0985010706638116,0,0,0,0,0,0,0,0,0,1,0,1,1,0,0,"2"
0.00484290420142166,0.0770593445527015,0.0305741983594333,0.076017130620985,0,0,0,0,0,0,0,0,0,1,0,1,1,0,0,"2"
0.00519735701489087,0.079052258635961,0.0335570469798658,0.0781584582441113,0.111111111111111,0,0.142857142857143,0,0,0.00248756218905473,0.0025,0,0,1,0,1,1,0,0,"2"
0.0103793030378918,0.0763950398582817,0.0693512304250559,0.0749464668094218,0.111111111111111,0.125,0,0,0,0.000497512437810945,5e-04,0,0,1,0,1,1,0,0,"2"
0.00800986303480958,0.0850310008857396,0.0529455630126771,0.0835117773019272,0,0,0,0,0,0,0,0,0,1,0,1,1,0,0,"2"
0.0164127063628133,0.154561558901683,0.111111111111111,0.15524625267666,0.111111111111111,0.125,0,0,0,0.00099502487562189,0.001,0,0,1,0,1,1,0,0,"2"
0.033503496368785,0.230513728963685,0.229679343773304,0.233404710920771,0.222222222222222,0.125,0.142857142857143,0,0,0.00696517412935323,0.005,0,0,1,0,1,1,0,0,"2"
0.0166901042168327,0.137511071744907,0.113348247576435,0.138115631691649,0.222222222222222,0.25,0,0,0,0.00124378109452736,0.001,0,0,1,0,1,1,0,0,"2"
0.0134191211881875,0.101195748449956,0.0857568978374347,0.0963597430406852,0,0,0,0,0,0,0,0,0,1,0,1,1,0,0,"2"
0.0249388376259367,0.202391496899911,0.161819537658464,0.197002141327623,0.111111111111111,0,0.142857142857143,0,0,0.0149253731343284,0.015,0,0,1,0,1,1,0,0,"2"
0.024807844194872,0.16674047829938,0.161073825503356,0.161670235546039,0,0,0,0,0,0,0,0,0,1,0,1,1,0,0,"2"
0.0132996860010402,0.145925597874225,0.0850111856823266,0.141327623126338,0,0,0,0,0,0,0,0,0,1,0,1,1,0,0,"2"
0.0188206738456204,0.164304694419841,0.121551081282625,0.159528907922912,0,0,0,0,0,0,0,0,0,1,0,1,1,0,0,"2"
0.0230586966153609,0.180026572187777,0.149888143176734,0.174518201284797,0,0,0,0,0,0,0,0,0,1,0,1,1,0,0,"2"
0.0148292269461193,0.158104517271922,0.0954511558538404,0.153104925053533,0,0,0,0,0,0,0,0,0,1,0,1,1,0,0,"2"
0.00961260619136599,0.0994242692648361,0.0611483967188665,0.0952890792291221,0,0,0,0,0,0,0,0,0,1,0,1,1,0,0,"2"
0.00918109841844696,0.0938883968113375,0.0566741237882177,0.088865096359743,0,0,0,0,0,0,0,1,1,0,0,1,1,0,0,"2"
0.0144015719211728,0.145704162976085,0.0902311707680835,0.140256959314775,0,0,0,0,0,0,0,1,1,0,0,1,1,0,0,"2"
0.0159157018743619,0.139061116031887,0.0999254287844892,0.133832976445396,0,0,0,0,0,0,0,1,1,0,0,1,1,0,0,"2"
0.0229392614282137,0.159433126660762,0.144668158090977,0.153104925053533,0.222222222222222,0.25,0,0,0,0.00149253731343284,0.001,1,1,0,0,1,1,0,0,"2"
0.010059524956175,0.112931798051373,0.0618941088739746,0.107066381156317,0,0,0,0,0,0,0,1,1,0,0,1,1,0,0,"2"
0.011415692242492,0.118910540301151,0.0708426547352722,0.113490364025696,0.111111111111111,0.125,0,0,0,0.000497512437810945,5e-04,1,1,0,0,1,1,0,0,"2"
0.0100864941919824,0.0890168290522586,0.0618941088739746,0.0835117773019272,0,0,0,0,0,0,0,1,1,0,0,1,1,0,0,"2"
0.0155150160852228,0.16674047829938,0.237882177479493,0.319057815845824,0,0,0,0,0,0,0,1,1,0,0,0,1,0,0,"2"
0.00795207181522221,0.112488928255093,0.120805369127517,0.214132762312634,0,0,0,0,0,0,0,1,1,0,0,0,1,0,0,"2"
0.00517038777908343,0.0799379982285208,0.0775540641312453,0.150963597430407,0,0,0,0,0,0,0,1,1,0,0,0,1,0,0,"2"
0.00955096222380613,0.0799379982285208,0.052199850857569,0.0685224839400428,0.111111111111111,0.125,0,0,0,0.00124378109452736,0.00125,1,1,0,0,1,1,0,0,"2"
0.0121823890890177,0.0932240921169176,0.0671140939597315,0.0802997858672377,0.111111111111111,0.125,0,0,0,0.000746268656716418,0.00075,1,1,0,0,1,1,0,0,"2"
0.0073741596193485,0.0814880425155004,0.0395227442207308,0.069593147751606,0,0,0,0,0,0,0,1,1,0,0,1,1,0,0,"2"
0.00983606557377049,0.0932240921169176,0.0536912751677852,0.0802997858672377,0,0,0,0,0,0,0,1,1,0,0,1,1,0,0,"2"
0.00806765425439695,0.0885739592559787,0.0432513049962714,0.076017130620985,0.111111111111111,0.125,0,0,0,0.000746268656716418,0.00075,1,1,0,0,1,1,0,0,"2"
0.0126023386180193,0.115589016829052,0.0693512304250559,0.100642398286938,0,0,0,0,0,0,0,1,1,0,0,1,1,0,0,"1"
0.0128026815125889,0.106288751107174,0.0678598061148397,0.0899357601713062,0.222222222222222,0.125,0,0.333333333333333,0,0.1,0.1,1,1,0,0,1,1,0,0,"2"
0.0195488432124213,0.158768821966342,0.105891126025354,0.137044967880086,0.111111111111111,0,0.142857142857143,0,0,0.0174129353233831,0.0175,1,1,0,0,1,1,0,0,"2"
0.0120706593978155,0.106731620903454,0.064131245339299,0.0910064239828694,0,0,0,0,0,0,0,1,1,0,0,1,1,0,0,"2"
0.00874959064552792,0.112046058458813,0.0454884414615958,0.0952890792291221,0,0,0,0,0,0,0,1,1,0,0,1,1,0,0,"2"
0.0123750264876423,0.113153232949513,0.0656226696495153,0.0963597430406852,0.222222222222222,0.125,0.142857142857143,0,0,0.00572139303482587,0.005,1,1,0,0,1,1,0,0,"2"
0.0190248694881624,0.127767936226749,0.102908277404922,0.109207708779443,0,0,0,0,0,0,0,1,1,0,0,1,1,0,0,"2"
0.0108840130222881,0.102967227635075,0.0574198359433259,0.0867237687366167,0,0,0,0,0,0,0,1,1,0,0,1,1,0,0,"2"
0.00888443682456512,0.0865810451727192,0.046234153616704,0.0728051391862955,0,0,0,0,0,0,0,1,1,0,0,1,1,0,0,"2"
0.0144362466529252,0.118910540301151,0.0775540641312453,0.102783725910064,0,0,0,0,0,0,0,0,1,0,0,1,1,0,0,"2"
0.0105488239486814,0.0972099202834367,0.0559284116331096,0.0835117773019272,0.111111111111111,0,0.142857142857143,0,0,0.00995024875621891,0.01,0,1,0,0,1,1,0,0,"2"
0.00644564735797808,0.0872453498671391,0.0611483967188665,0.0835117773019272,0,0,0,0,0,0,0,0,1,0,0,1,1,0,0,"2"
0.0170407042823294,0.106953055801594,0.0917225950782998,0.0920770877944325,0,0,0,0,0,0,0,0,1,0,0,1,1,0,0,"2"
0.0108878657702606,0.095659875996457,0.0574198359433259,0.0813704496788009,0,0,0,0,0,0,0,0,1,0,0,1,1,0,0,"2"
0.0108416327945907,0.101417183348096,0.0574198359433259,0.0867237687366167,0,0,0,0,0,0,0,0,1,0,0,1,1,0,0,"2"
0.0121438616092928,0.114703277236492,0.0648769574944072,0.0985010706638116,0,0,0,0,0,0,0,0,1,0,0,1,1,0,0,"2"
0.00876500163741789,0.113596102745793,0.0618941088739746,0.0920770877944325,0,0,0,0,0,0,0,0,1,0,0,1,1,0,0,"2"
0.00562886478780991,0.070637732506643,0.0283370618941089,0.0578158458244111,0.111111111111111,0,0.142857142857143,0,0,0.00497512437810945,0.005,0,1,0,0,1,1,0,0,"2"
0.00428040299743792,0.0710806023029229,0.064131245339299,0.133832976445396,0,0,0,0,0,0,0,0,1,0,0,0,1,0,0,"2"
0.0063917088863632,0.0586802480070859,0.0969425801640567,0.110278372591006,0.111111111111111,0.125,0,0,0,0.00199004975124378,0.002,0,1,0,0,0,1,0,0,"2"
0.00597561210533413,0.054030115146147,0.0902311707680835,0.100642398286938,0,0,0,0,0,0,0,0,1,0,0,0,1,0,0,"2"
0.00779410914835006,0.0910097431355182,0.0402684563758389,0.076017130620985,0,0,0,0,0,0,0,0,1,0,0,1,1,0,0,"2"
0.00725087168422878,0.0726306465899026,0.0372856077554064,0.0599571734475375,0.111111111111111,0.125,0,0,0,0.000497512437810945,5e-04,0,1,0,0,1,1,0,0,"2"
0.0115698021613916,0.0887953941541187,0.0604026845637584,0.0738758029978587,0,0,0,0,0,0,0,0,1,0,0,1,1,0,0,"2"
0.00792124983144228,0.0737378210806023,0.0402684563758389,0.0610278372591006,0.111111111111111,0.125,0,0,0,0.000497512437810945,5e-04,0,1,0,0,1,1,0,0,"2"
0.00539769990946042,0.0615589016829052,0.0275913497390007,0.0503211991434689,0,0,0,0,0,0,0,0,1,0,0,1,1,0,0,"2"
0.0141819652867408,0.100310008857396,0.0760626398210291,0.0835117773019272,0,0,0,0,0,0,0,0,1,0,0,1,1,0,0,"2"
0.0144555103927877,0.114703277236492,0.0775540641312453,0.0963597430406852,0,0,0,0,0,0,0,0,1,0,0,1,1,0,0,"2"
0.00924659513397931,0.0863596102745793,0.0484712900820283,0.0717344753747323,0,0,0,0,0,0,0,0,1,0,0,1,1,0,0,"2"
0.0150334225886614,0.143711248892826,0.081282624906786,0.122055674518201,0.222222222222222,0.25,0,0,0,0.00248756218905473,0.00225,0,1,0,0,1,1,0,0,"2"
0.020793280807536,0.153675819309123,0.113348247576435,0.130620985010707,0,0,0,0,0,0,0,0,1,0,0,1,1,0,0,"2"
0.0124790506828996,0.131310894596988,0.0663683818046234,0.110278372591006,0,0,0,0,0,0,0,0,1,0,0,1,1,0,0,"2"
0.0122132110727977,0.129096545615589,0.0648769574944072,0.109207708779443,0.111111111111111,0.125,0,0,0,0.000248756218905473,0.00025,0,1,0,0,1,1,0,0,"2"
0.0107722833310859,0.103631532329495,0.0611483967188665,0.0910064239828694,0,0,0,0,0,0,0,1,1,0,0,1,1,0,0,"2"
0.0161776887364913,0.175376439326838,0.0939597315436242,0.156316916488223,0.222222222222222,0.25,0,0,0,0.00099502487562189,5e-04,1,1,0,0,1,1,0,0,"2"
0.0132110727976729,0.142604074402126,0.0760626398210291,0.126338329764454,0,0,0,0,0,0,0,1,1,0,0,1,1,0,0,"2"
0.0152838512068733,0.192205491585474,0.234153616703952,0.36830835117773,0,0,0,0,0,0,0,1,1,0,0,0,1,0,0,"2"
0.00480052397372426,0.103410097431355,0.0715883668903803,0.197002141327623,0,0,0,0,0,0,0,1,1,0,0,0,1,0,0,"2"
0.00606422530870143,0.0961027457927369,0.0917225950782998,0.182012847965739,0,0,0,0,0,0,0,1,1,0,0,0,1,0,0,"2"
0.00408006010286837,0.0653232949512843,0.0611483967188665,0.123126338329764,0,0,0,0,0,0,0,1,1,0,0,0,1,0,0,"2"
0.00322089730500279,0.0489371124889283,0.0477255779269202,0.0910064239828694,0,0,0,0,0,0,0,1,1,0,0,0,1,0,0,"2"
0.00247731694631196,0.058458813108946,0.0357941834451902,0.109207708779443,0,0,0,0,0,0,0,1,1,0,0,0,1,0,0,"2"
0.00343279844348982,0.0560230292294066,0.0507084265473527,0.104925053533191,0,0,0,0,0,0,0,1,1,0,0,0,1,0,0,"2"
0.00177996956329102,0.0407440212577502,0.0253542132736764,0.0749464668094218,0,0,0,0,0,0,0,1,1,0,0,0,1,0,0,"2"
0.00391053919207875,0.0387511071744907,0.058165548098434,0.0717344753747323,0,0,0,0,0,0,0,1,1,0,0,0,1,0,0,"2"
0.00377184026506906,0.0460584588131089,0.0559284116331096,0.0856531049250535,0,0,0,0,0,0,0,1,1,0,0,0,1,0,0,"2"
0.00432663597310782,0.054030115146147,0.0648769574944072,0.100642398286938,0,0,0,0,0,0,0,1,1,0,0,0,1,0,0,"2"
0.00155651018088652,0.0407440212577502,0.0216256524981357,0.0749464668094218,0,0,0,0,0,0,0,1,1,0,0,0,1,0,0,"2"
0.00369863805359172,0.0473870682019486,0.0551826994780015,0.0877944325481799,0,0,0,0,0,0,0,1,1,0,0,0,1,0,0,"2"
0.00260445762940417,0.0620017714791851,0.0380313199105145,0.116702355460385,0,0,0,0,0,0,0,1,1,0,0,0,1,0,0,"2"
0.00206892566122787,0.0520372010628875,0.0298284862043251,0.0974304068522484,0,0,0,0,0,0,0,1,1,0,0,0,1,0,0,"2"
0.0017414420835661,0.0383082373782108,0.0246085011185682,0.0706638115631692,0,0,0,0,0,0,0,1,1,0,0,0,1,0,0,"2"
0.0011635298876924,0.04162976085031,0.0156599552572707,0.0770877944325482,0,0,0,0,0,0,0,1,1,0,0,0,1,0,0,"2"
0.0015642156768315,0.0414083259521701,0.0216256524981357,0.0770877944325482,0,0,0,0,0,0,0,1,1,0,0,0,1,0,0,"2"
0.00199572344975053,0.0389725420726306,0.0499627143922446,0.0856531049250535,0,0,0,0,0,0,0,1,1,0,0,0,1,0,0,"2"
0.00200728169366801,0.0631089459698849,0.0283370618941089,0.118843683083512,0,0,0,0,0,0,0,1,1,0,0,0,1,0,0,"2"
0.002681512588854,0.0529229406554473,0.0387770320656227,0.0985010706638116,0,0,0,0,0,0,0,1,1,0,0,0,1,0,0,"2"
0.00335574348403999,0.0575730735163862,0.0514541387024608,0.109207708779443,0,0,0,0,0,0,0,1,1,0,0,0,1,0,0,"2"
0.00310916761380054,0.0602302922940655,0.0477255779269202,0.114561027837259,0,0,0,0,0,0,0,1,1,0,0,0,1,0,0,"2"
0.00268921808479898,0.0571302037201063,0.0410141685309471,0.10813704496788,0,0,0,0,0,0,0,1,1,0,0,0,1,0,0,"2"
0.0035291171428021,0.058458813108946,0.0544369873228934,0.11134903640257,0,0,0,0,0,0,0,1,1,0,0,0,1,0,0,"2"
0.00461173932307218,0.0651018600531444,0.0715883668903803,0.124197002141328,0.111111111111111,0.125,0,0,0,0.000248756218905473,0.00025,1,1,0,0,0,1,0,0,"2"
0.00321319180905781,0.0573516386182462,0.0492170022371365,0.109207708779443,0,0,0,0,0,0,0,1,1,0,0,0,1,0,0,"2"
0.00261216312534916,0.0549158547387068,0.0395227442207308,0.103854389721627,0,0,0,0,0,0,0,1,1,0,0,0,1,0,0,"2"
0.00607578355261891,0.0686448184233835,0.0947054436987323,0.130620985010707,0.111111111111111,0,0.142857142857143,0,0,0.00995024875621891,0.01,1,1,0,0,0,1,0,0,"2"
0.0047388800061644,0.0688662533215235,0.0782997762863535,0.132762312633833,0,0,0,0,0,0,0,1,1,0,0,0,1,0,0,"2"
0.00233476527132978,0.0566873339238264,0.0372856077554064,0.109207708779443,0,0,0,0,0,0,0,1,1,0,0,0,1,0,0,"2"
0.00861859721446322,0.0675376439326838,0.144668158090977,0.130620985010707,0.111111111111111,0.125,0,0,0,0.000746268656716418,0.00075,1,1,0,0,0,1,0,0,"2"
0.00311302036177303,0.0600088573959256,0.0507084265473527,0.115631691648822,0,0,0,0,0,0,0,1,1,0,0,0,1,0,0,"2"
0.00409547109475834,0.0449512843224092,0.0678598061148397,0.0856531049250535,0,0,0,0,0,0,0,1,1,0,0,0,1,0,0,"2"
0.00269307083277147,0.0482728077945084,0.0432513049962714,0.0920770877944325,0,0,0,0,0,0,0,1,1,0,0,0,1,0,0,"2"
0.00409161834678584,0.0595659875996457,0.0678598061148397,0.114561027837259,0.111111111111111,0.125,0,0,0,0.000746268656716418,0.00075,1,1,0,0,0,1,0,0,"2"
0.00291267746720348,0.0484942426926484,0.0477255779269202,0.0931477516059957,0,0,0,0,0,0,0,1,1,0,0,0,1,0,0,"2"
0.00279709502802874,0.0467227635075288,0.0686055182699478,0.0920770877944325,0,0,0,0,0,0,0,1,1,0,0,0,1,0,0,"2"
0.00316695883338791,0.0467227635075288,0.0782997762863535,0.0920770877944325,0,0,0,0,0,0,0,1,1,0,0,0,1,0,0,"2"
0.00272004006857891,0.050044286979628,0.0671140939597315,0.0985010706638116,0,0,0,0,0,0,0,1,1,0,0,0,1,0,0,"2"
0.00535146693379053,0.0675376439326838,0.0283370618941089,0.056745182012848,0,0,0,0,0,0,0,1,1,0,0,1,1,0,0,"2"
0.00560574829997496,0.0715234720992028,0.0298284862043251,0.0599571734475375,0.111111111111111,0.125,0,0,0,0.000746268656716418,0.00075,1,1,0,0,1,1,0,0,"2"
0.0115197164377492,0.139282550930027,0.0648769574944072,0.120985010706638,0.222222222222222,0.125,0.142857142857143,0,0,0.0206467661691542,0.02,1,1,0,0,1,1,0,0,"2"
0.011400281250602,0.140389725420726,0.064131245339299,0.122055674518201,0.111111111111111,0.125,0,0,0,0.00199004975124378,0.002,1,1,0,0,1,1,0,0,"2"
0.01340756294427,0.20903454384411,0.0760626398210291,0.184154175588865,0.111111111111111,0,0.142857142857143,0,0,0.00995024875621891,0.01,1,1,0,0,1,1,0,0,"2"
0.0188129683496754,0.169840566873339,0.111856823266219,0.15203426124197,0,0,0,0,0,0,0,1,1,0,0,1,1,0,0,"2"
0.0148061104582844,0.21036315323295,0.087248322147651,0.189507494646681,0,0,0,0,0,0,0,1,1,0,0,1,1,0,0,"2"
0.00823717516518657,0.118467670504872,0.0477255779269202,0.104925053533191,0,0,0,0,0,0,0,1,1,0,0,1,1,0,0,"2"
0.00977827435418312,0.106731620903454,0.0566741237882177,0.0942184154175589,0.111111111111111,0,0.142857142857143,0,0,0.0174129353233831,0.0175,1,1,0,0,1,1,0,0,"2"
0.0166400184931903,0.146368467670505,0.0984340044742729,0.130620985010707,0,0,0,0,0,0,0,1,1,0,0,1,1,0,0,"2"
0.0104525052493691,0.0947741364038973,0.0611483967188665,0.0835117773019272,0,0,0,0,0,0,0,1,1,0,0,1,1,0,0,"2"
0.0190094584962725,0.108281665190434,0.113348247576435,0.0952890792291221,0.333333333333333,0.125,0.285714285714286,0,0,0.023134328358209,0.015,1,1,0,0,1,1,0,0,"2"
0.0130222881470209,0.150575730735164,0.0768083519761372,0.133832976445396,0,0,0,0,0,0,0,1,1,0,0,1,1,0,0,"2"
0.00985532931363295,0.113596102745793,0.0611483967188665,0.104925053533191,0,0,0,0,0,0,0,1,1,0,0,1,1,0,0,"2"
0.00393750842788619,0.0684233835252436,0.023117076808352,0.0620985010706638,0,0,0,0,0,0,0,1,1,0,0,1,1,0,0,"2"
0.00453083161564986,0.0642161204605846,0.0268456375838926,0.0578158458244111,0,0,0,0,0,0,0,1,1,0,0,1,1,0,0,"2"
0.00535917242973551,0.074844995571302,0.0320656226696495,0.0685224839400428,0.111111111111111,0.125,0,0,0,0.00149253731343284,0.0015,1,1,0,0,1,1,0,0,"2"
0.00624915721138102,0.0653232949512843,0.0380313199105145,0.0588865096359743,0,0,0,0,0,0,0,1,1,0,0,1,1,0,0,"2"
0.00889599506848259,0.0810451727192205,0.0551826994780015,0.0738758029978587,0,0,0,0,0,0,0,1,1,0,0,1,1,0,0,"2"
0.0186858276665832,0.12400354295837,0.119313944817301,0.115631691648822,0,0,0,0,0,0,0,1,1,0,0,1,1,0,0,"2"
0.0110034482094354,0.103852967227635,0.0693512304250559,0.0963597430406852,0.111111111111111,0.125,0,0,0,0.00149253731343284,0.0015,1,1,0,0,1,1,0,0,"2"
0.00665369574849261,0.08348095659876,0.0402684563758389,0.0749464668094218,0,0,0,0,0,0,0,1,1,0,0,1,1,0,0,"2"
0.00839899058003121,0.0814880425155004,0.0514541387024608,0.0728051391862955,0,0,0,0,0,0,0,1,1,0,0,1,1,0,0,"2"
0.0286528866714184,0.144596988485385,0.181953765846383,0.132762312633833,0,0,0,0,0,0,0,1,1,0,0,1,1,0,0,"2"
0.0156691260041224,0.115146147032772,0.0984340044742729,0.104925053533191,0.111111111111111,0,0.142857142857143,0,0,0.0199004975124378,0.02,1,1,0,0,1,1,0,0,"2"
0.00543622738918534,0.103410097431355,0.0320656226696495,0.0942184154175589,0,0,0,0,0,0,0,1,1,0,0,1,1,0,0,"2"
0.00577141646279209,0.0772807794508415,0.0343027591349739,0.0685224839400428,0,0,0,0,0,0,0,1,1,0,0,1,1,0,0,"2"
0.0108031053148658,0.0976527900797166,0.0671140939597315,0.0877944325481799,0,0,0,0,0,0,0,1,1,0,0,1,1,0,0,"2"
0.0161468667527114,0.132639503985828,0.101416853094705,0.120985010706638,0,0,0,0,0,0,0,1,1,0,0,1,1,0,0,"2"
0.0109225405020131,0.116474756421612,0.0738255033557047,0.112419700214133,0,0,0,0,0,0,0,1,1,0,0,1,1,0,0,"2"
0.0299127352584231,0.1674047829938,0.20730797912006,0.163811563169165,0.222222222222222,0.125,0.142857142857143,0,0,0.00298507462686567,0.0025,1,1,0,0,1,1,0,0,"1"
0.0153339369305157,0.12643932683791,0.105145413870246,0.123126338329764,0.111111111111111,0,0,0.333333333333333,0,0.0995024875621891,0.1,1,1,0,0,1,1,0,0,"2"
0.0119897516903932,0.116917626217892,0.081282624906786,0.113490364025696,0,0,0,0,0,0,0,1,1,0,0,1,1,0,0,"2"
0.01789216158425,0.160983170947741,0.123042505592841,0.157387580299786,0.111111111111111,0.125,0,0,0,0.000746268656716418,0.00075,1,1,0,0,1,1,0,0,"1"
0.0246768507638073,0.192648361381754,0.170768083519761,0.189507494646681,0.111111111111111,0,0,0.333333333333333,0,0.0497512437810945,0.05,1,1,0,0,1,1,0,0,"2"
0.0176609967059005,0.155004428697963,0.121551081282625,0.150963597430407,0,0,0,0,0,0,0,1,1,0,0,1,1,0,0,"2"
0.010498738225039,0.132860938883968,0.0708426547352722,0.129550321199143,0.111111111111111,0.125,0,0,0,0.000497512437810945,5e-04,1,1,0,0,1,1,0,0,"2"
0.00389898094816128,0.0899025686448184,0.0253542132736764,0.0877944325481799,0,0,0,0,0,0,0,0,1,0,0,1,1,0,0,"2"
0.00936217757315405,0.0775022143489814,0.064131245339299,0.076017130620985,0.111111111111111,0,0.142857142857143,0,0,0.00497512437810945,0.005,0,1,0,0,1,1,0,0,"2"
0.00655737704918033,0.0730735163861825,0.0439970171513796,0.0706638115631692,0,0,0,0,0,0,0,0,1,0,0,1,1,0,0,"2"
0.0136541388145094,0.107395925597874,0.0947054436987323,0.105995717344754,0,0,0,0,0,0,0,0,1,0,0,1,1,0,0,"2"
0.0206353181406638,0.138396811337467,0.143922445935869,0.138115631691649,0.333333333333333,0.25,0.142857142857143,0,0,0.00522388059701493,0.0025,0,1,0,0,1,1,0,0,"2"
0.0121207451214579,0.108281665190434,0.0835197613721104,0.107066381156317,0.111111111111111,0,0.142857142857143,0,0,0.00497512437810945,0.005,0,1,0,0,1,1,0,0,"2"
0.017649438461983,0.144818423383525,0.123042505592841,0.144539614561028,0,0,0,0,0,0,0,0,1,0,0,1,1,0,0,"2"
0.0211207643851977,0.176926483613818,0.147651006711409,0.177730192719486,0.111111111111111,0.125,0,0,0,0.000497512437810945,5e-04,0,1,0,0,1,1,0,0,"2"
0.0274546820519736,0.182683790965456,0.178225205070843,0.174518201284797,0.222222222222222,0.125,0.142857142857143,0,0,0.0116915422885572,0.01,0,1,0,0,1,1,0,0,"2"
0.0133459189767101,0.12422497785651,0.0850111856823266,0.116702355460385,0,0,0,0,0,0,0,0,1,0,0,1,1,0,0,"2"
0.0153069676947083,0.140389725420726,0.0984340044742729,0.132762312633833,0,0,0,0,0,0,0,0,1,0,0,1,1,0,0,"2"
0.0212016720926201,0.176705048715678,0.137211036539896,0.168094218415418,0,0,0,0,0,0,0,0,1,0,0,1,1,0,0,"2"
0.0161661304925738,0.163418954827281,0.10365398956003,0.15524625267666,0,0,0,0,0,0,0,0,1,0,0,1,1,0,0,"2"
0.0217487623047138,0.241364038972542,0.140939597315436,0.231263383297645,0,0,0,0,0,0,0,0,1,0,0,1,1,0,0,"2"
0.0253626399029108,0.191984056687334,0.164802386278896,0.183083511777302,0,0,0,0,0,0,0,0,1,0,0,1,1,0,0,"2"
0.0112769933154823,0.153232949512843,0.0715883668903803,0.145610278372591,0,0,0,0,0,0,0,0,1,0,0,1,1,0,0,"2"
0.028618211939666,0.197741364038973,0.185682326621924,0.188436830835118,0,0,0,0,0,0,0,0,0,1,0,1,1,0,0,"2"
0.0243069869584481,0.185562444641275,0.157345264727815,0.176659528907923,0.222222222222222,0.25,0,0,0,0.00149253731343284,0.001,0,0,1,0,1,1,0,0,"2"
0.0346708790044499,0.25022143489814,0.225950782997763,0.23982869379015,0.111111111111111,0,0.142857142857143,0,0,0.00995024875621891,0.01,0,0,1,0,1,1,0,0,"2"
0.051615264587467,0.283658104517272,0.337807606263982,0.273019271948608,0,0,0,0,0,0,0,0,0,1,0,1,0,1,0,"2"
0.0388588160505481,0.261514614703277,0.253542132736764,0.250535331905782,0.111111111111111,0.125,0,0,0,0.000248756218905473,0.00025,0,0,1,0,1,0,1,0,"2"
0.0478819518021229,0.269707705934455,0.313199105145414,0.259100642398287,0,0,0,0,0,0,0,0,0,1,0,1,0,0,1,"2"
0.0626880622604072,0.391054030115146,0.410887397464579,0.376873661670236,0.222222222222222,0.25,0,0,0,0.00174129353233831,0.00125,0,0,1,0,1,0,0,1,"2"
0.0267188071892277,0.312223206377325,0.173750932140194,0.300856531049251,0,0,0,0,0,0,0,0,0,1,0,1,0,1,0,"2"
0.0181657066902969,0.212356067316209,0.457121551081283,0.429336188436831,0.111111111111111,0.125,0,0,0,0.000497512437810945,5e-04,1,0,0,1,0,0,0,1,"2"
0.0128797364720387,0.16496899911426,0.323639075316928,0.332976445396146,0.111111111111111,0,0.142857142857143,0,0,0.00248756218905473,0.0025,1,0,0,1,0,0,0,1,"2"
0.00961260619136599,0.149689991142604,0.240865026099925,0.301927194860814,0,0,0,0,0,0,0,1,0,0,1,0,0,0,1,"2"
0.00957022596366859,0.119796279893711,0.240119313944817,0.240899357601713,0.222222222222222,0.125,0.142857142857143,0,0,0.00621890547263682,0.005,1,0,0,1,0,0,0,1,"2"
0.00949317100421876,0.116917626217892,0.237882177479493,0.234475374732334,0.111111111111111,0,0.142857142857143,0,0,0.0174129353233831,0.0175,1,0,0,1,0,0,0,1,"2"
0.00944693802854886,0.108060230292294,0.237136465324385,0.21627408993576,0.111111111111111,0.125,0,0,0,0.00099502487562189,0.001,1,0,0,1,0,0,0,1,"2"
0.0131995145537555,0.161204605845881,0.0790454884414616,0.144539614561028,0,0,0,0,0,0,0,1,0,0,1,1,0,0,1,"2"
0.0389821039856678,0.246678476527901,0.237882177479493,0.222698072805139,0.111111111111111,0.125,0,0,0,0.00174129353233831,0.00175,1,0,0,1,1,0,0,1,"2"
0.0204503862379842,0.231620903454384,0.0969425801640567,0.177730192719486,0,0,0,0,0,0,0,1,0,0,1,1,0,0,1,"2"
0.01340756294427,0.176262178919398,0.0626398210290828,0.134903640256959,0,0,0,0,0,0,0,1,0,0,1,1,0,0,1,"2"
0.0275240315154784,0.134189548272808,0.131245339299031,0.101713062098501,0.222222222222222,0,0.285714285714286,0,0,0.00995024875621891,0.005,1,0,0,1,1,0,0,1,"2"
0.0231935427943981,0.12688219663419,0.110365398956003,0.0952890792291221,0,0,0,0,0,0,0,1,0,0,1,1,0,0,1,"2"
0.0168095394039799,0.183790965456156,0.0790454884414616,0.140256959314775,0,0,0,0,0,0,0,1,0,0,1,1,0,0,1,"2"
0.0202577488393597,0.217670504871568,0.0961968680089485,0.167023554603854,0.111111111111111,0,0.142857142857143,0,0,0.00746268656716418,0.0075,1,0,0,1,1,0,0,1,"2"
0.0156614205081775,0.160097431355182,0.0738255033557047,0.122055674518201,0,0,0,0,0,0,0,1,0,0,1,1,0,0,1,"2"
0.0144709213846776,0.145261293179805,0.0678598061148397,0.110278372591006,0,0,0,0,0,0,0,1,0,0,1,1,0,0,1,"2"
0.0102059293791297,0.121789193976971,0.046234153616704,0.088865096359743,0,0,0,0,0,0,0,1,0,0,1,1,0,0,1,"2"
0.0243917474138429,0.169397697077059,0.114093959731544,0.125267665952891,0.111111111111111,0.125,0,0,0,0.00149253731343284,0.0015,1,0,0,1,1,0,0,1,"2"
0.0198955905299455,0.187112488928255,0.0924683072334079,0.138115631691649,0.111111111111111,0.125,0,0,0,0.000497512437810945,5e-04,1,0,0,1,1,0,0,1,"2"
0.0107299031033885,0.155004428697963,0.0484712900820283,0.113490364025696,0,0,0,0,0,0,0,1,0,0,1,1,0,0,1,"2"
0.0142821367340255,0.194641275465013,0.0656226696495153,0.144539614561028,0,0,0,0,0,0,0,1,0,0,1,1,0,0,1,"2"
0.0148407851900368,0.158768821966342,0.0686055182699478,0.116702355460385,0.111111111111111,0.125,0,0,0,0.00124378109452736,0.00125,1,0,0,1,1,0,0,1,"2"
0.0209589489703531,0.16718334809566,0.0976882923191648,0.123126338329764,0,0,0,0,0,0,0,1,0,0,1,1,0,0,1,"2"
0.0168133921519524,0.233392382639504,0.0782997762863535,0.173447537473233,0,0,0,0,0,0,0,1,0,0,1,1,0,0,1,"2"
0.00851842576717844,0.145261293179805,0.0357941834451902,0.102783725910064,0,0,0,0,0,0,0,1,0,0,1,1,0,1,0,"2"
0.0201922521238273,0.202612931798051,0.0887397464578673,0.144539614561028,0.111111111111111,0,0.142857142857143,0,0,0.00995024875621891,0.01,1,0,0,1,1,0,1,0,"2"
0.0258634971393346,0.255314437555359,0.114093959731544,0.183083511777302,0.222222222222222,0.125,0.142857142857143,0,0,0.00870646766169154,0.0075,1,0,0,1,1,0,1,0,"1"
0.036631927722448,0.252878653675819,0.162565249813572,0.180942184154176,0.222222222222222,0,0.142857142857143,0.333333333333333,0,0.0671641791044776,0.05,1,0,0,1,1,0,1,0,"1"
0.0584924197183641,0.25022143489814,0.261744966442953,0.178800856531049,0.222222222222222,0.125,0,0.333333333333333,0,0.0504975124378109,0.05,1,0,0,1,1,0,1,0,"2"
0.0408121592726012,0.218334809565988,0.181953765846383,0.15524625267666,0,0,0,0,0,0,0,1,0,0,1,1,0,1,0,"2"
0.0313343992602724,0.195748449955713,0.138702460850112,0.139186295503212,0,0,0,0,0,0,0,1,0,0,1,1,0,1,0,"2"
0.04806303095683,0.224092116917626,0.214019388516033,0.159528907922912,0,0,0,0,0,0,0,1,0,0,1,1,0,1,0,"2"
0.0261755697251064,0.231842338352524,0.108873974645787,0.157387580299786,0.111111111111111,0,0.142857142857143,0,0,0.00995024875621891,0.01,0,0,0,1,1,0,1,0,"2"
0.0220916568742656,0.118689105403012,0.0917225950782998,0.0781584582441113,0,0,0,0,0,0,0,0,0,0,1,1,0,1,0,"2"
0.0428733794378841,0.21036315323295,0.180462341536167,0.142398286937901,0.111111111111111,0.125,0,0,0,0.00099502487562189,0.001,0,0,0,1,1,0,1,0,"2"
0.0325210456357997,0.231842338352524,0.136465324384787,0.157387580299786,0.111111111111111,0.125,0,0,0,0.000497512437810945,5e-04,0,0,0,1,1,0,1,0,"2"
0.0202616015873322,0.151018600531444,0.0835197613721104,0.100642398286938,0.111111111111111,0,0.142857142857143,0,0,0.00497512437810945,0.005,0,0,0,1,1,0,1,0,"2"
0.0335766985802624,0.231620903454384,0.140939597315436,0.157387580299786,0.111111111111111,0.125,0,0,0,0.00124378109452736,0.00125,0,0,0,1,1,0,1,0,"2"
0.0153339369305157,0.217449069973428,0.0626398210290828,0.146680942184154,0.111111111111111,0,0.142857142857143,0,0,0.00995024875621891,0.01,0,0,0,1,1,0,1,0,"2"
0.0173065438924313,0.20682019486271,0.0708426547352722,0.140256959314775,0.111111111111111,0,0.142857142857143,0,0,0.00248756218905473,0.0025,0,0,0,1,1,0,1,0,"2"
0.0121477143572653,0.127325066430469,0.0439970171513796,0.0802997858672377,0,0,0,0,0,0,0,0,0,1,0,1,1,0,0,"2"
0.0156305985243975,0.134189548272808,0.0574198359433259,0.0845824411134904,0.111111111111111,0.125,0,0,0,0.000497512437810945,5e-04,0,0,1,0,1,1,0,0,"2"
0.0190017530003275,0.180912311780337,0.0700969425801641,0.115631691648822,0,0,0,0,0,0,0,0,0,1,0,1,1,0,0,"2"
0.00968966115081582,0.147475642161205,0.0343027591349739,0.0931477516059957,0.111111111111111,0,0.142857142857143,0,0,0.00995024875621891,0.01,0,0,1,0,1,1,0,0,"2"
0.010710639363526,0.131975199291408,0.0380313199105145,0.0835117773019272,0.111111111111111,0.125,0,0,0,0.000746268656716418,0.00075,0,0,1,0,1,1,0,0,"2"
0.0230586966153609,0.191098317094774,0.0857568978374347,0.122055674518201,0.111111111111111,0.125,0,0,0,0.00174129353233831,0.00175,0,0,1,0,1,1,0,0,"2"
0.0170715262661093,0.246014171833481,0.0626398210290828,0.158458244111349,0.111111111111111,0,0.142857142857143,0,0,0.00995024875621891,0.01,0,0,1,0,1,1,0,0,"2"
0.00648417483770299,0.174933569530558,0.161819537658464,0.353319057815846,0.111111111111111,0.125,0,0,0,0.000497512437810945,5e-04,0,0,1,0,0,1,0,0,"1"
0.00295505769490089,0.0659875996457042,0.029082774049217,0.0674518201284797,0.111111111111111,0,0,0.333333333333333,0,0.0497512437810945,0.05,0,0,1,0,1,1,0,0,"2"
0.00761302999364297,0.161647475642161,0.0782997762863535,0.171306209850107,0.111111111111111,0,0.142857142857143,0,0,0.00746268656716418,0.0075,0,0,1,0,1,1,0,0,"2"
0.00466953054265955,0.102524357838795,0.0134228187919463,0.0588865096359743,0,0,0,0,0,0,0,0,0,1,0,1,1,0,0,"2"
0.00975901061432066,0.139946855624446,0.0633855331841909,0.0845824411134904,0,0,0,0,0,0,0,0,0,1,0,1,1,0,0,"2"
0.0121400088613203,0.189991142604074,0.0790454884414616,0.115631691648822,0,0,0,0,0,0,0,0,0,1,0,1,1,0,0,"2"
0.0220916568742656,0.194198405668733,0.0745712155108128,0.115631691648822,0,0,0,0,0,0,0,0,0,1,0,1,1,0,0,"2"
0.021020592937913,0.284543844109832,0.138702460850112,0.17558886509636,0,0,0,0,0,0,0,0,0,1,0,1,1,0,0,"2"
0.0188514958294003,0.226749335695306,0.124533929903057,0.139186295503212,0,0,0,0,0,0,0,0,0,1,0,1,1,0,0,"2"
0.0263913236115659,0.232506643046944,0.174496644295302,0.138115631691649,0.111111111111111,0.125,0,0,0,0.00223880597014925,0.00225,0,1,0,0,1,1,0,0,"2"
0.0113501955269596,0.235828166519043,0.0730797912005966,0.140256959314775,0,0,0,0,0,0,0,0,1,0,0,1,1,0,0,"2"
0.00766311571728535,0.147697077059345,0.0238627889634601,0.0835117773019272,0,0,0,0,0,0,0,0,1,0,0,1,1,0,0,"2"
0.0110959141607752,0.152790079716563,0.0715883668903803,0.088865096359743,0,0,0,0,0,0,0,0,1,0,0,1,1,0,0,"2"
0.0251391805205062,0.238928255093003,0.0850111856823266,0.138115631691649,0,0,0,0,0,0,0,0,1,0,0,1,1,0,0,"2"
0.0313536630001348,0.245792736935341,0.20730797912006,0.145610278372591,0.111111111111111,0.125,0,0,0,0.000746268656716418,0.00075,0,1,0,0,1,1,0,0,"2"
0.0168596251276223,0.20925597874225,0.110365398956003,0.124197002141328,0,0,0,0,0,0,0,0,1,0,0,1,1,0,0,"2"
0.0233592109572152,0.176040744021258,0.153616703952274,0.103854389721627,0.222222222222222,0.125,0.142857142857143,0,0,0.00895522388059702,0.0075,0,1,0,0,1,1,0,0,"2"
0.0271040819864769,0.275022143489814,0.179716629381059,0.164882226980728,0,0,0,0,0,0,0,0,1,0,0,1,1,0,0,"2"
0.0131147540983607,0.174933569530558,0.0857568978374347,0.102783725910064,0.111111111111111,0.125,0,0,0,0.00124378109452736,0.00125,0,1,0,0,1,1,0,0,"2"
0.021883608483751,0.16806908768822,0.144668158090977,0.0985010706638116,0.222222222222222,0.125,0.142857142857143,0,0,0.00671641791044776,0.005,0,1,0,0,1,1,0,0,"2"
0.0228313844849839,0.228299379982285,0.15137956748695,0.135974304068522,0.222222222222222,0.125,0.142857142857143,0,0,0.00597014925373134,0.005,0,1,0,0,1,1,0,0,"1"
0.0150257170927164,0.191762621789194,0.0984340044742729,0.113490364025696,0.111111111111111,0,0,0.333333333333333,0,0.0746268656716418,0.075,0,1,0,0,1,1,0,0,"2"
0.0142359037583556,0.143268379096546,0.395973154362416,0.358672376873662,0,0,0,0,0,0,0,0,1,0,0,0,0,1,0,"2"
0.0102983953304695,0.128875110717449,0.285607755406413,0.322269807280514,0,0,0,0,0,0,0,0,1,0,0,0,1,0,0,"2"
0.00954325672786115,0.111824623560673,0.264727815063386,0.279443254817987,0,0,0,0,0,0,0,0,1,0,0,0,0,1,0,"2"
0.00909633796305215,0.106067316209035,0.0529455630126771,0.0578158458244111,0,0,0,0,0,0,0,0,1,0,0,1,1,0,0,"2"
0.0144747741326501,0.107617360496014,0.0857568978374347,0.0588865096359743,0,0,0,0,0,0,0,0,1,0,0,1,1,0,0,"2"
0.0113193735431797,0.112488928255093,0.0663683818046234,0.0610278372591006,0,0,0,0,0,0,0,0,1,0,0,1,1,0,0,"2"
0.0296430429003487,0.170504871567759,0.178225205070843,0.0952890792291221,0.111111111111111,0,0.142857142857143,0,0,0.00497512437810945,0.005,0,1,0,0,1,1,0,0,"2"
0.0188322320895379,0.222542072630647,0.111856823266219,0.125267665952891,0,0,0,0,0,0,0,0,1,0,0,1,1,0,0,"2"
0.0294773747375315,0.218113374667848,0.176733780760626,0.123126338329764,0,0,0,0,0,0,0,0,1,0,0,1,1,0,0,"2"
0.0381075301959122,0.300708591674048,0.132736763609247,0.169164882226981,0.333333333333333,0.125,0.285714285714286,0,0,0.0104477611940299,0.005,0,1,0,0,1,1,0,0,"1"
0.0302363660881123,0.29340124003543,0.181208053691275,0.167023554603854,0.111111111111111,0,0,0.333333333333333,0,0.0995024875621891,0.1,0,1,0,0,1,1,0,0,"2"
0.0264259983433184,0.229406554472985,0.0991797166293811,0.0845824411134904,0,0,0,0,0,0,0,0,0,1,0,1,0,1,0,"2"
0.00883820384889522,0.106288751107174,0.221476510067114,0.213062098501071,0,0,0,0,0,0,0,0,0,1,0,0,1,0,0,"2"
0.0149486621332666,0.153897254207263,0.113348247576435,0.115631691648822,0,0,0,0,0,0,0,0,0,1,0,0,0,1,0,"2"
0.0135886420989771,0.144818423383525,0.102162565249814,0.10813704496788,0.111111111111111,0.125,0,0,0,0.000497512437810945,5e-04,0,0,1,0,0,0,0,1,"2"
0.011831789023521,0.130425155004429,0.0887397464578673,0.0974304068522484,0.111111111111111,0.125,0,0,0,0.000497512437810945,5e-04,0,0,1,0,0,0,0,1,"2"
0.00752826953824816,0.122674933569531,0.0559284116331096,0.0910064239828694,0,0,0,0,0,0,0,0,0,1,0,0,0,1,0,"2"
0.00921577315019938,0.101860053144376,0.0686055182699478,0.0749464668094218,0,0,0,0,0,0,0,0,0,1,0,0,0,1,0,"2"
0.0122055055768527,0.118689105403012,0.0917225950782998,0.0877944325481799,0,0,0,0,0,0,0,0,0,1,0,0,0,1,0,"2"
0.0091618346785845,0.107617360496014,0.0686055182699478,0.0792291220556745,0,0,0,0,0,0,0,0,0,1,0,0,1,0,0,"2"
0.007597619001753,0.0797165633303809,0.0559284116331096,0.0578158458244111,0,0,0,0,0,0,0,0,0,1,0,0,1,0,0,"2"
0.00363314133805937,0.0389725420726306,0.0536912751677852,0.0717344753747323,0,0,0,0,0,0,0,0,0,1,0,0,1,0,0,"2"
0.00263142686521161,0.0146147032772365,0.0380313199105145,0.0246252676659529,0,0,0,0,0,0,0,0,0,1,0,0,1,0,0,"2"
0.00235017626321974,0.0462798937112489,0.0343027591349739,0.0856531049250535,0,0,0,0,0,0,0,0,0,1,0,0,1,0,0,"2"
0.00173373658762112,0.0228077945084145,0.0246085011185682,0.0406852248394004,0,0,0,0,0,0,0,0,0,1,0,0,1,0,0,"2"
0.00498545587640385,0.0223649247121346,0.0745712155108128,0.0396145610278373,0.111111111111111,0,0.142857142857143,0,0,0.00746268656716418,0.0075,0,0,1,0,0,1,0,0,"2"
0.00582150218643447,0.029007971656333,0.0879940343027591,0.0524625267665953,0.111111111111111,0.125,0,0,0,0.00174129353233831,0.00175,0,0,1,0,0,1,0,0,"2"
0.00286644449153359,0.029007971656333,0.0417598806860552,0.0524625267665953,0,0,0,0,0,0,0,0,0,1,0,0,1,0,0,"2"
0.000955481497177862,0.0203720106288751,0.0126771066368382,0.0364025695931477,0,0,0,0,0,0,0,0,0,1,0,0,1,0,0,"2"
0.00214212787270521,0.0201505757307352,0.0305741983594333,0.0353319057815846,0,0,0,0,0,0,0,0,0,1,0,0,1,0,0,"2"
0.0087149159137755,0.0396368467670505,0.0648769574944072,0.0342612419700214,0,0,0,0,0,0,0,0,0,1,0,1,1,0,0,"2"
0.0141935235306582,0.0825952170062002,0.10738255033557,0.076017130620985,0,0,0,0,0,0,0,0,0,1,0,1,1,0,0,"2"
0.0253741981468282,0.109388839681134,0.193885160328113,0.101713062098501,0.222222222222222,0.125,0.142857142857143,0,0,0.0054726368159204,0.005,0,0,1,0,1,1,0,0,"2"
0.0188861705611527,0.106953055801594,0.143176733780761,0.0995717344753747,0,0,0,0,0,0,0,0,0,1,0,1,1,0,0,"1"
0.0358999056076747,0.16496899911426,0.275167785234899,0.15524625267666,0.333333333333333,0,0.285714285714286,0.333333333333333,0,0.0398009950248756,0.025,0,0,1,0,1,1,0,0,"2"
0.0139893278881162,0.114481842338353,0.105891126025354,0.107066381156317,0,0,0,0,0,0,0,1,0,1,0,1,1,0,0,"2"
0.0125445473984319,0.0637732506643047,0.0947054436987323,0.0578158458244111,0,0,0,0,0,0,0,1,0,1,0,1,1,0,0,"2"
0.0184970430159311,0.0954384410983171,0.140193885160328,0.088865096359743,0,0,0,0,0,0,0,1,0,1,0,1,1,0,0,"2"
0.0200034674731752,0.12710363153233,0.152125279642058,0.118843683083512,0.111111111111111,0.125,0,0,0,0.000248756218905473,0.00025,1,0,1,0,1,1,0,0,"2"
0.0211130588892528,0.0938883968113375,0.161073825503356,0.0867237687366167,0,0,0,0,0,0,0,1,0,1,0,1,1,0,0,"2"
0.0126447188457167,0.0799379982285208,0.0954511558538404,0.0738758029978587,0,0,0,0,0,0,0,1,0,1,0,1,1,0,0,"1"
0.0184739265280962,0.117139061116032,0.140193885160328,0.109207708779443,0.222222222222222,0,0.142857142857143,0,1,0.509950248756219,0.5,1,0,1,0,1,1,0,0,"2"
0.0150950665562212,0.160318866253322,0.23117076808352,0.306209850107066,0,0,0,0,0,0,0,1,0,1,0,0,1,0,0,"2"
0.0146943807670821,0.0903454384410983,0.106636838180462,0.0867237687366167,0.111111111111111,0.125,0,0,0,0.000248756218905473,0.00025,0,0,1,0,1,1,0,0,"2"
0.014081793839456,0.0912311780336581,0.102162565249814,0.0877944325481799,0,0,0,0,0,0,0,0,0,1,0,1,1,0,0,"2"
0.00678854192752981,0.058458813108946,0.0477255779269202,0.0546038543897216,0,0,0,0,0,0,0,0,0,1,0,1,1,0,0,"2"
0.0156113347845351,0.087688219663419,0.113348247576435,0.0835117773019272,0,0,0,0,0,0,0,0,0,1,0,1,1,0,0,"1"
0.0201421664001849,0.103410097431355,0.146905294556301,0.0995717344753747,0.111111111111111,0,0,0.333333333333333,0,0.0497512437810945,0.05,0,0,1,0,1,1,0,0,"2"
0.00782878388010248,0.0693091231178034,0.0551826994780015,0.0653104925053533,0,0,0,0,0,0,0,0,0,1,0,1,1,0,0,"2"
0.00807921249831442,0.058458813108946,0.0574198359433259,0.0546038543897216,0,0,0,0,0,0,0,0,0,1,0,1,1,0,0,"2"
0.00491225366492651,0.0422940655447299,0.0335570469798658,0.0385438972162741,0,0,0,0,0,0,0,0,0,1,0,1,1,0,0,"2"
0.0032170445570303,0.0358724534986714,0.0193885160328113,0.0321199143468951,0,0,0,0,0,0,0,1,0,1,0,1,1,0,0,"2"
0.0050933328196336,0.033436669619132,0.0328113348247576,0.0299785867237687,0.111111111111111,0,0.142857142857143,0,0,0.00746268656716418,0.0075,1,0,1,0,1,1,0,0,"2"
0.00345206218335228,0.0360938883968113,0.0216256524981357,0.0321199143468951,0,0,0,0,0,0,0,1,0,1,0,1,1,0,0,"2"
0.0225270173951571,0.106067316209035,0.153616703952274,0.102783725910064,0.111111111111111,0.125,0,0,0,0.00099502487562189,0.001,1,0,1,0,1,1,0,0,"2"
0.012082217641733,0.0872453498671391,0.081282624906786,0.0835117773019272,0,0,0,0,0,0,0,1,0,1,0,1,1,0,0,"2"
0.0118972857390534,0.105845881310895,0.0797912005965697,0.102783725910064,0,0,0,0,0,0,0,1,0,1,0,1,1,0,0,"2"
0.0115890659012541,0.0825952170062002,0.0775540641312453,0.0792291220556745,0.111111111111111,0,0.142857142857143,0,0,0.00497512437810945,0.005,1,0,1,0,1,1,0,0,"2"
0.0174722120552484,0.108281665190434,0.118568232662192,0.104925053533191,0.111111111111111,0.125,0,0,0,0.00099502487562189,0.001,1,0,1,0,1,1,0,0,"2"
0.00712373100113656,0.0704162976085031,0.046234153616704,0.069593147751606,0,0,0,0,0,0,0,1,1,0,0,1,1,0,0,"1"
0.0124713451869546,0.0854738706820195,0.0827740492170022,0.0845824411134904,0.111111111111111,0,0,0.333333333333333,0,0.199004975124378,0.2,1,1,0,0,1,1,0,0,"2"
0.0235402901119223,0.137953941541187,0.158090976882923,0.139186295503212,0,0,0,0,0,0,0,1,1,0,0,1,1,0,0,"2"
0.0219991909229258,0.170726306465899,0.147651006711409,0.173447537473233,0.222222222222222,0,0.285714285714286,0,0,0.0124378109452736,0.0075,1,1,0,0,1,1,0,0,"2"
0.0144400994008977,0.12666076173605,0.0961968680089485,0.127408993576017,0,0,0,0,0,0,0,1,1,0,0,1,1,0,0,"2"
0.0083142301246364,0.0810451727192205,0.0536912751677852,0.0802997858672377,0,0,0,0,0,0,0,1,1,0,0,1,1,0,0,"2"
0.00888828957253761,0.0766164747564216,0.058165548098434,0.076017130620985,0,0,0,0,0,0,0,1,1,0,0,1,1,0,0,"2"
0.0136656970584269,0.111381753764393,0.0902311707680835,0.112419700214133,0,0,0,0,0,0,0,1,1,0,0,1,1,0,0,"2"
0.012301824276165,0.0770593445527015,0.0805369127516778,0.0792291220556745,0,0,0,0,0,0,0,0,1,0,0,1,1,0,0,"2"
0.0293194120706594,0.169176262178919,0.19537658463833,0.178800856531049,0,0,0,0,0,0,0,0,1,0,0,1,1,0,0,"2"
0.0109418042418755,0.0983170947741364,0.0708426547352722,0.101713062098501,0,0,0,0,0,0,0,0,1,0,0,1,1,0,0,"2"
0.0129028529598736,0.100752878653676,0.0842654735272185,0.104925053533191,0,0,0,0,0,0,0,0,1,0,0,1,1,0,0,"2"
0.0105257074608464,0.0881310894596988,0.0686055182699478,0.0910064239828694,0.111111111111111,0.125,0,0,0,0.00174129353233831,0.00175,0,1,0,0,1,1,0,0,"2"
0.028148176687022,0.144375553587245,0.18717375093214,0.15203426124197,0.111111111111111,0,0.142857142857143,0,0,0.00746268656716418,0.0075,0,1,0,0,1,1,0,0,"2"
0.012976055171351,0.115810451727192,0.0850111856823266,0.120985010706638,0,0,0,0,0,0,0,0,1,0,0,1,1,0,0,"2"
0.0104409470054516,0.0885739592559787,0.159582401193139,0.168094218415418,0,0,0,0,0,0,0,0,1,0,0,0,1,0,0,"2"
0.00824873340910404,0.0735163861824624,0.0507084265473527,0.076017130620985,0,0,0,0,0,0,0,0,1,0,0,1,1,0,0,"2"
0.00685018589508967,0.0520372010628875,0.0417598806860552,0.0524625267665953,0.111111111111111,0,0.142857142857143,0,0,0.00746268656716418,0.0075,0,1,0,0,1,1,0,0,"2"
0.00735104313151355,0.0635518157661648,0.0447427293064877,0.0653104925053533,0,0,0,0,0,0,0,0,1,0,0,1,1,0,0,"2"
0.0133690354645451,0.0992028343666962,0.0842654735272185,0.103854389721627,0.222222222222222,0.125,0.142857142857143,0,0,0.00796019900497512,0.0075,0,1,0,0,1,1,0,0,"2"
0.0134499431719674,0.0859167404782994,0.0850111856823266,0.088865096359743,0,0,0,0,0,0,0,0,1,0,0,1,1,0,0,"2"
0.00348288416713221,0.0737378210806023,0.0201342281879195,0.076017130620985,0,0,0,0,0,0,0,0,1,0,0,1,1,0,0,"2"
0.00892296430429003,0.106510186005314,0.0551826994780015,0.11134903640257,0,0,0,0,0,0,0,0,1,0,0,1,1,0,0,"2"
0.0211978193446476,0.157440212577502,0.134973900074571,0.165952890792291,0.222222222222222,0.125,0.142857142857143,0,0,0.0228855721393035,0.0225,0,1,0,0,1,1,0,0,"2"
0.00629924293502341,0.08325952170062,0.0357941834451902,0.0856531049250535,0,0,0,0,0,0,0,0,1,0,0,1,1,0,0,"2"
0.00792124983144228,0.0881310894596988,0.046234153616704,0.0910064239828694,0.111111111111111,0.125,0,0,0,0.00099502487562189,0.001,0,1,0,0,1,1,0,0,"2"
0.0115736549093641,0.0938883968113375,0.0686055182699478,0.0974304068522484,0.444444444444444,0.125,0.428571428571429,0,0,0.0296019900497512,0.015,0,1,0,0,1,1,0,0,"2"
0.0200419949529002,0.153454384410983,0.120805369127517,0.161670235546039,0.111111111111111,0,0.142857142857143,0,0,0.00497512437810945,0.005,0,1,0,0,1,1,0,0,"2"
0.0099208260291653,0.111160318866253,0.058165548098434,0.116702355460385,0,0,0,0,0,0,0,0,1,0,0,1,1,0,0,"2"
0.0096549864190634,0.0905668733392383,0.0566741237882177,0.0942184154175589,0,0,0,0,0,0,0,0,1,0,0,1,1,0,0,"1"
0.00915412918263952,0.0856953055801594,0.0536912751677852,0.088865096359743,0.111111111111111,0,0,0.333333333333333,0,0.0995024875621891,0.1,0,1,0,0,1,1,0,0,"2"
0.0225616921269095,0.160761736049601,0.136465324384787,0.170235546038544,0.222222222222222,0.125,0.142857142857143,0,0,0.00597014925373134,0.005,0,1,0,0,1,1,0,0,"2"
0.0157808556953247,0.122453498671391,0.0939597315436242,0.13169164882227,0,0,0,0,0,0,0,0,1,0,0,1,1,0,0,"2"
0.00860703897054574,0.106510186005314,0.0499627143922446,0.113490364025696,0,0,0,0,0,0,0,0,1,0,0,1,1,0,0,"2"
0.00946234902043883,0.079273693534101,0.0551826994780015,0.0835117773019272,0.111111111111111,0.125,0,0,0,0.00099502487562189,0.001,0,1,0,0,1,1,0,0,"2"
0.0166631349810252,0.134853852967228,0.0991797166293811,0.145610278372591,0,0,0,0,0,0,0,0,1,0,0,1,1,0,0,"2"
0.00657664078904279,0.0783879539415412,0.0372856077554064,0.082441113490364,0.111111111111111,0.125,0,0,0,0.00124378109452736,0.00125,0,1,0,0,1,1,0,0,"2"
0.0233515054612703,0.172719220549159,0.140193885160328,0.187366167023555,0.333333333333333,0.125,0.285714285714286,0,0,0.0119402985074627,0.005,0,1,0,0,1,1,0,0,"2"
0.0108608965344532,0.105403011514615,0.165548098434004,0.200214132762313,0,0,0,0,0,0,0,0,1,0,0,0,1,0,0,"2"
0.00871106316580301,0.0848095659875996,0.132736763609247,0.160599571734475,0,0,0,0,0,0,0,0,1,0,0,0,1,0,0,"2"
0.00362543584211439,0.0566873339238264,0.0186428038777032,0.0588865096359743,0,0,0,0,0,0,0,0,1,0,0,1,1,0,0,"2"
0.00622604072354607,0.0482728077945084,0.0343027591349739,0.0492505353319058,0.222222222222222,0.125,0.142857142857143,0,0,0.00870646766169154,0.0075,0,1,0,0,1,1,0,0,"2"
0.00401841613530851,0.0387511071744907,0.0216256524981357,0.0385438972162741,0,0,0,0,0,0,0,0,1,0,0,1,1,0,0,"2"
0.018339080349059,0.118024800708592,0.10738255033557,0.126338329764454,0,0,0,0,0,0,0,0,1,0,0,1,1,0,0,"2"
0.0132804222611778,0.0983170947741364,0.0768083519761372,0.104925053533191,0.222222222222222,0.125,0.142857142857143,0,0,0.0082089552238806,0.0075,0,1,0,0,1,1,0,0,"2"
0.00297046868679085,0.0518157661647476,0.0149142431021626,0.0535331905781585,0,0,0,0,0,0,0,0,1,0,0,1,1,0,0,"2"
0.00888828957253761,0.0779450841452613,0.0507084265473527,0.082441113490364,0.111111111111111,0.125,0,0,0,0.00149253731343284,0.0015,0,1,0,0,1,1,0,0,"2"
0.00599102309722409,0.0695305580159433,0.0328113348247576,0.0728051391862955,0,0,0,0,0,0,0,0,1,0,0,1,1,0,0,"2"
0.00926200612586928,0.062666076173605,0.0514541387024608,0.0653104925053533,0,0,0,0,0,0,0,0,1,0,0,1,1,0,0,"2"
0.0172949856485138,0.112046058458813,0.0984340044742729,0.119914346895075,0.222222222222222,0.125,0.142857142857143,0,0,0.013681592039801,0.0125,0,1,0,0,1,1,0,0,"2"
0.00994394251700025,0.0934455270150576,0.0551826994780015,0.0995717344753747,0.111111111111111,0.125,0,0,0,0.00223880597014925,0.00225,0,1,0,0,1,1,0,0,"2"
0.0070158540579068,0.0697519929140833,0.0380313199105145,0.0738758029978587,0,0,0,0,0,0,0,0,1,0,0,1,1,0,0,"2"
0.0211438808730327,0.120017714791851,0.120805369127517,0.12847965738758,0.222222222222222,0.125,0.142857142857143,0,0,0.00348258706467662,0.0025,0,1,0,0,1,1,0,0,"2"
0.0100094392325326,0.0925597874224978,0.0559284116331096,0.0985010706638116,0.222222222222222,0,0.285714285714286,0,0,0.00995024875621891,0.005,0,1,0,0,1,1,0,0,"2"
0.00324401379283774,0.0558015943312666,0.0477255779269202,0.104925053533191,0,0,0,0,0,0,0,0,1,0,0,0,1,0,0,"2"
0.00734333763556857,0.0828166519043401,0.0402684563758389,0.0877944325481799,0,0,0,0,0,0,0,0,1,0,0,1,1,0,0,"2"
0.0102174876230471,0.0783879539415412,0.058165548098434,0.0867237687366167,0,0,0,0,0,0,0,1,1,0,0,1,1,0,0,"2"
0.0106644063878561,0.0850310008857396,0.0604026845637584,0.0942184154175589,0.111111111111111,0,0.142857142857143,0,0,0.0124378109452736,0.0125,1,1,0,0,1,1,0,0,"2"
0.0111036196567202,0.104074402125775,0.0633855331841909,0.116702355460385,0.111111111111111,0.125,0,0,0,0.000497512437810945,5e-04,1,1,0,0,1,1,0,0,"2"
0.00934676658126409,0.0772807794508415,0.0529455630126771,0.0856531049250535,0.222222222222222,0.25,0,0,0,0.00323383084577114,0.00225,1,1,0,0,1,1,0,0,"2"
0.00428040299743792,0.0651018600531444,0.0223713646532438,0.0717344753747323,0,0,0,0,0,0,0,1,1,0,0,1,1,0,0,"2"
0.0162277744601337,0.0841452612931798,0.093214019388516,0.0931477516059957,0.111111111111111,0,0.142857142857143,0,0,0.0199004975124378,0.02,1,1,0,0,1,1,0,0,"2"
0.00558263181214001,0.191098317094774,0.105145413870246,0.199143468950749,0,0,0,0,0,0,0,1,1,0,0,1,1,0,0,"2"
0.00349058966307719,0.0659875996457042,0.0178970917225951,0.0728051391862955,0,0,0,0,0,0,0,1,1,0,0,1,1,0,0,"2"
0.00258134114156922,0.0491585473870682,0.0126771066368382,0.0524625267665953,0,0,0,0,0,0,0,1,1,0,0,1,1,0,0,"2"
0.00265839610101905,0.0285651018600531,0.0417598806860552,0.0428265524625268,0.111111111111111,0,0.142857142857143,0,0,0.00248756218905473,0.0025,1,1,0,0,1,1,0,0,"2"
0.00266995434493653,0.0442869796279894,0.0134228187919463,0.0460385438972163,0,0,0,0,0,0,0,1,1,0,0,1,1,0,0,"2"
0.0136079058388396,0.0637732506643047,0.0797912005965697,0.0685224839400428,0.111111111111111,0.125,0,0,0,0.00223880597014925,0.00225,1,1,0,0,1,1,0,0,"2"
0.0206083489048564,0.116253321523472,0.122296793437733,0.12847965738758,0.111111111111111,0.125,0,0,0,0.00223880597014925,0.00225,1,1,0,0,1,1,0,0,"2"
0.00743195083893587,0.103410097431355,0.0425055928411633,0.113490364025696,0,0,0,0,0,0,0,1,1,0,0,1,1,0,0,"2"
0.00754368053013812,0.0905668733392383,0.0432513049962714,0.0995717344753747,0.222222222222222,0,0.285714285714286,0,0,0.0248756218905473,0.02,1,1,0,0,1,1,0,0,"2"
0.0257902949278573,0.173383525243578,0.154362416107383,0.19271948608137,0.222222222222222,0.25,0,0,0,0.00398009950248756,0.00225,1,1,0,0,1,1,0,0,"2"
0.0123942902275048,0.139282550930027,0.0775540641312453,0.158458244111349,0.111111111111111,0.125,0,0,0,0.00124378109452736,0.00125,1,0,1,0,1,1,0,0,"2"
0.00759376625378051,0.0801594331266608,0.046234153616704,0.0899357601713062,0,0,0,0,0,0,0,1,0,1,0,1,1,0,0,"2"
0.014740613742752,0.16762621789194,0.093214019388516,0.191648822269807,0.111111111111111,0,0.142857142857143,0,0,0.0174129353233831,0.0175,1,0,1,0,1,1,0,0,"2"
0.0131494288301131,0.121567759078831,0.0827740492170022,0.138115631691649,0.111111111111111,0,0.142857142857143,0,0,0.00497512437810945,0.005,1,0,1,0,1,1,0,0,"2"
0.0171062009978617,0.145704162976085,0.108128262490679,0.165952890792291,0.222222222222222,0.25,0,0,0,0.0027363184079602,0.00175,1,0,1,0,1,1,0,0,"2"
0.0085376895070409,0.0930026572187777,0.0529455630126771,0.104925053533191,0,0,0,0,0,0,0,1,0,1,0,1,1,0,0,"2"
0.0108570437864807,0.109831709477414,0.0678598061148397,0.124197002141328,0.111111111111111,0,0.142857142857143,0,0,0.0124378109452736,0.0125,1,0,1,0,1,1,0,0,"2"
0.01230952977211,0.142382639503986,0.0768083519761372,0.162740899357602,0.111111111111111,0.125,0,0,0,0.000746268656716418,0.00075,1,0,1,0,1,1,0,0,"2"
0.0119011384870259,0.115810451727192,0.0753169276659209,0.129550321199143,0,0,0,0,0,0,0,1,0,1,0,1,1,0,0,"2"
0.00776713991254262,0.159433126660762,0.0574198359433259,0.0578158458244111,0,0,0,0,0,0,0,1,0,1,0,1,1,0,0,"2"
0.0123326462599449,0.0941098317094774,0.0782997762863535,0.104925053533191,0.111111111111111,0.125,0,0,0,0.000497512437810945,5e-04,1,0,1,0,1,1,0,0,"2"
0.0124674924389821,0.103410097431355,0.0790454884414616,0.115631691648822,0,0,0,0,0,0,0,1,0,1,0,1,1,0,0,"2"
0.00977827435418312,0.0945527015057573,0.0611483967188665,0.104925053533191,0,0,0,0,0,0,0,1,0,1,0,1,1,0,0,"2"
0.00977056885823814,0.0907883082373782,0.0611483967188665,0.100642398286938,0,0,0,0,0,0,0,1,0,1,0,1,1,0,0,"2"
0.0141280268151259,0.145039858281665,0.0902311707680835,0.163811563169165,0.111111111111111,0,0.142857142857143,0,0,0.00248756218905473,0.0025,1,0,1,0,1,1,0,0,"2"
0.00789042784766235,0.0961027457927369,0.0492170022371365,0.107066381156317,0,0,0,0,0,0,0,1,0,1,0,1,1,0,0,"2"
0.00518194602300091,0.0717449069973428,0.0775540641312453,0.134903640256959,0,0,0,0,0,0,0,1,0,1,0,0,1,0,0,"2"
0.00824873340910404,0.0637732506643047,0.125279642058166,0.119914346895075,0.111111111111111,0,0.142857142857143,0,0,0.00746268656716418,0.0075,1,0,1,0,0,1,0,0,"2"
0.00504709984396371,0.111381753764393,0.0760626398210291,0.211991434689507,0.111111111111111,0,0.142857142857143,0,0,0.0223880597014925,0.0225,1,0,1,0,0,1,0,0,"2"
0.013195661805783,0.101860053144376,0.0827740492170022,0.10813704496788,0,0,0,0,0,0,0,1,0,1,0,1,1,0,0,"1"
0.0118356417714935,0.173604960141718,0.181208053691275,0.331905781584582,0.222222222222222,0,0.142857142857143,0,1,0.512437810945274,0.5,1,0,1,0,0,1,0,0,"2"
0.00768237945714781,0.0885739592559787,0.116331096196868,0.168094218415418,0,0,0,0,0,0,0,1,0,1,0,0,1,0,0,"2"
0.00380651499682148,0.0648804251550044,0.0566741237882177,0.122055674518201,0,0,0,0,0,0,0,1,0,1,0,0,1,0,0,"2"
0.0111960856080599,0.095881310894597,0.0700969425801641,0.101713062098501,0,0,0,0,0,0,0,1,0,1,0,1,1,0,0,"2"
0.00834505210841633,0.0861381753764393,0.0529455630126771,0.0910064239828694,0.111111111111111,0,0.142857142857143,0,0,0.00248756218905473,0.0025,0,0,1,0,1,1,0,0,"2"
0.00772861243281771,0.0697519929140833,0.0492170022371365,0.0728051391862955,0.111111111111111,0.125,0,0,0,0.000746268656716418,0.00075,0,0,1,0,1,1,0,0,"2"
0.00935061932923658,0.0943312666076174,0.0596569724086503,0.0995717344753747,0.111111111111111,0,0.142857142857143,0,0,0.00497512437810945,0.005,0,0,1,0,1,1,0,0,"2"
0.00595634836547167,0.0580159433126661,0.0372856077554064,0.0599571734475375,0,0,0,0,0,0,0,0,0,1,0,1,1,0,0,"2"
0.00988615129741288,0.0903454384410983,0.0633855331841909,0.0952890792291221,0.111111111111111,0.125,0,0,0,0.000497512437810945,5e-04,0,0,1,0,1,1,0,0,"2"
0.0162740074358036,0.113596102745793,0.105891126025354,0.120985010706638,0,0,0,0,0,0,0,0,0,1,0,1,1,0,0,"2"
0.00841825431989366,0.0825952170062002,0.0536912751677852,0.0867237687366167,0.111111111111111,0,0.142857142857143,0,0,0.00497512437810945,0.005,0,0,1,0,1,1,0,0,"2"
0.00382577873668394,0.0535872453498671,0.0566741237882177,0.100642398286938,0,0,0,0,0,0,0,0,0,1,0,0,1,0,0,"2"
0.00479281847777928,0.0462798937112489,0.0715883668903803,0.0856531049250535,0,0,0,0,0,0,0,0,0,1,0,0,1,0,0,"2"
0.00915412918263952,0.0591231178033658,0.0633855331841909,0.0620985010706638,0.111111111111111,0.125,0,0,0,0.000497512437810945,5e-04,0,0,1,0,1,1,0,0,"2"
0.00957407871164108,0.0757307351638618,0.0663683818046234,0.0802997858672377,0.111111111111111,0.125,0,0,0,0.000746268656716418,0.00075,0,0,1,0,1,1,0,0,"2"
0.0145826510758799,0.116253321523472,0.102162565249814,0.126338329764454,0.111111111111111,0,0.142857142857143,0,0,0.0199004975124378,0.02,0,0,1,0,1,1,0,0,"2"
0.00440754368053014,0.062666076173605,0.0656226696495153,0.117773019271949,0,0,0,0,0,0,0,0,0,1,0,0,1,0,0,"2"
0.00476970198994433,0.0571302037201063,0.0715883668903803,0.107066381156317,0,0,0,0,0,0,0,0,0,1,0,0,1,0,0,"2"
0.00162971239236385,0.0349867139061116,0.023117076808352,0.0642398286937901,0,0,0,0,0,0,0,0,0,1,0,0,1,0,0,"2"
0.00478511298183429,0.0403011514614703,0.0715883668903803,0.0749464668094218,0,0,0,0,0,0,0,0,0,1,0,0,1,0,0,"2"
0.000916954017452948,0.0316651904340124,0.0119313944817301,0.0599571734475375,0,0,0,0,0,0,0,1,0,1,0,0,1,0,0,"2"
0.00237329275105469,0.024800708591674,0.035048471290082,0.0460385438972163,0,0,0,0,0,0,0,1,0,1,0,0,1,0,0,"2"
0.00215368611662268,0.0217006200177148,0.0320656226696495,0.0396145610278373,0,0,0,0,0,0,0,1,0,1,0,0,1,0,0,"2"
0.00132149255456454,0.0285651018600531,0.0186428038777032,0.0535331905781585,0,0,0,0,0,0,0,1,0,1,0,0,1,0,0,"2"
0.00171832559573116,0.0243578387953942,0.0246085011185682,0.0449678800856531,0,0,0,0,0,0,0,1,0,1,0,0,1,0,0,"2"
0.00175300032748358,0.0225863596102746,0.0253542132736764,0.0417558886509636,0,0,0,0,0,0,0,1,0,1,0,0,1,0,0,"2"
0.00134460904239949,0.0445084145261293,0.0201342281879195,0.0385438972162741,0,0,0,0,0,0,0,1,0,1,0,1,1,0,0,"2"
0.00879582362119782,0.0721877767936227,0.137211036539896,0.141327623126338,0,0,0,0,0,0,0,1,0,1,0,0,1,0,0,"2"
0.00530908670609312,0.0544729849424269,0.0782997762863535,0.104925053533191,0,0,0,0,0,0,0,1,1,0,0,0,1,0,0,"2"
0.00450000963186993,0.0347652790079717,0.0663683818046234,0.0653104925053533,0.111111111111111,0.125,0,0,0,0.000746268656716418,0.00075,1,1,0,0,0,1,0,0,"2"
0.00466182504671457,0.127989371124889,0.149888143176734,0.434689507494647,0,0,0,0,0,0,0,1,1,0,0,0,0,1,0,"2"
0.00172603109167614,0.0217006200177148,0.0238627889634601,0.0396145610278373,0,0,0,0,0,0,0,1,1,0,0,0,1,0,0,"2"
0.00127911232686714,0.0159433126660762,0.017151379567487,0.0278372591006424,0,0,0,0,0,0,0,1,1,0,0,0,1,0,0,"2"
0.00109032767621506,0.0899025686448184,0.0141685309470544,0.174518201284797,0,0,0,0,0,0,0,1,1,0,0,0,1,0,0,"2"
0.00116738263566489,0.0155004428697963,0.0156599552572707,0.0267665952890792,0,0,0,0,0,0,0,1,1,0,0,0,1,0,0,"2"
0.00117894087958236,0.0157218777679362,0.0156599552572707,0.0278372591006424,0,0,0,0,0,0,0,1,1,0,0,0,1,0,0,"2"
0.00165668162817129,0.0143932683790965,0.0238627889634601,0.0267665952890792,0,0,0,0,0,0,0,1,1,0,0,0,1,0,0,"2"
0.00069734738302094,0.00974313551815766,0.00894854586129754,0.0171306209850107,0,0,0,0,0,0,0,1,1,0,0,0,1,0,0,"2"
0.000500857236423879,0.0108503100088574,0.00596569724086503,0.019271948608137,0,0,0,0,0,0,0,1,1,0,0,0,1,0,0,"2"
0.0011172969120225,0.0155004428697963,0.0156599552572707,0.0289079229122056,0,0,0,0,0,0,0,1,1,0,0,0,1,0,0,"2"
0.00132534530253703,0.0112931798051373,0.0186428038777032,0.0203426124197002,0,0,0,0,0,0,0,1,1,0,0,0,1,0,0,"2"
0.000932365009342914,0.0179362267493357,0.00820283370618941,0.0224839400428266,0,0,0,0,0,0,0,1,1,0,0,0,1,0,0,"2"
0.00183776078287839,0.00819309123117803,0.0604026845637584,0.0267665952890792,0.111111111111111,0,0.142857142857143,0,0,0.0149253731343284,0.015,1,1,0,0,0,1,0,0,"2"
0.00144863323765676,0.0112931798051373,0.0208799403430276,0.0203426124197002,0,0,0,0,0,0,0,1,1,0,0,0,1,0,0,"2"
0.00047388800061644,0.0115146147032772,0.00596569724086503,0.0214132762312634,0,0,0,0,0,0,0,1,1,0,0,0,1,0,0,"2"
0.00058561769181869,0.0117360496014172,0.00820283370618941,0.0256959314775161,0,0,0,0,0,0,0,1,1,0,0,0,1,0,0,"1"
0.00377184026506906,0.0192648361381754,0.0246085011185682,0.0182012847965739,0.111111111111111,0,0,0.333333333333333,0,0.0497512437810945,0.05,1,1,0,0,1,1,0,0,"2"
0.00156036292885901,0.0575730735163862,0.0238627889634601,0.0503211991434689,0,0,0,0,0,0,0,1,1,0,0,1,1,0,0,"2"
0.0029935851746258,0.0307794508414526,0.0186428038777032,0.0310492505353319,0.111111111111111,0.125,0,0,0,0.00174129353233831,0.00175,1,1,0,0,1,1,0,0,"2"
0.00781337288821252,0.0744021257750221,0.0536912751677852,0.0792291220556745,0.111111111111111,0.125,0,0,0,0.000497512437810945,5e-04,1,1,0,0,1,1,0,0,"2"
0.0102328986149371,0.107174490699734,0.0708426547352722,0.115631691648822,0,0,0,0,0,0,0,1,1,0,0,1,1,0,0,"2"
0.00961260619136599,0.0777236492471213,0.0663683818046234,0.082441113490364,0,0,0,0,0,0,0,1,1,0,0,1,1,0,0,"2"
0.00495078114465142,0.0755093002657219,0.0626398210290828,0.0931477516059957,0,0,0,0,0,0,0,0,1,0,0,1,1,0,0,"2"
0.0114118394945195,0.0810451727192205,0.0805369127516778,0.0877944325481799,0.111111111111111,0,0.142857142857143,0,0,0.00995024875621891,0.01,0,1,0,0,1,1,0,0,"2"
0.00438442719269519,0.0571302037201063,0.029082774049217,0.0610278372591006,0,0,0,0,0,0,0,0,1,0,0,1,1,0,0,"2"
0.00466953054265955,0.0546944198405669,0.0313199105145414,0.0578158458244111,0,0,0,0,0,0,0,0,1,0,0,1,1,0,0,"2"
0.00223074107607251,0.0363153232949513,0.0268456375838926,0.0428265524625268,0,0,0,0,0,0,0,0,1,0,0,1,1,0,0,"2"
0.00275086205235884,0.0358724534986714,0.0335570469798658,0.0417558886509636,0,0,0,0,0,0,0,0,1,0,0,1,1,0,0,"2"
0.00249658068617441,0.0352081488042515,0.0156599552572707,0.0353319057815846,0,0,0,0,0,0,0,0,1,0,0,1,1,0,0,"2"
0.0109764789736279,0.0852524357838795,0.0775540641312453,0.0920770877944325,0.222222222222222,0.25,0,0,0,0.00323383084577114,0.00225,0,1,0,0,1,1,0,0,"2"
0.00644179461000559,0.0535872453498671,0.0477255779269202,0.0610278372591006,0,0,0,0,0,0,0,0,1,0,0,1,1,0,0,"2"
0.00599102309722409,0.146589902568645,0.105145413870246,0.147751605995717,0.111111111111111,0.125,0,0,0,0.00199004975124378,0.002,0,1,0,0,1,1,0,0,"2"
0.00374487102926162,0.0365367581930912,0.0268456375838926,0.0406852248394004,0,0,0,0,0,0,0,0,1,0,0,1,1,0,0,"2"
0.0062106297316561,0.1662976085031,0.108873974645787,0.168094218415418,0,0,0,0,0,0,0,0,1,0,0,1,1,0,0,"2"
0.00278938953208376,0.0363153232949513,0.0320656226696495,0.0449678800856531,0,0,0,0,0,0,0,0,1,0,0,1,1,0,0,"2"
0.00512030205544104,0.0445084145261293,0.0611483967188665,0.056745182012848,0,0,0,0,0,0,0,0,1,0,0,1,1,0,0,"2"
0.0124097012193947,0.102524357838795,0.0947054436987323,0.119914346895075,0,0,0,0,0,0,0,0,1,0,0,1,1,0,0,"2"
0.00581379669048949,0.0456155890168291,0.0432513049962714,0.0513918629550321,0.111111111111111,0.125,0,0,0,0.00174129353233831,0.00175,0,1,0,0,1,1,0,0,"2"
0.00215753886459517,0.0294508414526129,0.0343027591349739,0.0599571734475375,0,0,0,0,0,0,0,0,1,0,0,0,1,0,0,"2"
0.00367552156575678,0.0283436669619132,0.0596569724086503,0.0578158458244111,0.111111111111111,0,0.142857142857143,0,0,0.0124378109452736,0.0125,0,1,0,0,0,1,0,0,"2"
0.00164897613222631,0.029229406554473,0.0268456375838926,0.069593147751606,0,0,0,0,0,0,0,0,1,0,0,0,1,0,0,"2"
0.00379110400493152,0.0310008857395926,0.0298284862043251,0.0364025695931477,0,0,0,0,0,0,0,0,1,0,0,1,1,0,0,"2"
0.00441139642850263,0.033215234720992,0.035048471290082,0.0385438972162741,0.111111111111111,0.125,0,0,0,0.000248756218905473,0.00025,0,1,0,0,1,1,0,0,"2"
0.00344820943537978,0.0961027457927369,0.064131245339299,0.103854389721627,0,0,0,0,0,0,0,0,1,0,0,1,1,0,0,"2"
0.002681512588854,0.0327723649247121,0.0201342281879195,0.0385438972162741,0,0,0,0,0,0,0,0,1,0,0,1,1,0,0,"2"
0.00727398817206372,0.054251550044287,0.0596569724086503,0.0663811563169165,0,0,0,0,0,0,0,0,1,0,0,1,1,0,0,"2"
0.00613742752017877,0.0518157661647476,0.0507084265473527,0.0642398286937901,0.222222222222222,0.125,0.142857142857143,0,0,0.0129353233830846,0.0125,1,1,0,0,1,1,0,0,"2"
0.00414940956637322,0.0482728077945084,0.0335570469798658,0.0599571734475375,0,0,0,0,0,0,0,1,1,0,0,1,1,0,0,"2"
0.00373331278534415,0.0930026572187777,0.0686055182699478,0.0963597430406852,0,0,0,0,0,0,0,1,1,0,0,1,1,0,0,"2"
0.00445377665620003,0.045837023914969,0.0365398956002983,0.056745182012848,0.111111111111111,0.125,0,0,0,0.00099502487562189,0.001,1,1,0,0,1,1,0,0,"2"
0.00994779526497274,0.0812666076173605,0.0842654735272185,0.102783725910064,0,0,0,0,0,0,0,1,1,0,0,1,1,0,0,"2"
0.00788657509968985,0.0761736049601417,0.0663683818046234,0.0963597430406852,0,0,0,0,0,0,0,1,1,0,0,1,1,0,0,"2"
0.00448459863997997,0.0611160318866253,0.0365398956002983,0.076017130620985,0,0,0,0,0,0,0,1,1,0,0,1,1,0,0,"2"
0.00310531486582805,0.0323294951284322,0.0335570469798658,0.0417558886509636,0.111111111111111,0.125,0,0,0,0.000746268656716418,0.00075,1,1,0,0,1,1,0,0,"2"
0.00454238985956734,0.104738706820195,0.0887397464578673,0.113490364025696,0,0,0,0,0,0,0,1,1,0,0,1,1,0,0,"2"
0.0038450424765464,0.0768379096545616,0.0797912005965697,0.145610278372591,0.111111111111111,0,0.142857142857143,0,0,0.00746268656716418,0.0075,1,1,0,0,1,1,0,0,"2"
0.00328254127256266,0.0524800708591674,0.0283370618941089,0.069593147751606,0,0,0,0,0,0,0,1,1,0,0,1,1,0,0,"2"
0.00756679701797307,0.196191319751993,0.148396718866518,0.215203426124197,0,0,0,0,0,0,0,1,1,0,0,1,1,0,0,"2"
0.00211901138487026,0.0259078830823738,0.0246085011185682,0.0353319057815846,0,0,0,0,0,0,0,1,1,0,0,1,1,0,0,"2"
0.00404153262314346,0.0974313551815766,0.237882177479493,0.336188436830835,0,0,0,0,0,0,0,1,1,0,0,0,1,0,0,"2"
0.00434589971297028,0.0637732506643047,0.0715883668903803,0.134903640256959,0,0,0,0,0,0,0,1,1,0,0,0,1,0,0,"2"
0.00213442237676022,0.0422940655447299,0.0357941834451902,0.102783725910064,0,0,0,0,0,0,0,1,1,0,0,0,1,0,0,"2"
0.00331721600431508,0.0274579273693534,0.0536912751677852,0.0556745182012848,0,0,0,0,0,0,0,1,1,0,0,0,1,0,0,"2"
0.00256593014967926,0.0296722763507529,0.0410141685309471,0.0610278372591006,0.111111111111111,0,0.142857142857143,0,0,0.00248756218905473,0.0025,1,1,0,0,0,1,0,0,"2"
0.00193793223016316,0.025022143489814,0.0305741983594333,0.0503211991434689,0,0,0,0,0,0,0,1,1,0,0,0,1,0,0,"2"
0.00379110400493152,0.0496014171833481,0.035048471290082,0.0685224839400428,0.111111111111111,0.125,0,0,0,0.00124378109452736,0.00125,1,1,0,0,1,1,0,0,"2"
0.00734719038354106,0.0947741364038973,0.0708426547352722,0.133832976445396,0,0,0,0,0,0,0,1,1,0,0,1,1,0,0,"2"
0.00499701412032132,0.0620017714791851,0.0633855331841909,0.0899357601713062,0,0,0,0,0,0,0,1,1,0,0,1,1,0,0,"2"
0.00312457860569051,0.054251550044287,0.0387770320656227,0.0781584582441113,0,0,0,0,0,0,0,1,1,0,0,1,1,0,0,"2"
0.00660746277282272,0.050044286979628,0.0633855331841909,0.0685224839400428,0.111111111111111,0,0.142857142857143,0,0,0.00497512437810945,0.005,1,1,0,0,1,1,0,0,"2"
0.00328254127256266,0.0440655447298494,0.0335570469798658,0.063169164882227,0,0,0,0,0,0,0,1,1,0,0,1,1,0,0,"2"
0.00585232417021441,0.0693091231178034,0.0618941088739746,0.101713062098501,0.111111111111111,0.125,0,0,0,0.00099502487562189,0.001,1,1,0,0,1,1,0,0,"2"
0.0104871799811215,0.0912311780336581,0.235645041014169,0.187366167023555,0.111111111111111,0.125,0,0,0,0.000497512437810945,5e-04,1,1,0,0,1,1,0,0,"2"
0.0090732214752172,0.0465013286093888,0.0969425801640567,0.0674518201284797,0.222222222222222,0.25,0,0,0,0.0027363184079602,0.00175,1,1,0,0,1,1,0,0,"2"
0.00673075070794244,0.103852967227635,0.0715883668903803,0.154175588865096,0.111111111111111,0.125,0,0,0,0.00174129353233831,0.00175,1,1,0,0,1,1,0,0,"2"
0.00904625223940976,0.101860053144376,0.0969425801640567,0.15203426124197,0.111111111111111,0,0.142857142857143,0,0,0.0149253731343284,0.015,1,1,0,0,1,1,0,0,"2"
0.00330180501242511,0.0473870682019486,0.0335570469798658,0.0685224839400428,0,0,0,0,0,0,0,1,1,0,0,1,1,0,0,"2"
0.00409547109475834,0.119574844995571,0.0835197613721104,0.134903640256959,0,0,0,0,0,0,0,1,1,0,0,1,1,0,0,"2"
0.00933135558937412,0.0941098317094774,0.113348247576435,0.157387580299786,0,0,0,0,0,0,0,1,1,0,0,1,1,0,0,"2"
0.00919265666236443,0.118910540301151,0.111856823266219,0.200214132762313,0,0,0,0,0,0,0,1,1,0,0,1,1,0,0,"2"
0.00416482055826318,0.0591231178033658,0.0492170022371365,0.0974304068522484,0.111111111111111,0,0.142857142857143,0,0,0.00248756218905473,0.0025,1,1,0,0,1,1,0,0,"1"
0.00807150700236944,0.100974313551816,0.125279642058166,0.177730192719486,0.111111111111111,0,0,0.333333333333333,0,0.149253731343284,0.15,1,1,0,0,1,1,0,0,"2"
0.00703897054574175,0.107174490699734,0.0850111856823266,0.179871520342612,0,0,0,0,0,0,0,1,1,0,0,1,1,0,0,"2"
0.0071969332126139,0.109831709477414,0.087248322147651,0.184154175588865,0.111111111111111,0,0.142857142857143,0,0,0.00746268656716418,0.0075,1,1,0,0,1,1,0,0,"2"
0.00307449288204812,0.0646589902568645,0.0357941834451902,0.107066381156317,0,0,0,0,0,0,0,1,1,0,0,1,1,0,0,"2"
0.00461559207104467,0.0682019486271036,0.0551826994780015,0.113490364025696,0.111111111111111,0,0.142857142857143,0,0,0.00995024875621891,0.01,1,1,0,0,1,1,0,0,"2"
0.00226926855579742,0.0307794508414526,0.0380313199105145,0.0738758029978587,0,0,0,0,0,0,0,0,1,0,0,0,1,0,0,"2"
0.0026352796131841,0.0407440212577502,0.0425055928411633,0.0845824411134904,0.111111111111111,0,0.142857142857143,0,0,0.00497512437810945,0.005,0,1,0,0,0,1,0,0,"2"
0.00193407948219067,0.0263507528786537,0.0305741983594333,0.0535331905781585,0,0,0,0,0,0,0,0,1,0,0,0,1,0,0,"2"
0.0059447901215542,0.0520372010628875,0.0961968680089485,0.0963597430406852,0,0,0,0,0,0,0,0,1,0,0,1,1,0,0,"2"
0.0139893278881162,0.142604074402126,0.184936614466816,0.254817987152034,0,0,0,0,0,0,0,0,1,0,0,1,1,0,0,"1"
0.00537458342162547,0.0595659875996457,0.0693512304250559,0.104925053533191,0.111111111111111,0,0,0,1,0.746268656716418,0.75,0,1,0,0,1,1,0,0,"2"
0.00392209743599622,0.050044286979628,0.0626398210290828,0.0920770877944325,0,0,0,0,0,0,0,0,1,0,0,1,1,0,0,"2"
0.006703781472135,0.0713020372010629,0.087248322147651,0.126338329764454,0,0,0,0,0,0,0,0,1,0,0,1,1,0,0,"2"
0.00288570823139604,0.049822852081488,0.046234153616704,0.103854389721627,0,0,0,0,0,0,0,0,1,0,0,0,1,0,0,"2"
0.00339427096376491,0.045837023914969,0.0551826994780015,0.0952890792291221,0,0,0,0,0,0,0,0,1,0,0,0,1,0,0,"2"
0.00283562250775366,0.0414083259521701,0.0484712900820283,0.100642398286938,0,0,0,0,0,0,0,0,1,0,0,0,1,0,0,"2"
0.00377184026506906,0.0400797165633304,0.0499627143922446,0.069593147751606,0,0,0,0,0,0,0,0,1,0,0,1,1,0,0,"2"
0.00324401379283774,0.0473870682019486,0.0559284116331096,0.115631691648822,0,0,0,0,0,0,0,0,1,0,0,0,1,0,0,"2"
0.00355993912658203,0.0323294951284322,0.058165548098434,0.0663811563169165,0,0,0,0,0,0,0,0,1,0,0,0,1,0,0,"2"
0.000955481497177862,0.025022143489814,0.0141685309470544,0.0503211991434689,0,0,0,0,0,0,0,0,1,0,0,0,1,0,0,"2"
0.000963186993122845,0.0252435783879539,0.0149142431021626,0.0599571734475375,0,0,0,0,0,0,0,0,1,0,0,0,1,0,0,"2"
0.00155651018088652,0.0241364038972542,0.0275913497390007,0.0588865096359743,0,0,0,0,0,0,0,0,1,0,0,0,1,0,0,"2"
0.00310916761380054,0.0259078830823738,0.0566741237882177,0.063169164882227,0.111111111111111,0,0.142857142857143,0,0,0.00497512437810945,0.005,0,1,0,0,0,1,0,0,"2"
0.00257363564562424,0.0243578387953942,0.0469798657718121,0.0599571734475375,0,0,0,0,0,0,0,0,1,0,0,0,1,0,0,"2"
0.00165668162817129,0.0261293179805137,0.029082774049217,0.0642398286937901,0,0,0,0,0,0,0,0,1,0,0,0,1,0,0,"2"
0.00499701412032132,0.0414083259521701,0.081282624906786,0.0781584582441113,0,0,0,0,0,0,0,0,1,0,0,1,1,0,0,"2"
0.0141665542948508,0.127767936226749,0.193139448173005,0.230192719486081,0.111111111111111,0,0.142857142857143,0,0,0.0124378109452736,0.0125,0,1,0,0,1,1,0,0,"2"
0.00648802758567548,0.0633303808680248,0.106636838180462,0.122055674518201,0,0,0,0,0,0,0,0,1,0,0,1,1,0,0,"2"
0.00427269750149294,0.0538086802480071,0.0790454884414616,0.135974304068522,0,0,0,0,0,0,0,0,1,0,0,0,1,0,0,"2"
0.00345591493132477,0.0427369353410097,0.0633855331841909,0.107066381156317,0,0,0,0,0,0,0,1,1,0,0,0,1,0,0,"1"
0.0037525765252066,0.0476085031000886,0.0671140939597315,0.109207708779443,0.111111111111111,0,0,0.333333333333333,0,0.0248756218905473,0.025,1,1,0,0,0,1,0,0,"2"
0.00495463389262391,0.0425155004428698,0.0917225950782998,0.105995717344754,0,0,0,0,0,0,0,1,1,0,0,0,1,0,0,"2"
0.0161314557608214,0.130646589902569,0.235645041014169,0.241970021413276,0,0,0,0,0,0,0,1,1,0,0,1,1,0,0,"2"
0.00984377106971547,0.122010628875111,0.143176733780761,0.225910064239829,0,0,0,0,0,0,0,1,1,0,0,1,1,0,0,"2"
0.0079559245631947,0.0724092116917626,0.137211036539896,0.147751605995717,0.111111111111111,0.125,0,0,0,0.00174129353233831,0.00175,1,1,0,0,1,1,0,0,"2"
0.00661902101674019,0.0868024800708592,0.0954511558538404,0.159528907922912,0.111111111111111,0.125,0,0,0,0.000248756218905473,0.00025,1,1,0,0,1,1,0,0,"2"
0.0294311417618616,0.265943312666076,0.432513049962714,0.495717344753747,0,0,0,0,0,0,0,1,1,0,0,1,0,1,0,"2"
0.0109803317216004,0.132639503985828,0.161073825503356,0.241970021413276,0,0,0,0,0,0,0,1,1,0,0,1,1,0,0,"2"
0.00878041262930785,0.0622232063773251,0.149142431021626,0.127408993576017,0,0,0,0,0,0,0,1,1,0,0,1,1,0,0,"2"
0.012513725414652,0.108945969884854,0.1834451901566,0.198072805139186,0.333333333333333,0.375,0,0,0,0.00398009950248756,0.00175,1,1,0,0,1,1,0,0,"2"
0.0107491668432509,0.12621789193977,0.157345264727815,0.230192719486081,0,0,0,0,0,0,0,1,1,0,0,1,1,0,0,"1"
0.0112577295756198,0.116031886625332,0.164802386278896,0.210920770877944,0.111111111111111,0,0,0.333333333333333,0,0.223880597014925,0.225,1,1,0,0,1,1,0,0,"2"
0.0123711737396698,0.112488928255093,0.181208053691275,0.204496788008565,0.111111111111111,0.125,0,0,0,0.00149253731343284,0.0015,1,1,0,0,1,1,0,0,"2"
0.00463870855887962,0.0697519929140833,0.0775540641312453,0.143468950749465,0,0,0,0,0,0,0,1,1,0,0,1,1,0,0,"2"
0.00404153262314346,0.0562444641275465,0.0574198359433259,0.100642398286938,0,0,0,0,0,0,0,1,1,0,0,1,1,0,0,"2"
0.00325942478472771,0.0460584588131089,0.058165548098434,0.104925053533191,0,0,0,0,0,0,0,0,1,0,0,0,1,0,0,"2"
0.00322475005297528,0.0445084145261293,0.0589112602535421,0.11134903640257,0,0,0,0,0,0,0,0,1,0,0,0,1,0,0,"2"
0.00274315655641386,0.0478299379982285,0.0499627143922446,0.119914346895075,0,0,0,0,0,0,0,0,1,0,0,0,1,0,0,"2"
0.00446918764809,0.0396368467670505,0.0827740492170022,0.0985010706638116,0,0,0,0,0,0,0,0,1,0,0,0,1,0,0,"2"
0.00264683785710158,0.0336581045172719,0.0469798657718121,0.076017130620985,0,0,0,0,0,0,0,0,1,0,0,0,1,0,0,"2"
0.00262757411723912,0.0345438441098317,0.0410141685309471,0.0685224839400428,0,0,0,0,0,0,0,0,1,0,0,1,1,0,0,"2"
0.00658819903296026,0.0575730735163862,0.106636838180462,0.117773019271949,0,0,0,0,0,0,0,0,1,0,0,1,1,0,0,"2"
0.0163895898749783,0.12710363153233,0.268456375838926,0.26338329764454,0,0,0,0,0,0,0,0,1,0,0,1,1,0,0,"2"
0.00579068020265454,0.0819309123117803,0.0850111856823266,0.157387580299786,0,0,0,0,0,0,0,0,1,0,0,1,1,0,0,"2"
0.00602569782897652,0.0487156775907883,0.0745712155108128,0.0738758029978587,0.111111111111111,0,0.142857142857143,0,0,0.0149253731343284,0.015,0,1,0,0,1,1,0,0,"2"
0.00476584924197184,0.049822852081488,0.0700969425801641,0.0942184154175589,0,0,0,0,0,0,0,0,1,0,0,1,1,0,0,"2"
0.00739342335921096,0.0589016829052259,0.0924683072334079,0.0899357601713062,0.111111111111111,0,0.142857142857143,0,0,0.00248756218905473,0.0025,0,1,0,0,1,1,0,0,"2"
0.00944693802854886,0.0797165633303809,0.118568232662192,0.122055674518201,0,0,0,0,0,0,0,0,1,0,0,1,1,0,0,"2"
0.00514727129124848,0.0502657218777679,0.0633855331841909,0.076017130620985,0,0,0,0,0,0,0,0,1,0,0,1,1,0,0,"2"
0.00560960104794745,0.0502657218777679,0.0693512304250559,0.076017130620985,0,0,0,0,0,0,0,0,1,0,0,1,1,0,0,"2"
0.0144323939049527,0.108724534986714,0.182699478001491,0.168094218415418,0.111111111111111,0.125,0,0,0,0.000497512437810945,5e-04,0,1,0,0,1,1,0,0,"2"
0.0106489953959662,0.0976527900797166,0.131991051454139,0.146680942184154,0,0,0,0,0,0,0,0,1,0,0,1,1,0,0,"2"
0.00591782088574676,0.0546944198405669,0.0827740492170022,0.100642398286938,0,0,0,0,0,0,0,0,1,0,0,1,1,0,0,"2"
0.00846063454759107,0.0604517271922055,0.119313944817301,0.11134903640257,0,0,0,0,0,0,0,0,1,0,0,1,1,0,0,"2"
0.00625300995935351,0.0593445527015058,0.0768083519761372,0.0877944325481799,0,0,0,0,0,0,0,0,1,0,0,1,1,0,0,"2"
0.0110997669087477,0.0675376439326838,0.157345264727815,0.124197002141328,0,0,0,0,0,0,0,0,1,0,0,1,1,0,0,"2"
0.0313266937643274,0.173383525243578,0.393736017897092,0.264453961456103,0,0,0,0,0,0,0,0,1,0,0,1,0,1,0,"2"
0.0161853942324363,0.122453498671391,0.230425055928412,0.229122055674518,0,0,0,0,0,0,0,0,1,0,0,1,1,0,0,"2"
0.0103484810541118,0.119131975199291,0.146905294556301,0.222698072805139,0,0,0,0,0,0,0,0,1,0,0,1,1,0,0,"2"
0.00617595499990368,0.070859167404783,0.0730797912005966,0.104925053533191,0,0,0,0,0,0,0,1,1,0,0,1,1,0,0,"2"
0.00487372618520159,0.0515943312666076,0.064131245339299,0.0920770877944325,0,0,0,0,0,0,0,1,1,0,0,1,1,0,0,"2"
